fight_id,date,red_wins,odds_red_prob,model_prob
1180981473387806721,2020-01-25,1.0,,0.7568569865291208
1181023181867417601,2020-02-08,0.0,,0.5490938341902405
1181002618979516417,2020-02-08,1.0,,0.472732227709361
1181021757971169281,2020-02-08,1.0,,0.5490938341902405
1181022368107954177,2020-02-08,1.0,,0.4564182564931933
1180986613635088385,2020-02-08,0.0,,0.5312452843077096
1181018962252103681,2020-02-08,1.0,,0.6817960531777372
1181006199557652481,2020-02-08,1.0,,0.5315709348170916
1180986431570214913,2020-02-08,0.0,,0.7151602456757662
1180993484624363521,2020-02-08,1.0,,0.7378084858652509
1181027567790358529,2020-02-08,0.0,,0.7376622309871534
1180979925818900481,2020-02-08,0.0,,0.6293679599939754
1181000635398553601,2020-02-15,0.0,,0.5914692312763424
1180988591314960385,2020-02-15,0.0,,0.5588835801693444
1180998030322892801,2020-02-15,0.0,,0.5490938341902405
1180998004414152705,2020-02-15,1.0,,0.6377101442678274
1181013696832241665,2020-02-15,0.0,,0.5404910043235946
1181025968634953729,2020-02-15,0.0,,0.5719919620527869
1180982677603352577,2020-02-15,0.0,,0.7460645541504972
1180993969163206657,2020-02-15,1.0,,0.7568569865291208
1181026007414702081,2020-02-15,1.0,,0.5858198963927738
1180994622796759041,2020-02-15,1.0,,0.7460645541504972
1180999430606585857,2020-02-15,1.0,,0.48159693429577827
1181028115856621569,2020-02-22,1.0,,0.5490938341902405
1181025391302934529,2020-02-22,1.0,,0.7568569865291208
1180991724952420353,2020-02-22,1.0,,0.5339707662942965
1180996521429204993,2020-02-22,1.0,,0.6313666097472348
1181019755042537473,2020-02-22,1.0,,0.9769191939970215
1180996663421992961,2020-02-22,1.0,,0.5953998151612706
1181012184169316353,2020-02-22,0.0,,0.6710835874737912
1181031717087936513,2020-02-22,0.0,,0.5161333214760538
1181021131756142593,2020-02-22,0.0,,0.20716863278389452
1181032890266943489,2020-02-22,0.0,,0.5229242563069683
1181002920484667393,2020-02-22,0.0,,0.4564182564931933
1180980154020069377,2020-02-22,0.0,,0.5490938341902405
1181005703792328705,2020-02-29,1.0,,0.5919279799906367
1180981572211408897,2020-02-29,1.0,,0.5169982639439645
1180987013709037569,2020-02-29,0.0,,0.5490938341902405
1181031307917295617,2020-02-29,0.0,,0.5971934126759639
1181034845900111873,2020-02-29,1.0,,0.5229242563069683
1180982743099342849,2020-02-29,1.0,,0.6133018676735592
1180990093498384385,2020-02-29,1.0,,0.5588835801693444
1180989105957240833,2020-02-29,1.0,,0.4990246888576932
1181002828727058433,2020-02-29,1.0,,0.8917976511899194
1180983075708567553,2020-02-29,0.0,,0.5229242563069683
1180992615436681217,2020-02-29,0.0,,0.678928225940574
1180997896943075329,2020-02-29,1.0,,0.7301648302456314
1181029335012343809,2020-03-07,1.0,,0.5490938341902405
1180994113930690561,2020-03-07,1.0,,0.5241632650876236
1180997432182341633,2020-03-07,1.0,,0.7460645541504972
1181026127662415873,2020-03-07,1.0,,0.5858198963927738
1181008002717286401,2020-03-07,1.0,,0.56347869773744
1181033347736109057,2020-03-07,1.0,,0.7301648302456314
1181022869101543425,2020-03-07,1.0,,0.5719919620527869
1180980028933832705,2020-03-07,1.0,,0.7260633353835705
1181017944876384257,2020-03-07,1.0,,0.5490938341902405
1181014919073529857,2020-03-07,1.0,,0.5772541553606001
1180992220557541377,2020-03-07,1.0,,0.7285264448041068
1181000685760970753,2020-03-14,0.0,,0.5490938341902405
1181004364971769857,2020-03-14,0.0,,0.5772541553606001
1181024824812371969,2020-03-14,1.0,,0.7568569865291208
1181009291758862337,2020-03-14,0.0,,0.5490938341902405
1181008751271510017,2020-03-14,1.0,,0.7460645541504972
1181024451903127553,2020-03-14,1.0,,0.5219058866726678
1181021283880108033,2020-03-14,1.0,,0.7208667490880365
1181021227514855425,2020-03-14,0.0,,0.5169982639439645
1180990851921051649,2020-03-14,0.0,,0.6002037748342124
1180991210214522881,2020-03-14,0.0,,0.5312452843077096
1181022312936931329,2020-03-14,0.0,,0.5667516020214867
1181029515431739393,2020-05-09,1.0,,0.5540903190953707
1181028698486571009,2020-05-09,1.0,,0.6002037748342124
1180993537860075521,2020-05-09,1.0,,0.6110141110770014
1180993420526747649,2020-05-09,1.0,,0.591136314378378
1181002212358029313,2020-05-09,1.0,,0.6083310261246039
1180982277467078657,2020-05-09,1.0,,0.7568569865291208
1181023636079312897,2020-05-09,1.0,,0.7061045981086157
1181003022019133441,2020-05-09,0.0,,0.5997645988623734
1181019870674288641,2020-05-09,0.0,,0.5490938341902405
1181026976135872513,2020-05-09,1.0,,0.7427829945635541
1180997948242886657,2020-05-09,1.0,,0.7246064229203829
1181033069073694721,2020-05-13,1.0,,0.5963048229243747
1180999336686518273,2020-05-13,0.0,,0.5490938341902405
1180984634052870145,2020-05-13,0.0,,0.7151602456757662
1181034619835023361,2020-05-13,0.0,,0.6522929302115851
1181002372097474561,2020-05-13,1.0,,0.6294081444394157
1180987186481332225,2020-05-13,0.0,,0.5490938341902405
1181018742180249601,2020-05-13,0.0,,0.5490938341902405
1180988603671707649,2020-05-13,1.0,,0.5801103496071136
1180983644810543105,2020-05-13,1.0,,0.5667516020214867
1181034180240113665,2020-05-13,1.0,,0.5953998151612706
1181009393840652289,2020-05-16,1.0,,0.5681571292775882
1180984813085032449,2020-05-16,0.0,,0.4743101516281258
1180994109511073793,2020-05-16,1.0,,0.5229242563069683
1181011199553634305,2020-05-16,0.0,,0.4906863537307776
1180985479366967297,2020-05-16,1.0,,0.697255697266607
1181005083810791425,2020-05-16,1.0,,0.6710835874737912
1180982618496892929,2020-05-16,0.0,,0.4813864051936602
1180992992696991745,2020-05-16,1.0,,0.5508215641506707
1181034712982454273,2020-05-16,1.0,,0.6672142368554497
1181025498160300033,2020-05-16,1.0,,0.609672670150085
1181001364947501057,2020-05-16,0.0,,0.5404910043235946
1181020200088928257,2020-05-30,0.0,,0.5229242563069683
1180991205245681665,2020-05-30,0.0,,0.5404910043235946
1180992608465551361,2020-05-30,1.0,,0.7536688466005406
1180993480236105729,2020-05-30,1.0,,0.5490938341902405
1181007834493779969,2020-05-30,1.0,,0.7568569865291208
1180994458314702849,2020-05-30,1.0,,0.7093824570113632
1181016379174682625,2020-05-30,0.0,,0.5315709348170916
1181008666646151169,2020-05-30,1.0,,0.6267094353395419
1181032685972258817,2020-05-30,1.0,,0.6768271538242734
1181001556336148481,2020-05-30,0.0,,0.5858198963927738
1181010024566161409,2020-06-06,1.0,,0.5807373684514896
1180991576376770561,2020-06-06,1.0,,0.4564182564931933
1180991465584132097,2020-06-06,0.0,,0.5241632650876236
1180991281389666305,2020-06-06,0.0,,0.5490938341902405
1181024204505481217,2020-06-06,1.0,,0.5490938341902405
1181033720513298433,2020-06-06,1.0,,0.6377101442678274
1181029095131807745,2020-06-06,1.0,,0.7536688466005406
1181029331336134657,2020-06-06,0.0,,0.44912263469411007
1181004360745418753,2020-06-06,0.0,,0.5100018157420088
1180984210783830017,2020-06-06,0.0,,0.5229242563069683
1181020052676902913,2020-06-06,1.0,,0.7267530548277806
1180994618376290305,2020-06-06,0.0,,0.5772541553606001
1180979968508133377,2020-06-13,1.0,,0.5256549202455971
1181032635477622785,2020-06-13,0.0,0.33238838318993486,0.5398738516384982
1180980105817751553,2020-06-13,1.0,,0.741130087981667
1180980149793685505,2020-06-13,1.0,0.369319666935143,0.5050199921595644
1181000630977134593,2020-06-13,1.0,,0.7568569865291208
1180980219225473025,2020-06-13,0.0,,0.5490938341902405
1180984525001883649,2020-06-13,1.0,0.8461687520483316,0.7070206221953623
1180991790319239169,2020-06-13,0.0,0.47104845347893687,0.4990246888576932
1181003575989665793,2020-06-13,1.0,,0.559935401032241
1180998025714466817,2020-06-13,1.0,0.6026847999324692,0.5490938341902405
1180991837586325505,2020-06-20,0.0,,0.5490938341902405
1181007727896199169,2020-06-20,0.0,,0.50060705032144
1181014909080502273,2020-06-20,1.0,,0.5588835801693444
1181006794665525249,2020-06-20,1.0,0.5397916748194584,0.7096711962587284
1181027122518163457,2020-06-20,0.0,0.5264862761896216,0.5801103496071136
1181026602907271169,2020-06-20,1.0,0.3180321755234517,0.50060705032144
1181004421013438465,2020-06-20,1.0,,0.5256549202455971
1181030888065761281,2020-06-20,1.0,0.6159836919788587,0.7536688466005406
1180990999140925441,2020-06-20,1.0,0.43656553386087243,0.5256549202455971
1180988050861981697,2020-06-20,1.0,0.7957454322168249,0.7460645541504972
1180992988148695041,2020-06-20,0.0,0.48504436737109685,0.5229242563069683
1181002035841892353,2020-06-27,0.0,,0.6879285646558002
1181007848013037569,2020-06-27,0.0,0.33238838318993486,0.4990246888576932
1181014116872650753,2020-06-27,1.0,0.6792251390634626,0.6576311340468388
1181005279652413441,2020-06-27,1.0,0.7366192907828351,0.697582777059609
1181030760914092033,2020-06-27,0.0,,0.7371170976355502
1180988824872812545,2020-06-27,0.0,,0.472732227709361
1181004795468709889,2020-06-27,1.0,,0.5902407417872201
1181008039885471745,2020-06-27,0.0,,0.481853766892853
1181033911450304513,2020-06-27,1.0,,0.5684648464772921
1180981568177635329,2020-06-27,1.0,,0.6910919161159876
1181032425150971905,2020-07-11,1.0,0.8709475839723673,0.7905132026480751
1181029377247150081,2020-07-11,0.0,,0.5858198963927738
1180982495377588225,2020-07-11,1.0,0.659344320533782,0.6110141110770014
1180997930016309249,2020-07-11,0.0,0.6175417224346647,0.7169467906211792
1181030216267333633,2020-07-11,1.0,,0.7329709502572037
1180988354691366913,2020-07-11,1.0,,0.5490938341902405
1181026250682925057,2020-07-11,1.0,,0.8920529841257555
1181025266313297921,2020-07-11,1.0,0.6923455671671038,0.8792388310983493
1180982843795210241,2020-07-11,0.0,0.3377972897686455,0.50060705032144
1180980896154353665,2020-07-11,1.0,0.6622027102313545,0.7568569865291208
1181013308435464193,2020-07-11,1.0,0.6562259695549518,0.5490938341902405
1181008099768762369,2020-07-11,1.0,,0.7481614396513727
1181033596618801153,2020-07-11,0.0,,0.6083220843411964
1180990959876276225,2020-07-15,1.0,,0.5781571266974195
1181031290109329409,2020-07-15,1.0,,0.8818066948261171
1180986673000579073,2020-07-15,0.0,,0.6684724221457946
1181022068666466305,2020-07-15,0.0,,0.7285264448041068
1181015687243628545,2020-07-15,1.0,0.753537438623691,0.5169982639439645
1181028043876007937,2020-07-15,0.0,0.5986283729383082,0.7536688466005406
1180994164586119169,2020-07-15,0.0,,0.50060705032144
1181003947508760577,2020-07-15,1.0,0.5876102563740394,0.5404910043235946
1180987269915082753,2020-07-15,1.0,0.5257348358925771,0.5683473835948191
1181025579884707841,2020-07-15,0.0,0.5432437522737826,0.5404910043235946
1181032589664419841,2020-07-15,1.0,0.5684786940974849,0.5315709348170916
1180992797630464001,2020-07-18,1.0,,0.5169982639439645
1181005847043178497,2020-07-18,1.0,0.48360506011098364,0.5229242563069683
1181017084464070657,2020-07-18,1.0,0.3501174513781475,0.5256549202455971
1180982052694228993,2020-07-18,0.0,0.7679609738423229,0.5490938341902405
1180980570037125121,2020-07-18,0.0,,0.5490938341902405
1180997892717084673,2020-07-18,1.0,0.6976486398539522,0.7536688466005406
1180987010513207297,2020-07-18,1.0,0.6773625135765983,0.5490938341902405
1180998740772814849,2020-07-18,0.0,0.6067218690457569,0.7260633353835705
1181032171362910209,2020-07-18,0.0,0.34035066207977027,0.5490938341902405
1180999598088781825,2020-07-18,1.0,,0.5398738516384982
1180984019974062081,2020-07-18,0.0,,0.5858198963927738
1181002964815642625,2020-07-18,0.0,,0.5241632650876236
1181002600265580545,2020-07-25,1.0,0.6498825486218526,0.7008841916363003
1181002207714082817,2020-07-25,1.0,0.3751396483775406,0.5490938341902405
1180995521506607105,2020-07-25,0.0,,0.5065421996046946
1180983096711806977,2020-07-25,1.0,0.5568402365074622,0.6346171713746953
1180984149255651329,2020-07-25,1.0,,0.5667516020214867
1181010623576834049,2020-07-25,1.0,,0.5858198963927738
1181029607512571905,2020-07-25,1.0,0.6082848330715048,0.5843667491606646
1181008582952484865,2020-07-25,1.0,0.2478631420434175,0.5490938341902405
1180993097844260865,2020-07-25,1.0,,0.5719919620527869
1181028912742203393,2020-07-25,1.0,,0.7568569865291208
1181035407777759233,2020-07-25,1.0,0.5421069525354454,0.6821983636966201
1180988820777336833,2020-07-25,1.0,,0.7568569865291208
1181001646643642369,2020-07-25,1.0,,0.6714830497630437
1181025126060392449,2020-08-01,0.0,0.2917903620191729,0.5065421996046946
1181024680016478209,2020-08-01,0.0,,0.6999571236042831
1180990358666149889,2020-08-01,1.0,0.2585520767415045,0.5490938341902405
1180991681943961601,2020-08-01,1.0,,0.5490938341902405
1181024439868227585,2020-08-01,0.0,,0.5781571266974195
1181007723183669249,2020-08-01,0.0,,0.5315709348170916
1180989968983752705,2020-08-01,1.0,0.6306206271618208,0.6791939690676347
1181032607085363201,2020-08-04,0.0,,0.5858198963927738
1181006775564861441,2020-08-04,1.0,,0.7460645541504972
1181004138059628545,2020-08-04,0.0,,0.6167686157457407
1181004129444298753,2020-08-04,1.0,,0.6723846206838774
1181009174766452737,2020-08-08,1.0,,0.6710329124900766
1181025963954405377,2020-08-08,1.0,0.4431597634925378,0.5404910043235946
1181017926099959809,2020-08-08,1.0,,0.5169982639439645
1181033802946412545,2020-08-08,1.0,,0.6678111967798565
1180985994944217089,2020-08-08,1.0,,0.7568569865291208
1180980291528491009,2020-08-08,0.0,0.4431597634925378,0.5241632650876236
1181022783389696001,2020-08-08,1.0,,0.6043402305708974
1180981900335120385,2020-08-08,1.0,,0.5339707662942965
1180997428083654657,2020-08-08,1.0,0.6234514660116031,0.7568569865291208
1181033672761147393,2020-08-08,1.0,0.40469948543403617,0.5772541553606001
1181031485404676097,2020-08-08,0.0,,0.5961895549840034
1180990682440794113,2020-08-08,1.0,,0.7096711962587284
1180998461917200385,2020-08-11,0.0,,0.5315709348170916
1181031975874920449,2020-08-11,1.0,,0.5902407417872201
1180979946854023169,2020-08-11,0.0,,0.5540903190953707
1181021650978996225,2020-08-11,1.0,,0.620164725468607
1181014858198155265,2020-08-11,1.0,,0.5490938341902405
1180999426253062145,2020-08-15,0.0,0.3023513601460478,0.44912263469411007
1180990088487010305,2020-08-15,0.0,,0.6754640197235711
1180999843842097153,2020-08-15,0.0,0.4503329108783901,0.5404910043235946
1180997546913497089,2020-08-15,1.0,,0.5667516020214867
1181019548907962369,2020-08-15,1.0,,0.5823235237049825
1181034799248605185,2020-08-15,0.0,0.406460280287639,0.472732227709361
1180991277260636161,2020-08-15,0.0,,0.7568569865291208
1181029327301476353,2020-08-15,0.0,0.729403978615122,0.7260633353835705
1181011357870751745,2020-08-15,0.0,0.261717506830364,0.4564182564931933
1181026598712541185,2020-08-15,0.0,0.4503329108783901,0.6295198225206127
1180995396161339393,2020-08-15,1.0,0.4895012541729345,0.5398738516384982
1180996393405841409,2020-08-18,0.0,,0.7568569865291208
1180995673759842305,2020-08-18,1.0,,0.5858198963927738
1180995690505830401,2020-08-18,1.0,,0.5312452843077096
1181033050359267329,2020-08-18,1.0,,0.6530849568135931
1181018861524647937,2020-08-18,1.0,,0.7568569865291208
1181022533298683905,2020-08-22,1.0,,0.5947256844247183
1181035689828188161,2020-08-22,0.0,,0.472732227709361
1180980101687869441,2020-08-22,0.0,0.9251103538072738,0.774969132596342
1181026810783367169,2020-08-22,0.0,,0.6684724221457946
1181000869245419521,2020-08-22,0.0,0.7082096379808271,0.5315709348170916
1181031743090622465,2020-08-22,0.0,0.311751945384113,0.547767627610155
1181007558057328641,2020-08-22,1.0,,0.6353193936396637
1181014899400376321,2020-08-22,0.0,0.48360506011098364,0.5743164483237055
1180989332997636097,2020-08-25,0.0,,0.5169982639439645
1181030517354233857,2020-08-25,0.0,,0.7070206221953623
1181027221115404289,2020-08-25,0.0,,0.5490938341902405
1180988932472602625,2020-08-25,0.0,,0.5490938341902405
1180982256205955073,2020-08-25,1.0,,0.5490938341902405
1180991572183121921,2020-08-29,1.0,,0.5404910043235946
1180996688783179777,2020-08-29,0.0,0.5210868573894243,0.5490938341902405
1181032145035395073,2020-08-29,0.0,0.27059602138487815,0.28247326558200553
1181019824020127745,2020-08-29,0.0,,0.6110141110770014
1180980215224270849,2020-08-29,1.0,0.8077543522962934,0.681916435194152
1180994454314942465,2020-08-29,1.0,0.7548956027233167,0.7023338511787354
1181035676180611073,2020-08-29,1.0,0.41238974362596065,0.5971934126759639
1181007601389010945,2020-08-29,0.0,0.2514624159636704,0.4990246888576932
1181021924544512001,2020-08-29,0.0,0.297225864097131,0.2023738630749232
1180981331134840833,2020-08-29,1.0,,0.5345890110285946
1181018866106793985,2020-09-01,0.0,,0.5490938341902405
1180990290081349633,2020-09-01,1.0,,0.6848526239272194
1181004124477456385,2020-09-01,1.0,,0.5490938341902405
1180984879388622849,2020-09-01,0.0,,0.6684724221457946
1181006139030962177,2020-09-01,1.0,,0.6797194367594196
1181020048712368129,2020-09-05,1.0,,0.7427829945635541
1180983475037798401,2020-09-05,1.0,0.6306206271618208,0.5315709348170916
1180984629795717121,2020-09-05,0.0,0.31827611720414406,0.5256549202455971
1181002793559064577,2020-09-05,1.0,0.39327510099690816,0.620164725468607
1181030058981228545,2020-09-05,1.0,0.6067218690457569,0.5588835801693444
1181015737512034305,2020-09-05,1.0,0.5163949398890164,0.7329709502572037
1181026331569618945,2020-09-05,1.0,0.4431597634925378,0.5169982639439645
1181025147460026369,2020-09-08,0.0,,0.5490938341902405
1180987917743226881,2020-09-08,0.0,,0.5490938341902405
1181025306125795329,2020-09-08,1.0,,0.5490938341902405
1181020353019740161,2020-09-08,1.0,,0.5780403437381042
1180987518900305921,2020-09-08,1.0,,0.5772541553606001
1181010637774782465,2020-09-12,1.0,0.2917903620191729,0.5065421996046946
1181025173296152577,2020-09-12,1.0,,0.6220808290049762
1180984585753624577,2020-09-12,1.0,0.44760060966414356,0.5490938341902405
1181012169037316097,2020-09-12,1.0,,0.5490938341902405
1181035536929619969,2020-09-12,0.0,0.23839455994936443,0.4564182564931933
1181028638660820993,2020-09-12,1.0,0.7027741359028691,0.7536688466005406
1181022363689254913,2020-09-12,1.0,0.24510439727668334,0.17785610918169265
1180984520419868673,2020-09-12,0.0,0.7363630470290553,0.5422242163099994
1181007718796656641,2020-09-12,1.0,,0.7460645541504972
1181020660139098113,2020-09-12,1.0,0.7082096379808271,0.7246064229203829
1180985362862899201,2020-09-12,1.0,,0.56347869773744
1181000047071887361,2020-09-15,0.0,,0.5490938341902405
1181035315920568321,2020-09-15,1.0,,0.5229242563069683
1180982988403605505,2020-09-15,0.0,,0.5490938341902405
1181021327081373697,2020-09-15,0.0,,0.6032742035080372
1181032773535072257,2020-09-15,0.0,,0.6220233984535146
1180990847919816705,2020-09-19,1.0,0.6976486398539522,0.6869354126581848
1181002614365618177,2020-09-19,1.0,0.6836520702107616,0.5719919620527869
1181028302697070593,2020-09-19,1.0,,0.4990246888576932
1181000681276112897,2020-09-19,0.0,0.5,0.6691693727054745
1180994156938952705,2020-09-19,1.0,0.7870942353098703,0.6241605003974838
1180998573323517953,2020-09-19,1.0,0.6175417224346647,0.7536688466005406
1181034803699154945,2020-09-19,1.0,0.5210868573894243,0.5339707662942965
1180986609118904321,2020-09-19,0.0,,0.5949425318211857
1181021646977859585,2020-09-19,1.0,,0.472732227709361
1180996115710640129,2020-09-19,1.0,0.7679609738423229,0.7568569865291208
1181013122014904321,2020-09-19,1.0,0.7082096379808271,0.697255697266607
1180981887041175553,2020-09-19,1.0,0.688248054615887,0.5169982639439645
1180995765582233601,2020-09-19,0.0,0.5684786940974849,0.5169982639439645
1181025387528650753,2020-09-26,0.0,0.11820254939583459,0.3405416006072248
1180980020285964289,2020-09-26,1.0,0.6306206271618208,0.6841031131014278
1180997068721979393,2020-09-26,1.0,0.753537438623691,0.5404910043235946
1181002367772688385,2020-09-26,1.0,0.6248603516224595,0.5490938341902405
1180992109409665025,2020-09-26,1.0,,0.4564182564931933
1180997832352169985,2020-09-26,1.0,0.4567562477262175,0.5490938341902405
1181020714148495361,2020-09-26,0.0,,0.6461272587538134
1180987802011238401,2020-09-26,0.0,0.7310822165741145,0.6459487265261613
1181015628783026177,2020-09-26,0.0,,0.6306730409265526
1181019751394672641,2020-09-26,0.0,0.6976486398539522,0.6797194367594196
1181002268723675137,2020-09-26,1.0,0.7363630470290553,0.5582146104073791
1181001632705380353,2020-10-03,1.0,,0.7650264292075354
1181004790920544257,2020-10-03,1.0,0.5739460033143863,0.7301648302456314
1181035425456226305,2020-10-03,0.0,0.2523404474879936,0.472732227709361
1180997943792435201,2020-10-03,0.0,,0.5490938341902405
1180980530927403009,2020-10-03,1.0,,0.7568569865291208
1180995112174321665,2020-10-03,1.0,0.4465052873411322,0.5781571266974195
1180998141536763905,2020-10-03,1.0,0.5758824944408986,0.5315709348170916
1180984537391366145,2020-10-03,1.0,0.49425011668459057,0.6133018676735592
1180980800329744385,2020-10-03,1.0,0.5,0.5490938341902405
1181015777518485505,2020-10-03,0.0,,0.6267094353395419
1180987544093327361,2020-10-10,1.0,,0.7376622309871534
1181035464334802945,2020-10-10,0.0,0.5978020665466187,0.7568569865291208
1180984145352392705,2020-10-10,1.0,,0.7151602456757662
1180995646173609985,2020-10-10,1.0,,0.7267530548277806
1180982492054257665,2020-10-10,1.0,0.7082096379808271,0.565297365883045
1180981895881981953,2020-10-10,0.0,,0.7376622309871534
1180990677727674369,2020-10-10,0.0,,0.7070206221953623
1181000100566597633,2020-10-10,0.0,,0.5256549202455971
1181027332200366081,2020-10-10,0.0,0.4221666700615966,0.5256549202455971
1180997543169523713,2020-10-10,1.0,0.2810312199868285,0.5169982639439645
1181034425671319553,2020-10-10,0.0,,0.5490938341902405
1180994104831377409,2020-10-10,1.0,0.41590394676899983,0.45662487737872315
1181033063975223297,2020-10-10,0.0,0.6027160112115734,0.50060705032144
1181021158084509697,2020-10-17,0.0,0.4260539966856137,0.5241632650876236
1181019377746706433,2020-10-17,1.0,0.3550746933923343,0.5404910043235946
1180990955938742273,2020-10-17,1.0,0.7485375840363296,0.7460645541504972
1180983093292204033,2020-10-17,0.0,0.246462561376309,0.6540838303080334
1181005439455756289,2020-10-17,0.0,,0.7142730699557038
1181030413239123969,2020-10-17,1.0,0.7082096379808271,0.8756491984313339
1181029193566846977,2020-10-17,1.0,,0.7568569865291208
1181027844260102145,2020-10-17,0.0,0.5876102563740394,0.5315709348170916
1180988879463514113,2020-10-17,1.0,0.6649420128220663,0.6791939690676347
1180981726142660609,2020-10-17,0.0,0.554320700640373,0.5490938341902405
1180982839987634177,2020-10-17,0.0,,0.5414233964432383
1181020195638149121,2020-10-24,0.0,0.39171516692849523,0.6346171713746953
1180992273924259841,2020-10-24,1.0,0.47891314261057566,0.7568569865291208
1181028018517147649,2020-10-24,1.0,,0.5508215641506707
1180982048489996289,2020-10-24,1.0,0.6113800097626366,0.7568569865291208
1181018926118174721,2020-10-24,0.0,0.21037916270328824,0.472732227709361
1181009660338864129,2020-10-24,0.0,,0.5858198963927738
1181009389419298817,2020-10-24,1.0,0.6137427412314783,0.7568569865291208
1181029603577495553,2020-10-24,0.0,0.4767312946227962,0.5738626604934891
1181035015545389057,2020-10-24,0.0,0.4742651641074229,0.472732227709361
1180983072385859585,2020-10-24,1.0,0.753537438623691,0.7267530548277806
1181005148499968001,2020-10-24,1.0,0.753537438623691,0.7460645541504972
1181007714472525825,2020-10-31,0.0,,0.5829060292009535
1181007843430268929,2020-10-31,0.0,0.2544137786910156,0.4564182564931933
1181032856356683777,2020-10-31,1.0,,0.7460645541504972
1181003571475316737,2020-10-31,1.0,0.5813631797674694,0.7201678926398265
1181017351832567809,2020-10-31,1.0,0.747085316728595,0.7343107579682246
1181035744191381505,2020-10-31,0.0,0.43152130590251525,0.4858641958890155
1181018484811726849,2020-10-31,1.0,,0.7342987532129658
1181008829802479617,2020-10-31,1.0,0.6703394617318533,0.5944899951095106
1181013109690597377,2020-10-31,1.0,0.8629386314838464,0.8559836434093891
1181025003909447681,2020-10-31,1.0,0.7870942353098703,0.9508451141447709
1181008186556973057,2020-10-31,0.0,0.2159544379697308,0.4035062852228551
1180984966339133441,2020-11-04,0.0,,0.4628351523890467
1181027978799677441,2020-11-04,1.0,,0.6073681279588707
1181029750700998657,2020-11-04,1.0,,0.6929409460718965
1181015337246195713,2020-11-04,1.0,,0.7781039099134223
1180989168969351169,2020-11-07,1.0,0.5634344661391275,0.6348647344518136
1180987608427954177,2020-11-07,1.0,,0.35243380127099333
1180994101024292865,2020-11-07,1.0,,0.6628693187868567
1181006195074498561,2020-11-07,1.0,0.5,0.6083866615312022
1180985629296984065,2020-11-07,1.0,0.7720240953312716,0.6751954695285473
1181032886329507841,2020-11-07,1.0,0.8027241127595853,0.6681246015633447
1181001360690020353,2020-11-07,1.0,,0.4858641958890155
1181005079391404033,2020-11-07,0.0,0.43656553386087243,0.37896267332602196
1181033773038075905,2020-11-07,0.0,0.684460597932398,0.8365275885411645
1180983640455512065,2020-11-07,1.0,0.2585520767415045,0.3045329710629806
1181022751921438721,2020-11-10,0.0,,0.6751954695285473
1181023504668459009,2020-11-10,1.0,,0.7844280095298044
1181004646958858241,2020-11-10,1.0,,0.6681246015633447
1181021257068871681,2020-11-10,1.0,,0.6929409460718965
1181027307129929729,2020-11-10,1.0,,0.5288153989061072
1181032260508221441,2020-11-14,0.0,0.6829770535801126,0.429336259590034
1180981564080357377,2020-11-14,0.0,0.5163949398890164,0.5454824276500689
1181025169003970561,2020-11-14,1.0,,0.7785374250254693
1180999740469575681,2020-11-14,0.0,0.3501174513781475,0.40686623029105673
1181009144988499969,2020-11-14,0.0,,0.5834562449574745
1180997960890875905,2020-11-14,0.0,0.4013716270616919,0.6023121511007331
1181025825219969025,2020-11-14,1.0,0.6256618535927043,0.692776997241652
1181007445230518273,2020-11-14,1.0,0.40469948543403617,0.3814844059850847
1181024821007089665,2020-11-14,0.0,,0.3526783284933762
1181008697166168065,2020-11-17,0.0,,0.6929409460718965
1180995833532219393,2020-11-17,1.0,,0.6199709298006225
1180987912612413441,2020-11-17,1.0,,0.5411492019504972
1180998132469497857,2020-11-17,0.0,,0.5288153989061072
1180991435060871169,2020-11-17,1.0,,0.7902056081017302
1180997046716628993,2020-11-21,1.0,,0.4982577191837783
1181003436644302849,2020-11-21,1.0,0.7485375840363296,0.5513290072786933
1180990672823451649,2020-11-21,1.0,,0.5513290072786933
1181024436127072257,2020-11-21,1.0,0.9457518287142281,0.8365275885411645
1180997511325843457,2020-11-21,1.0,,0.6751954695285473
1180997113148768257,2020-11-21,0.0,,0.7636114069637688
1181027506876383233,2020-11-21,1.0,0.6447811314046812,0.6864235699445788
1181025959501594625,2020-11-21,0.0,0.554320700640373,0.6146560485653015
1181006839286628353,2020-11-21,1.0,0.5684786940974849,0.4858641958890155
1180996272286924801,2020-11-21,0.0,0.36937937283817923,0.5513290072786933
1180991785898573825,2020-11-21,1.0,,0.45538971495946906
1180995669340684289,2020-11-21,0.0,,0.7196004678401141
1181025533909663745,2020-11-28,1.0,0.6449253066076658,0.525078704284893
1180994615056990209,2020-11-28,1.0,0.554320700640373,0.3332371438264674
1181007010120138753,2020-11-28,1.0,,0.7844280095298044
1181000345707675649,2020-11-28,0.0,0.5523993903358565,0.498255553620459
1181019539517669377,2020-11-28,1.0,,0.5288153989061072
1181024675979886593,2020-11-28,0.0,0.5739460033143863,0.8497755257033692
1180984809536356353,2020-11-28,1.0,0.5935397197123611,0.6751954695285473
1180997926078251009,2020-11-28,0.0,0.6026847999324692,0.787911444367019
1181030368039337985,2020-11-28,0.0,0.6449253066076658,0.8187158394161014
1180981327079309313,2020-11-28,0.0,0.6159836919788587,0.7794070218821213
1181032054374006785,2020-12-05,1.0,0.5615635164241856,0.3895318821681244
1181010907951923201,2020-12-05,0.0,0.4431597634925378,0.5454824276500689
1181012405051654145,2020-12-05,0.0,0.38401630802114123,0.3288030022911398
1180995055649718273,2020-12-05,0.0,0.6449253066076658,0.4858641958890155
1181022151520157697,2020-12-05,0.0,0.21037916270328824,0.09877559105057773
1180981418570285057,2020-12-05,1.0,0.6449253066076658,0.6348647344518136
1181016978701713409,2020-12-05,1.0,0.7131320887693747,0.6902305112001902
1180987182899494913,2020-12-05,1.0,0.6834755585874905,0.729570675775691
1181015246389542913,2020-12-12,1.0,,0.6956463534795915
1181003017245523969,2020-12-12,0.0,0.6175417224346647,0.44094674964157937
1181004055850319873,2020-12-12,0.0,0.4081293112085053,0.7220660549009874
1180998568742813697,2020-12-12,1.0,0.6361381225337062,0.5288153989061072
1181013095655145473,2020-12-12,1.0,,0.7242477506979208
1180999839712116737,2020-12-12,0.0,0.19384057688942782,0.3354365925670299
1180985990396116993,2020-12-12,1.0,0.7808753643957537,0.9030943387877216
1181031430454312961,2020-12-12,1.0,0.40469948543403617,0.5920456525171834
1181032015303147521,2020-12-12,1.0,0.3824582775653354,0.26473647441298376
1181009318309822465,2020-12-19,1.0,0.4735137238103784,0.47187672377940515
1181030995311296513,2020-12-19,1.0,0.5163949398890164,0.5411492019504972
1181000569586089985,2020-12-19,1.0,0.5876102563740394,0.7565844931365198
1181004303251177473,2020-12-19,0.0,0.5953005145659639,0.5513290072786933
1181028479310364673,2020-12-19,1.0,0.4767312946227962,0.42046085582562437
1181006073859440641,2020-12-19,1.0,,0.6956463534795915
1181002363352350721,2020-12-19,0.0,0.6043092477133077,0.5317022914966352
1180983940379639809,2020-12-19,1.0,0.39569075228669237,0.47187672377940515
1180980891765735425,2020-12-19,1.0,0.5876102563740394,0.47129111142934754
1181028452660871169,2020-12-19,1.0,0.7562820575732174,0.7473723906818523
1181032724043104257,2020-12-19,0.0,0.4905677994452562,0.6032907061949835
1181027563145723905,2020-12-19,1.0,0.6649420128220663,0.571292729578483
1180989712678354945,2021-01-16,1.0,0.6167978658245588,0.75761767602928
1181034751020400641,2021-01-16,1.0,0.4081293112085053,0.4858641958890155
1181002960427319297,2021-01-16,1.0,,0.45892606545691134
1181020426548150273,2021-01-16,0.0,0.323377780474886,0.4982577191837783
1181001642222911489,2021-01-16,0.0,0.2868679112306252,0.498255553620459
1181022864940105729,2021-01-16,0.0,0.7347471244848098,0.6681246015633447
1181001241217990657,2021-01-16,0.0,,0.6751954695285473
1181013294691450881,2021-01-16,1.0,0.6002559095489762,0.9298593456422156
1180990668340035585,2021-01-16,0.0,0.7151484213910354,0.6396379340505947
1181026246422953985,2021-01-16,0.0,0.676622219525114,0.6753373481355218
1180997800151416833,2021-01-20,1.0,,0.3418186483932835
1181003851879546881,2021-01-20,0.0,,0.7313152594564194
1180980287367020545,2021-01-20,1.0,0.39728398878842675,0.5288153989061072
1180982200323997697,2021-01-20,1.0,0.3207748609365374,0.777062007392904
1180983470650654721,2021-01-20,0.0,0.2478631420434175,0.24552794930716773
1181028298180231169,2021-01-20,1.0,0.4602083251805416,0.7023920413146831
1181027489292025857,2021-01-20,1.0,0.5484822090885669,0.3051942219726014
1181003466712580097,2021-01-20,1.0,,0.5348923585262055
1180994018242199553,2021-01-20,1.0,0.4278539385636572,0.5454824276500689
1181023611009433601,2021-01-20,1.0,0.5684786940974849,0.6835893219088458
1181028039522058241,2021-01-20,1.0,0.7347471244848098,0.7557386845623311
1181031472784146433,2021-01-20,1.0,,0.8222719376252186
1180979964115189761,2021-01-20,1.0,,0.78416122152953
1181027630769995777,2021-01-20,1.0,,0.6963632445659348
1181031731381174273,2021-01-23,0.0,,0.7257579008719314
1180993817620348929,2021-01-23,0.0,0.5568402365074622,0.7273752194745372
1181027961184354305,2021-01-23,0.0,0.43656553386087243,0.45538971495946906
1181025898296868865,2021-01-23,1.0,0.4602083251805416,0.584188223920758
1181004754603245569,2021-01-23,1.0,0.8738201828458732,0.7954283005451073
1181025790472323073,2021-01-23,1.0,0.26207311032826885,0.6751954695285473
1181002595685498881,2021-01-23,0.0,0.168159758033444,0.33662898695358096
1181032421537939457,2021-01-23,1.0,0.2507998400690771,0.2862232067991655
1180980565836431361,2021-01-23,1.0,0.48624412492381197,0.7392426759590343
1180992554617470977,2021-01-23,1.0,0.5428000888760379,0.36582338782908197
1181002653115842561,2021-01-23,0.0,,0.4982577191837783
1181019727649472513,2021-02-06,1.0,0.5257348358925771,0.7112134335053624
1180994278412976129,2021-02-06,1.0,0.3260916476063459,0.3278096368848644
1181001236827471873,2021-02-06,1.0,0.6705150386095434,0.6550080081220452
1181000861534257153,2021-02-06,1.0,0.7961314569130364,0.811516768346757
1181008268765691905,2021-02-06,0.0,0.6817238827958559,0.7902056081017302
1180997423761424385,2021-02-06,0.0,,0.5191883730980895
1181025575238795265,2021-02-06,0.0,0.5935397197123611,0.6136051014517406
1180997921336524801,2021-02-06,1.0,0.7642780681185589,0.891082333113902
1181024918280994817,2021-02-06,0.0,0.6834755585874905,0.680505603656247
1181017916580233217,2021-02-06,1.0,0.750691822497898,0.9804356970071747
1181030054561054721,2021-02-06,0.0,0.36255949684965516,0.3526783284933762
1181029981612539905,2021-02-06,1.0,0.6449253066076658,0.5288153989061072
1180985302851420161,2021-02-13,0.0,0.4632764328541758,0.7023920413146831
1181025072985964545,2021-02-13,1.0,0.4298353040306659,0.6956463534795915
1181011190422700033,2021-02-13,0.0,0.7829728786708416,0.7023920413146831
1181020044352356353,2021-02-13,1.0,0.6931560263521377,0.8324609008537164
1180991200890322945,2021-02-13,1.0,0.729403978615122,0.7453704266857512
1181002610010849281,2021-02-13,0.0,0.4199237532363523,0.2505642060516321
1181007830202810369,2021-02-13,1.0,0.5568402365074622,0.4858641958890155
1181024930476589057,2021-02-13,0.0,0.3801911362495052,0.6295989716173082
1181023045811109889,2021-02-13,1.0,0.8018094686203062,0.7558808736986075
1181005842690244609,2021-02-13,1.0,0.6705150386095434,0.6926325840860644
1180983636291518465,2021-02-20,0.0,0.295929716899125,0.2982514302666649
1181032848195026945,2021-02-20,1.0,0.369319666935143,0.38085743939368566
1180993913927401473,2021-02-20,1.0,0.4431597634925378,0.6956463534795915
1181026752514850817,2021-02-20,0.0,0.630680333064857,0.3949565217898651
1180993093844303873,2021-02-20,0.0,0.4714045207910317,0.4858641958890155
1181009653693251585,2021-02-20,1.0,0.5285954792089683,0.4858641958890155
1180997539138273281,2021-02-20,0.0,0.369319666935143,0.502436642545557
1181033798721699841,2021-02-20,0.0,,0.5513290072786933
1181034842030080001,2021-02-20,1.0,,0.6146560485653015
1181002031035252737,2021-02-20,0.0,0.5137558750761881,0.6151893026709414
1180988046797307905,2021-02-20,0.0,0.7961314569130364,0.9250211300961977
1180999386503282689,2021-02-20,0.0,0.4168936258083162,0.3814844059850847
1181008095316443137,2021-02-27,1.0,0.6198088637504948,0.6751954695285473
1180997713653071873,2021-02-27,1.0,0.340655679466218,0.25503641695790596
1180991677233856513,2021-02-27,0.0,,0.38915453827123186
1181011135895502849,2021-02-27,0.0,0.6716174320224753,0.6602582874868687
1180991568085975041,2021-02-27,1.0,,0.7279380426216203
1180983067869708289,2021-02-27,0.0,0.23037962720015076,0.5288153989061072
1181027883588714497,2021-02-27,1.0,0.4186368202325305,0.4858641958890155
1181005492786954241,2021-02-27,0.0,0.2810312199868285,0.4030915582431588
1180982739324370945,2021-03-06,1.0,0.8987121679472793,0.9000331211605084
1180989101599621121,2021-03-06,1.0,0.659344320533782,0.5288153989061072
1181029236930019329,2021-03-06,1.0,,0.6146560485653015
1181032137646637057,2021-03-06,0.0,0.4199237532363523,0.43258976999679183
1180996551530545153,2021-03-06,1.0,0.44760060966414356,0.4858641958890155
1181022529459552257,2021-03-06,0.0,0.315539402067602,0.7103845297185255
1181031303528316929,2021-03-06,0.0,,0.6681246015633447
1180999332008820737,2021-03-06,1.0,0.7808753643957537,0.8559836434093891
1180988587572723713,2021-03-06,0.0,0.4495465966334472,0.7741034526889284
1181001551691972609,2021-03-06,1.0,0.5,0.5454824276500689
1180996606219288577,2021-03-06,1.0,0.6190588758643535,0.8476157456650094
1180986427345240065,2021-03-06,0.0,,0.8903055805640857
1180980014865940481,2021-03-06,1.0,0.31976322250852146,0.2698147649859419
1180984016006119425,2021-03-06,0.0,0.44720886299689716,0.47129111142934754
1181032843095965697,2021-03-13,1.0,,0.6303825958781439
1180998128307634177,2021-03-13,0.0,,0.92151805745189
1181012156259958785,2021-03-13,1.0,0.7870942353098703,0.6136051014517406
1181034045376954369,2021-03-13,1.0,0.5232687053772038,0.7568116448510187
1181007515049852929,2021-03-13,0.0,0.7492001599309229,0.8365275885411645
1181015683147366401,2021-03-13,1.0,0.575978934125885,0.6734796577554675
1180994499484155905,2021-03-13,0.0,0.5523993903358565,0.5288153989061072
1181005754961985537,2021-03-13,1.0,,0.7568116448510187
1180981047728635905,2021-03-13,0.0,0.4278539385636572,0.47187672377940515
1181019723003265025,2021-03-13,0.0,,0.38238721430573636
1181019301218451457,2021-03-13,1.0,,0.7714177262941257
1181015328405946369,2021-03-20,1.0,,0.9154287534846569
1180997888427819009,2021-03-20,0.0,0.3550746933923343,0.3288030022911398
1180993964453265409,2021-03-20,0.0,0.31827611720414406,0.09354467683424655
1181033276336930817,2021-03-20,0.0,,0.7378686703816465
1180999593926524929,2021-03-20,1.0,0.4537497059287134,0.6642142866131215
1181007997620977665,2021-03-20,0.0,,0.5577448175189499
1180991426640773121,2021-03-20,1.0,,0.3804220900634235
1181017076075102209,2021-03-20,1.0,,0.8365275885411645
1180990353633050625,2021-03-20,1.0,0.37433814640729574,0.6079575822536343
1181023473888264193,2021-03-20,1.0,,0.8385630708170843
1180993931220189185,2021-03-27,1.0,,0.584188223920758
1181026818720989185,2021-03-27,0.0,0.4545230465597889,0.4858641958890155
1181023632722395137,2021-03-27,0.0,0.3045544725589981,0.4149261457599711
1180990951615463425,2021-03-27,0.0,0.39731520006753085,0.47187672377940515
1181025459055689729,2021-03-27,0.0,0.3981482850241999,0.4858641958890155
1181027841065910273,2021-03-27,1.0,0.4503329108783901,0.5209086167944892
1180984564654997505,2021-03-27,1.0,0.5264862761896216,0.5824837606471959
1181006834899484673,2021-03-27,0.0,0.3045544725589981,0.47129111142934754
1180981721528500225,2021-03-27,1.0,0.7492001599309229,0.6920505983356842
1181027449672957953,2021-03-27,0.0,0.3779763811583155,0.5288153989061072
1181026594292203521,2021-04-10,0.0,0.311751945384113,0.3354924269488938
1181008035465560065,2021-04-10,1.0,,0.8187158394161014
1181019819638947841,2021-04-10,1.0,,0.7594694127502796
1180984625407328257,2021-04-10,0.0,0.39731520006753085,0.45538971495946906
1180981468805726209,2021-04-10,1.0,0.4186368202325305,0.5824837606471959
1181013081459687425,2021-04-10,1.0,0.7616054400506356,0.6751954695285473
1181019420173828097,2021-04-10,1.0,,0.6681246015633447
1180998565387075585,2021-04-10,0.0,,0.37349866926651254
1181031158214131713,2021-04-10,0.0,0.3948665963081079,0.4717087290939103
1181005434713571329,2021-04-10,0.0,,0.385470257362457
1180997280898646017,2021-04-10,0.0,0.7366192907828351,0.4858641958890155
1180984961919451137,2021-04-10,1.0,,0.5288153989061072
1180982269368795137,2021-04-10,0.0,0.3550746933923343,0.5824312692720197
1180995641335513089,2021-04-17,1.0,0.7492001599309229,0.7844280095298044
1181024640296648705,2021-04-17,0.0,0.7476595525120064,0.5635598659457925
1180983632453566465,2021-04-17,1.0,0.5397916748194584,0.5288153989061072
1180991334849904641,2021-04-17,1.0,,0.6681246015633447
1180987604329529345,2021-04-17,1.0,,0.7366232570693578
1181002789461721089,2021-04-17,0.0,0.5094322005547439,0.6988438881626817
1181005837462929409,2021-04-17,1.0,0.7224771860204937,0.6956463534795915
1181027934501928961,2021-04-17,1.0,0.5721460614363428,0.7621900114944793
1181006369911865345,2021-04-17,1.0,,0.44548534251802446
1181002264432410625,2021-04-17,1.0,0.5634344661391275,0.7658891870169744
1181025262731952129,2021-04-24,1.0,0.8165445620895287,0.948767349799169
1180983333013553153,2021-04-24,0.0,,0.5288153989061072
1180997260602703873,2021-04-24,1.0,,0.6396379340505947
1180996517365907457,2021-04-24,1.0,0.3550746933923343,0.18797843470174966
1180995220065681409,2021-04-24,1.0,,0.5036314883166704
1180992758752280577,2021-04-24,0.0,,0.7844280095298044
1180981559983407105,2021-04-24,0.0,0.40226328171500814,0.5620135819138198
1181028326186811393,2021-04-24,0.0,,0.4982577191837783
1181032991704023041,2021-04-24,1.0,,0.5454824276500689
1180989961303195649,2021-04-24,0.0,0.4168936258083162,0.5811063780662026
1180982835954745345,2021-04-24,1.0,0.8061594231105722,0.7902056081017302
1181007552056328193,2021-04-24,1.0,0.6793710551114899,0.6240768827543576
1180987539738099713,2021-05-01,1.0,0.6834755585874905,0.6633781847442347
1180990081487306753,2021-05-01,0.0,,0.6602582874868687
1180994865002807297,2021-05-01,0.0,0.5711609462084641,0.6294076118629096
1181031889472028673,2021-05-01,0.0,0.45588174401246545,0.6602625520643709
1180994097153474561,2021-05-01,1.0,0.600264773515882,0.5620135819138198
1181000626265292801,2021-05-01,1.0,0.695445527441002,0.7330454491357776
1181019212589563905,2021-05-01,1.0,0.7061782785851928,0.7557386845623311
1181015237873008641,2021-05-01,1.0,,0.9096918074930376
1180988868268687361,2021-05-01,0.0,0.695445527441002,0.4858641958890155
1181020709535383553,2021-05-08,0.0,,0.7378686703816465
1181007839171510273,2021-05-08,0.0,0.369319666935143,0.3418186483932835
1180980210965479425,2021-05-08,0.0,,0.6356352341586687
1181024199955513345,2021-05-08,1.0,0.3550746933923343,0.5635598659457925
1180993529373851649,2021-05-08,0.0,0.6198088637504948,0.3418186483932835
1181003220539179009,2021-05-08,0.0,,0.6999453039491049
1181032838129221633,2021-05-08,1.0,,0.7785374250254693
1180997506775711745,2021-05-08,1.0,0.44760060966414356,0.3814844059850847
1181028448272941057,2021-05-08,1.0,0.43656553386087243,0.4858641958890155
1180997419308548097,2021-05-15,0.0,0.3824582775653354,0.36022952509637896
1181022359332061185,2021-05-15,1.0,0.4622469763340569,0.6637565687285137
1180985474463956993,2021-05-15,0.0,0.5721460614363428,0.6628693187868567
1181008220951642113,2021-05-15,1.0,0.4610819129102955,0.7330454491357776
1181006069665005569,2021-05-15,1.0,,0.7012090311508516
1180991720983527425,2021-05-15,0.0,0.6732365248435414,0.7483911006447489
1181031361634729985,2021-05-15,1.0,0.5034741703895855,0.6477269554833306
1181027917176307713,2021-05-15,0.0,,0.5513290072786933
1180993813457862657,2021-05-15,1.0,0.5484822090885669,0.7716857204095354
1180983465906307073,2021-05-15,1.0,,0.6751954695285473
1180980144922296321,2021-05-15,0.0,,0.47075427407397336
1181000340965064705,2021-05-22,0.0,0.6278360486144264,0.6268262191546811
1181032852581580801,2021-05-22,1.0,,0.6628693187868567
1181000677889015809,2021-05-22,1.0,,0.7023920413146831
1181025726751375361,2021-05-22,1.0,0.5045836826731915,0.5288153989061072
1181035118820884481,2021-05-22,0.0,0.630680333064857,0.729570675775691
1180985861112496129,2021-05-22,1.0,,0.5136823509331804
1181002203549990913,2021-05-22,0.0,0.5285954792089683,0.6434710601647193
1180996654549401601,2021-05-22,1.0,,0.5288153989061072
1181004297577299969,2021-05-22,1.0,0.5,0.5411492019504972
1180982251945689089,2021-05-22,0.0,0.15877966163450163,0.4150898071791134
1180981322746560513,2021-05-22,1.0,0.4742651641074229,0.6751954695285473
1181010886722060289,2021-05-22,1.0,0.5876102563740394,0.5288153989061072
1181033592780881921,2021-06-05,0.0,0.30684397364786237,0.5454824276500689
1180999589314265089,2021-06-05,1.0,0.5739460033143863,0.7271969995009774
1181032769212350465,2021-06-05,0.0,,0.7453704266857512
1180997042748719105,2021-06-05,1.0,,0.6446746424164009
1181009386131259393,2021-06-05,0.0,0.38401630802114123,0.24424120844661593
1181022147003908097,2021-06-05,1.0,0.34676633816158847,0.3804220900634235
1181033182641291265,2021-06-05,1.0,0.5183468039521815,0.6474001978637384
1180982488214306817,2021-06-05,0.0,,0.5411492019504972
1180984804986978305,2021-06-05,1.0,0.48624412492381197,0.4858641958890155
1181035770035240961,2021-06-05,1.0,0.6248603516224595,0.40686623029105673
1181003847556890625,2021-06-05,1.0,,0.7522729564396924
1180988816034201601,2021-06-05,0.0,0.6447811314046812,0.8897556927001387
1180982611688751105,2021-06-12,1.0,0.5901008554554915,0.5288153989061072
1180996268384845825,2021-06-12,1.0,0.261717506830364,0.3288030022911398
1180995051201069057,2021-06-12,1.0,,0.6999453039491049
1181035626073030657,2021-06-12,1.0,0.5634344661391275,0.5288153989061072
1181028014452375553,2021-06-12,1.0,,0.2941277020749006
1180997827607756801,2021-06-12,1.0,0.6834755585874905,0.692776997241652
1180999327911018497,2021-06-12,0.0,0.5758824944408986,0.6058685062864517
1181003426511814657,2021-06-12,0.0,0.6787130976438236,0.6374968725489873
1181014222341963777,2021-06-12,0.0,0.4840610446803598,0.7557386845623311
1181024347820163073,2021-06-12,0.0,0.323377780474886,0.5288153989061072
1180997709296271361,2021-06-12,1.0,0.6488124014271837,0.6765152602795018
1180998961587322881,2021-06-12,1.0,0.8395161490751063,0.7954283005451073
1180980009897230337,2021-06-12,1.0,0.7170927053822791,0.7011711393779037
1181025164809109505,2021-06-19,1.0,0.5523993903358565,0.7794070218821213
1181015678339973121,2021-06-19,1.0,0.4653559831127666,0.47129111142934754
1181034446288715777,2021-06-19,0.0,0.4714045207910317,0.5686318451222763
1181006295769088001,2021-06-19,0.0,0.5496670891216099,0.4982577191837783
1181029355855740929,2021-06-19,1.0,0.4168936258083162,0.7213810559150527
1180989708227379201,2021-06-19,1.0,0.38401630802114123,0.47129111142934754
1181029510720749569,2021-06-19,0.0,,0.26473647441298376
1181017485760626689,2021-06-19,0.0,0.4537497059287134,0.6794929248237721
1180992105085730817,2021-06-19,0.0,0.7018811677126867,0.8272573558444107
1181034041638813697,2021-06-19,1.0,0.5703237791805462,0.6272952570965976
1181007510467575809,2021-06-19,1.0,0.659344320533782,0.8142974945894184
1180994274411020289,2021-06-19,0.0,0.4260539966856137,0.5513290072786933
1181005487530049537,2021-06-26,1.0,0.5831063741916839,0.6535090506139438
1180985624941002753,2021-06-26,0.0,0.676622219525114,0.578709277842817
1181010615964008449,2021-06-26,1.0,0.6931560263521377,0.7705789335341557
1180997108760576001,2021-06-26,1.0,0.5613345948209545,0.7665114557521929
1181031725700612097,2021-06-26,1.0,0.6447811314046812,0.9804356970071747
1180982196260241409,2021-06-26,0.0,,0.8645284095397511
1180988811807490049,2021-06-26,1.0,0.6159836919788587,0.99
1181017906837192705,2021-06-26,1.0,0.6159836919788587,0.5288153989061072
1181008746884104193,2021-06-26,0.0,0.4260539966856137,0.5635598659457925
1181024914667175937,2021-06-26,1.0,0.5257348358925771,0.584188223920758
1180984516386848769,2021-06-26,1.0,0.7562820575732174,0.6628693187868567
1181031803587624961,2021-06-26,1.0,0.7330764470491573,0.584188223920758
1180995107759063041,2021-07-10,0.0,0.369319666935143,0.5288153989061072
1181030990924808193,2021-07-10,0.0,0.4013716270616919,0.5288153989061072
1181009313180385281,2021-07-10,1.0,0.5568402365074622,0.5288153989061072
1181025787018510337,2021-07-10,1.0,0.5257348358925771,0.7347359793970673
1180991196631236609,2021-07-10,1.0,0.406460280287639,0.5513290072786933
1181032603376680961,2021-07-10,1.0,0.7562820575732174,0.6651206839635699
1181002648468488193,2021-07-10,1.0,0.6461981343176701,0.6449764207751676
1181008882521341953,2021-07-10,0.0,0.311751945384113,0.47129111142934754
1181000096081379329,2021-07-10,0.0,,0.6239568063134056
1180980795975958529,2021-07-10,1.0,,0.28474877509726765
1181027758761213953,2021-07-10,1.0,,0.92151805745189
1180980282786152449,2021-07-10,0.0,0.38246343996305915,0.6590768375752359
1181030493705011201,2021-07-17,1.0,,0.7998608331292786
1181022525428334593,2021-07-17,1.0,0.8165445620895287,0.5620135819138198
1181034971535343617,2021-07-17,1.0,0.6931560263521377,0.6963632445659348
1181024527048540161,2021-07-17,1.0,0.8549460612696522,0.7705789335341557
1181032333392674817,2021-07-17,0.0,0.43843648357581444,0.27945205914841315
1180987178544988161,2021-07-17,0.0,0.5935397197123611,0.5288153989061072
1181003462325960705,2021-07-17,0.0,0.7492001599309229,0.7289575066738031
1181027626542596097,2021-07-17,0.0,0.5876102563740394,0.6396379340505947
1180995760291643393,2021-07-24,1.0,0.6758468413293971,0.7582549909422133
1181010014540169217,2021-07-24,1.0,0.39171516692849523,0.584188223920758
1180986668871221249,2021-07-24,1.0,0.5116245704237026,0.5288153989061072
1180999144683831297,2021-07-24,0.0,0.651067977421977,0.6177828423390261
1180983509527429121,2021-07-24,1.0,0.6649420128220663,0.8317553009119983
1181005275490156545,2021-07-24,1.0,0.38419100043350085,0.7023920413146831
1181030211944742913,2021-07-24,0.0,0.7276679044385284,0.7816124789236253
1181002359254679553,2021-07-24,1.0,0.776489929749007,0.6623132259774283
1180985299043549185,2021-07-24,0.0,0.5832192394702532,0.6751954695285473
1181001356366512129,2021-07-24,1.0,0.4167807605297468,0.42046085582562437
1180981555853918209,2021-07-24,0.0,0.5346440168872334,0.5288153989061072
1180998124501041153,2021-07-31,1.0,,0.6410851834513811
1180995686471008257,2021-07-31,1.0,,0.3553847125653791
1181004786273681409,2021-07-31,1.0,0.4249084249084249,0.6348647344518136
1180985358570651649,2021-07-31,0.0,0.7170927053822791,0.6856322278789251
1181008820412153857,2021-07-31,0.0,0.35398875309268224,0.05639004240223545
1181005750478438401,2021-07-31,1.0,,0.35252444370059965
1181006830768193537,2021-07-31,0.0,0.6453989214419322,0.6751954695285473
1180982980820041729,2021-07-31,0.0,,0.6751954695285473
1180979959791943681,2021-07-31,0.0,0.5684786940974849,0.6348647344518136
1180980887636934657,2021-08-07,1.0,0.5116245704237026,0.4414476080516851
1181012140549210113,2021-08-07,1.0,,0.7300370932304566
1181019719034601473,2021-08-07,1.0,0.6453989214419322,0.5889379598431644
1181010630062112769,2021-08-07,1.0,0.695445527441002,0.8808940930452179
1181027427895148545,2021-08-07,1.0,0.4767312946227962,0.4600254356341129
1181005929284501505,2021-08-07,0.0,,0.5119649403666167
1181004051528876033,2021-08-07,0.0,,0.5579009243827817
1181027951763750913,2021-08-07,1.0,,0.7018403128587445
1181021128498544641,2021-08-07,0.0,0.5666103302665491,0.5487448901813446
1180999943795212289,2021-08-07,1.0,0.6732365248435414,0.7836722741471766
1180994014170480641,2021-08-07,0.0,0.4767312946227962,0.6036443961388851
1181005483107844097,2021-08-07,0.0,0.24097561372704948,0.45156262149269594
1181020191668928513,2021-08-07,1.0,0.4767312946227962,0.5602520414887733
1180993927477395457,2021-08-21,1.0,,0.6067393839421042
1181024609323450369,2021-08-21,0.0,,0.5820829458731931
1181014889430646785,2021-08-21,1.0,0.5116245704237026,0.5426342833466268
1181020039511900161,2021-08-21,1.0,0.6158089995664991,0.6060669420336847
1181008264088977409,2021-08-21,0.0,0.39814913083170317,0.21186948627238292
1180992268824838145,2021-08-21,1.0,0.575091575091575,0.47244048697957025
1181031694179631105,2021-08-21,1.0,0.3489320225780231,0.5549873504588753
1181030300056944641,2021-08-21,1.0,0.6234514660116031,0.6345534207543275
1180984958015045633,2021-08-21,0.0,,0.5366794427619246
1181023177739108353,2021-08-21,1.0,,0.5420567555687603
1180989165257588737,2021-08-21,0.0,0.4431597634925378,0.5414742901261602
1181019050528309249,2021-08-21,0.0,,0.6263418115694498
1180982264851496961,2021-08-28,0.0,0.4545230465597889,0.5030263299106802
1181017334830727169,2021-08-28,1.0,0.6453989214419322,0.6180570026411815
1181006266925613057,2021-08-28,1.0,,0.7467242306350742
1181011810206842881,2021-08-28,1.0,,0.6839524863950427
1180981043342671873,2021-08-28,1.0,,0.7589274244461891
1180986373366120449,2021-08-28,1.0,,0.5480006912846057
1181026123595677697,2021-08-28,0.0,0.8572440289108552,0.7836722741471766
1180992210557566977,2021-08-28,1.0,,0.7179091992722084
1181001832547516417,2021-08-28,0.0,,0.5070955701688769
1180985469558816769,2021-08-28,0.0,0.5346440168872334,0.5874874814049887
1181022309000511489,2021-08-28,0.0,0.575091575091575,0.5975703949216671
1180998649852854273,2021-08-28,0.0,0.7006588415978602,0.7398986480162235
1180989585880973313,2021-08-31,1.0,,0.5480006912846057
1180981935082504193,2021-08-31,1.0,,0.5426342833466268
1181028074398318593,2021-08-31,0.0,,0.6345534207543275
1180997204818886657,2021-08-31,0.0,,0.5480006912846057
1181002026713874433,2021-09-04,1.0,0.373075461663703,0.4509702126477196
1180990348535791617,2021-09-04,1.0,0.36937937283817923,0.6109085357676627
1181027558467043329,2021-09-04,1.0,0.5527911370031028,0.6436073978978633
1181034242993324033,2021-09-04,1.0,,0.9658057257489577
1181031417193693185,2021-09-04,1.0,,0.5549873504588753
1180986046405410817,2021-09-04,0.0,0.3918437245506569,0.5356727340044201
1180984141449625601,2021-09-04,1.0,,0.5975703949216671
1181020500627226625,2021-09-04,1.0,0.5,0.5814013451803273
1180990947453272065,2021-09-04,0.0,,0.6639230307910519
1181021016898469889,2021-09-07,1.0,,0.5356727340044201
1180983010986098689,2021-09-07,0.0,,0.7467242306350742
1180980858244759553,2021-09-07,1.0,,0.6361850418836869
1181028865122074625,2021-09-07,0.0,,0.7370294862857911
1180990527309807617,2021-09-14,1.0,,0.6393077597975897
1181022839872028673,2021-09-14,0.0,,0.6555177161959794
1180987771264237569,2021-09-14,1.0,,0.6475155046095429
1180981821580967937,2021-09-14,1.0,,0.5549873504588753
1180998367640682497,2021-09-14,0.0,,0.5296489497492988
1181017866861805569,2021-09-14,1.0,,0.4906119422008884
1180981882589544449,2021-09-18,1.0,0.776489929749007,0.6790627898179574
1180991421348937729,2021-09-18,1.0,,0.7495431158138949
1181020382315970561,2021-09-18,0.0,0.4653559831127666,0.5426342833466268
1181006065793007617,2021-09-18,1.0,0.8805699784146894,0.7467242306350742
1181028444367650817,2021-09-18,0.0,0.4653559831127666,0.5154939941740662
1181018058573447169,2021-09-18,1.0,,0.5426342833466268
1180994610504564737,2021-09-18,1.0,0.5918826301227746,0.5907593053895255
1181034615803215873,2021-09-18,1.0,0.6081562754493431,0.36186635818186697
1181007636007452673,2021-09-18,1.0,0.3296605382681467,0.4579279812562803
1180983936087556097,2021-09-18,1.0,0.6453989214419322,0.6361850418836869
1180988395127177217,2021-09-18,1.0,,0.5602520414887733
1181009451204575233,2021-09-18,0.0,0.5116245704237026,0.5631582776925127
1181006431728861185,2021-09-18,0.0,0.5346440168872334,0.5351614960851006
1181028726160293889,2021-09-21,1.0,,0.5534371587683127
1181025159067959297,2021-09-21,0.0,,0.5426342833466268
1180996826871332865,2021-09-21,1.0,,0.5480006912846057
1180983596672090113,2021-09-21,0.0,,0.5610664166904353
1181027459028516865,2021-09-21,1.0,,0.6482528084000008
1181027117903675393,2021-09-25,0.0,0.1955152649175752,0.09584342987473103
1181009170089312257,2021-09-25,1.0,0.5832192394702532,0.5030263299106802
1181033741903101953,2021-09-25,1.0,0.8173164362964571,0.7467242306350742
1180988042668113921,2021-09-25,1.0,0.7548956027233167,0.7836722741471766
1180982831760310273,2021-09-25,1.0,0.6868555921271607,0.5341550908640026
1180990285394018305,2021-09-25,0.0,,0.5465753333339852
1181027445544615937,2021-09-25,1.0,0.4167807605297468,0.4723835992634958
1180979789052084225,2021-09-25,0.0,,0.4723835992634958
1181000622588461057,2021-09-25,0.0,0.2993411584021399,0.3888000998467592
1180998845404708865,2021-09-25,0.0,0.42129164087307497,0.9500326574117991
1181026077878386689,2021-09-25,0.0,0.5232687053772038,0.5831096328677622
1181029881303891969,2021-09-25,1.0,0.6269245383362971,0.7370294862857911
1181028009871769601,2021-09-25,1.0,0.9347043878010132,0.99
1181021293784498177,2021-09-28,1.0,,0.5785256437540418
1180988737827012609,2021-09-28,1.0,,0.5948917782568549
1181031712861323265,2021-09-28,0.0,,0.5356159625622451
1180981851777695745,2021-09-28,0.0,,0.5106202411529687
1180995517378199553,2021-10-02,0.0,0.14410819015299187,0.04683434136641319
1181031469075431425,2021-10-02,1.0,,0.576632431954051
1180994495644336129,2021-10-02,0.0,0.4249084249084249,0.47244048697957025
1181001262220115969,2021-10-02,1.0,,0.5753907745792625
1181033768101707777,2021-10-02,1.0,0.5832192394702532,0.5550028222775757
1181029599092801537,2021-10-02,0.0,0.3519350904623031,0.5487448901813446
1180989329255694337,2021-10-02,1.0,,0.7467242306350742
1181006975603605505,2021-10-02,0.0,0.5558063360602419,0.7020448566546644
1181027837131489281,2021-10-02,0.0,0.5832192394702532,0.7467242306350742
1181000985943277569,2021-10-02,1.0,0.695445527441002,0.6418694934300346
1181029351692894209,2021-10-02,0.0,0.3296605382681467,0.44203757916626735
1181035578001489921,2021-10-05,0.0,,0.5602520414887733
1180985720024137729,2021-10-05,0.0,,0.44484002230419045
1180985664238878721,2021-10-05,0.0,,0.5549873504588753
1181024649136406529,2021-10-05,0.0,,0.6393077597975897
1181005772739346433,2021-10-05,0.0,,0.5579009243827817
1180998560644497409,2021-10-09,0.0,0.6374405031503448,0.6071736901825848
1181016971281301505,2021-10-09,0.0,0.373075461663703,0.44203757916626735
1181001547302895617,2021-10-09,0.0,,0.47244048697957025
1180989955561357313,2021-10-09,1.0,0.6817238827958559,0.6854397139833458
1181032941309558785,2021-10-09,1.0,0.8572440289108552,0.7945849725051602
1181005699855646721,2021-10-09,1.0,,0.5959516074368223
1180994860258131969,2021-10-09,1.0,0.695445527441002,0.6950979251181597
1181006364524118017,2021-10-09,1.0,,0.6937886781665339
1180980097332150273,2021-10-09,0.0,0.6158089995664991,0.7836722741471766
1180988789930590209,2021-10-12,0.0,,0.6861361419908795
1180995660015796225,2021-10-12,0.0,,0.4600254356341129
1180990708572258305,2021-10-12,0.0,,0.4600254356341129
1181008734688804865,2021-10-12,1.0,,0.6482528084000008
1181030324641955841,2021-10-12,1.0,,0.6861361419908795
1181006786309324801,2021-10-16,1.0,,0.6277066344289317
1181020704697188353,2021-10-16,1.0,,0.4420077107045444
1180992793402867713,2021-10-16,0.0,,0.6882395217073675
1181001637544361985,2021-10-16,1.0,0.23037962720015076,0.44203757916626735
1180990834756026369,2021-10-16,1.0,0.6923455671671038,0.6937886781665339
1180992754427035649,2021-10-16,0.0,0.43338966973345094,0.646656715434924
1180983627969101825,2021-10-16,1.0,,0.5070955701688769
1181033668024565761,2021-10-16,0.0,0.40811736987722536,0.5831228356491602
1181000335995568129,2021-10-16,0.0,0.5666103302665491,0.5356159625622451
1180997256538456065,2021-10-16,1.0,,0.6347251703380056
1181023823466987521,2021-10-19,1.0,,0.646656715434924
1181030502708543489,2021-10-19,1.0,,0.5356159625622451
1181020910281064449,2021-10-19,0.0,,0.5838078181914516
1180985715410075649,2021-10-19,1.0,,0.7836722741471766
1180988733954228225,2021-10-19,1.0,,0.6861361419908795
1181031357408608257,2021-10-23,1.0,0.32415315867060296,0.43151466953947054
1181029741860585473,2021-10-23,1.0,,0.49259049736445465
1181028541675732993,2021-10-23,1.0,0.6836520702107616,0.7026266577953235
1181024812939902977,2021-10-23,0.0,0.5346440168872334,0.8754786162627476
1181010608252682241,2021-10-23,0.0,0.373075461663703,0.5232440903917891
1181022059376934913,2021-10-23,1.0,,0.6937886781665339
1181019077209751553,2021-10-23,1.0,,0.6475155046095429
1180991563955044353,2021-10-23,1.0,0.2810312199868285,0.6053666418589599
1181021384285290497,2021-10-23,1.0,,0.5549873504588753
1181007545312247809,2021-10-23,1.0,0.5558063360602419,0.5038019767034877
1181030409238937601,2021-10-23,0.0,,0.6041395839272096
1180994668741591041,2021-10-23,1.0,0.6081562754493431,0.49259049736445465
1180995726963769345,2021-10-23,0.0,0.373075461663703,0.3716802602939628
1181034454805446657,2021-10-26,0.0,,0.5649628754366111
1181027956378664961,2021-10-26,0.0,,0.5941269676562103
1181032071182647297,2021-10-26,0.0,,0.6861361419908795
1181001910336126977,2021-10-26,0.0,,0.5185474520183925
1181029810938380289,2021-10-26,1.0,,0.6776754641082239
1180986240632782849,2021-10-26,0.0,,0.4894441491053769
1180987797526151169,2021-10-30,0.0,0.7548956027233167,0.7836722741471766
1181014841647366145,2021-10-30,0.0,,0.46388875067105867
1181033410812837889,2021-10-30,1.0,,0.6937886781665339
1181028364902727681,2021-10-30,1.0,,0.5356727340044201
1181014110354571265,2021-10-30,1.0,0.8331084919632641,0.7836722741471766
1180994152969568257,2021-10-30,0.0,0.15770098521243792,0.4600254356341129
1180983063319445505,2021-10-30,1.0,0.7590243862729505,0.9121302039138012
1180982484311015425,2021-10-30,0.0,0.2669235529508428,0.4600254356341129
1181017475984982017,2021-10-30,1.0,0.6081562754493431,0.5708135884013363
1181032158039244801,2021-10-30,0.0,0.39171516692849523,0.5602520414887733
1181005443586228225,2021-10-30,0.0,0.5210868573894243,0.5549873504588753
1181033715607764993,2021-10-30,1.0,0.6590909090909091,0.5947739727743696
1181035540767866881,2021-10-30,1.0,0.7347471244848098,0.7026266577953235
1181000495507668993,2021-10-30,1.0,,0.7010167799316437
1180991117588627457,2021-11-02,1.0,,0.5356159625622451
1181002312730411009,2021-11-02,1.0,,0.5549873504588753
1180987595297226753,2021-11-02,1.0,,0.616818528756951
1181003261610786817,2021-11-02,0.0,,0.5846873162000024
1181031937094156289,2021-11-02,0.0,,0.5426342833466268
1181029977095208961,2021-11-06,0.0,,0.6229083200444376
1180993809682890753,2021-11-06,1.0,0.6590909090909091,0.7467242306350742
1180996941892976641,2021-11-06,0.0,,0.5509229944908689
1181000857113526273,2021-11-06,0.0,0.39814913083170317,0.48486687475735507
1180996110614659073,2021-11-06,1.0,0.7455862213089843,0.7398986480162235
1181028321926217729,2021-11-06,1.0,,0.6573547774269947
1180990994241552385,2021-11-06,1.0,0.651067977421977,0.4588648635778549
1180985857498578945,2021-11-06,0.0,,0.4588648635778549
1181023897092915201,2021-11-06,1.0,,0.7370294862857911
1181007710633984001,2021-11-06,0.0,,0.4589818818545023
1181015773322903553,2021-11-06,0.0,0.4653559831127666,0.6444243235426904
1181026452010270721,2021-11-06,1.0,,0.48483270935741973
1180981414182387713,2021-11-06,1.0,0.776489929749007,0.7467242306350742
1180984874742185985,2021-11-06,1.0,,0.5619454003362069
1180992982953558017,2021-11-13,1.0,0.6868555921271607,0.5366794427619246
1180982044715352065,2021-11-13,0.0,0.7082096379808271,0.5480006912846057
1180991781769314305,2021-11-13,0.0,0.5558063360602419,0.5420567555687603
1180984800664551425,2021-11-13,0.0,0.5666103302665491,0.5414742901261602
1181022705039212545,2021-11-13,1.0,0.7414479232584955,0.5650436218634733
1181013279559712769,2021-11-13,1.0,0.8649937537894618,0.6158597251577753
1180982248495972353,2021-11-13,0.0,0.651067977421977,0.7467242306350742
1181032881780555777,2021-11-13,0.0,0.6081562754493431,0.4414476080516851
1180982976786432001,2021-11-13,1.0,,0.6277066344289317
1180983505269358593,2021-11-13,1.0,0.5558063360602419,0.5855431677355817
1181019416754618369,2021-11-13,0.0,0.4653559831127666,0.5075155522932085
1181023681717141505,2021-11-20,1.0,,0.5061603081018263
1181007506208653313,2021-11-20,0.0,0.2601088515831644,0.44203757916626735
1181029063770537985,2021-11-20,1.0,,0.5699318698332809
1181015227451637761,2021-11-20,1.0,,0.7343085497539635
1181005746218237953,2021-11-20,1.0,,0.5480006912846057
1181033813270265857,2021-11-20,0.0,,0.4509702126477196
1180983328075546625,2021-11-20,1.0,,0.7836722741471766
1181019678995120129,2021-11-20,1.0,0.4767312946227962,0.6190673621951401
1180989097180495873,2021-11-20,0.0,0.3918437245506569,0.5160343492992842
1181035228872704001,2021-11-20,1.0,0.5116245704237026,0.5356727340044201
1181006360135204865,2021-11-20,0.0,,0.5175051120379237
1181025069276921857,2021-12-04,1.0,,0.7044382771089397
1181019715163095041,2021-12-04,1.0,0.7276679044385284,0.7398986480162235
1180981551852814337,2021-12-04,0.0,0.7616054400506356,0.7370294862857911
1180980882218582017,2021-12-04,0.0,0.575091575091575,0.8834402287057469
1181008259958210561,2021-12-04,1.0,0.3918437245506569,0.45156262149269594
1181005271006937089,2021-12-04,1.0,0.6817238827958559,0.6180570026411815
1181008181879111681,2021-12-04,1.0,0.5116245704237026,0.7836722741471766
1180985354375888897,2021-12-04,1.0,,0.5785256437540418
1180996513267843073,2021-12-04,0.0,0.6234514660116031,0.7300370932304566
1181031481691078657,2021-12-04,0.0,0.40811736987722536,0.6057121448010478
1181004047235907585,2021-12-04,0.0,0.4653559831127666,0.5840850995371865
1181027424055558145,2021-12-04,0.0,0.575978934125885,0.6270978987777378
1181020802134933505,2021-12-04,0.0,,0.7179091992722084
1180987982205747201,2021-12-11,0.0,0.5666103302665491,0.6334484177235815
1181001879556980737,2021-12-11,1.0,0.5918826301227746,0.5426342833466268
1180995749516771329,2021-12-11,0.0,,0.7836722741471766
1181034442964566017,2021-12-11,0.0,0.23037962720015076,0.5108310364896204
1181029572537843713,2021-12-11,1.0,0.43338966973345094,0.5697962050586904
1180991716660248577,2021-12-11,1.0,0.7896208372967118,0.756098592672608
1181028474793492481,2021-12-11,1.0,0.48360506011098364,0.6145750745194474
1181005534892130305,2021-12-11,1.0,0.43338966973345094,0.4221413485058342
1181033433300664321,2021-12-11,0.0,0.5,0.44203757916626735
1181008878165393409,2021-12-11,1.0,0.651067977421977,0.5487448901813446
1181029090968076289,2021-12-11,0.0,0.8987121679472793,0.8358439296024901
1180996547242229761,2021-12-11,0.0,0.5163949398890164,0.5356159625622451
1180982607656157185,2021-12-11,1.0,0.5832192394702532,0.6555177161959794
1181029321300115457,2021-12-11,0.0,0.2544137786910156,0.36186635818186697
1181002354898927617,2021-12-18,0.0,0.6018508691682969,0.5048399691945241
1181026119206862849,2021-12-18,0.0,0.31314440787283926,0.5487448901813446
1181003216248078337,2021-12-18,0.0,,0.44203757916626735
1181027780313776129,2021-12-18,0.0,0.6773625135765983,0.47244048697957025
1181012125933764609,2021-12-18,1.0,0.7330764470491573,0.7945849725051602
1181025494449684481,2021-12-18,1.0,0.6460112469073177,0.5356727340044201
1180997535458689025,2021-12-18,1.0,0.4249084249084249,0.5160343492992842
1181002605268697089,2021-12-18,1.0,0.651067977421977,0.7370294862857911
1180984206685241345,2021-12-18,0.0,0.2723320955614716,0.15710772848475255
1181001352235646977,2021-12-18,1.0,0.6374405031503448,0.6543038165665257
1181015319468638209,2021-12-18,1.0,,0.8974013440181959
1180993960322465793,2021-12-18,1.0,0.6043092477133077,0.5030263299106802
1181022143131648001,2021-12-18,1.0,0.5346440168872334,0.6937886781665339
1180988786221547521,2022-01-15,0.0,0.373075461663703,0.5414742901261602
1180996373016150017,2022-01-15,1.0,,0.6555177161959794
1180993475492478977,2022-01-15,1.0,,0.7044382771089397
1180990075097579521,2022-01-15,1.0,0.6758468413293971,0.7467242306350742
1180981319100137473,2022-01-15,1.0,0.43338966973345094,0.4582708797423918
1180995047324975105,2022-01-15,1.0,0.5558063360602419,0.6411354058008234
1181013577549905921,2022-01-15,1.0,0.40811736987722536,0.4139823344758498
1180989161063481345,2022-01-15,1.0,0.4767312946227962,0.5030263299106802
1180988578796011521,2022-01-15,1.0,0.6043092477133077,0.4723835992634958
1180994092347588609,2022-01-15,1.0,0.31314440787283926,0.4594312249694053
1180998363801092097,2022-01-22,1.0,0.7521368579565825,0.7467242306350742
1180985620682571777,2022-01-22,0.0,0.819525484151056,0.7467242306350742
1181003327461425153,2022-01-22,1.0,0.7189687800131715,0.6969356267776443
1181004745814081537,2022-01-22,1.0,0.651067977421977,0.4600254356341129
1181006190718320641,2022-01-22,1.0,0.5116245704237026,0.5344534406083347
1181005478720864257,2022-01-22,1.0,0.4249084249084249,0.44203757916626735
1181029189728501761,2022-01-22,0.0,0.3546010785580677,0.4906119422008884
1180998457852133377,2022-01-22,0.0,0.43338966973345094,0.5889379598431644
1181007631554248705,2022-01-22,1.0,0.695445527441002,0.5549873504588753
1181003422060511233,2022-01-22,0.0,0.6234514660116031,0.5585503959616137
1181009140503314433,2022-01-22,0.0,0.6817238827958559,0.6418694934300346
1181025467508785153,2022-02-05,0.0,0.6374405031503448,0.5543381928402963
1181010875815919617,2022-02-05,0.0,0.32263748642340173,0.42394568688615997
1180993089650819073,2022-02-05,0.0,0.6269245383362971,0.7398986480162235
1180986366719852545,2022-02-05,0.0,0.575091575091575,0.5356159625622451
1180997823059066881,2022-02-05,1.0,0.6027160112115734,0.6739951503434192
1180997705102426113,2022-02-05,1.0,0.695445527441002,0.5977334586347467
1180988433545527297,2022-02-05,1.0,0.2723320955614716,0.5480006912846057
1180981548432228353,2022-02-05,0.0,0.2019978496474667,0.3363706030860658
1181009447590756353,2022-02-05,1.0,0.6868555921271607,0.7300370932304566
1181002022291144705,2022-02-05,1.0,0.7330764470491573,0.6380195517830426
1180986042373537793,2022-02-05,1.0,0.5,0.6937886781665339
1181033148152840193,2022-02-05,0.0,0.4441936639397582,0.5907593053895255
1180983623678918657,2022-02-12,1.0,0.5666103302665491,0.45798125824441027
1180993922865594369,2022-02-12,1.0,0.7170927053822791,0.6475155046095429
1180990342792249345,2022-02-12,1.0,0.6081562754493431,0.4600254356341129
1181022779151319041,2022-02-12,0.0,0.6158089995664991,0.4600254356341129
1181031298914385921,2022-02-12,1.0,0.8044847350824249,0.7929799511275364
1181011125604646913,2022-02-12,0.0,0.39814913083170317,0.5414742901261602
1181022030434697217,2022-02-12,0.0,,0.47522201902867917
1181007706276757505,2022-02-12,1.0,,0.5631582776925127
1181008090734231553,2022-02-12,0.0,0.3918437245506569,0.5636235221527188
1180999412540440577,2022-02-12,0.0,0.5257348358925771,0.582675496182875
1180998789588156417,2022-02-12,1.0,,0.7836722741471766
1181027113418784769,2022-02-12,0.0,0.2170271213291583,0.1323354932797886
1181027622477889537,2022-02-12,1.0,0.32755877059328886,0.5426342833466268
1180980004896014337,2022-02-12,1.0,0.729403978615122,0.5889379598431644
1181030622696046593,2022-02-19,1.0,0.776489929749007,0.6435370219127895
1181012393045884929,2022-02-19,0.0,0.3045544725589981,0.5889379598431644
1180997498872299521,2022-02-19,1.0,0.7134556901528161,0.7836722741471766
1180986381981286401,2022-02-19,1.0,0.7189687800131715,0.6009792125502644
1181034565761466369,2022-02-19,1.0,0.651067977421977,0.5480006912846057
1180994664416739329,2022-02-19,0.0,0.6158089995664991,0.6060356162900663
1180987174543753217,2022-02-19,0.0,0.3918437245506569,0.5549873504588753
1180986664613117953,2022-02-19,0.0,0.5232687053772038,0.6055257702812585
1180986423568793601,2022-02-19,1.0,0.753537438623691,0.5889379598431644
1180983006630510593,2022-02-19,1.0,0.695445527441002,0.5175051120379237
1181026590259478529,2022-02-19,1.0,0.3824582775653354,0.594754744510307
1180990663241433089,2022-02-19,1.0,0.6081562754493431,0.6391088749943755
1180991712339165185,2022-02-26,0.0,0.6082848330715048,0.7379075799473421
1181029131750801409,2022-02-26,1.0,0.6703394617318533,0.7836722741471766
1180981930438787073,2022-02-26,0.0,0.4249084249084249,0.5549873504588753
1180982040650350593,2022-02-26,1.0,0.6703394617318533,0.7467242306350742
1180989157674582017,2022-02-26,1.0,,0.7467242306350742
1181007702406529025,2022-02-26,1.0,,0.779999135463738
1181025122254716929,2022-02-26,0.0,0.28290729461772096,0.4600254356341129
1180984953141952513,2022-02-26,0.0,,0.44203757916626735
1181031230998806529,2022-02-26,1.0,0.40811736987722536,0.47092030011581903
1180994491192246273,2022-02-26,0.0,0.5232687053772038,0.6145750745194474
1181025882873921537,2022-02-26,1.0,0.4883754295762975,0.578700984324633
1180996105514614785,2022-03-05,1.0,0.7521368579565825,0.6839679759371513
1181001542786023425,2022-03-05,1.0,0.3163479297892384,0.5840850995371865
1181028537287344129,2022-03-05,1.0,0.4249084249084249,0.4414476080516851
1181032834257616897,2022-03-05,1.0,0.7189687800131715,0.6243453113631544
1181027832645058561,2022-03-05,1.0,0.5832192394702532,0.6861361419908795
1181017318084902913,2022-03-05,1.0,0.6460112469073177,0.6119361402242971
1180999735306682369,2022-03-05,1.0,0.6081562754493431,0.4600254356341129
1181013070651752449,2022-03-05,1.0,0.7696203727998492,0.6739951503434192
1181020700147777537,2022-03-05,0.0,0.5832192394702532,0.5889379598431644
1181009309275947009,2022-03-05,1.0,,0.5219211063111941
1180980093073489921,2022-03-05,1.0,0.373075461663703,0.5172613836654749
1181020034897149953,2022-03-05,0.0,0.11943002158531059,0.44203757916626735
1180985465105711105,2022-03-05,0.0,0.39728398878842675,0.45557411935512526
1181031025575723009,2022-03-12,1.0,0.6234514660116031,0.5030263299106802
1181032631284301825,2022-03-12,1.0,,0.5480006912846057
1181028070171541505,2022-03-12,0.0,0.3638618774662938,0.6555177161959794
1180991559407501313,2022-03-12,1.0,0.7082096379808271,0.7130130108857886
1180999324104228865,2022-03-12,1.0,0.6018508691682969,0.4808581167567476
1181016961891663873,2022-03-12,1.0,0.5,0.5887189885309481
1181025454991409153,2022-03-12,0.0,0.24097561372704948,0.4768861074827446
1180981038791786497,2022-03-12,1.0,0.4742651641074229,0.5549873504588753
1180992206492565505,2022-03-12,0.0,0.5832192394702532,0.5050623714805893
1180986236372975617,2022-03-12,0.0,0.4167807605297468,0.32637655980807173
1180983058253905921,2022-03-12,0.0,0.1668915080367359,0.45974386362840197
1181004088662982657,2022-03-12,1.0,0.6374405031503448,0.5366794427619246
1180990281103179777,2022-03-12,0.0,0.5454769534402111,0.5366794427619246
1181027328489357313,2022-03-12,0.0,0.27059602138487815,0.45156262149269594
1180981464998477825,2022-03-19,1.0,0.5116245704237026,0.6296961209480381
1181010600735309825,2022-03-19,0.0,0.15770098521243792,0.44203757916626735
1180984137416409089,2022-03-19,0.0,0.4545230465597889,0.5356159625622451
1181025846028697601,2022-03-19,0.0,0.7170927053822791,0.7467242306350742
1180979785018638337,2022-03-19,0.0,,0.11927585226118786
1181000565746925569,2022-03-19,1.0,0.8044847350824249,0.5840850995371865
1180992789563703297,2022-03-19,1.0,0.5666103302665491,0.4600254356341129
1181031413161754625,2022-03-19,1.0,,0.7836722741471766
1181028605428531201,2022-03-19,1.0,0.8173164362964571,0.6095264336836324
1180996264447803393,2022-03-19,0.0,0.6374405031503448,0.6129384104983181
1181034255770353665,2022-03-19,1.0,0.47891314261057566,0.7467242306350742
1180982481019043841,2022-03-19,0.0,0.651067977421977,0.5480006912846057
1181025894425886721,2022-03-26,1.0,0.32415315867060296,0.4592361987607931
1180997252150198273,2022-03-26,1.0,0.4545230465597889,0.6145750745194474
1181007993199525889,2022-03-26,1.0,0.729403978615122,0.6562494641732813
1181007597322272769,2022-03-26,0.0,0.2938217214148072,0.45156262149269594
1181033583906455553,2022-03-26,1.0,0.4767312946227962,0.5050053158313974
1181020348697935873,2022-03-26,1.0,0.8975642527147605,0.7467242306350742
1180985349955846145,2022-03-26,0.0,0.5116245704237026,0.5366794427619246
1181000671726010369,2022-03-26,1.0,0.4697085058566593,0.5549873504588753
1180988781801177089,2022-03-26,1.0,0.4249084249084249,0.5889379598431644
1180988038087344129,2022-03-26,1.0,0.8107914125519603,0.9779665449161438
1180984011554357249,2022-03-26,0.0,0.7934962482603278,0.8808940930452179
1181003843039494145,2022-03-26,0.0,0.1955152649175752,0.44203757916626735
1180998556353888257,2022-04-09,1.0,,0.558852211438462
1181029506752479233,2022-04-09,1.0,0.4883754295762975,0.49192463255176494
1180991191956750337,2022-04-09,0.0,0.17977166079744816,0.4391056159562593
1181004727779688449,2022-04-09,1.0,0.6269245383362971,0.6290103563515311
1181019372746407937,2022-04-09,1.0,0.8649937537894618,0.8868239852656604
1181024043474649089,2022-04-09,0.0,0.5116245704237026,0.5948731274211562
1181005267004391425,2022-04-09,0.0,0.3751396483775406,0.5674552645191269
1181009136148512769,2022-04-09,1.0,0.5346440168872334,0.5325122976402554
1181034919171784705,2022-04-09,1.0,0.1955152649175752,0.6085003214731322
1180983501365149697,2022-04-09,1.0,0.6158089995664991,0.6106543335815715
1181021400224006145,2022-04-09,0.0,0.373075461663703,0.5125299522527825
1181023892479377409,2022-04-09,1.0,0.776489929749007,0.6466935238985496
1181021642428710913,2022-04-16,1.0,0.819525484151056,0.6648800176443233
1180985853272817665,2022-04-16,0.0,0.31314440787283926,0.4188336997309168
1181020376250646529,2022-04-16,0.0,0.1955152649175752,0.3615254710714151
1181005742025572353,2022-04-16,1.0,0.4767312946227962,0.6346465638119042
1180984796826828801,2022-04-16,0.0,0.6158089995664991,0.7157791676424247
1180988729856360449,2022-04-16,1.0,0.4441936639397582,0.6085003214731322
1181018050443575297,2022-04-16,1.0,0.8422990147875621,0.6936777938725469
1180994606793719809,2022-04-16,1.0,0.6269245383362971,0.5556355305026427
1180980522440523777,2022-04-16,1.0,,0.622168543644847
1181022138808598529,2022-04-16,1.0,0.43152130590251525,0.7065798318123889
1181022064440541185,2022-04-16,1.0,0.651067977421977,0.5039196771602515
1181023627850907649,2022-04-16,0.0,0.6269245383362971,0.5074248033020814
1181015208222359553,2022-04-16,0.0,0.6758468413293971,0.7246280845968599
1180990830369832961,2022-04-16,1.0,,0.5074248033020814
1181007540960231425,2022-04-23,0.0,0.47891314261057566,0.5712724946617562
1180986038338322433,2022-04-23,0.0,0.3546010785580677,0.46675621761605834
1181008255989383169,2022-04-23,0.0,0.5047154525393671,0.426801370232263
1181030688127582209,2022-04-23,1.0,0.8502561338448226,0.944759996308632
1180983324010708993,2022-04-23,1.0,,0.7157791676424247
1180982827921211393,2022-04-23,0.0,0.34090909090909094,0.5919440235095886
1180985294752808961,2022-04-23,1.0,0.6158089995664991,0.6142570374359658
1181019297248837633,2022-04-23,0.0,0.4742651641074229,0.5700385234721751
1181023199967379457,2022-04-23,0.0,0.5346440168872334,0.6997927971762647
1181001320683569153,2022-04-23,1.0,,0.5700385234721751
1181019208749907969,2022-04-30,1.0,0.6081562754493431,0.6808337517129226
1181003458292514817,2022-04-30,0.0,,0.5728678322478103
1181004292346707969,2022-04-30,0.0,0.5454769534402111,0.56884689133718
1180989581912113153,2022-04-30,0.0,0.7061782785851928,0.5039196771602515
1180983619032023041,2022-04-30,1.0,0.5627326411437553,0.4254834358151479
1181007825782636545,2022-04-30,1.0,0.5558063360602419,0.47382881699307505
1180989324996739073,2022-04-30,1.0,0.6453989214419322,0.7157791676424247
1181025529939361793,2022-04-30,0.0,0.6269245383362971,0.6085003214731322
1180995215128690689,2022-04-30,1.0,0.6175417224346647,0.5890206793092475
1180997879909122049,2022-04-30,0.0,0.373075461663703,0.3615254710714151
1181032781892812801,2022-05-07,0.0,0.7455862213089843,0.7300815091609845
1180995636946960385,2022-05-07,1.0,0.5666103302665491,0.5196844357588001
1180993795681550337,2022-05-07,1.0,0.7590243862729505,0.433417626477962
1181005768578629633,2022-05-07,1.0,0.4441936639397582,0.5064717800136177
1181002198937632769,2022-05-07,0.0,0.6590909090909091,0.6912233362492142
1181032662968008705,2022-05-07,1.0,0.5,0.6268958491741533
1181003323364311041,2022-05-07,1.0,0.7896208372967118,0.7150260062470173
1181033170189320193,2022-05-07,1.0,0.695445527441002,0.6085003214731322
1181016366914994177,2022-05-07,1.0,0.5953005145659639,0.48389966476670987
1180992749911834625,2022-05-07,0.0,0.373075461663703,0.39633432115008943
1180993955902914561,2022-05-07,1.0,0.32415315867060296,0.5074248033020814
1180989948139405313,2022-05-07,1.0,0.4767312946227962,0.5559044058119876
1181033187351855105,2022-05-07,0.0,0.31314440787283926,0.5750809910607049
1181005144402100225,2022-05-07,1.0,0.5666103302665491,0.6973931419814646
1181025463605002241,2022-05-14,0.0,0.7696203727998492,0.5912098666613096
1181007501498417153,2022-05-14,1.0,0.7276679044385284,0.5074248033020814
1180993471331074049,2022-05-14,1.0,,0.5125299522527825
1180991833908117505,2022-05-14,0.0,0.4767312946227962,0.10206930876973176
1181012111187705857,2022-05-14,1.0,0.6453989214419322,0.7362031775922525
1180996971058429953,2022-05-14,1.0,0.3296605382681467,0.4188336997309168
1180987792977592321,2022-05-14,1.0,0.3546010785580677,0.46675621761605834
1180992161772339201,2022-05-14,1.0,0.7082096379808271,0.6848538530132111
1181018738664177665,2022-05-14,1.0,0.575091575091575,0.6346465638119042
1181008725653585921,2022-05-14,0.0,0.6590909090909091,0.6879827417807767
1180983461453955073,2022-05-14,1.0,0.4653559831127666,0.4632678060609498
1180982603204362241,2022-05-21,0.0,0.34035066207977027,0.5074248033020814
1181032473836126209,2022-05-21,0.0,0.4653559831127666,0.6795999874904695
1180994855323041793,2022-05-21,1.0,0.38419100043350085,0.7098282557316258
1181028861412278273,2022-05-21,1.0,0.695445527441002,0.6892337685083851
1180982434108309505,2022-05-21,1.0,0.6453989214419322,0.7095937904527273
1181030986374119425,2022-05-21,0.0,0.445128190163005,0.4254834358151479
1181015198316167169,2022-05-21,0.0,0.5986283729383082,0.6361145792094602
1181026073555107841,2022-05-21,0.0,0.5666103302665491,0.4929079877860595
1181025118157045761,2022-05-21,1.0,0.695445527441002,0.7187896583687466
1181013488695017473,2022-05-21,0.0,0.6703394617318533,0.5053921976780335
1181033178898038785,2022-06-04,1.0,0.5984312907540494,0.6823550256292745
1181002856957345793,2022-06-04,1.0,0.7330764470491573,0.6170959049541709
1180979955824066561,2022-06-04,1.0,0.6374405031503448,0.5700385234721751
1180981847163928577,2022-06-04,0.0,0.6797330152029168,0.6598823504098733
1180983586833596417,2022-06-04,1.0,0.8572440289108552,0.7157791676424247
1181011348902477825,2022-06-04,0.0,0.5116245704237026,0.5496453779224909
1180988864365920257,2022-06-04,1.0,0.5346440168872334,0.5578690661788168
1181002591006523393,2022-06-04,0.0,0.21037916270328824,0.3615254710714151
1181026328212471809,2022-06-04,1.0,0.6945403789964897,0.6808337517129226
1181007627619106817,2022-06-04,0.0,0.4441936639397582,0.5274729492963635
1181027216695066625,2022-06-04,1.0,0.632083457786196,0.7157791676424247
1180997064269234177,2022-06-04,1.0,0.6190588758643535,0.6654024609695589
1180981034726490113,2022-06-04,1.0,0.8107914125519603,0.7556531332863607
1181033406457774081,2022-06-04,0.0,0.4005691950969471,0.6268958491741533
1181019828764868609,2022-06-09,0.0,,0.7157791676424247
1181035430200082433,2022-06-09,1.0,,0.5700385234721751
1181014019564011521,2022-06-09,0.0,,0.5496453779224909
1180998254620966913,2022-06-09,1.0,,0.6808337517129226
1181002318086733825,2022-06-09,0.0,,0.6142570374359658
1181033883509325825,2022-06-09,1.0,,0.56884689133718
1181023741485711361,2022-06-09,1.0,,0.6973931419814646
1181020006571016193,2022-06-09,0.0,,0.5700385234721751
1180994314837819393,2022-06-09,1.0,,0.6257262254091146
1181030431080513537,2022-06-10,1.0,,0.6284279511154081
1181020825233817601,2022-06-10,0.0,,0.553050398806723
1180982963429736449,2022-06-10,1.0,,0.5496453779224909
1181029043056115713,2022-06-10,1.0,,0.7157791676424247
1181008565303148545,2022-06-10,1.0,,0.7246280845968599
1180979917009518593,2022-06-10,0.0,,0.5998288036574393
1181014425474891777,2022-06-10,0.0,,0.7157791676424247
1181022389436088321,2022-06-10,1.0,,0.5452450878062638
1181018327300800513,2022-06-10,0.0,,0.6290103563515311
1180997247956680705,2022-06-11,1.0,0.44790845489560005,0.5039196771602515
1181017936551215105,2022-06-11,1.0,,0.5640102754977072
1181003319395745793,2022-06-11,0.0,0.5666103302665491,0.3898310310420264
1181001232022568961,2022-06-11,0.0,0.3918437245506569,0.4188336997309168
1181005696112459777,2022-06-11,1.0,,0.5890206793092475
1180994269830447105,2022-06-11,0.0,0.7000682256020687,0.5700385234721751
1180998359639687169,2022-06-11,1.0,0.5918826301227746,0.7157791676424247
1180981544529231873,2022-06-11,1.0,0.7460675245535171,0.672603266251695
1181033808334618625,2022-06-11,1.0,0.8492944834468701,0.6085003214731322
1181031885020495873,2022-06-11,0.0,0.3489320225780231,0.5325122976402554
1181006524133441537,2022-06-11,0.0,0.4653559831127666,0.7362031775922525
1180990658143518721,2022-06-18,1.0,0.31084146937235224,0.5536584219102946
1181013048065490945,2022-06-18,0.0,0.26729450942065053,0.4564967628644061
1181017854150475777,2022-06-18,0.0,0.6891585306276478,0.6085003214731322
1180997494742351873,2022-06-18,1.0,0.30022977365308795,0.5074248033020814
1180998120177106945,2022-06-18,1.0,0.28794122943805506,0.5039196771602515
1181025723523006465,2022-06-18,0.0,0.5116245704237026,0.46675621761605834
1180993905376624641,2022-06-18,1.0,0.7225303260253133,0.7362031775922525
1181001874591285249,2022-06-18,0.0,0.6841246739742736,0.5297486569966846
1181034870259580929,2022-06-18,0.0,0.16976823170113797,0.09792977650986566
1181016244860387329,2022-06-18,1.0,0.6204462513081671,0.7246280845968599
1181020074421288961,2022-06-18,1.0,0.720780213342408,0.7246280845968599
1181024926573101057,2022-06-18,0.0,0.38784796411544314,0.5496453779224909
1181009647111733249,2022-06-18,1.0,0.7101685164746395,0.7300815091609845
1181028440528584705,2022-06-25,1.0,0.4653559831127666,0.6268958491741533
1180996933117083649,2022-06-25,1.0,0.5346440168872334,0.6414201100778314
1180986377882304513,2022-06-25,1.0,0.4883754295762975,0.5700385234721751
1181024671301369857,2022-06-25,0.0,0.10775703199691472,0.07886492958495851
1181006062051328001,2022-06-25,1.0,0.7048125839805354,0.5976543612880215
1181024196342644737,2022-06-25,0.0,0.19072488287279776,0.3905338570006741
1180986419665436673,2022-06-25,0.0,0.37654600676951044,0.4632678060609498
1180998453720907777,2022-06-25,1.0,0.3158753260257265,0.4773260304181544
1181027618154741761,2022-06-25,0.0,0.4167807605297468,0.6973931419814646
1180991417542344705,2022-06-25,0.0,0.5183468039521815,0.553050398806723
1181005425775673345,2022-06-25,0.0,0.7225303260253133,0.6823550256292745
1180990067967983617,2022-06-25,1.0,0.3489320225780231,0.6290103563515311
1180979999767592961,2022-07-02,1.0,0.8153146881787778,0.7362031775922525
1181008816446832641,2022-07-02,0.0,0.2500547966021925,0.40918346339486616
1180985345859715073,2022-07-02,0.0,0.5261178991280282,0.47709511572857216
1181032486323716097,2022-07-02,0.0,0.4216489622397534,0.4188336997309168
1180994660706254849,2022-07-02,0.0,0.5666103302665491,0.5750809910607049
1181013265782800385,2022-07-02,1.0,0.6453989214419322,0.7098282557316258
1180993525212446721,2022-07-02,1.0,0.6374405031503448,0.6808337517129226
1181007821428588545,2022-07-02,1.0,0.6204462513081671,0.7157791676424247
1180985290461577217,2022-07-02,0.0,0.27229054706206096,0.39633432115008943
1181000092252897281,2022-07-02,0.0,0.40576007216872084,0.426801370232263
1181031021510656001,2022-07-02,0.0,0.5116245704237026,0.7246280845968599
1180990277166825473,2022-07-09,1.0,0.4441936639397582,0.6089770168280546
1181035531733991425,2022-07-09,1.0,0.36255949684965516,0.38976746722140865
1180983813066162177,2022-07-09,1.0,0.8849847132156888,0.6512847135253252
1181018734277099521,2022-07-09,0.0,0.3216472322878871,0.5481082112422565
1181029185599307777,2022-07-09,0.0,0.22043187214536572,0.3898310310420264
1180992978500124673,2022-07-09,1.0,0.6121520358845569,0.5728678322478103
1181034175950684161,2022-07-09,0.0,0.6374405031503448,0.7187896583687466
1180988725531869185,2022-07-09,1.0,0.6891585306276478,0.6973931419814646
1181019526646038529,2022-07-09,0.0,0.5660643505255623,0.6973931419814646
1180999730081234945,2022-07-09,0.0,0.34425438871407654,0.5747772800588389
1181029232543432705,2022-07-09,1.0,0.5719657313058413,0.6961948258414761
1180990989815808001,2022-07-16,1.0,0.6190588758643535,0.6268958491741533
1181034251640012801,2022-07-16,1.0,0.4167807605297468,0.4846403909828608
1181017303599120385,2022-07-16,1.0,0.5,0.5074248033020814
1181033981594435585,2022-07-16,1.0,,0.4632678060609498
1181000142896332801,2022-07-16,0.0,0.40811736987722536,0.5516946162406116
1181007536472686593,2022-07-16,0.0,0.5232687053772038,0.5452450878062638
1180981314842034177,2022-07-16,1.0,0.6618365780563534,0.65889942431298
1181023607405084673,2022-07-16,1.0,0.678352767712113,0.7157791676424247
1181028005224841217,2022-07-16,1.0,0.33816342194364657,0.3615254710714151
1181022521717915649,2022-07-16,0.0,,0.3615254710714151
1181029877336637441,2022-07-16,0.0,0.6121520358845569,0.5640102754977072
1181022861390413825,2022-07-16,1.0,0.40811736987722536,0.5024433371720753
1180988390859374593,2022-07-23,0.0,,0.4632678060609498
1181010592862273537,2022-07-23,1.0,0.7225303260253133,0.6085003214731322
1180996260060626945,2022-07-23,0.0,0.4249084249084249,0.530695326915572
1180997104146710529,2022-07-23,0.0,0.33816342194364657,0.5700385234721751
1181019072852590593,2022-07-23,0.0,0.7828950650952564,0.6808337517129226
1180996927180472321,2022-07-23,1.0,0.4883754295762975,0.7246280845968599
1181018909985341441,2022-07-23,1.0,0.829052915513751,0.6912233362492142
1180984133318737921,2022-07-23,1.0,0.43338966973345094,0.678288091701032
1180982478053015553,2022-07-23,0.0,0.3550746933923343,0.4188336997309168
1181022135227154433,2022-07-23,1.0,0.7048125839805354,0.5024433371720753
1181033027291742209,2022-07-23,1.0,0.8438376470142493,0.7362031775922525
1181008578401337345,2022-07-23,1.0,0.6453989214419322,0.5590315965433921
1181006427794210817,2022-07-23,1.0,0.8014697285592802,0.7133363262621585
1180998736063528961,2022-07-23,1.0,0.7808753643957537,0.7157791676424247
1180995790555611137,2022-07-26,1.0,,0.6599853141947407
1180999957637038081,2022-07-26,1.0,,0.5918145220199654
1180999102095785985,2022-07-26,0.0,,0.6085003214731322
1180991460807901185,2022-07-26,1.0,,0.5417660513340765
1181030296734105601,2022-07-30,1.0,0.6374405031503448,0.5148888905914752
1181029086773575681,2022-07-30,0.0,0.28983148352536053,0.4632678060609498
1180995682147991553,2022-07-30,1.0,,0.7362031775922525
1180983053973749761,2022-07-30,1.0,0.8438579450548475,0.9479854800259963
1181027553918976001,2022-07-30,1.0,0.40811736987722536,0.5604646662927597
1181001227633885185,2022-07-30,1.0,0.5346440168872334,0.7246280845968599
1181028533028683777,2022-07-30,1.0,0.5232687053772038,0.4290191320511498
1180982244267786241,2022-07-30,1.0,0.6369126644358724,0.5496453779224909
1181004917071052801,2022-07-30,1.0,0.8438376470142493,0.7362031775922525
1181005737571745793,2022-07-30,1.0,0.6675696367960346,0.524592484312232
1181022775085727745,2022-07-30,0.0,0.4249084249084249,0.5197274327348069
1181019747426271233,2022-07-30,1.0,0.6618365780563534,0.6973931419814646
1180992043947589633,2022-08-02,0.0,,0.6512847135253252
1181006415306817537,2022-08-02,0.0,,0.5700385234721751
1181033059780427777,2022-08-02,1.0,,0.7157791676424247
1180995622590349313,2022-08-02,1.0,,0.6599853141947407
1181024998908297217,2022-08-02,1.0,,0.6170959049541709
1181006782921408513,2022-08-06,1.0,0.8834989230071562,0.7246280845968599
1180982261014593537,2022-08-06,0.0,0.1479275154674703,0.22487400785802295
1181026721995063297,2022-08-06,0.0,,0.46675621761605834
1180986362848870401,2022-08-06,1.0,0.7327054905793494,0.7246280845968599
1181007441133010945,2022-08-06,1.0,0.6453989214419322,0.7157791676424247
1181030564622336001,2022-08-06,1.0,0.28794122943805506,0.5274729492963635
1181023623882833921,2022-08-06,0.0,0.6374405031503448,0.6628253346726352
1180990826657611777,2022-08-06,1.0,0.4545230465597889,0.6346465638119042
1181033428911357953,2022-08-06,0.0,,0.3898310310420264
1181012380302311425,2022-08-06,0.0,0.260558845767918,0.5674552645191269
1181021882310885377,2022-08-09,0.0,,0.5452450878062638
1180989020811755521,2022-08-09,1.0,,0.6512847135253252
1180992832506068993,2022-08-09,0.0,,0.6808337517129226
1181031497790095361,2022-08-09,0.0,,0.43348325212707195
1181028294018236417,2022-08-13,0.0,0.7379268896717311,0.661191140946143
1180987170251702273,2022-08-13,1.0,0.756213264668025,0.6785462293350467
1181032045565181953,2022-08-13,0.0,0.2774696739746868,0.6085003214731322
1180991777543651329,2022-08-13,0.0,0.6453989214419322,0.6912233362492142
1180991708498657281,2022-08-13,1.0,,0.22487400785802295
1181017897512402945,2022-08-13,1.0,0.6565437460700154,0.5728678322478103
1180990522890944513,2022-08-13,1.0,0.727709452937939,0.6808337517129226
1181021547411406849,2022-08-13,1.0,0.2371600942439208,0.45938368176749617
1181006355812220929,2022-08-13,1.0,0.2486897795025449,0.377340983667363
1181026114508521473,2022-08-13,0.0,0.7225303260253133,0.49456194142504334
1180996542692196353,2022-08-13,1.0,0.6841246739742736,0.5496453779224909
1180994602469818369,2022-08-13,0.0,0.4167807605297468,0.5256321990637087
1181032439732928513,2022-08-16,0.0,,0.5700385234721751
1180992883128729601,2022-08-16,0.0,,0.7157791676424247
1181009537511718913,2022-08-16,1.0,,0.4632678060609498
1181030574172602369,2022-08-16,0.0,,0.4564967628644061
1180996181854355457,2022-08-16,1.0,,0.5167150885473221
1181031908153589761,2022-08-20,0.0,,0.6568297407673366
1181032933084692481,2022-08-20,1.0,0.24378673533197498,0.30149761129048425
1181006970987905025,2022-08-20,0.0,0.28983148352536053,0.48260973619111697
1181004084114522113,2022-08-20,0.0,0.5832192394702532,0.7098282557316258
1180980878247100417,2022-08-20,0.0,0.43338966973345094,0.10909855197185726
1180981926243663873,2022-08-20,0.0,,0.5919440235095886
1181015310820704257,2022-08-20,1.0,0.8672296498482259,0.7300815091609845
1180980562577129473,2022-08-20,1.0,0.8153146881787778,0.7157791676424247
1181001160846049281,2022-08-20,0.0,0.7657372764186232,0.6848538530132111
1180995722607558657,2022-08-20,1.0,0.7741036828853467,0.5496453779224909
1180983319687462913,2022-08-20,1.0,,0.6523194861174266
1180980206289682433,2022-08-23,0.0,,0.6189109908710082
1180999966800805889,2022-08-23,0.0,,0.4632678060609498
1181033318763823105,2022-08-23,0.0,,0.4632678060609498
1181004237078724609,2022-08-23,0.0,,0.7246280845968599
1181028660246577153,2022-08-23,1.0,,0.426801370232263
1181000164448468993,2022-08-30,0.0,,0.7246280845968599
1181020642007351297,2022-08-30,1.0,,0.5728678322478103
1181000313023758337,2022-08-30,1.0,,0.4632678060609498
1180987591004946433,2022-08-30,1.0,,0.5280883325803302
1181022986478518273,2022-08-30,0.0,,0.4564967628644061
1181035669759492097,2022-09-03,1.0,0.6618365780563534,0.5948731274211562
1181019292989587457,2022-09-03,0.0,0.575091575091575,0.5280883325803302
1181032067150053377,2022-09-03,0.0,0.5232687053772038,0.4254834358151479
1181005474334441473,2022-09-03,1.0,0.8529385022298293,0.7246280845968599
1181001254799212545,2022-09-03,1.0,0.6945551899616551,0.5700385234721751
1181026901122220033,2022-09-03,1.0,0.7327054905793494,0.6912233362492142
1181024275257458689,2022-09-03,1.0,0.727709452937939,0.6085003214731322
1181009165250002945,2022-09-03,0.0,0.3216472322878871,0.5518847398845514
1181002065750884353,2022-09-03,1.0,0.6449253066076658,0.6163993432476764
1180990652627484673,2022-09-03,1.0,0.704070283100875,0.6973931419814646
1181003376148611073,2022-09-03,1.0,0.3489320225780231,0.652469307626937
1180998645531901953,2022-09-03,0.0,0.4883754295762975,0.5325122976402554
1180988471260119041,2022-09-06,1.0,,0.7157791676424247
1180986937273974785,2022-09-06,1.0,,0.5808975065279702
1181022045662773249,2022-09-06,0.0,,0.544632785397523
1180979641540706305,2022-09-06,1.0,,0.5700385234721751
1180988117131362305,2022-09-06,0.0,,0.4564967628644061
1180980518279643137,2022-09-10,0.0,,0.5590315965433921
1180998956554616833,2022-09-10,1.0,0.38401630802114123,0.49028921218114707
1181000331123949569,2022-09-10,1.0,0.7828950650952564,0.7305188990990099
1181022857584934913,2022-09-10,0.0,,0.4019989114487096
1180996967315668993,2022-09-10,1.0,0.3489320225780231,0.4773260304181544
1181021468107931649,2022-09-10,0.0,0.5232687053772038,0.4846403909828608
1180997818638663681,2022-09-10,0.0,0.6618365780563534,0.7362031775922525
1181031353118556161,2022-09-10,1.0,0.4545230465597889,0.6268958491741533
1180981809383571457,2022-09-10,1.0,0.8438376470142493,0.5006190952454558
1181025177973915649,2022-09-10,0.0,0.6269245383362971,0.7098282557316258
1180985849143558145,2022-09-10,0.0,0.7934962482603278,0.7157791676424247
1180980791231315969,2022-09-10,1.0,0.6204462513081671,0.43348325212707195
1180989294248525825,2022-09-13,1.0,0.6074019515954086,0.5452450878062638
1181022848517996545,2022-09-13,0.0,0.651067977421977,0.5417660513340765
1180981405858267137,2022-09-13,1.0,0.8606815612285417,0.645336312189808
1180986270478008321,2022-09-13,1.0,0.7101685164746395,0.5843074061491335
1181022835451363329,2022-09-13,1.0,0.4249084249084249,0.6170959049541709
1181029430028763137,2022-09-17,1.0,0.2308805014733911,0.3615254710714151
1180980088652529665,2022-09-17,0.0,0.4249084249084249,0.5674552645191269
1180982430462541825,2022-09-17,1.0,0.8153146881787778,0.7031036492677077
1180981310421106689,2022-09-17,1.0,0.5454769534402111,0.4846403909828608
1181006477640957953,2022-09-17,0.0,0.34345625392998463,0.7157791676424247
1180986232244830209,2022-09-17,0.0,0.39569075228669237,0.5559044058119876
1181027673776488449,2022-09-17,1.0,0.6374405031503448,0.47382881699307505
1180986034046926849,2022-09-17,1.0,0.6480649095376969,0.6333884453014449
1181028857603227649,2022-09-17,0.0,0.5454769534402111,0.5843074061491335
1180988807418675201,2022-09-17,0.0,0.6121520358845569,0.7300815091609845
1180995665048698881,2022-09-17,1.0,0.6618365780563534,0.6745931952713892
1181016953955745793,2022-09-17,1.0,0.36255949684965516,0.5271241380248108
1181033710671724545,2022-09-17,1.0,0.6374405031503448,0.5782008178134623
1181000829430890497,2022-09-20,0.0,,0.4632678060609498
1181017127955202049,2022-09-20,0.0,,0.661191140946143
1180981377951629313,2022-09-20,1.0,,0.6263871424154662
1181008675677339649,2022-09-20,1.0,,0.5890206793092475
1180981409762770945,2022-09-20,0.0,,0.4632678060609498
1181001334135717889,2022-09-27,1.0,,0.6163993432476764
1181018108358656001,2022-09-27,0.0,,0.7157791676424247
1180986469998002177,2022-09-27,1.0,,0.5890206793092475
1180980260973969409,2022-09-27,0.0,,0.6163993432476764
1180993462232514561,2022-09-27,1.0,,0.6808337517129226
1180988777412329473,2022-10-01,1.0,0.6409637883591984,0.5722553960391378
1180992202425794561,2022-10-01,1.0,0.2664597443750067,0.43348325212707195
1180993085584375809,2022-10-01,0.0,0.6276639968671857,0.6085003214731322
1181034137942360065,2022-10-01,1.0,0.9092677111964805,0.7406693838094941
1180981540850466817,2022-10-01,0.0,0.5346440168872334,0.5325122976402554
1180985616359718913,2022-10-01,1.0,0.6902307954978898,0.7246280845968599
1180998551869227009,2022-10-01,0.0,0.6902307954978898,0.6085003214731322
1180989943106306049,2022-10-01,1.0,0.7488405319795707,0.7005168968654688
1180993843623657473,2022-10-01,0.0,0.5116245704237026,0.6085003214731322
1181032996480745473,2022-10-01,1.0,0.5703237791805462,0.5750809910607049
1181021753062522881,2022-10-01,1.0,0.6381392000434002,0.6457619125804747
1181017030356107265,2022-10-15,0.0,0.13869829954362164,0.377340983667363
1180981249701412865,2022-10-15,1.0,0.772356757132565,0.7246280845968599
1180994487578329089,2022-10-15,0.0,0.3279138739339335,0.5039196771602515
1181035421263036417,2022-10-15,0.0,0.33063790278616345,0.47382881699307505
1181015188507721729,2022-10-15,1.0,0.6051191516560648,0.6686310282958308
1180997769404284929,2022-10-15,1.0,,0.633887420209598
1181024636080685057,2022-10-15,0.0,0.5397916748194584,0.5748355560363525
1180984202943528961,2022-10-15,1.0,0.2170271213291583,0.39633432115008943
1181025113896517633,2022-10-15,0.0,0.33063790278616345,0.4632678060609498
1180983456614776833,2022-10-15,1.0,0.6907748728668486,0.6808337517129226
1181035139469672449,2022-10-15,1.0,0.7087285011239354,0.7406693838094941
1180988720854597633,2022-10-22,0.0,0.33301433981021183,0.42891469432256824
1180999408667000833,2022-10-22,1.0,0.6571854546309961,0.7122052822153382
1181021223223984129,2022-10-22,0.0,0.38471801256081456,0.48389966476670987
1180999140554866689,2022-10-22,1.0,0.6075092933497505,0.7305538998353903
1180993466879541249,2022-10-22,0.0,,0.4564967628644061
1180989092985339905,2022-10-22,1.0,0.4269512034677213,0.5203245639171575
1180997414727417857,2022-10-22,1.0,0.3550746933923343,0.4632678060609498
1181029313461256193,2022-10-22,0.0,0.7026211673274168,0.6290103563515311
1181007005539041281,2022-10-22,1.0,0.9176292874911187,0.7362031775922525
1181029211408629761,2022-10-22,1.0,0.6152819874391855,0.6085003214731322
1181021570804252673,2022-10-22,1.0,0.7545771739111907,0.7461150967791199
1181024523435474945,2022-10-22,0.0,0.39249070665024965,0.4564967628644061
1181027988512342017,2022-10-23,1.0,,0.5890206793092475
1181022385531158529,2022-10-23,1.0,,0.5556355305026427
1181019331772088321,2022-10-23,1.0,,0.6512847135253252
1181025358974648321,2022-10-23,1.0,,0.6912233362492142
1180985018477412353,2022-10-23,0.0,,0.5700385234721751
1180994310321045505,2022-10-23,0.0,,0.6808337517129226
1181020362731618305,2022-10-23,0.0,,0.5024433371720753
1181020682562797569,2022-10-23,0.0,,0.5039196771602515
1181028258495627265,2022-10-23,1.0,,0.6648800176443233
1181017289403072513,2022-10-29,0.0,,0.6641504502726095
1180983615223595009,2022-10-29,0.0,0.30492329561569387,0.09792977650986566
1180995618427305985,2022-10-29,1.0,0.6447236047615535,0.6284279511154081
1181000561166876673,2022-10-29,1.0,0.3870625776247501,0.5496453779224909
1181032873713893377,2022-10-29,1.0,0.7794228374556681,0.6466935238985496
1180999585118257153,2022-10-29,0.0,0.6204462513081671,0.5918145220199654
1180981460739981313,2022-10-29,0.0,0.495448236451061,0.09792977650986566
1181007988877819905,2022-10-29,0.0,0.36186079995659987,0.4846403909828608
1181013568033226753,2022-10-29,0.0,0.33121244094668983,0.7246280845968599
1181005692273426433,2022-10-29,0.0,,0.6794302229803846
1181004722713493505,2022-10-29,0.0,0.5927435440219149,0.6524275617227278
1181030507578720257,2022-11-05,1.0,0.5346440168872334,0.9783936354898946
1181025451151392769,2022-11-05,1.0,0.8641433192202304,0.99
1181004782338867201,2022-11-05,1.0,0.5656672662874129,0.6859886158324062
1181027947604049921,2022-11-05,0.0,0.30022977365308795,0.2759957069104791
1181026748741353473,2022-11-05,0.0,0.3369117865689771,0.4865828639837184
1180986415794913281,2022-11-05,1.0,0.770072050273818,0.6794302229803846
1180992157708156929,2022-11-05,0.0,0.2869936547187632,0.29059593845641424
1180997875359776769,2022-11-05,1.0,0.663088213431023,0.8767910122778273
1181024192535298049,2022-11-05,1.0,0.5346440168872334,0.48970904124517844
1181024661912158209,2022-11-05,1.0,0.6687875590533101,0.7770437532023136
1181022517812002817,2022-11-05,0.0,0.6772072360500364,0.6524275617227278
1181014103515398145,2022-11-12,1.0,0.5841082060266009,0.43264294778220397
1181028529157406721,2022-11-12,1.0,0.5346440168872334,0.661350797497796
1180987978526457857,2022-11-12,1.0,0.7843182731936462,0.8030277733816552
1180983497170485249,2022-11-12,0.0,0.3428145453690039,0.46695115813226407
1181031223262052353,2022-11-12,1.0,0.651067977421977,0.6527574369324319
1181027160588713985,2022-11-12,0.0,0.4653559831127666,0.43738638907466226
1180994265086525441,2022-11-12,1.0,0.3795537486918329,0.4865828639837184
1180984582045040641,2022-11-12,1.0,0.4072564559780851,0.447688980456943
1180979994830897153,2022-11-12,0.0,0.663088213431023,0.7286099104391548
1181000852758102017,2022-11-12,0.0,0.3175452801121849,0.4501056643559461
1181032372560658433,2022-11-12,0.0,0.663088213431023,0.5059854030903097
1181002194678054913,2022-11-12,0.0,,0.447688980456943
1180993784581128193,2022-11-12,1.0,0.6687875590533101,0.6562625203444391
1181006519422255105,2022-11-12,1.0,0.5,0.5328190806386458
1181018476293849089,2022-11-19,0.0,0.3870625776247501,0.24244066202188744
1180998355509903361,2022-11-19,1.0,0.8425029091554511,0.9543559537200538
1180998449205608449,2022-11-19,1.0,0.5,0.5002236138193342
1181028416171606017,2022-11-19,1.0,0.5927435440219149,0.6668251123473373
1180996963252207617,2022-11-19,1.0,0.6204462513081671,0.4803061383534501
1181024431737274369,2022-11-19,1.0,0.36186079995659987,0.30480756180689994
1181018905695551489,2022-11-19,1.0,0.61293742237525,0.6449177496420735
1180995614040457217,2022-11-19,0.0,0.2971611623397552,0.29059593845641424
1181003315201933313,2022-11-19,0.0,0.4883754295762975,0.4865828639837184
1181005764029022209,2022-11-19,1.0,0.61293742237525,0.6854920674054608
1180988112743858177,2022-11-19,1.0,0.6051191516560648,0.43738638907466226
1180999581278633985,2022-12-03,0.0,0.6468941462977766,0.6317422710729617
1181031839724175361,2022-12-03,0.0,0.5454769534402111,0.6794302229803846
1180998731483348993,2022-12-03,1.0,0.24484612314215842,0.3412530601323597
1181000136926822401,2022-12-03,1.0,0.4653559831127666,0.2967033975446763
1181001347621191681,2022-12-03,0.0,0.1803556357294336,0.026093560462648883
1181024994682798081,2022-12-03,0.0,0.3870625776247501,0.24852194045250417
1181030591336448001,2022-12-03,0.0,0.32279276394996365,0.34401423776021484
1181022747239874561,2022-12-03,1.0,0.6571854546309961,0.681745729785442
1181013034095312897,2022-12-03,1.0,0.3729143878105881,0.4219407665775201
1181008252245508097,2022-12-03,1.0,0.3795537486918329,0.447688980456943
1180985342438211585,2022-12-03,0.0,0.16726471033413765,0.43908432347209114
1180982599557054465,2022-12-03,1.0,0.33121244094668983,0.30480756180689994
1181017887285215233,2022-12-03,1.0,0.7516506221584772,0.6794302229803846
1181028750745337857,2022-12-03,1.0,0.7727591676489133,0.6894157746357532
1180990642107645953,2022-12-10,1.0,0.3870625776247501,0.42646604037261726
1181006966373515265,2022-12-10,1.0,0.6950767043843062,0.6121024440590416
1181011110600835073,2022-12-10,1.0,0.6051191516560648,0.458526208210053
1181021088781893633,2022-12-10,1.0,0.7795681278546344,0.6996359827385674
1181031153823711233,2022-12-10,1.0,0.6902307954978898,0.6524275617227278
1181027549625516033,2022-12-10,1.0,0.6276639968671857,0.5064952854583352
1180997528619515905,2022-12-10,1.0,0.6051191516560648,0.5169300565585269
1181000088565645313,2022-12-10,0.0,0.36865465905662825,0.2803392611805082
1181026971812855809,2022-12-10,0.0,0.4343327337125871,0.6362816525565242
1180990058353098753,2022-12-10,1.0,0.5,0.5533166848770381
1181023603395592193,2022-12-10,1.0,0.7331185166713587,0.7393730827845371
1181005733151506433,2022-12-17,1.0,,0.5169300565585269
1180986358460743681,2022-12-17,0.0,0.41439851635995695,0.6171927895927618
1180992261920292865,2022-12-17,1.0,0.5045517635489389,0.30480756180689994
1180991555631939585,2022-12-17,1.0,0.3948808483439353,0.6579864262289468
1181016235793383425,2022-12-17,1.0,0.656974422306525,0.6909653556941364
1180999319910481921,2022-12-17,1.0,,0.38471773868562786
1181019522223996929,2022-12-17,1.0,0.4883754295762975,0.6335690403462271
1181027613734305793,2022-12-17,1.0,0.7402329877197095,0.6794302229803846
1180990271262392321,2022-12-17,0.0,0.27272006494071027,0.3621995482828284
1181025383622541313,2022-12-17,0.0,0.7402329877197095,0.7572398378035817
1180980558447476737,2022-12-17,1.0,0.8082458075657852,0.6794302229803846
1181000663531061249,2022-12-17,0.0,0.30022977365308795,0.6077427863413745
1181025839382233089,2022-12-17,0.0,0.6276639968671857,0.5795125171072365
1180980235649351681,2023-01-14,1.0,0.8228869278068364,0.5132495201057256
1181030883615277057,2023-01-14,0.0,0.5232687053772038,0.46968067638909083
1181021007738241025,2023-01-14,0.0,0.5841082060266009,0.5368704919449114
1181011276048269313,2023-01-14,1.0,0.7551538768578416,0.6247489170580213
1181004120669618177,2023-01-14,1.0,0.7628399057560792,0.4908195862429755
1181003825648893953,2023-01-14,1.0,0.8707940017698566,0.8485845202516994
1181032256442957825,2023-01-14,0.0,0.4883754295762975,0.7292759375900627
1180986227888652289,2023-01-14,1.0,0.7455573567515342,0.6916918840452632
1181015768676728833,2023-01-14,1.0,0.4545230465597889,0.5754399230136575
1180985612518916097,2023-01-14,1.0,0.8952775044054102,0.7584216529173171
1181015673886703617,2023-01-14,1.0,0.5346440168872334,0.46312949406659876
1180982822405767169,2023-01-21,0.0,0.18489744359516766,0.12778743764633588
1180996255930908673,2023-01-21,0.0,0.36186079995659987,0.43264294778220397
1180982188870893569,2023-01-21,0.0,0.5346440168872334,0.6524275617227278
1181021395869237249,2023-01-21,0.0,0.22724083235108666,0.4865828639837184
1181003416800591873,2023-01-21,0.0,0.4653559831127666,0.5064952854583352
1181002824436711425,2023-01-21,1.0,,0.9543559537200538
1181003298585313281,2023-01-21,0.0,0.7402329877197095,0.6859886158324062
1181031708826959873,2023-01-21,0.0,0.3428145453690039,0.5169300565585269
1180979780954587137,2023-01-21,0.0,,0.4219407665775201
1180988467646955521,2023-01-21,1.0,0.6051191516560648,0.6859886158324062
1181012365590167553,2023-01-21,0.0,0.4343327337125871,0.4865828639837184
1180988497395154945,2023-01-21,1.0,0.4767312946227962,0.597152626510442
1180995824529506305,2023-01-21,1.0,0.7727591676489133,0.6859886158324062
1180991187951550465,2023-01-21,1.0,0.8103968162106158,0.49121229538280353
1181024757510832129,2023-01-21,0.0,0.575091575091575,0.36739024121086844
1180980202351788033,2023-02-04,1.0,0.9112875324029547,0.9023548243077625
1180994306093940737,2023-02-04,0.0,0.36186079995659987,0.6289658283782924
1181030405431820289,2023-02-04,1.0,0.6772072360500364,0.8792064362823906
1181004913071161345,2023-02-04,0.0,0.7520382531857895,0.8792064362823906
1180994598632161281,2023-02-04,0.0,0.699770226346912,0.6894157746357532
1181022771858014209,2023-02-04,0.0,,0.31356282667006763
1181016356944248833,2023-02-04,1.0,0.5454769534402111,0.6524275617227278
1181022381015597057,2023-02-04,1.0,,0.6042830432878087
1181019327414501377,2023-02-04,0.0,0.4883754295762975,0.681745729785442
1181020002731229185,2023-02-04,0.0,,0.41178893239500897
1181027828419854337,2023-02-11,1.0,0.7194364437173973,0.5340612738437603
1181024518950682625,2023-02-11,1.0,0.7794228374556681,0.6048007192114254
1180989937172971521,2023-02-11,1.0,0.7367248363565956,0.6524275617227278
1181031574094970881,2023-02-11,1.0,0.5454769534402111,0.6048966156996294
1180984870547521537,2023-02-11,1.0,0.4883754295762975,0.6264604239550375
1180990942292344833,2023-02-11,0.0,0.6687875590533101,0.6562625203444391
1181018097290706945,2023-02-11,1.0,0.7656939959073132,0.8767910122778273
1181023366577913857,2023-02-11,1.0,0.7402329877197095,0.6988298242454459
1181032778021961729,2023-02-11,0.0,0.24796174681421032,0.059004350527805526
1180989375003820033,2023-02-11,0.0,,0.6711226670161935
1180987586779348993,2023-02-11,0.0,0.575091575091575,0.5602776011239495
1181001870296678401,2023-02-11,1.0,0.6204462513081671,0.6794302229803846
1181020796519677953,2023-02-18,0.0,0.5346440168872334,0.4865828639837184
1180984051173163009,2023-02-18,1.0,0.4072564559780851,0.5099662858403845
1181001316099424257,2023-02-18,1.0,0.6381392000434002,0.6794302229803846
1181030359942332417,2023-02-18,0.0,0.2956814266458954,0.3412530601323597
1180982818372222977,2023-02-18,0.0,0.5346440168872334,0.31098714836800184
1180992828603465729,2023-02-18,1.0,0.7402329877197095,0.616187198097898
1181023195676999681,2023-02-18,0.0,0.33121244094668983,0.4865828639837184
1180990821431181313,2023-02-18,0.0,0.18489744359516766,0.30480756180689994
1181030560879640577,2023-02-18,0.0,0.28056355628260266,0.3987779793302826
1181011085144981505,2023-02-18,0.0,0.33121244094668983,0.5283216897219406
1181004079952035841,2023-02-18,1.0,0.7272799350592898,0.5558783451571636
1180998218581835777,2023-02-25,1.0,0.8415733318964788,0.7307109811977609
1181018901112782849,2023-02-25,1.0,0.3870625776247501,0.4247476371007003
1181006779600273409,2023-02-25,0.0,0.3369117865689771,0.36739024121086844
1180981373402087425,2023-02-25,0.0,0.36516079049301287,0.30480756180689994
1181003130297024513,2023-02-25,1.0,0.4653559831127666,0.4908195862429755
1180981536593641473,2023-02-25,0.0,0.6772072360500364,0.5754399230136575
1181022131743293441,2023-02-25,1.0,0.5116245704237026,0.6859886158324062
1181025490190467073,2023-02-25,1.0,0.5232687053772038,0.41178893239500897
1180997999994273793,2023-02-25,1.0,0.8775219726548874,0.7393730827845371
1181021464300322817,2023-02-25,1.0,0.663088213431023,0.5533166848770381
1181005530602635265,2023-03-04,1.0,0.6204462513081671,0.6859886158324062
1180986029659095041,2023-03-04,0.0,0.4158917939733991,0.447688980456943
1181030854188728321,2023-03-04,0.0,0.2668814833286413,0.30480756180689994
1181005470396547073,2023-03-04,1.0,0.6204462513081671,0.5028951394485924
1181032111222063105,2023-03-04,0.0,0.30976920450211026,0.6762122811884632
1181005421226917889,2023-03-04,1.0,0.6687875590533101,0.5641293309520857
1180983451355611137,2023-03-04,0.0,0.4767312946227962,0.35818361097870954
1180986266153975809,2023-03-04,0.0,0.193387834951937,0.27826379715457283
1181028739131342849,2023-03-04,1.0,0.9399446114131886,0.9385467166591541
1181023887835791361,2023-03-04,1.0,,0.8765915581346677
1180990337402765313,2023-03-04,0.0,0.33121244094668983,0.36251991877080486
1181007592836825089,2023-03-04,0.0,0.8689649215381798,0.6859886158324062
1181028470147317761,2023-03-04,0.0,0.18960318378938418,0.36251991877080486
1181025143161323521,2023-03-04,0.0,,0.38103831496348034
1181032928952516609,2023-03-11,1.0,0.4249084249084249,0.49096110216559447
1180981030532153345,2023-03-11,1.0,,0.4865828639837184
1181025109218983937,2023-03-11,0.0,0.6772072360500364,0.5899397510229192
1181028289565229057,2023-03-11,0.0,0.35527639523844656,0.3161156296805687
1181000617555951617,2023-03-11,0.0,0.7087285011239354,0.6120140438382464
1181006826542628865,2023-03-11,1.0,0.7406762723942364,0.6548070194409279
1180986411986124801,2023-03-11,1.0,0.8952775044054102,0.9023548243077625
1180990516115013633,2023-03-11,1.0,0.6902307954978898,0.46592273210757285
1181021219095314433,2023-03-11,1.0,0.6051191516560648,0.6264767085810046
1181007623165247489,2023-03-11,1.0,0.5656672662874129,0.458526208210053
1181031206188023809,2023-03-11,1.0,0.4883754295762975,0.6678620987704282
1181000308862681089,2023-03-11,0.0,0.6720861260660664,0.6524275617227278
1180984199136378881,2023-03-11,0.0,0.4441936639397582,0.6012732713855214
1181000407654072321,2023-03-18,1.0,0.663088213431023,0.5132495201057256
1181000376197382145,2023-03-18,1.0,0.5116245704237026,0.685595083914246
1180984007359758337,2023-03-18,0.0,,0.7307109811977609
1180992785272832001,2023-03-18,1.0,0.6204462513081671,0.5714565909365246
1181024427188879361,2023-03-18,1.0,0.3870625776247501,0.26606107945521407
1181007001218416641,2023-03-18,1.0,0.7916733621487558,0.6862517822165815
1181004042947198977,2023-03-18,1.0,0.30976920450211026,0.5646673055701402
1181003544887361537,2023-03-18,1.0,0.8877130780541513,0.6894157746357532
1181009287497711617,2023-03-18,0.0,,0.695861325471454
1180999576599920641,2023-03-18,1.0,0.7087285011239354,0.6894157746357532
1180985338051461121,2023-03-18,1.0,0.770072050273818,0.670288114163527
1181028035134750721,2023-03-18,1.0,0.6204462513081671,0.5594480174086891
1181001156200038401,2023-03-18,1.0,0.30976920450211026,0.49584323441728795
1180982473760047105,2023-03-18,1.0,0.8308125491550605,0.9804356970071747
1180981921951318017,2023-03-25,1.0,0.4883754295762975,0.4818266692839824
1181000490927489025,2023-03-25,0.0,0.5927435440219149,0.5604893673756824
1181021380092067841,2023-03-25,1.0,,0.6523134249245616
1181033705414098945,2023-03-25,0.0,0.3948808483439353,0.3870700940987954
1181006186362699777,2023-03-25,1.0,0.5116245704237026,0.5192216250546299
1181013481014427649,2023-03-25,1.0,0.6945403789964897,0.5754399230136575
1180985285911740417,2023-03-25,0.0,0.2912714988760647,0.3342129740713586
1181021543572340737,2023-03-25,1.0,0.651067977421977,0.5477256425847717
1181023678731419649,2023-03-25,1.0,0.2765850694084629,0.28490570948989413
1180981245926801409,2023-03-25,0.0,0.5841082060266009,0.597621609841731
1180982546969395201,2023-04-08,0.0,0.7179827727195698,0.6562625203444391
1181005688892358657,2023-04-08,0.0,,0.5368704919449114
1181004288119701505,2023-04-08,1.0,0.3723360031328143,0.5602776011239495
1181026110303961089,2023-04-08,0.0,0.34369732135434083,0.4865828639837184
1180991183630729217,2023-04-08,1.0,0.8014697285592802,0.616187198097898
1180996922825637889,2023-04-08,0.0,0.45474536196761894,0.40187691827630645
1180991772573564929,2023-04-08,0.0,0.2758119961543137,0.3478018712331781
1180979990959226881,2023-04-08,0.0,0.4343327337125871,0.3772154801076989
1181031464396652545,2023-04-08,0.0,,0.30480756180689994
1180984948464779265,2023-04-08,1.0,0.7545771739111907,0.7463702213197788
1181013020868116481,2023-04-08,1.0,0.6902307954978898,0.5285890954372798
1181032869585289217,2023-04-08,0.0,0.6902307954978898,0.6537035692412057
1180989289827237889,2023-04-15,0.0,0.5927076655221787,0.6048007192114254
1181005729312735233,2023-04-15,0.0,0.2869936547187632,0.17663629051709448
1181017274534330369,2023-04-15,0.0,0.6051191516560648,0.5602776011239495
1180988803289481217,2023-04-15,0.0,0.4545230465597889,0.6859886158324062
1180988416219152385,2023-04-15,0.0,0.36516079049301287,0.532612304201165
1181032719913844737,2023-04-15,1.0,0.5504534033665529,0.447688980456943
1181001223051051009,2023-04-15,1.0,0.43938082153758484,0.6859886158324062
1180996684425756673,2023-04-15,1.0,0.6720861260660664,0.9519987316531979
1181028746970628097,2023-04-15,1.0,0.3519350904623031,0.15849600585200907
1181008662321922049,2023-04-15,1.0,0.3279138739339335,0.298504040514179
1180981455642853377,2023-04-15,1.0,0.6204462513081671,0.6016920999894826
1180981306066305025,2023-04-15,1.0,0.6381392000434002,0.6794302229803846
1181035600262725633,2023-04-15,0.0,0.4653559831127666,0.4427164298403111
1180985461137571841,2023-04-15,1.0,0.3795537486918329,0.09761077651670079
1181006058371809281,2023-04-22,0.0,0.5927435440219149,0.6794302229803846
1180997243632123905,2023-04-22,1.0,0.4158917939733991,0.5558130671879032
1181035130048086017,2023-04-22,1.0,0.4653559831127666,0.5738086412179676
1181000326768623617,2023-04-22,0.0,0.4883754295762975,0.570273986466573
1181006618635403265,2023-04-22,0.0,0.6447236047615535,0.6562625203444391
1181023535965077505,2023-04-22,1.0,,0.786500738224488
1181017066912776193,2023-04-22,0.0,0.15842666810352118,0.27125993848896746
1180988034214428673,2023-04-22,1.0,0.3948808483439353,0.37909323652957977
1181034037312159745,2023-04-22,1.0,0.5,0.5730149451022255
1181034438900514817,2023-04-22,0.0,0.5927435440219149,0.6859886158324062
1180981097290203137,2023-04-29,0.0,0.7367248363565956,0.6859886158324062
1180990265938640897,2023-04-29,1.0,0.682454719887815,0.6120717032385131
1181000556518998017,2023-04-29,1.0,0.4441936639397582,0.5640647362387184
1181025774694039553,2023-04-29,0.0,0.6276639968671857,0.536278712129326
1181032041340895233,2023-04-29,0.0,0.6256821781959648,0.6794302229803846
1180995609653116929,2023-04-29,1.0,0.6204462513081671,0.4865828639837184
1181034516881604609,2023-04-29,1.0,0.4767312946227962,0.4219407665775201
1180988716854214657,2023-04-29,1.0,0.7727591676489133,0.6171927895927618
1181002018518761473,2023-04-29,0.0,0.5841082060266009,0.6247489170580213
1180990703735930881,2023-04-29,1.0,0.5346440168872334,0.6894157746357532
1180996177432346625,2023-04-29,0.0,0.3948808483439353,0.5800907927137603
1180981401728286721,2023-05-06,0.0,0.36186079995659987,0.5340612738437603
1180999315779092481,2023-05-06,0.0,0.663088213431023,0.5304396349118308
1181002586458292225,2023-05-06,1.0,0.900989104370537,0.8747595919187143
1181017462887219201,2023-05-06,0.0,0.5454769534402111,0.6524275617227278
1180982814338809857,2023-05-06,0.0,0.6381392000434002,0.6777704141753095
1181013561352749057,2023-05-06,0.0,0.3870625776247501,0.5609415386655228
1181031569932484609,2023-05-06,0.0,0.3948808483439353,0.6476659201980254
1181007404351455233,2023-05-06,0.0,0.3870625776247501,0.46793963610034833
1180991178564632577,2023-05-06,1.0,0.4495465966334472,0.5754399230136575
1180986540460769281,2023-05-06,1.0,0.7551538768578416,0.6550577936676779
1180993415514783745,2023-05-06,1.0,0.4883754295762975,0.695861325471454
1180994594597765121,2023-05-06,1.0,0.6204462513081671,0.6859886158324062
1181034472681570305,2023-05-13,0.0,0.6010761308018384,0.6264767085810046
1181031704728797185,2023-05-13,1.0,0.8006534645837016,0.6794302229803846
1181034171560722433,2023-05-13,1.0,0.7850892475470524,0.9804356970071747
1180994656351223809,2023-05-13,0.0,0.48360506011098364,0.5102231763207868
1180981805611188225,2023-05-13,0.0,0.18268356370354297,0.5293399076211904
1181025955081388033,2023-05-13,0.0,0.3279138739339335,0.49029208657704954
1180988386503065601,2023-05-13,0.0,,0.6524275617227278
1180986354524291073,2023-05-13,1.0,0.4495465966334472,0.695861325471454
1180989704579514369,2023-05-13,1.0,0.32530108838727817,0.4604626528432738
1181023883897602049,2023-05-13,0.0,0.2664597443750067,0.5099662858403845
1181034612061437953,2023-05-13,0.0,0.4883754295762975,0.05921663092735866
1180990636011945985,2023-05-20,0.0,0.3369117865689771,0.31656974163222296
1180988773057789953,2023-05-20,0.0,,0.6894157746357532
1180995678115233793,2023-05-20,0.0,0.5,0.5521972012759251
1180998443623284737,2023-05-20,1.0,0.5454769534402111,0.6375156681860231
1181007051965628417,2023-05-20,0.0,0.4653559831127666,0.4219407665775201
1181022632898035713,2023-05-20,1.0,0.8903632977043853,0.9127206475182567
1181011180806471681,2023-05-20,0.0,0.36186079995659987,0.5099662858403845
1181000132345626625,2023-05-20,0.0,0.42322632517846037,0.2978949634840205
1181003811807592449,2023-05-20,1.0,0.4653559831127666,0.6859886158324062
1180998546771378177,2023-05-20,1.0,0.6152819874391855,0.723708414855274
1181003212668928001,2023-05-20,1.0,,0.6120140438382464
1181021748028178433,2023-05-20,0.0,0.3795537486918329,0.5147328010757242
1181035774132387841,2023-05-27,1.0,,0.6981108830701804
1180994301447733249,2023-05-27,0.0,,0.634123089928778
1181019606497820673,2023-05-27,0.0,,0.5785580436754197
1181034264482021377,2023-05-27,1.0,,0.6524275617227278
1181020550991577089,2023-05-27,0.0,,0.6716746193201295
1181020518726795265,2023-05-27,1.0,,0.6335883335690343
1181019508159381505,2023-05-27,1.0,,0.6794302229803846
1181018359241375745,2023-05-27,1.0,,0.6524275617227278
1180994796053037057,2023-05-27,1.0,,0.6527574369324319
1181020677627478017,2023-05-27,0.0,,0.6247489170580213
1181018270902714369,2023-05-28,1.0,,0.5754399230136575
1181020542472749057,2023-05-28,0.0,,0.6794302229803846
1181009206224617473,2023-05-28,0.0,,0.5492883622794567
1181012819644481537,2023-05-28,0.0,,0.6794302229803846
1181029038829305857,2023-05-28,1.0,,0.49503148724813156
1181006283444518913,2023-05-28,0.0,,0.6247489170580213
1181014031469150209,2023-05-28,0.0,,0.6247489170580213
1180997276768796673,2023-05-28,0.0,,0.6494099073931969
1181027943438450689,2023-06-03,1.0,0.6720861260660664,0.4865828639837184
1180991551179030529,2023-06-03,1.0,0.6167978658245588,0.6894157746357532
1180983609933168641,2023-06-03,0.0,0.43938082153758484,0.41178893239500897
1181029207022731265,2023-06-03,0.0,,0.627128831482419
1181008086830022657,2023-06-03,1.0,0.4495465966334472,0.5300068012896384
1180981917757177857,2023-06-03,1.0,0.6278360486144264,0.41758759055114214
1180980553712402433,2023-06-03,0.0,0.4883754295762975,0.3794480596245749
1180991408993370113,2023-06-03,1.0,0.6902307954978898,0.6481994000212612
1181027824353869825,2023-06-03,0.0,0.8103968162106158,0.761382419630334
1181004777628467201,2023-06-03,1.0,0.5504534033665529,0.6794302229803846
1180993081228099585,2023-06-03,1.0,0.5674211438948035,0.5533166848770381
1180987943263109121,2023-06-03,1.0,0.41602987562965443,0.43738638907466226
1181017843469418497,2023-06-10,0.0,0.7234149305915372,0.7828827736182362
1180980786295832577,2023-06-10,1.0,0.7545771739111907,0.941523956789953
1180982595168960513,2023-06-10,1.0,0.5558063360602419,0.5365751389383574
1181000658755911681,2023-06-10,0.0,0.7194364437173973,0.6762122811884632
1180983315785646081,2023-06-10,1.0,,0.6523431318094126
1181015669757280257,2023-06-10,1.0,0.7087285011239354,0.6437871109282383
1180987582456791041,2023-06-10,1.0,0.30022977365308795,0.4604626528432738
1181004908940853249,2023-06-10,1.0,0.6571854546309961,0.7390128576568935
1180997410887139329,2023-06-10,1.0,0.4158917939733991,0.5293399076211904
1180986660450271233,2023-06-10,1.0,0.5116245704237026,0.6794302229803846
1180990937743163393,2023-06-17,0.0,0.36172643494996665,0.597621609841731
1180997099984977921,2023-06-17,1.0,0.36862128241256603,0.4683562011701738
1180981843259359233,2023-06-17,1.0,0.6449253066076658,0.6794302229803846
1181027669847441409,2023-06-17,1.0,0.6313787175874339,0.7022878440064224
1181034412088229889,2023-06-17,1.0,0.9148035954867614,0.99
1180995786398957569,2023-06-17,0.0,0.2758119961543137,0.458526208210053
1180988108066488321,2023-06-17,1.0,0.6945403789964897,0.7501849743287115
1180988428995461121,2023-06-17,1.0,0.4745789978762495,0.5744002839002674
1180992255726714881,2023-06-17,0.0,0.5365736290398376,0.7007869688616365
1181019675575386113,2023-06-17,1.0,0.4269512034677213,0.5237070885568902
1181000403041681409,2023-06-17,1.0,0.41593358022141336,0.47091768263725037
1181035591293763585,2023-06-24,0.0,0.6571854546309961,0.4604626528432738
1181032107157192705,2023-06-24,1.0,0.5713433145708577,0.6938974268385956
1181001865263972353,2023-06-24,0.0,0.23673362765657716,0.22496656697927286
1181032469384986625,2023-06-24,1.0,0.5496670891216099,0.5169300565585269
1180990260681277441,2023-06-24,0.0,0.6204462513081671,0.536278712129326
1180985281879932929,2023-06-24,0.0,0.6498825486218526,0.5696606525393358
1181029857526185985,2023-06-24,1.0,0.32378396894809053,0.458526208210053
1180989932105465857,2023-06-24,1.0,0.6800504431773876,0.6789281577112302
1181001828353867777,2023-06-24,0.0,0.6498825486218526,0.4908195862429755
1180981533107486721,2023-06-24,1.0,0.6447811314046812,0.947148509674681
1181024188791259137,2023-06-24,1.0,0.6167786519054786,0.7193715469122506
1181024791807623169,2023-06-24,0.0,,0.6859886158324062
1180989578041196545,2023-07-01,1.0,0.9290223423012551,0.9539114786632441
1181007984360390657,2023-07-01,0.0,0.30492329561569387,0.4865828639837184
1181002853182865409,2023-07-01,0.0,0.3489320225780231,0.4604626528432738
1181033041841586177,2023-07-01,0.0,0.3795537486918329,0.33890517945229726
1180997870841233409,2023-07-01,0.0,0.5116245704237026,0.41178893239500897
1181024271744106497,2023-07-01,1.0,0.5841082060266009,0.6692938351540002
1180988493619265537,2023-07-01,0.0,0.7402329877197095,0.681745729785442
1181003295358713857,2023-07-01,0.0,0.6720861260660664,0.6794302229803846
1181016347620278273,2023-07-01,1.0,0.5346440168872334,0.695861325471454
1180992780763037697,2023-07-01,0.0,0.6746989116127219,0.6022441833175871
1180997038360756225,2023-07-01,1.0,,0.39448566328625306
1180989370585710593,2023-07-01,0.0,,0.5169300565585269
1181021920996130817,2023-07-08,1.0,0.3175452801121849,0.30480756180689994
1181000084339195905,2023-07-08,0.0,0.776489929749007,0.47091768263725037
1181032814220902401,2023-07-08,1.0,0.772356757132565,0.7393730827845371
1181020646750060545,2023-07-08,0.0,0.41602987562965443,0.3119271148039108
1180980198543687681,2023-07-08,0.0,0.4249084249084249,0.3643293100233845
1181006474220535809,2023-07-08,0.0,0.7790686398973848,0.5754399230136575
1181028735356862465,2023-07-08,1.0,0.9598948149794616,0.6882784848839821
1181014095611101185,2023-07-08,0.0,0.7241880038456864,0.6859886158324062
1181027502682505217,2023-07-08,0.0,0.6382735650500334,0.6524275617227278
1181031201832435713,2023-07-08,1.0,0.682454719887815,0.6859886158324062
1180996505522995201,2023-07-08,0.0,0.5656672662874129,0.6048007192114254
1181026992622108673,2023-07-08,1.0,0.8425029091554511,0.9547503713901488
1180993741541474305,2023-07-08,1.0,0.8981072830837885,0.9480682917126649
1180993839236218881,2023-07-15,1.0,0.5558063360602419,0.6562625203444391
1181024575606980609,2023-07-15,0.0,0.20960480385076344,0.4865828639837184
1181000160384286721,2023-07-15,1.0,0.6507049087144039,0.6878100008231455
1181000486669516801,2023-07-15,0.0,0.4249084249084249,0.458526208210053
1180995820334153729,2023-07-15,0.0,0.33301433981021183,0.5237070885568902
1180984578203516929,2023-07-15,0.0,0.483835923961418,0.597621609841731
1181001311552569345,2023-07-15,1.0,0.7375076712197791,0.6229895411657257
1181025878906273793,2023-07-15,1.0,0.5804323411314833,0.22141726486324195
1180984866160050177,2023-07-15,0.0,0.3956935408578655,0.5293399076211904
1180998214355976193,2023-07-15,1.0,0.6355502587396712,0.6680429175968576
1180998351186264065,2023-07-15,1.0,0.84019599019452,0.99
1181002521929580545,2023-07-15,0.0,0.33301433981021183,0.3000538165114766
1180985110172762113,2023-07-22,0.0,0.42492830210799004,0.5840353021281022
1181020371603718145,2023-07-22,1.0,0.5795987083454195,0.50526807610114
1180996251542421505,2023-07-22,1.0,0.32530108838727817,0.31370112450639354
1181030477314883585,2023-07-22,1.0,0.4158917939733991,0.4229003002674907
1180985660172795905,2023-07-22,1.0,0.5094322005547439,0.6453795076889434
1181003562923360257,2023-07-22,1.0,0.6693620972138367,0.7891256152345126
1180985328694263809,2023-07-22,1.0,0.7619982567640871,0.6864115479788576
1180984002906750977,2023-07-22,1.0,,0.3799997589945916
1180984130028699649,2023-07-22,1.0,0.8151025564048323,0.5936050681200364
1181030498318155777,2023-07-22,0.0,0.5346440168872334,0.4585642847792147
1181010578052874241,2023-07-22,0.0,0.3721639513855736,0.3493298519887119
1181025571075981313,2023-07-22,0.0,0.6554789624449348,0.6078473002421066
1181007497045770241,2023-07-22,0.0,0.43938082153758484,0.3000538165114766
1180996650355687425,2023-07-22,1.0,0.5656672662874129,0.5182376368262973
1180982036520828929,2023-07-22,0.0,0.3519350904623031,0.5004242870854599
1181003013309333505,2023-07-29,0.0,,0.3217643546282648
1181005140208156673,2023-07-29,0.0,0.5804323411314833,0.5625485128683194
1181033631013339137,2023-07-29,1.0,0.6010761308018384,0.3710877225020896
1180991703916544001,2023-07-29,1.0,0.7157433800774533,0.99
1181004232915517441,2023-07-29,1.0,0.7026211673274168,0.6401495349923586
1181026069231370241,2023-07-29,0.0,0.6571854546309961,0.549526702412878
1181021003894489089,2023-07-29,1.0,0.6691607123648111,0.605883024071381
1180988463743139841,2023-07-29,1.0,0.7599138172158051,0.6210922825853238
1181022768019341313,2023-07-29,1.0,0.3279138739339335,0.33729327488473926
1180994010363232257,2023-07-29,0.0,0.4269512034677213,0.5376223325399092
1180987788589400065,2023-07-29,0.0,0.5116245704237026,0.523199375532629
1181009443493445633,2023-08-05,0.0,0.5232687053772038,0.5314786788544517
1181000551907196929,2023-08-05,1.0,0.3519350904623031,0.4584473910967034
1181023412974780417,2023-08-05,1.0,0.6167978658245588,0.5234060434886084
1181017255784054785,2023-08-05,1.0,0.39892386919816153,0.46590751596608854
1180981635835232257,2023-08-05,0.0,,0.4834344950829755
1180991456323469313,2023-08-05,1.0,0.6313787175874339,0.6290977395689566
1180982810337673217,2023-08-05,0.0,0.2170271213291583,0.3000538165114766
1181004283408646145,2023-08-05,1.0,0.7603341623263559,0.6864115479788576
1180988798869209089,2023-08-05,1.0,0.5927076655221787,0.6089253754735657
1180985608228569089,2023-08-05,1.0,0.6693620972138367,0.6401495349923586
1181016943566258177,2023-08-05,1.0,0.6167978658245588,0.47344895935071885
1180984943463661569,2023-08-05,0.0,0.6772072360500364,0.6829657410896522
1180981877526298625,2023-08-08,1.0,,0.1356336679090839
1181023841534607361,2023-08-08,0.0,,0.5491114846083771
1180988688492888065,2023-08-08,0.0,,0.536130421265706
1180995655596933121,2023-08-08,1.0,,0.7405501868195075
1181007424872579073,2023-08-08,1.0,,0.6864115479788576
1180999724562808833,2023-08-12,1.0,0.4767312946227962,0.3493298519887119
1180982542483881985,2023-08-12,1.0,0.6893212104939358,0.5104441834037052
1180987939197386753,2023-08-12,1.0,0.7134556901528161,0.6089253754735657
1181026718099636225,2023-08-12,0.0,0.4296762208194537,0.3716274976891686
1180997522651840513,2023-08-12,1.0,,0.5234060434886084
1180999404150358017,2023-08-12,1.0,0.4269512034677213,0.3675575192565762
1180990699473862657,2023-08-12,0.0,0.3538783343896149,0.29230016846231055
1180989319671906305,2023-08-12,1.0,0.7134556901528161,0.8264964541421743
1180997814057959425,2023-08-12,1.0,0.31994955682261245,0.3894148322942289
1181004718228668417,2023-08-12,1.0,0.7623292159860717,0.9577717126741832
1181000268692717569,2023-08-12,0.0,0.6197661655567925,0.7260786934485604
1180991413606252545,2023-08-12,0.0,0.22351007025099312,0.43604645329067465
1181023531511742465,2023-08-12,0.0,0.3538783343896149,0.4834344950829755
1180984114250055681,2023-08-15,1.0,,0.6089253754735657
1180982469018779649,2023-08-15,1.0,,0.5376223325399092
1180980477626286081,2023-08-15,0.0,,0.5376223325399092
1181008073504849921,2023-08-15,0.0,,0.6202905354593713
1181027695330394113,2023-08-15,1.0,,0.5956434684017091
1181013615490727937,2023-08-19,1.0,0.3832021341754413,0.3148918802120679
1181006125222887425,2023-08-19,1.0,0.5994308049030529,0.6322098125092737
1181027875748937729,2023-08-19,1.0,0.6306206271618208,0.6202905354593713
1181035256845533185,2023-08-19,0.0,0.2962424293683342,0.5939424552935365
1181029307072774145,2023-08-19,0.0,0.7026211673274168,0.6401495349923586
1181022513424629761,2023-08-19,1.0,,0.6202905354593713
1181027596215353345,2023-08-19,1.0,0.5713856579848399,0.543180313749338
1180986407662682113,2023-08-19,0.0,0.3279138739339335,0.33729327488473926
1181026106175062017,2023-08-19,1.0,0.6800504431773876,0.6078473002421066
1181022355235602433,2023-08-19,0.0,0.2507315894908768,0.29230016846231055
1181023868862693377,2023-08-19,0.0,0.17733001942230647,0.3736282204155391
1181032764985180161,2023-08-19,1.0,0.7648974984653719,0.99
1181030225333714945,2023-08-22,1.0,,0.523199375532629
1180989590333423617,2023-08-22,0.0,,0.6401495349923586
1180983894049423361,2023-08-22,0.0,,0.5825768727309908
1181020820813611009,2023-08-22,0.0,,0.29230016846231055
1181034608381591553,2023-08-26,1.0,0.4653559831127666,0.34432579649570183
1180991546534133761,2023-08-26,1.0,0.6976486398539522,0.3807237202153409
1180983808970588161,2023-08-26,0.0,0.39892386919816153,0.6074955650984072
1180981026123251713,2023-08-26,0.0,0.16791594340877222,0.5577610677040359
1181013244972367873,2023-08-26,1.0,0.8708191603076472,0.9867588408369662
1180990511209807873,2023-08-26,1.0,0.6746989116127219,0.6752453750722556
1181005759803392001,2023-08-26,1.0,0.8877130780541513,0.9572756185212865
1180994260765605889,2023-08-26,1.0,0.5927076655221787,0.5104441834037052
1181006411500191745,2023-08-26,1.0,0.4441936639397582,0.6054516817448664
1181028853603139585,2023-08-26,0.0,0.4883754295762975,0.3823597666427125
1180987974138494977,2023-08-26,1.0,0.5884725823194902,0.6753153421510735
1181031565898874881,2023-08-26,1.0,0.5703237791805462,0.5701049545655624
1180986536627372033,2023-08-26,1.0,,0.05769100738185585
1181022402663940097,2023-08-27,0.0,,0.7729635098612254
1181009201804607489,2023-08-27,1.0,,0.6864115479788576
1181020538375766017,2023-08-27,1.0,,0.5952509097400449
1180997272992645121,2023-08-27,0.0,,0.4482681777022165
1181020546732228609,2023-08-27,1.0,,0.7045264675901229
1181019503480471553,2023-08-27,1.0,,0.5598466567253078
1180994791666024449,2023-08-27,1.0,,0.6089253754735657
1181019553939980289,2023-08-27,1.0,,0.4482681777022165
1180994297028739073,2023-08-27,1.0,,0.6519003421663467
1181031798747725825,2023-08-29,0.0,,0.42128181781071034
1180996632030281729,2023-08-29,1.0,,0.5104441834037052
1181029502589730817,2023-08-29,1.0,,0.5104441834037052
1180994909654974465,2023-08-29,1.0,,0.6089253754735657
1180986898008866817,2023-08-29,0.0,,0.6202905354593713
1180993350083674113,2023-09-02,0.0,,0.49099882914741755
1181005465849167873,2023-09-02,1.0,,0.5376223325399092
1181021603649617921,2023-09-02,1.0,0.6197661655567925,0.8360825230123586
1181027195110850561,2023-09-02,1.0,0.6059243538477189,0.6051267369341851
1181008560948576257,2023-09-02,1.0,0.6306206271618208,0.5900868994732014
1180993887341084673,2023-09-02,1.0,0.7573263090863692,0.536130421265706
1181023375257272321,2023-09-02,1.0,0.6059243538477189,0.5234060434886084
1180995501988282369,2023-09-02,1.0,0.4545230465597889,0.29230016846231055
1181006016590315521,2023-09-02,1.0,0.6554789624449348,0.7260786934485604
1181003838846795777,2023-09-02,1.0,0.6461216656103851,0.49099882914741755
1180986262345940993,2023-09-02,1.0,0.7837079327399806,0.6202905354593713
1180990746515308545,2023-09-05,0.0,0.5,0.5004242870854599
1181034463452987393,2023-09-05,1.0,0.35221719429518655,0.4928722896798079
1181023425429340161,2023-09-05,0.0,0.8577788426684998,0.581844719952343
1181034281775661057,2023-09-05,0.0,0.35221719429518655,0.4509402609113412
1180985431003889665,2023-09-05,0.0,0.24639919681934375,0.5039752331163051
1181021559349411841,2023-09-09,1.0,0.6543165880625142,0.6864115479788576
1180996389082628097,2023-09-09,1.0,0.5927076655221787,0.6051267369341851
1180998785070759937,2023-09-09,0.0,,0.5246960052921086
1181030684320038913,2023-09-09,1.0,0.4883754295762975,0.536130421265706
1181035527087128577,2023-09-09,0.0,0.3023513601460478,0.29230016846231055
1181026896993091585,2023-09-09,0.0,0.5795987083454195,0.6401495349923586
1181019412301742081,2023-09-09,1.0,0.7238501140103533,0.6202905354593713
1180999980255674369,2023-09-09,1.0,0.8006534645837016,0.6401495349923586
1180979986086232065,2023-09-09,0.0,0.8681759275285545,0.50526807610114
1181009160927903745,2023-09-09,1.0,0.8173164362964571,0.7048873722052033
1181024448514719745,2023-09-09,1.0,0.7134556901528161,0.5172574767767594
1181018087260585985,2023-09-09,0.0,,0.5389810054040499
1180996817967775745,2023-09-12,1.0,0.7157433800774533,0.6089253754735657
1181025354489430017,2023-09-12,1.0,0.5703237791805462,0.7405501868195075
1180999244056920065,2023-09-12,1.0,0.5795987083454195,0.3292950762893003
1181022844774514689,2023-09-12,1.0,0.6167978658245588,0.6089253754735657
1180981944116674561,2023-09-12,1.0,0.7829728786708416,0.549526702412878
1181006351456960513,2023-09-16,1.0,0.811642089307877,0.8264964541421743
1181020816490987521,2023-09-16,1.0,0.8633677286950617,0.7661184837042609
1181026988912115713,2023-09-16,1.0,0.8775219726548874,0.7405501868195075
1180995632203759617,2023-09-16,1.0,0.5254210021237505,0.6453795076889434
1181004713907716097,2023-09-16,1.0,0.7463199967531164,0.6396730837453457
1180992039847755777,2023-09-16,0.0,0.18268356370354297,0.4961988456677478
1181006054273384449,2023-09-16,1.0,0.7179827727195698,0.6752453750722556
1180998346507878401,2023-09-16,0.0,0.4324525476895152,0.5104441834037052
1181028634115440641,2023-09-16,0.0,0.7026211673274168,0.708804707947516
1181034100644282369,2023-09-19,1.0,,0.6089253754735657
1180981583857188865,2023-09-19,0.0,0.746970677289555,0.6089253754735657
1181021211478917121,2023-09-19,0.0,0.306822775961602,0.46590751596608854
1181019288989270017,2023-09-23,0.0,0.4324525476895152,0.50526807610114
1181015665176215553,2023-09-23,1.0,0.6543165880625142,0.6252997366886798
1181004039236157441,2023-09-23,0.0,0.5960979764027162,0.35642481787475744
1181032322810511361,2023-09-23,0.0,0.6868555921271607,0.7405501868195075
1180995042968764417,2023-09-23,1.0,0.5675474523104849,0.6202905354593713
1181003310717173761,2023-09-23,1.0,0.39407564615228113,0.5596499748156182
1181032829803560961,2023-09-23,1.0,,0.6752453750722556
1180986350716583937,2023-09-23,1.0,0.6306206271618208,0.6089253754735657
1181006423405101057,2023-09-23,1.0,,0.5472448645362039
1181030171937374209,2023-09-26,0.0,0.306822775961602,0.47344895935071885
1180985685693497345,2023-09-26,1.0,0.4549300855103481,0.49099882914741755
1181019340939689985,2023-09-26,0.0,0.6116735810301241,0.42502569066144874
1181024016119169025,2023-09-26,1.0,0.7496241358266332,0.6202905354593713
1180986933307604993,2023-10-03,0.0,,0.6074955650984072
1181024242413764609,2023-10-03,1.0,,0.4928722896798079
1180997305418022913,2023-10-03,0.0,,0.5104441834037052
1181015255682416641,2023-10-03,1.0,,0.5104441834037052
1180999311875932161,2023-10-07,1.0,0.77728579172915,0.4928722896798079
1180981301421768705,2023-10-07,0.0,0.5186074465526692,0.5376223325399092
1180997866937778177,2023-10-07,0.0,,0.9538163707426047
1180981021372186625,2023-10-07,0.0,0.5768805772236971,0.5039752331163051
1181031971584704513,2023-10-07,1.0,0.7677249566893656,0.5956434684017091
1180990629170839553,2023-10-07,0.0,0.37580765586228393,0.47344895935071885
1181024656525787137,2023-10-07,1.0,0.31314440787283926,0.30730664400439184
1180983311652978689,2023-10-07,1.0,,0.3113858932861752
1180998439074168833,2023-10-07,1.0,0.23966583767364416,0.2523995674802866
1180986655999819777,2023-10-07,1.0,0.5768805772236971,0.4928722896798079
1181002897319788545,2023-10-10,1.0,0.3721639513855736,0.29230016846231055
1180987775522439169,2023-10-10,0.0,0.5232687053772038,0.36917071574332444
1181023081333161985,2023-10-10,0.0,0.28620380445167926,0.5840353021281022
1181032982606053377,2023-10-10,1.0,0.3045544725589981,0.47344895935071885
1181016026272202753,2023-10-10,1.0,0.3948808483439353,0.5472448645362039
1181003777090682881,2023-10-10,0.0,0.32530108838727817,0.5104441834037052
1180985456459317249,2023-10-14,0.0,0.6256821781959648,0.642509194707119
1181030982535380993,2023-10-14,0.0,0.34369732135434083,0.4459111775408397
1180983446936190977,2023-10-14,0.0,0.5884725823194902,0.5936050681200364
1180980514084519937,2023-10-14,1.0,,0.7645809937000245
1181025105218535425,2023-10-14,1.0,0.5,0.6089253754735657
1181000127926370305,2023-10-14,0.0,0.2162920672600194,0.30730664400439184
1181024846495645697,2023-10-14,1.0,0.84305636588931,0.6864115479788576
1180981092769136641,2023-10-14,0.0,,0.50526807610114
1180990050545401857,2023-10-14,1.0,0.37580765586228393,0.5246960052921086
1181032865003765761,2023-10-14,1.0,0.5768805772236971,0.36917071574332444
1181023209066463233,2023-10-14,1.0,0.7623292159860717,0.5577610677040359
1181000156189032449,2023-10-21,1.0,0.8294523276919263,0.8631764678598542
1181024300295389185,2023-10-21,1.0,0.7371579934141145,0.6202905354593713
1181028161156808705,2023-10-21,0.0,0.7371579934141145,0.6988024323709033
1181024515596222465,2023-10-21,1.0,0.6976486398539522,0.6051267369341851
1180989315155755009,2023-10-21,1.0,0.27833341278014395,0.01358004034919474
1180981397407956993,2023-10-21,1.0,0.8550362656469062,0.6939867614130133
1181005187314221057,2023-10-21,1.0,0.6928681687131446,0.6401495349923586
1181030710196862977,2023-10-21,0.0,0.3893427803517498,0.47344895935071885
1180994145646608385,2023-10-21,0.0,0.24267369091363084,0.5058490002749786
1180984560265822209,2023-10-21,0.0,0.3023513601460478,0.3005934237900468
1181001538592145409,2023-10-21,0.0,0.21155178383062093,0.29230016846231055
1180990933419589633,2023-11-04,1.0,0.6928681687131446,0.7260786934485604
1181025485899104257,2023-11-04,1.0,0.6543165880625142,0.570295583434602
1180981800704901121,2023-11-04,1.0,0.8202283392025519,0.898854731241846
1181027691395547137,2023-11-04,1.0,0.8517326621209326,0.9843187966419943
1181006469960859649,2023-11-04,1.0,0.4231194227763029,0.1356336679090839
1180989366360965121,2023-11-04,1.0,,0.5104441834037052
1180988459742199809,2023-11-04,0.0,0.8497799822371904,0.605883024071381
1180988712336359425,2023-11-04,1.0,0.7277281372162905,0.6677806396972408
1180998727029227521,2023-11-04,0.0,0.3644497412603289,0.5472448645362039
1180993076647329793,2023-11-11,1.0,0.5454769534402111,0.513398539014014
1180982806079930369,2023-11-11,1.0,0.34369732135434083,0.4834344950829755
1181031017251405825,2023-11-11,0.0,0.46999062796820423,0.5234060434886084
1180991452451635201,2023-11-11,0.0,0.2962424293683342,0.4778137564336093
1181006346875437057,2023-11-11,0.0,0.37580765586228393,0.3708736360141577
1181004742071844865,2023-11-11,0.0,0.32530108838727817,0.35798052725155555
1180984126285971457,2023-11-11,0.0,0.483835923961418,0.6642302539224475
1181032270413692929,2023-11-11,1.0,0.8517326621209326,0.7405501868195075
1180995782170247169,2023-11-11,1.0,0.6507049087144039,0.49099882914741755
1181006955500863489,2023-11-11,1.0,0.6543165880625142,0.8194464690908758
1180988684238192641,2023-11-11,1.0,0.6928681687131446,0.49099882914741755
1181023409005297665,2023-11-11,1.0,0.48139255344733073,0.47500744095353437
1181014203403468801,2023-11-18,1.0,0.6543165880625142,0.37380599644396634
1181000398878801921,2023-11-18,1.0,0.811642089307877,0.9819367255677613
1181026064843014145,2023-11-18,0.0,0.4545230465597889,0.6074955650984072
1180983002309033985,2023-11-18,0.0,0.3456834119374858,0.4928722896798079
1181031118236450817,2023-11-18,0.0,0.37580765586228393,0.4407920608560574
1180981528622891009,2023-11-18,1.0,0.7955303307352459,0.9484935708583118
1180981241860685825,2023-11-18,1.0,0.17457370343676767,0.5104441834037052
1181025379300343809,2023-11-18,1.0,0.7406762723942364,0.6089253754735657
1181002307890249729,2023-11-18,0.0,0.4115274176805098,0.15511896998695462
1181031460202610689,2023-11-18,0.0,0.3071318312868554,0.46590751596608854
1180989574137282561,2023-11-18,0.0,0.5547604990735023,0.536130421265706
1181023837051060225,2023-11-18,1.0,0.77728579172915,0.49139984189210667
1180980230904479745,2023-11-18,1.0,0.8633677286950617,0.7795752198551105
1181007698662457345,2023-12-02,1.0,,0.4834344950829755
1180986929111498753,2023-12-02,1.0,0.7903951961492366,0.6051267369341851
1181003412283457537,2023-12-02,0.0,0.5454769534402111,0.523199375532629
1181008247859445761,2023-12-02,0.0,0.2507315894908768,0.42598811486005284
1180984512000196609,2023-12-02,1.0,0.4324525476895152,0.536646349253169
1181020754640207873,2023-12-02,1.0,0.5547604990735023,0.3493298519887119
1181034747149025281,2023-12-02,0.0,0.7573263090863692,0.5256284270336284
1180989088565231617,2023-12-02,1.0,0.5232687053772038,0.5326326454151149
1181009283240329217,2023-12-02,1.0,0.36047461757604465,0.47344895935071885
1180990244322541569,2023-12-02,0.0,0.6746989116127219,0.605883024071381
1181006822605881345,2023-12-02,0.0,0.6395253824239554,0.6401495349923586
1180997406856871937,2023-12-02,0.0,0.2672724561481907,0.3715028954542367
1181033115436613633,2023-12-09,0.0,,0.523199375532629
1181019310865088513,2023-12-09,0.0,,0.420460409028194
1181009157153259521,2023-12-09,1.0,0.6278360486144264,0.5493394076492598
1181008657287446529,2023-12-09,1.0,0.77728579172915,0.5840353021281022
1180995816204959745,2023-12-09,1.0,,0.5203164532474345
1181027912757510145,2023-12-09,0.0,0.6278360486144264,0.5797646043412992
1181030426984251393,2023-12-09,1.0,0.8613017004563784,0.9538163707426047
1180981119451529217,2023-12-09,0.0,0.599453804651268,0.6063982635646546
1181001534688362497,2023-12-09,1.0,,0.5376223325399092
1181011269370544129,2023-12-09,1.0,0.8501705889030283,0.9777145438306123
1181001250767175681,2023-12-09,1.0,0.5795987083454195,0.6864115479788576
1180997034069590017,2023-12-16,0.0,,0.7062145340249084
1181030291893682177,2023-12-16,1.0,0.6395253824239554,0.6089253754735657
1181001861102469121,2023-12-16,1.0,0.33301433981021183,0.055659397355854436
1181005526729097217,2023-12-16,1.0,0.6395253824239554,0.6401495349923586
1181003008694550529,2023-12-16,0.0,0.26249232878022083,0.29230016846231055
1181017236168540161,2023-12-16,1.0,0.286544309847184,0.5037681277056117
1180981839099002881,2023-12-16,1.0,0.6051191516560648,0.6256183514297843
1180996100257251329,2023-12-16,1.0,0.599453804651268,0.5840353021281022
1181000547550167041,2023-12-16,1.0,0.6395253824239554,0.5146904723350229
1180990694215680001,2023-12-16,0.0,0.5232687053772038,0.6610770770382293
1180980780779470849,2023-12-16,1.0,0.6241923441377161,0.3366460455778532
1181032130838953985,2023-12-16,1.0,0.8608650622193843,0.9481990806445674
1180986403694346241,2024-01-13,0.0,0.6241923441377161,0.5784415415361596
1181034459709931521,2024-01-13,0.0,0.11091151067271089,0.32594521350605316
1180990985201057793,2024-01-13,1.0,0.7189687800131715,0.971805075080684
1180988412122234881,2024-01-13,1.0,0.6976486398539522,0.6256183514297843
1180987166025285633,2024-01-13,1.0,0.5768805772236971,0.6401495349923586
1181027661807779841,2024-01-13,1.0,0.23966583767364416,0.2890774437656226
1181003291585871873,2024-01-13,0.0,0.4324525476895152,0.448708580194012
1180983041152778241,2024-01-13,1.0,0.8254262965632324,0.714147630477545
1181030489285558273,2024-01-13,0.0,0.5116245704237026,0.4286158202850155
1180983605612216321,2024-01-13,0.0,0.12918083969235286,0.2702129869201468
1180986258119622657,2024-01-13,1.0,0.7189687800131715,0.5840353021281022
1181024184405196801,2024-01-20,1.0,0.22271420827084984,0.3488044858201391
1181032712267137025,2024-01-20,1.0,0.7371579934141145,0.5797646043412992
1180983804903587841,2024-01-20,0.0,0.6617269761016471,0.523199375532629
1180981451704795137,2024-01-20,0.0,0.36937937283817923,0.4509402609113412
1181021461008515073,2024-01-20,0.0,0.5767736748215396,0.49099882914741755
1180991699303956481,2024-01-20,1.0,0.7897803117663805,0.92151805745189
1181034278194282497,2024-01-20,0.0,0.6241923441377161,0.5921567609830888
1180990810592018433,2024-01-20,1.0,0.39407564615228113,0.580492835755234
1180986025109782529,2024-01-20,1.0,0.6306206271618208,0.47344895935071885
1181004115410780161,2024-01-20,0.0,0.6617269761016471,0.5172574767767594
1181000078820311041,2024-01-20,0.0,0.5207897644077398,0.4584473910967034
1181019284310851585,2024-01-20,0.0,0.6543165880625142,0.5650221071021938
1181018896660398081,2024-02-03,0.0,0.6800504431773876,0.4886068751350675
1180999572343848961,2024-02-03,0.0,0.3832021341754413,0.4864047727559466
1180983442614288385,2024-02-03,0.0,0.23510250153462806,0.29944575699124154
1181032102220398593,2024-02-03,0.0,0.6563026786456592,0.6873838455090604
1180986652031057921,2024-02-03,1.0,0.709161075269608,0.46590751596608854
1181018349496500225,2024-02-03,1.0,,0.6401495349923586
1181009197416906753,2024-02-03,1.0,,0.4039900564891834
1181019499544117249,2024-02-03,0.0,,0.5234060434886084
1181007048223490049,2024-02-03,1.0,0.6800504431773876,0.5536812747984237
1180987578196393985,2024-02-03,1.0,0.599453804651268,0.5509445992654631
1180989925750177793,2024-02-03,1.0,0.7134556901528161,0.6401495349923586
1181031193121882113,2024-02-03,0.0,0.599453804651268,0.6401495349923586
1180999307489116161,2024-02-03,1.0,0.6306206271618208,0.6401495349923586
1180992776366260225,2024-02-03,1.0,0.4231194227763029,0.6864115479788576
1181026045034397697,2024-02-03,0.0,0.4452395009264977,0.4834344950829755
1181003558923960321,2024-02-10,1.0,0.6167978658245588,0.5701049545655624
1181007979873796097,2024-02-10,1.0,0.40729233447782137,0.4229003002674907
1180989285633654785,2024-02-10,1.0,0.7241880038456864,0.6234770480422831
1181008557107478529,2024-02-10,0.0,0.5257348358925771,0.6256183514297843
1181010864007217153,2024-02-10,1.0,0.2962424293683342,0.33729327488473926
1181006181652987905,2024-02-10,0.0,0.30545962100351026,0.523199375532629
1181004228366761985,2024-02-10,1.0,0.5494709909275274,0.5234060434886084
1181032760759648257,2024-02-10,0.0,0.3023513601460478,0.5116160460567974
1181031227612037121,2024-02-10,1.0,0.5254210021237505,0.43595354661730074
1180990486786768897,2024-02-10,0.0,0.6106592935177629,0.5261003834898199
1180996627544866817,2024-02-10,1.0,0.6241923441377161,0.6401495349923586
1180982464920551425,2024-02-10,0.0,0.33202969735263393,0.3000538165114766
1180994589919346689,2024-02-10,0.0,0.6901032228124359,0.49099882914741755
1181032878231224321,2024-02-17,1.0,0.6543165880625142,0.570565867524651
1181035459720183809,2024-02-17,0.0,0.5254210021237505,0.5234060434886084
1180995717931630593,2024-02-17,1.0,0.6945403789964897,0.5840353021281022
1181032451509878785,2024-02-17,1.0,0.5346440168872334,0.5389810054040499
1181023864119525377,2024-02-17,0.0,0.3098967771875642,0.29230016846231055
1180998542285832193,2024-02-17,1.0,0.5674211438948035,0.45779343042514853
1181001610313564161,2024-02-17,1.0,0.7406762723942364,0.7238417006200834
1181028254334615553,2024-02-17,1.0,0.913793677102612,0.9819367255677613
1181011173096030209,2024-02-17,1.0,0.6928681687131446,0.5376223325399092
1180985681628561409,2024-02-17,0.0,0.3376144706216928,0.3529558205761263
1180993411385655297,2024-02-17,1.0,0.6868555921271607,0.628225109976275
1181022350686224385,2024-02-17,0.0,0.36937937283817923,0.3000538165114766
1180981912981635073,2024-02-24,0.0,0.2672724561481907,0.6401495349923586
1180985603904897025,2024-02-24,0.0,0.4005461953487321,0.5605832436966283
1181031757061357569,2024-02-24,1.0,0.7189687800131715,0.6089253754735657
1181015178442997761,2024-02-24,1.0,0.8391696007829623,0.5234060434886084
1181029873529880577,2024-02-24,0.0,0.5675474523104849,0.4896713764793992
1180980194061451265,2024-02-24,1.0,0.4653559831127666,0.5307662295962121
1181028157642342401,2024-02-24,0.0,0.1705476723080736,0.3217643546282648
1181031922092081153,2024-02-24,0.0,0.3538783343896149,0.4834344950829755
1181027497649504257,2024-02-24,0.0,0.7327275438518094,0.6074955650984072
1180988424897101825,2024-02-24,1.0,,0.5921567609830888
1180993734540066817,2024-02-24,1.0,,0.5345606864498866
1181000371874332673,2024-02-24,1.0,0.6167978658245588,0.6401495349923586
1181030679964450817,2024-03-02,1.0,0.7375076712197791,0.6252997366886798
1181029767897841665,2024-03-02,1.0,0.5347595635862579,0.8067121770861975
1181027199691980801,2024-03-02,0.0,0.23767078401392822,0.2950590976930767
1180981648741040129,2024-03-02,1.0,0.913793677102612,0.963221153440544
1181000395297357825,2024-03-02,1.0,0.7474307819994453,0.7526987260042661
1180986220145672193,2024-03-02,1.0,0.11937542537856373,0.2922090984055012
1181005975872339969,2024-03-02,1.0,0.36862128241256603,0.3552432501598899
1181001979961901057,2024-03-02,0.0,0.19498648925730014,0.31034591816261003
1180996813965066241,2024-03-02,1.0,0.889609851632284,0.9819367255677613
1180980472754438145,2024-03-02,0.0,0.6167786519054786,0.6306209982642865
1180982591297617921,2024-03-02,1.0,0.8209153932756955,0.6752453750722556
1181034708173389825,2024-03-09,1.0,0.5346440168872334,0.536646349253169
1180999720077656065,2024-03-09,1.0,0.7897803117663805,0.6519003421663467
1181013009027203073,2024-03-09,0.0,0.5547604990735023,0.6089253754735657
1181029537145421825,2024-03-09,1.0,0.5840265958252423,0.5956434684017091
1181031507500433409,2024-03-09,1.0,0.34369732135434083,0.33202444860590286
1180996958540201985,2024-03-09,0.0,0.5278865694608769,0.536646349253169
1180981796251729921,2024-03-09,1.0,0.4883754295762975,0.6089253754735657
1181027591698350081,2024-03-09,1.0,0.3098967771875642,0.47344895935071885
1181027871943884801,2024-03-09,0.0,0.31916264037448233,0.29230016846231055
1180981632223182849,2024-03-09,0.0,,0.2337903238658263
1180985277717544961,2024-03-09,0.0,,0.3521584581544315
1180991174014173185,2024-03-09,0.0,0.39407564615228113,0.346439591184483
1180998609490903041,2024-03-09,1.0,0.7593449946269104,0.6074955650984072
1181029297877352449,2024-03-09,1.0,0.7071317325363287,0.7260786934485604
1181027191304454145,2024-03-16,1.0,0.7746865682018881,0.6395989349301756
1181029228639715329,2024-03-16,1.0,0.1366322713049383,0.05990659111857677
1180996646096535553,2024-03-16,0.0,0.6395253824239554,0.523199375532629
1180993833687973889,2024-03-16,0.0,0.5768805772236971,0.6139546565030459
1180982538549428225,2024-03-16,1.0,0.3832021341754413,0.5356404505488186
1181000264498413569,2024-03-16,1.0,0.36172643494996665,0.5680337896945479
1181035522765127681,2024-03-16,0.0,0.5186074465526692,0.4959112626052909
1180993952387563521,2024-03-16,0.0,0.31994955682261245,0.5293066267350709
1180985324629229569,2024-03-16,1.0,0.6800504431773876,0.6007734672571794
1180997795861102593,2024-03-16,0.0,0.18891920987681532,0.5555301580041785
1181003541147189249,2024-03-16,1.0,0.6106572196482503,0.7448719801620558
1180982997854912513,2024-03-16,0.0,0.599453804651268,0.686010817598613
1181028316377284609,2024-03-23,0.0,0.3538783343896149,0.39029657135351703
1181035114658922497,2024-03-23,1.0,0.6355502587396712,0.5369223697762677
1181033314765471745,2024-03-23,1.0,0.599453804651268,0.4527007299804379
1181006120512290817,2024-03-23,1.0,0.5674211438948035,0.7696725476464337
1181030184397045761,2024-03-23,1.0,0.6075092933497505,0.6314564375702189
1181030472862400513,2024-03-23,0.0,0.4231194227763029,0.40548700245456665
1181013607684308993,2024-03-23,0.0,0.4231194227763029,0.41396192123496806
1180999400117731329,2024-03-23,1.0,0.6461216656103851,0.6446485011476419
1181002061236142081,2024-03-23,1.0,0.4005461953487321,0.40548700245456665
1181002014324031489,2024-03-23,0.0,0.6075092933497505,0.7448719801620558
1181032316614770689,2024-03-23,0.0,,0.5915056216059568
1181032010817142785,2024-03-23,0.0,0.490701281421697,0.4779148246107608
1181034434576121857,2024-03-30,1.0,0.3023513601460478,0.6140806341968722
1180984109863370753,2024-03-30,1.0,0.5346440168872334,0.6086413984093793
1180983493202018305,2024-03-30,1.0,0.7897803117663805,0.7172769258414762
1181023495860322305,2024-03-30,0.0,0.21021968823361953,0.40548700245456665
1180990624907034625,2024-03-30,0.0,0.5046487343377706,0.5150798039558777
1180991448065638401,2024-03-30,1.0,0.5186074465526692,0.5145335123007498
1181000305022238721,2024-03-30,1.0,0.6746989116127219,0.5150798039558777
1181001824417054721,2024-03-30,1.0,0.36937937283817923,0.40962768719514375
1180981297357193217,2024-03-30,0.0,0.6928681687131446,0.6355027563144656
1181025821283713025,2024-03-30,1.0,0.5768805772236971,0.5680337896945479
1181024632036982785,2024-03-30,0.0,0.315539402067602,0.4037713846699443
1180987969429471233,2024-03-30,0.0,0.6395253824239554,0.7448719801620558
1181006342359678977,2024-03-30,1.0,0.33202969735263393,0.39029657135351703
1180993882792689665,2024-04-06,0.0,0.5232687053772038,0.506449624749365
1181002870992666625,2024-04-06,0.0,,0.46308472345569773
1180992035653091329,2024-04-06,0.0,0.37580765586228393,0.5609442630234698
1180995498083287041,2024-04-06,0.0,0.7603341623263559,0.6658787547707772
1181025719038345217,2024-04-06,0.0,0.2672724561481907,0.39029657135351703
1180998137308971009,2024-04-06,1.0,0.5346440168872334,0.6673780757022706
1180981873213603841,2024-04-06,0.0,0.5884725823194902,0.7247471660529939
1181011069207805953,2024-04-06,0.0,0.6543165880625142,0.5244412137472637
1180984935849132033,2024-04-06,1.0,0.7492684105091233,0.8454112634958695
1180981523557089281,2024-04-06,1.0,0.6679703026473661,0.9378075866265476
1180983574056501249,2024-04-06,0.0,0.39407564615228113,0.4527007299804379
1180990505240657921,2024-04-06,0.0,0.6976486398539522,0.668279711014518
1181019866158235649,2024-04-13,0.0,0.3893427803517498,0.3630073246641458
1181035792556326913,2024-04-13,1.0,,0.8670911314157949
1181009464012603393,2024-04-13,0.0,0.19384057688942782,0.428875072248273
1181027156717305857,2024-04-13,0.0,0.6800504431773876,0.5539911762934678
1181003407766487041,2024-04-13,1.0,0.7371579934141145,0.5454423674154044
1181029564698755073,2024-04-13,0.0,0.32530108838727817,0.4045520190316501
1180990239457148929,2024-04-13,1.0,0.9327928218421015,0.863512137268341
1181023405715718145,2024-04-13,0.0,0.4269512034677213,0.5749359288493036
1181012352748814337,2024-04-13,1.0,0.5346440168872334,0.4481657988677663
1180982801851088897,2024-04-13,1.0,0.5674211438948035,0.593994601437198
1181031880214347777,2024-04-13,1.0,0.5046487343377706,0.4474331094531761
1181007694339571713,2024-04-13,1.0,,0.6586844616065064
1181005135466594305,2024-04-13,0.0,0.5768805772236971,0.3999584747923244
1180997030038077441,2024-04-27,0.0,,0.5150798039558777
1181028743389904897,2024-04-27,0.0,0.6241923441377161,0.5293066267350709
1181029852879749121,2024-04-27,0.0,0.5927076655221787,0.6636937207558964
1181023252105658369,2024-04-27,0.0,0.7942650771854712,0.8274096154381617
1180987161412501505,2024-04-27,0.0,,0.5803913091283095
1181022918337003521,2024-04-27,1.0,0.8202283392025519,0.5555301580041785
1181003372115066881,2024-04-27,1.0,0.37580765586228393,0.6636937207558964
1181008553236299777,2024-04-27,0.0,0.6306206271618208,0.7449792872078782
1181024706985099265,2024-04-27,0.0,0.22531343179811186,0.4181814321397864
1181010552276385793,2024-04-27,0.0,0.21021968823361953,0.4527007299804379
1181025951210700801,2024-04-27,0.0,0.2628420065858855,0.44847052633478385
1181023832663916545,2024-04-27,1.0,0.49535126566222937,0.4181814321397864
1180999239928283137,2024-04-27,0.0,0.2507315894908768,0.3630073246641458
1180988707981099009,2024-05-04,0.0,0.1502200177628096,0.3630073246641458
1181020750349533185,2024-05-04,0.0,0.3538783343896149,0.4045520190316501
1181027820224380929,2024-05-04,1.0,0.6679703026473661,0.5612612948740227
1180988489618882561,2024-05-04,1.0,0.8333014002649712,0.686010817598613
1180985426647515137,2024-05-04,1.0,0.6868555921271607,0.5048982878711739
1181021122141126657,2024-05-04,0.0,0.21021968823361953,0.428875072248273
1180980873537945601,2024-05-04,1.0,0.436465907046601,0.3630073246641458
1181031197608312833,2024-05-04,1.0,0.15921981794166024,0.3630073246641458
1180989570137260033,2024-05-04,0.0,0.36937937283817923,0.6586844616065064
1181030978342813697,2024-05-04,1.0,0.8613017004563784,0.715446931338502
1180988672814841857,2024-05-04,1.0,0.5314719369951013,0.538639392511463
1180989362260869121,2024-05-04,0.0,,0.47236796676974335
1181001975123214337,2024-05-04,1.0,0.6306206271618208,0.48653809527918607
1180995605037645825,2024-05-11,1.0,0.3045544725589981,0.5739627625585385
1181003208665661441,2024-05-11,1.0,,0.3630073246641458
1181008721783619585,2024-05-11,1.0,0.4545230465597889,0.5221902762696066
1181006407273316353,2024-05-11,0.0,0.39892386919816153,0.7254263398193027
1180988764314599425,2024-05-11,1.0,0.4324525476895152,0.6288957792826559
1180991542113402881,2024-05-11,0.0,0.32530108838727817,0.4527007299804379
1181022764663046145,2024-05-11,1.0,0.599453804651268,0.4045520190316501
1181030907263221761,2024-05-11,1.0,,0.715446931338502
1181026324534657025,2024-05-11,0.0,0.2810312199868285,0.44701249199317716
1180990618358120449,2024-05-11,1.0,0.5547604990735023,0.5422961024016167
1180981017175851009,2024-05-11,0.0,0.4452395009264977,0.5624782007169729
1181025875130318849,2024-05-11,0.0,0.4115274176805098,0.5441640100963587
1181035787779047425,2024-05-18,1.0,,0.5749359288493036
1181034063090450433,2024-05-18,1.0,,0.711686158916391
1181002987078352897,2024-05-18,1.0,,0.7172769258414762
1180982181902024705,2024-05-18,1.0,0.7134556901528161,0.6961979598104451
1181023594845863937,2024-05-18,1.0,,0.5074028603947212
1180989153479983105,2024-05-18,1.0,0.5768805772236971,0.6737903811947388
1180980509277388801,2024-05-18,1.0,,0.4085987573755666
1181033627043725313,2024-05-18,1.0,0.7955303307352459,0.5915056216059568
1180982768168501249,2024-05-18,1.0,,0.5680337896945479
1181005924736466945,2024-05-18,0.0,0.24267369091363084,0.4618032893590123
1180985451394957313,2024-05-18,0.0,0.4231194227763029,0.3630073246641458
1180984971244437505,2024-05-18,1.0,,0.7550440513643976
1181019994190774273,2024-05-18,1.0,,0.5749359288493036
1180998434749775873,2024-05-18,1.0,0.22271420827084984,0.3630073246641458
1181025155232006145,2024-05-18,0.0,0.19901737042498635,0.3630073246641458
1180999694107377665,2024-05-18,0.0,,0.4379966467668876
1181009439880314881,2024-05-18,1.0,0.5454769534402111,0.5680337896945479
1181009192577105921,2024-05-18,1.0,,0.8785839975791988
1181035093138800641,2024-05-18,1.0,0.8173164362964571,0.8758461923978317
1181012097765441537,2024-05-18,0.0,0.4231194227763029,0.6987047574337232
1181020357375131649,2024-05-19,1.0,,0.6236621090093485
1180994322719014913,2024-05-19,0.0,,0.6987047574337232
1181018261545156609,2024-05-19,1.0,,0.622334997147752
1180981653807136769,2024-05-19,0.0,,0.6970828012299612
1181021370863288321,2024-05-19,1.0,,0.6355027563144656
1181020555540627457,2024-05-19,0.0,,0.5150798039558777
1181029033768550401,2024-05-19,1.0,,0.5603263485503103
1181033397132558337,2024-05-19,1.0,,0.4337949385763878
1181030145868529665,2024-05-19,1.0,,0.506449624749365
1180981868941312001,2024-06-01,0.0,0.5186074465526692,0.3919925768926067
1180981789411246081,2024-06-01,1.0,0.7492684105091233,0.5009432956655154
1181005262423457793,2024-06-01,0.0,0.2170271213291583,0.428875072248273
1181025374782914561,2024-06-01,0.0,0.4005461953487321,0.3630073246641458
1181024511271895041,2024-06-01,1.0,0.8497799822371904,0.9722173969983396
1181001218469527553,2024-06-01,1.0,0.6449253066076658,0.5363224484543473
1181027545173229569,2024-06-01,1.0,0.2962424293683342,0.4045520190316501
1180989917651009537,2024-06-01,1.0,,0.6958293544395348
1180995712798916609,2024-06-01,1.0,0.7037575706316658,0.7082124204612557
1181023072041926657,2024-06-01,0.0,0.2810312199868285,0.3761211932205745
1180997862259359745,2024-06-01,1.0,0.8254262965632324,0.6957446196517445
1181012995605790721,2024-06-01,1.0,0.7335402556249933,0.6939765321176994
1180997995519016961,2024-06-08,0.0,0.5884725823194902,0.6586844616065064
1180984792404525057,2024-06-08,0.0,0.6543165880625142,0.5849186985888922
1181021599162368001,2024-06-08,0.0,0.2810312199868285,0.39029657135351703
1181020695760437249,2024-06-08,0.0,0.4452395009264977,0.4527007299804379
1181006465864663041,2024-06-08,0.0,0.6395253824239554,0.7791259349768651
1180991404508053505,2024-06-08,1.0,0.854591074416724,0.6355027563144656
1181033046003253249,2024-06-08,1.0,0.6800504431773876,0.6337353352147457
1180999962445086721,2024-06-08,0.0,0.7884482161693791,0.506449624749365
1181031795006013441,2024-06-08,0.0,0.31994955682261245,0.5150798039558777
1181024922862354433,2024-06-08,0.0,0.5547604990735023,0.5051610937416112
1181017215841533953,2024-06-08,1.0,0.31314440787283926,0.4427924379177545
1181003287615176705,2024-06-08,1.0,0.7037575706316658,0.6402201876365777
1180992250788904961,2024-06-08,0.0,0.4653559831127666,0.3761211932205745
1180993072162078721,2024-06-08,0.0,0.4545230465597889,0.5051610937416112
1181018465582579713,2024-06-15,0.0,0.4231194227763029,0.3630073246641458
1180981834388373505,2024-06-15,0.0,0.6461216656103851,0.6749717568250695
1181033856020578305,2024-06-15,0.0,0.7648974984653719,0.8785839975791988
1180983800418467841,2024-06-15,1.0,0.3538783343896149,0.5150798039558777
1181004110957019137,2024-06-15,0.0,0.1666985997350287,0.5051610937416112
1181031086909456385,2024-06-15,0.0,0.3456834119374858,0.3630073246641458
1181004904297857025,2024-06-15,0.0,0.5346440168872334,0.4379966467668876
1180995811720953857,2024-06-15,1.0,0.6395253824239554,0.5717372627371302
1181020811779735553,2024-06-15,1.0,0.6306206271618208,0.684284230979054
1180981627511930881,2024-06-15,1.0,,0.8601664722217377
1181003125909553153,2024-06-15,0.0,0.39407564615228113,0.538639392511463
1180997095468400641,2024-06-22,1.0,0.7677249566893656,0.9686910564730292
1181005124818173953,2024-06-22,1.0,0.7603341623263559,0.6049459039912437
1181024295811448833,2024-06-22,1.0,0.8157649222726425,0.5981905015792494
1181006951245316097,2024-06-22,1.0,0.6800504431773876,0.5150798039558777
1181005832943927297,2024-06-22,1.0,0.6543165880625142,0.7500074101863302
1181022398016487425,2024-06-22,0.0,,0.6636937207558964
1180981394146754561,2024-06-22,1.0,0.5884725823194902,0.5539911762934678
1181005182862360577,2024-06-22,0.0,0.4115274176805098,0.40447609666990203
1181030586979844097,2024-06-22,0.0,0.6679703026473661,0.4779148246107608
1181023098271956993,2024-06-22,0.0,0.4905677994452562,0.6289362728232756
1181029369729187841,2024-06-22,0.0,0.5346440168872334,0.5680337896945479
1181006012427763713,2024-06-29,1.0,0.9327928218421015,0.8762828320436228
1181029760896434177,2024-06-29,0.0,0.6976486398539522,0.5221902762696066
1180999567599796225,2024-06-29,0.0,0.4324525476895152,0.5293066267350709
1181023859830456321,2024-06-29,1.0,0.5884725823194902,0.6636937207558964
1181032707814457345,2024-06-29,0.0,,0.3630073246641458
1181003554276474881,2024-06-29,0.0,0.33202969735263393,0.5144532134319086
1180983601544855553,2024-06-29,0.0,0.286544309847184,0.3630073246641458
1181011260530032641,2024-06-29,1.0,0.8110807901231847,0.9845510273825492
1181031013605048321,2024-06-29,1.0,0.5768805772236971,0.5612612948740227
1181015660625657857,2024-06-29,0.0,,0.5870213796122645
1181019279567716353,2024-06-29,0.0,0.5186074465526692,0.5392386379827051
1180990805171437569,2024-06-29,0.0,0.4883754295762975,0.5356404505488186
1180986021271339009,2024-06-29,1.0,0.7406762723942364,0.7172769258414762
1180987934906056705,2024-07-13,1.0,0.5675474523104849,0.7389815546234583
1181004709098192897,2024-07-13,0.0,0.5,0.5051610937416112
1181001307293220865,2024-07-13,1.0,0.7897803117663805,0.5680337896945479
1181018892175343617,2024-07-13,0.0,0.6868555921271607,0.5803913091283095
1180999302842253313,2024-07-13,0.0,0.4883754295762975,0.39029657135351703
1180980084652900353,2024-07-13,1.0,0.77728579172915,0.6987047574337232
1181017830854754305,2024-07-13,1.0,0.5346440168872334,0.6582926806581132
1180988455483965441,2024-07-13,1.0,0.7603341623263559,0.8547318579900338
1180995627140579329,2024-07-13,1.0,0.6800504431773876,0.6658787547707772
1181002010483228673,2024-07-13,1.0,0.31994955682261245,0.3761211932205745
1181031543829299201,2024-07-13,0.0,0.6395253824239554,0.5051610937416112
1181017447785889793,2024-07-20,0.0,0.4545230465597889,0.44847052633478385
1180994255342993409,2024-07-20,1.0,,0.768726233401181
1181000543322865665,2024-07-20,0.0,0.48139255344733073,0.5051610937416112
1181013600295944193,2024-07-20,1.0,0.4452395009264977,0.3630073246641458
1180985422065369089,2024-07-20,1.0,0.6746989116127219,0.7698410246818258
1181006116511842305,2024-07-20,0.0,0.3456834119374858,0.428875072248273
1181029425705680897,2024-07-20,0.0,0.5116245704237026,0.4766287827079221
1180992771849814017,2024-07-20,1.0,0.5,0.7448719801620558
1181031188668678145,2024-07-20,0.0,0.5278865694608769,0.40961287979208433
1180982460628992001,2024-07-20,0.0,0.6395253824239554,0.6355027563144656
1180981292742934529,2024-07-20,1.0,0.3832021341754413,0.4427924379177545
1180989280697090049,2024-07-27,0.0,0.7603341623263559,0.5304569501552955
1181007690115219457,2024-07-27,0.0,,0.4427924379177545
1181031426001567745,2024-07-27,1.0,0.7897803117663805,0.8402278691699886
1180981446285721601,2024-07-27,1.0,0.6746989116127219,0.9056752010734219
1181000390619103233,2024-07-27,0.0,0.5504534033665529,0.6246367694223516
1181008718010449921,2024-07-27,1.0,0.32530108838727817,0.5686360163128811
1180984122606321665,2024-07-27,1.0,0.7837079327399806,0.5051610937416112
1181001605669093377,2024-07-27,1.0,0.4231194227763029,0.5244412137472637
1180990499949936641,2024-07-27,1.0,0.7746865682018881,0.713334337834691
1180996385212301313,2024-07-27,1.0,0.7955303307352459,0.9378075866265476
1180983556472307713,2024-07-27,1.0,0.6152819874391855,0.6289362728232756
1181001150973280257,2024-07-27,0.0,0.6976486398539522,0.7079179625950571
1180990928869523457,2024-07-27,1.0,0.5884725823194902,0.4181814321397864
1181019710840045569,2024-07-27,1.0,0.6167978658245588,0.7702373351984135
1181021341828022273,2024-08-03,1.0,0.6746989116127219,0.4766287827079221
1181000151608492033,2024-08-03,0.0,0.6106572196482503,0.6824295130683143
1181005970194169857,2024-08-03,1.0,0.7301361883935843,0.4766287827079221
1180986532298358785,2024-08-03,1.0,0.5454769534402111,0.3761211932205745
1181003143202144257,2024-08-03,0.0,0.2162920672600194,0.39029657135351703
1181000300635783169,2024-08-03,1.0,0.6772072360500364,0.8526244259468465
1180982032100655105,2024-08-03,1.0,,0.5680337896945479
1180998538381754369,2024-08-03,1.0,0.5232687053772038,0.3630073246641458
1181024291616686081,2024-08-03,1.0,0.7037575706316658,0.6614252696445753
1181003403379048449,2024-08-03,0.0,0.4324525476895152,0.5051610937416112
1181026321148772353,2024-08-03,1.0,0.6543165880625142,0.6275761022721728
1181029219701948417,2024-08-03,0.0,0.24267369091363084,0.3761211932205745
1180994006459875329,2024-08-03,0.0,0.15534976653938723,0.3630073246641458
1181008069601361921,2024-08-10,1.0,0.2962424293683342,0.6289362728232756
1181034838189244417,2024-08-10,0.0,,0.428875072248273
1181002057007988737,2024-08-10,1.0,0.7955303307352459,0.7899004558185638
1181016935210516481,2024-08-10,0.0,0.33063790278616345,0.48111739779315993
1180985677338017793,2024-08-10,1.0,0.7746865682018881,0.8025427962913902
1181008652320374785,2024-08-10,1.0,0.8398272926649772,0.8825184009758289
1181020367185543169,2024-08-10,1.0,0.6679703026473661,0.5968974434563259
1180993829396316161,2024-08-10,1.0,0.5768805772236971,0.6155334741420971
1180999234990014465,2024-08-10,1.0,0.33202969735263393,0.39029657135351703
1180981114581319681,2024-08-10,1.0,0.599453804651268,0.76537280610992
1180979776468254721,2024-08-13,1.0,0.7583174095710619,0.5051610937416112
1180998319600828417,2024-08-13,1.0,0.7323376906798563,0.5329731711068235
1180999208114257921,2024-08-13,0.0,,0.5749359288493036
1181023421200596993,2024-08-13,0.0,0.34863261003265106,0.5803913091283095
1181012725233942529,2024-08-13,1.0,0.6369126644358724,0.5680337896945479
1181022853163909121,2024-08-17,0.0,0.23767078401392822,0.4766287827079221
1181001970733940737,2024-08-17,1.0,0.389340706482237,0.4618032893590123
1180996641676066817,2024-08-17,0.0,0.5547604990735023,0.4527007299804379
1181005416612790273,2024-08-17,0.0,0.7623292159860717,0.9141619258218109
1180980190284382209,2024-08-17,0.0,0.6800504431773876,0.5244412137472637
1181006291219775489,2024-08-17,1.0,,0.4427924379177545
1180979981344210945,2024-08-17,1.0,0.4883754295762975,0.804485042708017
1181035126370205697,2024-08-17,0.0,0.5454769534402111,0.4330655750264957
1180991272645558273,2024-08-17,1.0,0.8633677286950617,0.7389815546234583
1181029347500785665,2024-08-17,1.0,0.4231194227763029,0.4037713846699443
1181033174607298561,2024-08-17,0.0,0.31916264037448233,0.4289522756133908
1181028967334477825,2024-08-17,1.0,0.913793677102612,0.8780600620234877
1180996796188524545,2024-08-20,1.0,0.8550362656469062,0.5749359288493036
1180989214814502913,2024-08-20,0.0,0.39420501003872516,0.4527007299804379
1181003772960702465,2024-08-20,0.0,0.1917541924342147,0.3761211932205745
1181015782550503425,2024-08-20,1.0,0.753516079198444,0.538639392511463
1181008643283714049,2024-08-20,1.0,,0.5995006632412527
1181025613730447361,2024-08-23,0.0,,0.76537280610992
1181009188222304257,2024-08-23,1.0,,0.4612885453342652
1181035801461096449,2024-08-23,0.0,,0.6276937000950416
1181018252479299585,2024-08-23,0.0,,0.5002013625234892
1181002982723026945,2024-08-23,1.0,,0.9778979902115237
1181027983897624577,2024-08-23,0.0,,0.3630073246641458
1180987628818202625,2024-08-23,1.0,,0.5977244164949378
1180999684974772225,2024-08-23,0.0,,0.6957446196517445
1181030283248304129,2024-08-23,1.0,,0.5374475149630268
1181019990441033729,2024-08-23,1.0,,0.5609442630234698
1181012084538015745,2024-08-24,0.0,0.4545230465597889,0.3761211932205745
1181023274497605633,2024-08-24,0.0,0.6106592935177629,0.5773303849528538
1180988760055087105,2024-08-24,1.0,0.6679703026473661,0.3630073246641458
1180991443680067585,2024-08-24,0.0,0.436465907046601,0.5002013625234892
1181022629608194049,2024-08-24,1.0,0.913793677102612,0.8472333895827202
1180997301159854081,2024-08-24,1.0,0.8497799822371904,0.5900976676577815
1181024180596899841,2024-08-24,0.0,0.11091151067271089,0.4045520190316501
1181026101849456641,2024-08-24,0.0,0.7603341623263559,0.5051610937416112
1180988702948950017,2024-08-24,0.0,0.30545962100351026,0.3630073246641458
1181029408638009345,2024-08-24,0.0,0.3456834119374858,0.4037713846699443
1180993345598652417,2024-08-24,1.0,0.6800504431773876,0.6987047574337232
1180982763136188417,2024-08-27,1.0,0.3519350904623031,0.6586844616065064
1180989173550415873,2024-08-27,1.0,0.6746989116127219,0.538639392511463
1181000123247886337,2024-08-27,1.0,,0.686010817598613
1181000228654350337,2024-08-27,0.0,0.24204384290696282,0.4766287827079221
1180984304735813633,2024-08-27,1.0,,0.44847052633478385
1181033609267937281,2024-09-03,0.0,0.3222704906761253,0.5150798039558777
1180996900272013313,2024-09-03,0.0,0.7700975078778856,0.6044824738337912
1180986283317002241,2024-09-03,1.0,0.8251050577780624,0.7943478190521909
1180994690711846913,2024-09-03,1.0,0.19798817634798266,0.5354383627451604
1180993355086987265,2024-09-03,1.0,0.28425661992254664,0.5051610937416112
1181004101698748417,2024-09-07,0.0,0.4495465966334472,0.4766287827079221
1180989083500347393,2024-09-07,0.0,0.36937937283817923,0.4045520190316501
1181005685239971841,2024-09-07,1.0,,0.5688167699786877
1180990736578314241,2024-09-07,1.0,0.7406762723942364,0.5680337896945479
1181000539613134849,2024-09-07,0.0,0.2758119961543137,0.4045520190316501
1181030188780879873,2024-09-07,0.0,,0.6287006420779561
1180983998454202369,2024-09-07,0.0,,0.5221902762696066
1181000260498063361,2024-09-07,1.0,0.9536381692864346,0.9509577516373391
1181033822142955521,2024-09-07,0.0,,0.7556958172119387
1180999976319483905,2024-09-07,0.0,0.4005461953487321,0.39029657135351703
1180982534513426433,2024-09-07,1.0,0.7406762723942364,0.8651737385484557
1180982796948766721,2024-09-07,0.0,0.2593237276057636,0.39029657135351703
1181028086593388545,2024-09-10,1.0,,0.5456355186125282
1181021796295737345,2024-09-10,1.0,0.7117768760152655,0.686010817598613
1180986893686177793,2024-09-10,0.0,0.1748949422219376,0.6138104420470658
1180991768058757121,2024-09-10,0.0,0.5112252633624466,0.4766287827079221
1181017876153630721,2024-09-14,0.0,0.8294523276919263,0.6063033620428032
1180993730249162753,2024-09-14,0.0,0.3071318312868554,0.3630073246641458
1180980776487616513,2024-09-14,0.0,0.5116245704237026,0.3630073246641458
1181029963094065153,2024-09-14,1.0,0.5943668989210898,0.7448719801620558
1181007584288473089,2024-09-14,0.0,0.5675474523104849,0.4618032893590123
1181000612845158401,2024-09-14,0.0,0.5454769534402111,0.686010817598613
1181023402132340737,2024-09-14,0.0,0.357942883140044,0.5150798039558777
1181032455608336385,2024-09-14,0.0,0.6868555921271607,0.5749359288493036
1180984932009574401,2024-09-14,0.0,0.5454769534402111,0.4618032893590123
1180983303102922753,2024-09-14,1.0,,0.8537481055938477
1181005958193053697,2024-09-17,1.0,0.3832724906809575,0.5293066267350709
1180987250525274113,2024-09-17,0.0,0.5250665359519021,0.686010817598613
1181034638613479425,2024-09-17,0.0,0.3787254834632072,0.40931666473562417
1181023430267797505,2024-09-17,1.0,0.852722893484042,0.6923403303991669
1181009529122226177,2024-09-17,1.0,0.6167275093190425,0.7163457405108968
1180995098559545345,2024-09-24,1.0,,0.5367365452509432
1181004817569087489,2024-09-24,1.0,,0.4766287827079221
1181035293981114369,2024-09-24,1.0,,0.6522677600372622
1181033993013329921,2024-09-24,0.0,,0.6157527581070186
1180994419469352961,2024-09-24,1.0,0.5856014836400432,0.538639392511463
1180986342618660865,2024-09-28,0.0,0.39407564615228113,0.5356404505488186
1180996954185859073,2024-09-28,1.0,0.4883754295762975,0.6522677600372622
1181004737167556609,2024-09-28,1.0,0.5454769534402111,0.7288453095837192
1180993878728998913,2024-09-28,1.0,0.8711711182041785,0.8472333895827202
1180993341404119041,2024-09-28,0.0,0.33909699543847416,0.4379966467668876
1181021594613776385,2024-09-28,1.0,0.7746865682018881,0.8782242162352883
1181020691305824257,2024-09-28,1.0,0.9106198825345518,0.7798108487743372
1180981908690370561,2024-09-28,1.0,0.43938082153758484,0.3630073246641458
1181019407913877505,2024-09-28,1.0,0.8446502334606127,0.6970828012299612
1180989565748641793,2024-09-28,1.0,0.2507315894908768,0.49815200702272766
1181027152749559809,2024-09-28,1.0,0.2722718627837095,0.5150798039558777
1181031113912844289,2024-09-28,1.0,,0.7108518038476799
1181000368195076097,2024-09-28,0.0,0.6348392095069872,0.538639392511463
1180981519009251329,2024-09-28,1.0,0.6543165880625142,0.5849186985888922
1181004633891799041,2024-10-01,1.0,,0.5749359288493036
1181033935518498817,2024-10-01,1.0,,0.5158210296252954
1181001957055168513,2024-10-01,1.0,0.7117768760152655,0.73808052311894
1180991754829922305,2024-10-01,1.0,,0.5749359288493036
1181029148560293889,2024-10-01,1.0,,0.5051610937416112
1181033415812022273,2024-10-05,1.0,0.695445527441002,0.7743026923765725
1181011052076990465,2024-10-05,0.0,0.4005691950969471,0.4618032893590123
1180990612648493057,2024-10-05,0.0,0.3229646615713856,0.3630073246641458
1181031008862732289,2024-10-05,1.0,,0.6636937207558964
1180981865069969409,2024-10-05,1.0,0.7829728786708416,0.4575591388857762
1181009459240042497,2024-10-05,0.0,0.09516792428716,0.3630073246641458
1180999563533942785,2024-10-05,1.0,0.41074167224986685,0.4045520190316501
1181023527190724609,2024-10-05,0.0,0.36937937283817923,0.40961287979208433
1181025715620675585,2024-10-05,1.0,0.3519350904623031,0.4527007299804379
1181002190193557505,2024-10-05,0.0,0.3832021341754413,0.5363224484543473
1180980868374953985,2024-10-05,0.0,0.4325788561051965,0.39029657135351703
1181030735716024321,2024-10-05,0.0,0.6106592935177629,0.6633047505732749
1181000042105733121,2024-10-08,1.0,,0.538639392511463
1180983130427129857,2024-10-08,0.0,,0.5150798039558777
1181025229336543233,2024-10-08,0.0,,0.7674412959299065
1180987955685261313,2024-10-08,1.0,0.6727765845070593,0.5189836930590193
1180991863558930433,2024-10-08,0.0,,0.4527007299804379
1180983569378836481,2024-10-12,0.0,0.3893427803517498,0.44847052633478385
1181033164927631361,2024-10-12,1.0,0.2593237276057636,0.4045520190316501
1181025829995511809,2024-10-12,1.0,0.5454769534402111,0.49895018489640847
1181030400237961217,2024-10-12,0.0,0.36862128241256603,0.3630073246641458
1181006817832108033,2024-10-12,1.0,0.6256821781959648,0.5454423674154044
1180992824505401345,2024-10-12,1.0,0.6447811314046812,0.59535654895842
1181030618505609217,2024-10-12,0.0,0.6313787175874339,0.6605397213900236
1181034158590918657,2024-10-12,1.0,0.7371579934141145,0.5983962617882961
1181007043931897857,2024-10-12,1.0,0.7884482161693791,0.6719120584809465
1181035311694282753,2024-10-12,0.0,0.25368000324688367,0.6276664510965476
1181027540981022721,2024-10-12,1.0,0.6617269761016471,0.4854769297799348
1180997857839742977,2024-10-12,1.0,0.7903951961492366,0.7009676006368353
1181020725766520833,2024-10-15,1.0,0.3832021341754413,0.44750160057225447
1181008540298379265,2024-10-15,1.0,0.493171984306209,0.6099134440212054
1180980075392860161,2024-10-15,0.0,0.42040129165458046,0.4636574584293993
1180998271559434241,2024-10-15,0.0,,0.6000060022058153
1181011285729738753,2024-10-15,1.0,0.5116245704237026,0.6328443506485543
1181019851993120769,2024-10-19,0.0,0.33202969735263393,0.3562358914642153
1180983552245006337,2024-10-19,1.0,0.5768805772236971,0.6111183746407041
1181011164255158273,2024-10-19,1.0,0.5547604990735023,0.47075781759255125
1180981623123836929,2024-10-19,0.0,,0.35147828463095593
1181001343169036289,2024-10-19,1.0,0.5278865694608769,0.5849984133181274
1181001214115184641,2024-10-19,1.0,0.7037575706316658,0.5979158018197225
1181008713620783105,2024-10-19,0.0,0.8308125491550605,0.9020717572051723
1181018887819788289,2024-10-19,1.0,0.6845533298179631,0.6544392596673855
1180998604780732417,2024-10-19,1.0,0.24267369091363084,0.4563983269895566
1181030849542586369,2024-10-19,0.0,0.36937937283817923,0.3562358914642153
1181004278636806145,2024-10-19,1.0,0.17977166079744816,0.3527442498999564
1181015656140734465,2024-10-26,1.0,0.7134556901528161,0.8343705690143096
1180983036798205953,2024-10-26,1.0,0.7837079327399806,0.7979750106176929
1181029862688620545,2024-10-26,1.0,0.2593237276057636,0.4436904733533384
1180984105957949441,2024-10-26,1.0,0.48139255344733073,0.9532110850924865
1181002844148793345,2024-10-26,1.0,0.6868555921271607,0.6906640772718069
1180999716173938689,2024-10-26,1.0,0.7371579934141145,0.6099134440212054
1181028426494509057,2024-10-26,1.0,0.6106572196482503,0.9732940312493676
1180994137837568001,2024-10-26,0.0,0.3023513601460478,0.36849438468864937
1181024287487066113,2024-10-26,1.0,0.6167978658245588,0.7317558128471137
1180986253634797569,2024-10-26,1.0,,0.7095555462870403
1180985844982874113,2024-10-26,1.0,0.8775219726548874,0.906796381019761
1181013231776628737,2024-10-26,1.0,0.7067666768616707,0.547997763460888
1181003283420872705,2024-10-26,1.0,0.5768805772236971,0.4504785042670567
1181014657452965889,2024-11-02,1.0,0.6746989116127219,0.39621098734304316
1181023828274348033,2024-11-02,0.0,0.5795987083454195,0.801235859869868
1181034247348813825,2024-11-02,0.0,0.24204384290696282,0.42893000523361735
1180982993402134529,2024-11-02,0.0,0.3538783343896149,0.371932785606887
1181027867425210369,2024-11-02,1.0,0.5795987083454195,0.6287786696906907
1180983796191625217,2024-11-02,1.0,0.5547604990735023,0.4291636572135407
1180997025713717249,2024-11-02,0.0,,0.3997443020614697
1180987964460040193,2024-11-02,1.0,0.5606191784624152,0.6013580822058314
1181010542174732289,2024-11-02,1.0,0.5504534033665529,0.45241766256533067
1181006175102664705,2024-11-02,1.0,0.7579561570930372,0.5749861413512555
1180980548770004993,2024-11-02,1.0,0.6167978658245588,0.5666156878370361
1181028375419617281,2024-11-02,1.0,0.5397916748194584,0.7071249230784071
1180986017207058433,2024-11-02,0.0,0.6461216656103851,0.4264798961638219
1181034020921212929,2024-11-09,1.0,,0.5679979823334048
1181006461542236161,2024-11-09,0.0,0.17733001942230647,0.3527442498999564
1181007022799552513,2024-11-09,1.0,0.6227064558399238,0.6037242209850489
1181027858521817089,2024-11-09,1.0,,0.5374857223475128
1181024176852664321,2024-11-09,0.0,0.11857152158246914,0.4253215094274102
1180987931260092417,2024-11-09,0.0,0.28201722728043027,0.5183550472474259
1180998205225271297,2024-11-09,0.0,0.26249232878022083,0.42384278230371236
1180979772565159937,2024-11-09,1.0,0.8173164362964571,0.6438433467991826
1181032098350956545,2024-11-09,0.0,0.39249070665024965,0.48440941152611494
1180988408379473921,2024-11-09,1.0,0.33827302389835295,0.383590524633906
1181031456072630273,2024-11-09,0.0,0.20960480385076344,0.3527442498999564
1181001601087176705,2024-11-16,0.0,0.27614988598964674,0.33692406681705855
1180996246928130049,2024-11-16,1.0,0.9218526559504824,0.9393085385317328
1181029848557322241,2024-11-16,1.0,0.8975642527147605,0.7646089348508444
1180999230763532289,2024-11-16,1.0,0.5675474523104849,0.42744806393486906
1181018954153033729,2024-11-16,1.0,0.8497799822371904,0.9609712207672779
1180983438224719873,2024-11-16,1.0,0.2672724561481907,0.40871447534994376
1180993779353747457,2024-11-16,1.0,0.6928681687131446,0.8799843295534574
1180989149643407361,2024-11-16,0.0,0.5675474523104849,0.4514582670010894
1181016925564305409,2024-11-16,1.0,0.36937937283817923,0.4599921361283834
1181025100701564929,2024-11-16,0.0,0.4545230465597889,0.7266697463709876
1181023247881404417,2024-11-16,1.0,0.8890884893272891,0.6438433467991826
1181009278593531905,2024-11-16,0.0,0.5547604990735023,0.3562358914642153
1181018243541925889,2024-11-23,0.0,,0.685940514025228
1181029365274935297,2024-11-23,0.0,0.3071318312868554,0.39879517717925844
1181011252240809985,2024-11-23,0.0,0.3893427803517498,0.710824725938506
1181032464640245761,2024-11-23,1.0,0.6278360486144264,0.3562358914642153
1181003121747099649,2024-11-23,0.0,0.8941115903302007,0.7628087277836834
1181022114966339585,2024-11-23,1.0,,0.7178219270175381
1181003398185582593,2024-11-23,1.0,0.7406762723942364,0.6838263437200852
1181024338496684033,2024-11-23,0.0,,0.4264798961638219
1181033588650147841,2024-11-23,0.0,,0.3710088800097979
1181019915521753089,2024-11-23,1.0,0.77728579172915,0.6387787549874903
1180994319420424193,2024-11-23,0.0,0.5232687053772038,0.3562358914642153
1181002978367635457,2024-11-23,1.0,,0.33692406681705855
1180999095418847233,2024-11-23,1.0,0.7573263090863692,0.891372890074991
1180986338553331713,2024-12-07,0.0,0.36937937283817923,0.6311162639892993
1180990495529795585,2024-12-07,1.0,0.8333014002649712,0.7266697463709876
1181007040513343489,2024-12-07,1.0,0.4005461953487321,0.5691904671255766
1181000535774658561,2024-12-07,0.0,0.4005461953487321,0.3527442498999564
1181005461588541441,2024-12-07,1.0,0.7807355067990851,0.6588310624723916
1181002582232530945,2024-12-07,1.0,0.6746989116127219,0.5824133680464031
1180982577363124225,2024-12-07,0.0,0.5046487343377706,0.7424136636696999
1181032368494280705,2024-12-07,1.0,0.77728579172915,0.7071249230784071
1180983984360259585,2024-12-07,1.0,0.7026211673274168,0.5677498077876062
1180994218433380353,2024-12-07,0.0,0.5454769534402111,0.45655130843952324
1181008243793428481,2024-12-07,0.0,0.08866750196585947,0.3019578567000567
1181023854765408257,2024-12-07,1.0,0.7829728786708416,0.6276664510965476
1181007399935016961,2024-12-07,1.0,0.8941115903302007,0.8346009814449232
1180994001588060161,2024-12-07,1.0,0.5454769534402111,0.6398768245337926
1181007492658626561,2024-12-14,1.0,0.5161640760385819,0.43274085675810076
1180982028133990401,2024-12-14,1.0,0.7955303307352459,0.660336990822654
1181032006365184001,2024-12-14,1.0,0.4231194227763029,0.4264798961638219
1181018456678400001,2024-12-14,0.0,0.3045544725589981,0.5983962617882961
1180984574009835521,2024-12-14,1.0,0.6543165880625142,0.5414165450183951
1181030180359700481,2024-12-14,1.0,0.5960979764027162,0.6110458312155262
1181034953372827649,2024-12-14,1.0,0.8775219726548874,0.8409865894869554
1180990606194311169,2024-12-14,0.0,0.3023513601460478,0.4109412024280405
1181019705774276609,2024-12-14,1.0,0.7623292159860717,0.6782462675411819
1181017196514836481,2024-12-14,0.0,0.7696203727998492,0.7919215577408971
1181024753315151873,2024-12-14,0.0,0.32530108838727817,0.36849438468864937
1181020807233110017,2024-12-14,0.0,0.6868555921271607,0.8567963727529093
1181014648419254273,2024-12-14,1.0,0.8497799822371904,0.9100027941651989
1180981861036687361,2025-01-11,1.0,0.7157433800774533,0.6449345783266444
1181005120333283329,2025-01-11,0.0,0.709161075269608,0.6470183502210934
1180996914305925121,2025-01-11,0.0,0.32530108838727817,0.3527442498999564
1180990981362352129,2025-01-11,0.0,0.6106572196482503,0.8723212073712553
1181000147349667841,2025-01-11,1.0,0.8835826682840104,0.6498066483481635
1181031700793655297,2025-01-11,1.0,,0.6276664510965476
1180986279058735105,2025-01-11,1.0,0.28425661992254664,0.3562358914642153
1180991763960987649,2025-01-11,1.0,0.7157433800774533,0.5673155215586518
1181027186852724737,2025-01-11,1.0,0.6278360486144264,0.6025612930145604
1180998533768118273,2025-01-11,1.0,0.36186079995659987,0.3562358914642153
1181009435783692289,2025-01-11,1.0,0.5703237791805462,0.5015131927290019
1181030485444591617,2025-01-11,0.0,0.1502200177628096,0.371932785606887
1180981368819843073,2025-01-11,1.0,0.8633677286950617,0.696558435728403
1181026060746620929,2025-01-11,1.0,0.33202969735263393,0.4253215094274102
1180986604699222017,2025-01-18,0.0,0.36047461757604465,0.47653585588265507
1181000607457542145,2025-01-18,1.0,0.3071318312868554,0.3562358914642153
1180992820019429377,2025-01-18,1.0,0.7406762723942364,0.4465567822479688
1181005178344669185,2025-01-18,0.0,0.8446502334606127,0.6449345783266444
1181024507627929601,2025-01-18,1.0,0.9068404809245442,0.9186248704608868
1181031109557387265,2025-01-18,0.0,0.6976486398539522,0.3833786660431498
1181034734148517889,2025-01-18,0.0,0.3023513601460478,0.5577447418174174
1181012340295008257,2025-01-18,1.0,0.4452395009264977,0.383590524633906
1180981785507987457,2025-01-18,1.0,,0.38752975703593084
1180997853419831297,2025-01-18,1.0,,0.906796381019761
1181001329651089409,2025-01-18,1.0,0.7545771739111907,0.6328443506485543
1180985599710953473,2025-01-18,0.0,0.9029408406785397,0.9129828068170942
1180998201384992769,2025-01-18,0.0,0.4721134305391231,0.4067805943606634
1181029180435988481,2025-02-01,0.0,0.6059243538477189,0.5544308337828213
1181008742592512001,2025-02-01,1.0,0.8333014002649712,0.6574389486599359
1180990800556982273,2025-02-01,1.0,0.7037575706316658,0.6110458312155262
1181024279744741377,2025-02-01,0.0,0.6395253824239554,0.717010989806456
1181028153670860801,2025-02-01,1.0,0.7406762723942364,0.7269620698524233
1180979977215115265,2025-02-01,0.0,0.59106428963518,0.3527442498999564
1180979742236770305,2025-02-01,1.0,0.5346440168872334,0.44498431172155584
1181005966355333121,2025-02-01,1.0,0.7573263090863692,0.4975442049946393
1181030582464741377,2025-02-01,1.0,0.7238501140103533,0.7197107979210623
1180981237507489793,2025-02-01,1.0,0.48139255344733073,0.3562358914642153
1180997791278465025,2025-02-01,1.0,0.4545230465597889,0.8188810596670794
1181019323608137729,2025-02-08,1.0,0.8497799822371904,0.5985525055651809
1181018078319181825,2025-02-08,0.0,0.31916264037448233,0.4968955231035331
1181019306314661889,2025-02-08,1.0,0.3098967771875642,0.5620133619736232
1181025370588086273,2025-02-08,1.0,0.6855374241664947,0.6217370649000709
1181035110625935361,2025-02-08,0.0,0.41956765886851666,0.36849438468864937
1180988755731611649,2025-02-08,1.0,0.4792102355922601,0.7455123667691461
1181000072690204673,2025-02-08,1.0,0.6679703026473661,0.7063119055358145
1180989276083060737,2025-02-08,1.0,0.772356757132565,0.6624118412425195
1181035036515762177,2025-02-08,1.0,,0.6114929452107946
1181035345926651905,2025-02-08,0.0,0.24267369091363084,0.7614685728392293
1181032986930053121,2025-02-08,1.0,,0.6110458312155262
1180992246014083073,2025-02-15,1.0,0.31994955682261245,0.3553943091762196
1180984507225505793,2025-02-15,0.0,0.14047107790306207,0.3198261932683093
1181025481997254657,2025-02-15,0.0,0.29083892473039197,0.3562358914642153
1180988485553717249,2025-02-15,0.0,0.6746989116127219,0.9186248704608868
1181027420150693889,2025-02-15,0.0,0.4452395009264977,0.3527442498999564
1180980185962053633,2025-02-15,1.0,0.8202283392025519,0.8079143197896312
1181019861576417281,2025-02-15,0.0,0.17977166079744816,0.3019578567000567
1181012060212002817,2025-02-15,1.0,0.48139255344733073,0.36849438468864937
1180990732414779393,2025-02-15,1.0,0.77728579172915,0.7332440485377332
1181031219288178689,2025-02-15,0.0,0.7327275438518094,0.5134322602107199
1180998315180359681,2025-02-15,0.0,0.21021968823361953,0.33692406681705855
1180988451290120193,2025-02-15,1.0,0.6679703026473661,0.7367683511671163
1180979768311054337,2025-02-22,1.0,0.923778437056933,0.7038329257752072
1180984862224384001,2025-02-22,1.0,0.8157649222726425,0.7108582285351046
1180995807655067649,2025-02-22,0.0,0.4767312946227962,0.39621098734304316
1181026316920815617,2025-02-22,1.0,0.6928681687131446,0.5606421977725127
1181004274021629953,2025-02-22,1.0,0.4039020235972839,0.5016457527891813
1180990925127221249,2025-02-22,1.0,0.7238501140103533,0.8875829987994448
1181035595584143361,2025-02-22,0.0,0.4883754295762975,0.3562358914642153
1180993407674286081,2025-02-22,0.0,0.286544309847184,0.5203135610943521
1180986216952659969,2025-02-22,1.0,0.33202969735263393,0.4124071367208374
1181025600631046145,2025-02-22,1.0,0.7134556901528161,0.814462007733487
1180984101829246977,2025-02-22,1.0,0.36937937283817923,0.4109412024280405
1180981514813898753,2025-02-22,0.0,0.24267369091363084,0.4210008714582246
1180981830031278081,2025-03-01,1.0,0.6746989116127219,0.6626402261751171
1181024787063373825,2025-03-01,0.0,0.19498648925730014,0.36849438468864937
1180990228642496513,2025-03-01,1.0,0.4767312946227962,0.6099134440212054
1180985673306865665,2025-03-01,0.0,0.7335402556249933,0.5618533070980958
1180981009399971841,2025-03-01,0.0,0.33083928763518883,0.5432458301606418
1181021554994642945,2025-03-01,0.0,0.15694363411069007,0.33692406681705855
1181009153085734913,2025-03-01,1.0,0.3045544725589981,0.4850109336484102
1180981618768609281,2025-03-01,1.0,,0.4253215094274102
1180982456564056065,2025-03-01,1.0,0.3519350904623031,0.4791006415647904
1181018883432022017,2025-03-01,0.0,0.5346440168872334,0.6289981891827929
1181035513117540353,2025-03-08,1.0,0.6167978658245588,0.3562358914642153
1181024990423908353,2025-03-08,1.0,0.7335402556249933,0.6755421203246613
1180999089319182337,2025-03-08,0.0,0.6574827706109929,0.8893969874051431
1181022508682444801,2025-03-08,1.0,0.43938082153758484,0.383590524633906
1181003278941683713,2025-03-08,1.0,0.43938082153758484,0.5183499170350065
1181022127356641281,2025-03-08,0.0,0.1224780273451125,0.3562358914642153
1180984927977537537,2025-03-08,0.0,0.4495465966334472,0.3562358914642153
1181004034653192193,2025-03-08,1.0,0.39249070665024965,0.5600381904308969
1180983031699275777,2025-03-08,0.0,0.5186074465526692,0.4596177472242503
1181007686337757185,2025-03-08,0.0,0.1842350777273575,0.43274085675810076
1180987927065952257,2025-03-15,1.0,0.8009826295750138,0.685940514025228
1181015169248788481,2025-03-15,0.0,0.6543165880625142,0.7469691362392394
1180999558533152769,2025-03-15,0.0,0.6059243538477189,0.6328443506485543
1181028849569529857,2025-03-15,1.0,,0.5348099175420865
1181028082721882113,2025-03-15,1.0,0.12918083969235286,0.3527442498999564
1181000118569730049,2025-03-15,0.0,0.23510250153462806,0.7486886521061269
1180991695432122369,2025-03-15,0.0,0.6241923441377161,0.9575298873453169
1180994251504812033,2025-03-15,0.0,0.1705476723080736,0.3527442498999564
1181011036554395649,2025-03-15,1.0,0.6679703026473661,0.6719120584809465
1180985655883530241,2025-03-15,0.0,0.2162920672600194,0.33692406681705855
1181029144398168065,2025-03-15,0.0,0.7746865682018881,0.7317558128471137
1180995600650502145,2025-03-15,1.0,0.6241923441377161,0.693823329267593
1180996809321119745,2025-03-15,1.0,0.8254262965632324,0.9306865381775816
1181000364162351105,2025-03-22,0.0,0.7942650771854712,0.6321911607024655
1181004097344208897,2025-03-22,0.0,0.5606191784624152,0.7897459452208341
1181000385973125121,2025-03-22,1.0,0.8320840565912277,0.700507830665473
1181025567205359617,2025-03-22,0.0,0.32378396894809053,0.3562358914642153
1180989078789390337,2025-03-22,0.0,0.40729233447782137,0.5071208551846457
1181010568825438209,2025-03-22,0.0,0.5094322005547439,0.383590524633906
1180985106107203585,2025-03-22,1.0,0.6278360486144264,0.6328757745340462
1181003138879455233,2025-03-22,0.0,0.7955303307352459,0.39879517717925844
1180993874403885057,2025-03-22,1.0,0.4267597850285621,0.58018110647989
1181030468216881153,2025-03-22,1.0,0.4115274176805098,0.383590524633906
1181012982764273665,2025-03-22,0.0,0.5391416645795012,0.5655055342128479
1180999971510091777,2025-03-22,1.0,0.7189687800131715,0.6000060022058153
1180987784362754049,2025-03-22,0.0,0.2722718627837095,0.40576232573452753
1181001965991624705,2025-03-29,1.0,0.6901032228124359,0.6683740057701069
1180999299034251265,2025-03-29,1.0,0.4883754295762975,0.740607713234861
1181027415699193857,2025-03-29,1.0,0.8173164362964571,0.8269581899246726
1181025187330064385,2025-03-29,1.0,0.8050135107426999,0.8209143528585431
1180995803202682881,2025-03-29,0.0,0.6051191516560648,0.5973591615181169
1181005724505538561,2025-03-29,1.0,0.8033349256949814,0.6824562768255591
1180988668296855553,2025-03-29,0.0,0.5884725823194902,0.6339501223871424
1181006337647542273,2025-03-29,1.0,0.695445527441002,0.6438433467991826
1180993726216044545,2025-03-29,1.0,0.7157433800774533,0.49749467099644873
1180997297222025217,2025-03-29,0.0,0.20539723072039542,0.3527442498999564
1181014877525442561,2025-03-29,1.0,0.5884725823194902,0.665265272524405
1181001820384067585,2025-03-29,1.0,0.8110807901231847,0.6782462675411819
1181026097493999617,2025-04-05,1.0,0.6106572196482503,0.45369517071058973
1181003768380162049,2025-04-05,1.0,0.7371579934141145,0.8960450710800992
1181023362255814657,2025-04-05,1.0,0.8775219726548874,0.7437342543450096
1180989561327845377,2025-04-05,1.0,0.32530108838727817,0.3903173592751707
1181008529749475329,2025-04-05,1.0,0.28425661992254664,0.3562358914642153
1180981110450651137,2025-04-05,0.0,0.5,0.3562358914642153
1181004813699481601,2025-04-05,1.0,0.4296762208194537,0.4300908646540312
1181002866637471745,2025-04-05,1.0,0.6691607123648111,0.6176227045970174
1180985418774642689,2025-04-05,0.0,0.09315951907545594,0.36849438468864937
1180990688440156161,2025-04-05,1.0,0.6043064591421344,0.6438433467991826
1181001856229998593,2025-04-05,0.0,0.2593237276057636,0.3019578567000567
1181022393887948801,2025-04-05,0.0,0.4545230465597889,0.4501709028408286
1180993775453470721,2025-04-12,0.0,0.4231194227763029,0.4109412024280405
1181001339007860737,2025-04-12,0.0,0.2664597443750067,0.43899044939824255
1181014187335581697,2025-04-12,0.0,0.11091151067271089,0.3527442498999564
1181023397133516801,2025-04-12,1.0,0.5768805772236971,0.5805300375858987
1181015651720462337,2025-04-12,1.0,0.3721639513855736,0.383590524633906
1181026967553015809,2025-04-12,0.0,0.36047461757604465,0.58018110647989
1181017429815492609,2025-04-12,0.0,0.42040129165458046,0.46176048561529565
1181007018896228353,2025-04-12,0.0,,0.3710088800097979
1180995493921030145,2025-04-12,1.0,0.6278360486144264,0.7266697463709876
1181021215803080705,2025-04-12,0.0,0.6090990306118267,0.6103037222943052
1181031476978843649,2025-04-12,1.0,0.6409553390692864,0.6328443506485543
1181000297247309825,2025-04-12,0.0,0.3519350904623031,0.47519083069174617
1181032225857142785,2025-04-12,1.0,0.6113800097626366,0.6287786696906907
1181004106440736769,2025-04-26,1.0,0.599453804651268,0.627745394910417
1180982530481324033,2025-04-26,1.0,0.8708191603076472,0.8313015130603971
1181033311084314625,2025-04-26,1.0,0.5454769534402111,0.44498431172155584
1180989912135041025,2025-04-26,1.0,0.7327275438518094,0.7786135266388006
1181024267966185473,2025-04-26,0.0,0.5768805772236971,0.48696555807798036
1180980504889524225,2025-04-26,1.0,,0.7356288471829726
1180981390403502081,2025-04-26,1.0,0.8173164362964571,0.4596177472242503
1180993825459011585,2025-04-26,0.0,0.286544309847184,0.383590524633906
1180994087474757633,2025-04-26,0.0,0.3538783343896149,0.36849438468864937
1181001302967910401,2025-04-26,1.0,0.6480649095376969,0.5696829302844958
1181034604381765633,2025-04-26,0.0,0.20539723072039542,0.3799890255258355
1181023850473422849,2025-04-26,1.0,0.5674211438948035,0.9031979123202246
1180993067579736065,2025-04-26,1.0,0.5795987083454195,0.7631892912371159
1180996623608676353,2025-04-26,1.0,0.5116245704237026,0.511615920019038
1181032703717441537,2025-05-03,0.0,0.3071318312868554,0.3527442498999564
1181026714057736193,2025-05-03,1.0,0.3023513601460478,0.3527442498999564
1181031534022426625,2025-05-03,0.0,0.5675474523104849,0.4177952734281991
1180986600988180481,2025-05-03,0.0,0.2507315894908768,0.4568305895031814
1181033794364899329,2025-05-03,1.0,0.4452395009264977,0.5982019701115512
1181034273805500417,2025-05-03,0.0,0.4452395009264977,0.3997443020614697
1181019068336504833,2025-05-03,0.0,0.145408925583276,0.3562358914642153
1180988404381810689,2025-05-03,0.0,0.5547604990735023,0.6088137278278314
1180998197126299649,2025-05-03,1.0,0.22531343179811186,0.3562358914642153
1181025477641240577,2025-05-03,1.0,0.7492684105091233,0.5302327729072106
1181017058586591233,2025-05-03,1.0,0.6868555921271607,0.6000060022058153
1181003393604747265,2025-05-03,1.0,0.8308125491550605,0.7628423594925303
1181003833907642369,2025-05-10,1.0,0.45474536196761894,0.6287786696906907
1181031822590279681,2025-05-10,1.0,0.9327928218421015,0.7897459452208341
1181007579544780801,2025-05-10,0.0,0.29286826746367134,0.39621098734304316
1180982792948449281,2025-05-10,0.0,0.2664597443750067,0.42384278230371236
1180998342218186753,2025-05-10,0.0,0.6306206271618208,0.43720715689819084
1181002075107033089,2025-05-10,1.0,0.7492684105091233,0.7254107833616491
1180981645323272193,2025-05-10,0.0,0.4115274176805098,0.5531101839654127
1180986013303570433,2025-05-10,1.0,0.6010761308018384,0.6110458312155262
1181024645038735361,2025-05-10,1.0,0.6409553390692864,0.6906640772718069
1181022376142209025,2025-05-10,1.0,0.45052900907247256,0.6387787549874903
1180990920998060033,2025-05-10,1.0,0.4767312946227962,0.3562358914642153
1180980863373279233,2025-05-10,0.0,0.6507049087144039,0.5531101839654127
1181033293695090689,2025-05-17,0.0,0.31994955682261245,0.39879517717925844
1180991170239463425,2025-05-17,0.0,0.14826733787906748,0.3198261932683093
1181033831854276609,2025-05-17,0.0,0.42040129165458046,0.3562358914642153
1180991868269101057,2025-05-17,1.0,0.30545962100351026,0.4353914968251266
1181023204806983681,2025-05-17,1.0,0.6278360486144264,0.8490113372403497
1181011245495451649,2025-05-17,1.0,0.6480649095376969,0.7254107833616491
1181006947822174209,2025-05-17,1.0,0.5232687053772038,0.42555466053313357
1181030902684549121,2025-05-17,1.0,0.7632663723434229,0.6449345783266444
1181006457252642817,2025-05-17,0.0,0.15694363411069007,0.3198261932683093
1180998267623440385,2025-05-17,1.0,,0.9214596022350408
1180995799298703361,2025-05-17,0.0,0.3721639513855736,0.3562358914642153
1181035797684420609,2025-05-22,1.0,,0.6438433467991826
1181019495574700033,2025-05-22,1.0,,0.854825794286282
1180986330293698561,2025-05-22,0.0,,0.6164974476768129
1181035242972676097,2025-05-22,0.0,,0.7147045268262942
1181002973947985921,2025-05-22,0.0,,0.9380686716795291
1180980244424622081,2025-05-22,1.0,,0.6603446015535099
1181020340210663425,2025-05-22,0.0,,0.6328443506485543
1181028267787681793,2025-05-22,1.0,,0.6164974476768129
1180983163724922881,2025-05-22,0.0,,0.5605579552438491
1181018230507143169,2025-05-22,1.0,,0.36849438468864937
1181016337555587073,2025-05-23,0.0,,0.4750262525165382
1180992052753661953,2025-05-23,0.0,,0.42744806393486906
1180997086627823617,2025-05-23,1.0,,0.5478867193992187
1180997269120122881,2025-05-23,1.0,,0.6398768245337926
1181023585262436353,2025-05-23,0.0,,0.6691875517529292
1181015787293310977,2025-05-23,0.0,,0.6449345783266444
1181019558844858369,2025-05-23,1.0,,0.3997443020614697
1181035783297204225,2025-05-23,0.0,,0.45655130843952324
1181001948892921857,2025-05-23,0.0,,0.6615748558391973
1180986483385827329,2025-05-23,0.0,,0.5496797399439644
1180993948063465473,2025-05-31,1.0,0.4452395009264977,0.5442247586167155
1180984300412403713,2025-05-31,1.0,,0.6099134440212054
1180989145608192001,2025-05-31,0.0,0.7837079327399806,0.915017485667522
1181003536628482049,2025-05-31,0.0,0.4653559831127666,0.49437327196146114
1181013592681545729,2025-05-31,0.0,0.3071318312868554,0.3562358914642153
1181032279704403969,2025-05-31,1.0,0.6543165880625142,0.4688628959327447
1181005411741073409,2025-05-31,1.0,0.5884725823194902,0.7009617841877368
1180983548115976193,2025-05-31,0.0,0.6679703026473661,0.6164974476768129
1181017167512076289,2025-05-31,1.0,0.6395253824239554,0.383590524633906
1181009455270821889,2025-06-07,0.0,0.13913493778061575,0.3562358914642153
1181028066042839041,2025-06-07,1.0,0.8446502334606127,0.6154045885354634
1180995595907399681,2025-06-07,0.0,,0.5667221641460971
1181034421412593665,2025-06-07,0.0,0.145408925583276,0.3198261932683093
1180986399919964161,2025-06-07,1.0,0.37870640869879907,0.5132333830963557
1181012969406922753,2025-06-07,0.0,0.3098967771875642,0.39879517717925844
1181000602745241601,2025-06-07,1.0,0.7318670674711295,0.5165183226951401
1180997021583343617,2025-06-07,0.0,,0.3710088800097979
1181033851795505153,2025-06-07,0.0,0.1705476723080736,0.6387787549874903
1180983994164248577,2025-06-07,1.0,,0.6691875517529292
1181008638831984641,2025-06-07,0.0,,0.5824133680464031
1180994327452712961,2025-06-07,1.0,0.6106572196482503,0.7614685728392293
1181005828879253505,2025-06-07,0.0,0.22271420827084984,0.39879517717925844
1181027755471110145,2025-06-14,1.0,0.9476467762942639,0.7917107601994315
1180990600160378881,2025-06-14,1.0,0.29286826746367134,0.3562358914642153
1180998430329470977,2025-06-14,1.0,0.8497799822371904,0.9351733704759374
1181031214869184513,2025-06-14,1.0,0.5927076655221787,0.705869258275518
1181026312501854209,2025-06-14,1.0,0.1374361064310891,0.3527442498999564
1181023371030757377,2025-06-14,1.0,0.4231194227763029,0.45413177120496867
1181000531676725249,2025-06-14,0.0,0.36172643494996665,0.3562358914642153
1181034512494264321,2025-06-14,1.0,0.8173164362964571,0.6519385712182914
1181025446894075905,2025-06-14,1.0,0.6901032228124359,0.5047880274796296
1180985595419787265,2025-06-14,0.0,0.3279138739339335,0.39621098734304316
1180993997006340097,2025-06-14,1.0,0.7623292159860717,0.7886190162179773
1181024571187822593,2025-06-21,1.0,0.8202283392025519,0.685940514025228
1181028421911904257,2025-06-21,0.0,0.36047461757604465,0.6962893606715251
1180981088672612353,2025-06-21,0.0,,0.5150106072615842
1180988029954916353,2025-06-21,1.0,0.6976486398539522,0.809518834164836
1181012326293995521,2025-06-21,0.0,,0.7305115885218455
1180979738009174017,2025-06-21,0.0,0.599453804651268,0.6673176517476761
1180984923330314241,2025-06-21,1.0,0.4231194227763029,0.3636334166281253
1181007421161111553,2025-06-21,1.0,0.7037575706316658,0.732031382853878
1181027657065267201,2025-06-21,1.0,0.7897803117663805,0.6492622878507169
1181028091369095169,2025-06-21,0.0,0.39728398878842675,0.3474007932685916
1181027853971030017,2025-06-21,1.0,,0.6630742403640986
1181001596473212929,2025-06-21,1.0,0.19384057688942782,0.35639153564605275
1181019736812453889,2025-06-28,1.0,0.6901032228124359,0.689716969534911
1180988751633645569,2025-06-28,1.0,0.6152819874391855,0.841661044586309
1181031835367178241,2025-06-28,0.0,0.04685262768269711,0.07232637696969925
1181029560568807425,2025-06-28,1.0,0.7949007605541955,0.7389640865432401
1181023094174842881,2025-06-28,1.0,0.3743178218040352,0.43868721481864636
1181010852523376641,2025-06-28,0.0,0.31994955682261245,0.43978837339860516
1180997402338951169,2025-06-28,1.0,0.48139255344733073,0.38336964336208645
1181033160572928001,2025-06-28,0.0,0.4653559831127666,0.4126870875624038
1180999225991495681,2025-06-28,1.0,0.7463199967531164,0.7148097444651316
1180982452305297409,2025-06-28,0.0,0.4159734041747577,0.6492622878507169
1180983433805070337,2025-06-28,0.0,0.29083892473039197,0.35639153564605275
1180993869855031297,2025-07-12,0.0,0.28237772765529257,0.3100677660011809
1181027687168966657,2025-07-12,0.0,0.15346058938163598,0.22244792973209898
1181035123112148993,2025-07-12,0.0,0.6152819874391855,0.7724950345771369
1180997787215331329,2025-07-12,0.0,0.09315951907545594,0.27136844720411213
1181025366490054657,2025-07-12,1.0,0.41956765886851666,0.6856746102312257
1181022761180954625,2025-07-12,1.0,0.2758119961543137,0.35524811509625664
1180988446901501953,2025-07-12,0.0,0.19498648925730014,0.12521524826810088
1181020745155608577,2025-07-12,1.0,0.9176924998423724,0.7766897466112452
1181005681109991425,2025-07-12,0.0,,0.0871645018264444
1180996909595328513,2025-07-12,0.0,0.26249232878022083,0.6110898770189187
1181021551703031809,2025-07-12,1.0,0.8681759275285545,0.8577878557602315
1180990491400306689,2025-07-19,1.0,0.6855374241664947,0.6822423827010323
1181013218839429121,2025-07-19,1.0,0.5675474523104849,0.750771958709463
1181005954449997825,2025-07-19,1.0,0.8333014002649712,0.7607469008929217
1181015647269289985,2025-07-19,0.0,0.6746989116127219,0.6707821393853131
1180981510426198017,2025-07-19,0.0,0.36172643494996665,0.37984647623099055
1181003275066703873,2025-07-19,1.0,0.8425029091554511,0.7140189286505645
1181000255948455937,2025-07-19,0.0,0.15749709084454883,0.24987810817548067
1180991759797616641,2025-07-19,1.0,0.7807355067990851,0.633906319182471
1181031752512667649,2025-07-19,0.0,0.5767736748215396,0.8123418622737524
1181018730147315713,2025-07-19,1.0,0.1502200177628096,0.3100677660011809
1181029755347304449,2025-07-19,0.0,0.42322632517846037,0.5158600507309274
1180996501523759105,2025-07-19,1.0,0.7623292159860717,0.7303906215100212
1181012956795011073,2025-07-19,0.0,0.8425029091554511,0.6905458619090815
1180995707960131585,2025-07-19,1.0,0.31994955682261245,0.4356797526868819
1181008549976768513,2025-07-26,0.0,0.6461216656103851,0.650072676411508
1180981614315175937,2025-07-26,1.0,,0.6630742403640986
1181025770532274177,2025-07-26,1.0,0.7677249566893656,0.7263983299539498
1180990543667232769,2025-07-26,1.0,0.2628420065858855,0.7359431048269011
1180998192385654785,2025-07-26,0.0,0.57507169789201,0.387964137851544
1181028721868800001,2025-07-26,0.0,0.21491075245294752,0.37984647623099055
1181026963359399937,2025-07-26,1.0,0.5547604990735023,0.6102220978798791
1180986008818188289,2025-07-26,1.0,0.8554732032117407,0.9119055185377176
1180984097536933889,2025-07-26,0.0,0.7327275438518094,0.7307637516928601
1181022124226969601,2025-07-26,1.0,0.1705476723080736,0.4253147048988992
1181032417277935617,2025-07-26,0.0,0.6543165880625142,0.4206769522625646
1180987922838814721,2025-07-26,1.0,0.22531343179811186,0.32996223863554663
1181032860195782657,2025-08-02,1.0,0.6928681687131446,0.687074735182275
1180990977008402433,2025-08-02,1.0,0.8497799822371904,0.9577428551171377
1180995489535131649,2025-08-02,1.0,0.6348392095069872,0.6822423827010323
1181034467809427457,2025-08-02,0.0,0.19666507430501862,0.37089801668797484
1181004093566615553,2025-08-02,1.0,0.7916696119671272,0.6546688302656598
1181000359387201537,2025-08-02,0.0,0.6574827706109929,0.6492622878507169
1181030423014932481,2025-08-02,1.0,0.7677249566893656,0.689716969534911
1181020718537736193,2025-08-02,0.0,0.4115274176805098,0.49748711987744126
1180989357841285121,2025-08-02,0.0,,0.3585538080062391
1181024173304479745,2025-08-02,1.0,,0.5380836528827795
1180986275252862977,2025-08-02,1.0,0.8708191603076472,0.8154246428387797
1181007014445514753,2025-08-02,1.0,0.6691607123648111,0.7469444580485695
1181001961280110593,2025-08-09,1.0,0.8308125491550605,0.7552402940351993
1180993519825190913,2025-08-09,1.0,0.8608650622193843,0.99
1181003549792894977,2025-08-09,1.0,0.3098967771875642,0.26644952695520124
1181012044045582337,2025-08-09,1.0,0.6256821781959648,0.7263641976987301
1180999553468366849,2025-08-09,0.0,0.23966583767364416,0.12312289205204872
1181026057003597825,2025-08-09,1.0,0.773538303497162,0.6492622878507169
1180990223189278721,2025-08-09,0.0,0.6106572196482503,0.7255931220017435
1181019999021596673,2025-08-09,1.0,0.8681759275285545,0.8034354172807596
1180991691431673857,2025-08-09,1.0,0.7758029482595479,0.9577428551171377
1181003117360513025,2025-08-09,1.0,0.8050135107426999,0.6959132709188821
1181018447191736321,2025-08-09,0.0,0.2758119961543137,0.38336964336208645
1180982573424902145,2025-08-09,0.0,0.16017270733502276,0.30169783964383246
1181035053777846273,2025-08-12,1.0,0.7619982567640871,0.6666123362169856
1181000037232345089,2025-08-12,1.0,0.6090990306118267,0.6822423827010323
1181002633724231681,2025-08-12,0.0,0.6313005682296544,0.6068891568579209
1180997082078609409,2025-08-12,0.0,0.565282186070412,0.6905458619090815
1180988900693180417,2025-08-12,1.0,0.6691607123648111,0.6055927361273498
1180994133063794689,2025-08-16,0.0,0.29083892473039197,0.6492622878507169
1181015642428604417,2025-08-16,0.0,0.8015702223406083,0.49672338866730104
1181028972399591425,2025-08-16,1.0,0.8941115903302007,0.7196821012700833
1181028464726867969,2025-08-16,0.0,0.31446257583350545,0.6630742403640986
1180992241400741889,2025-08-16,0.0,0.3590446609307137,0.37984647623099055
1181011020423659521,2025-08-16,0.0,0.7463199967531164,0.7514323438897379
1180982788623335425,2025-08-16,0.0,0.4159734041747577,0.32996223863554663
1181026093234421761,2025-08-16,0.0,0.31446257583350545,0.2725016120166415
1181028031165988865,2025-08-16,1.0,0.38471801256081456,0.7303906215100212
1180985414452412417,2025-08-16,1.0,0.6720861260660664,0.6329476026911954
1180983980064014337,2025-08-16,1.0,0.25368000324688367,0.32996223863554663
1180985447425474561,2025-08-16,0.0,0.563534092953399,0.3474007932685916
1181013585615847425,2025-08-19,0.0,0.5960979764027162,0.6110686547636833
1180996822418587649,2025-08-19,0.0,,0.3808768077556159
1181012885230157825,2025-08-19,1.0,0.811642089307877,0.4714524387530006
1180998281013690369,2025-08-19,0.0,0.1804745158489441,0.5608032318828814
1181033402068893697,2025-08-19,0.0,,0.5435409506067997
1180989268792115201,2025-08-22,0.0,,0.712754709604144
1181033344091193345,2025-08-22,1.0,0.4886179978525659,0.6905458619090815
1181034503233863681,2025-08-22,1.0,,0.712754709604144
1181023581132587009,2025-08-22,0.0,,0.5555490773296913
1181020534245261313,2025-08-22,0.0,,0.7530021383011336
1181019491154362369,2025-08-22,0.0,,0.48097213547340856
1181024735344852993,2025-08-22,1.0,,0.6630742403640986
1180980240358244353,2025-08-22,0.0,,0.67163753287117
1181035106432253953,2025-08-22,0.0,,0.5544647477025165
1180992048463577089,2025-08-22,1.0,,0.6905458619090815
1181035238520520705,2025-08-22,0.0,,0.6905458619090815
1180996381340631041,2025-08-23,1.0,0.8209153932756955,0.7898836660359384
1181035722768547841,2025-08-23,1.0,0.23673362765657716,0.365518887780702
1181035778521235457,2025-08-23,0.0,,0.4960884851585491
1180997490773098497,2025-08-23,0.0,0.6950767043843062,0.6856746102312257
1181035748514725889,2025-08-23,1.0,,0.8123418622737524
1181029868431572993,2025-08-23,0.0,0.19498648925730014,0.3213053809420052
1180988664103075841,2025-08-23,1.0,,0.6879074921218536
1181029140657373185,2025-08-23,1.0,0.49535126566222937,0.38336964336208645
1180995591519469569,2025-08-23,1.0,0.7067666768616707,0.6110898770189187
1181018879237226497,2025-08-23,1.0,0.31994955682261245,0.48915182496679205
1181024334010646529,2025-08-23,0.0,,0.3808768077556159
1181014867460685825,2025-08-23,1.0,,0.8034354172807596
1181023482309279745,2025-08-26,1.0,0.9113324980341405,0.6905458619090815
1180985439069306881,2025-08-26,0.0,0.22764324286743487,0.3498240060335748
1181005447747010561,2025-08-26,0.0,0.22764324286743487,0.41334554864732276
1180979646482153473,2025-08-26,1.0,0.7318670674711295,0.42695046087358446
1181031123301498881,2025-08-26,0.0,,0.46949181535272755
1181008786051268609,2025-09-02,0.0,0.2681329325288705,0.30699514891288143
1181025933339328513,2025-09-02,1.0,0.38471801256081456,0.38336964336208645
1180993847979638785,2025-09-02,0.0,,0.38336964336208645
1180995210708549633,2025-09-02,0.0,0.20960480385076344,0.38336964336208645
1181028276823031809,2025-09-02,1.0,0.41074167224986685,0.43978837339860516
1181025817026330625,2025-09-06,1.0,0.5454769534402111,0.663869237723179
1181006614796828673,2025-09-06,1.0,0.7157433800774533,0.6630742403640986
1180988697946718209,2025-09-06,1.0,0.4495465966334472,0.5700392392669338
1180985102171013121,2025-09-06,0.0,0.23966583767364416,0.47499104964744215
1181003134976098305,2025-09-06,0.0,0.3700989955549093,0.31740521665806903
1181019063950966785,2025-09-06,0.0,0.43938082153758484,0.5204174326132215
1180998328536924161,2025-09-06,0.0,0.4653559831127666,0.7263641976987301
1180990481074159617,2025-09-06,0.0,0.6679703026473661,0.7068809696290937
1181002840245010433,2025-09-06,0.0,,0.3446688445230475
1181033262076559361,2025-09-06,1.0,0.40302853557322194,0.6630742403640986
1180990916803559425,2025-09-06,1.0,0.7619982567640871,0.689716969534911
1181032447766593537,2025-09-06,1.0,0.8320840565912277,0.8034354172807596
1181030550037626881,2025-09-06,1.0,0.6348392095069872,0.7607469008929217
1181000721379950593,2025-09-09,0.0,0.6256821781959648,0.689716969534911
1181000002032861185,2025-09-09,0.0,0.14826733787906748,0.3916326573446607
1180987952037920769,2025-09-09,0.0,0.490701281421697,0.43947548298144395
1181004525904003073,2025-09-09,0.0,0.776489929749007,0.689716969534911
1180984169292824577,2025-09-09,0.0,0.6256821781959648,0.35982337881921567
1181004269245399041,2025-09-13,0.0,0.5207897644077398,0.37984647623099055
1181022504261582849,2025-09-13,1.0,0.8061594231105722,0.7864859985756019
1180997293383778305,2025-09-13,0.0,0.2162920672600194,0.1888678505634458
1181031030446358529,2025-09-13,1.0,0.4231194227763029,0.3988407685387735
1181022110835605505,2025-09-13,1.0,0.5547604990735023,0.689716969534911
1180995391224610817,2025-09-13,0.0,0.7897803117663805,0.7140189286505645
1181005720762253313,2025-09-13,1.0,0.31994955682261245,0.4472776833499587
1181031917607026689,2025-09-13,0.0,0.5346440168872334,0.6666123362169856
1181023393163673601,2025-09-13,1.0,0.2962424293683342,0.5555490773296913
1180999675166982145,2025-09-13,0.0,0.3456834119374858,0.5610737901251164
1181003204312072193,2025-09-13,1.0,,0.4714524387530006
1181005824491913217,2025-09-13,1.0,0.7071317325363287,0.687074735182275
1180980181637955585,2025-09-13,1.0,0.3538783343896149,0.6184433400403527
1181005514115317761,2025-09-16,1.0,0.5767736748215396,0.4049293400719244
1181022411406049281,2025-09-16,0.0,,0.5409130545273205
1180994394271416321,2025-09-16,0.0,0.621293591301201,0.4662613535426353
1180982357191950337,2025-09-16,0.0,0.6507049087144039,0.38336964336208645
1181015575126310913,2025-09-16,0.0,0.31246889401646344,0.5204174326132215
1180998108175826945,2025-09-23,1.0,0.7829728786708416,0.7787763185238269
1180985406546542593,2025-09-23,0.0,0.5365736290398376,0.5772800852469637
1181024305198727169,2025-09-23,0.0,0.5730487965322788,0.38336964336208645
1181032389724635137,2025-09-23,0.0,,0.689716969534911
1180993891729211393,2025-09-23,1.0,0.34929509128559616,0.5158600507309274
1180986528075186177,2025-09-27,1.0,0.5232687053772038,0.6249915827456028
1181023358254186497,2025-09-27,0.0,0.31717367904723487,0.5305261371589293
1181018069254144001,2025-09-27,1.0,0.7335402556249933,0.6905458619090815
1180986915369287681,2025-09-27,1.0,0.695445527441002,0.8053347176225915
1181028078658125825,2025-09-27,1.0,0.41074167224986685,0.6266782033897988
1180996497747836929,2025-09-27,1.0,0.6691607123648111,0.8034354172807596
1181024168884305921,2025-09-27,0.0,0.7916696119671272,0.7844378968108701
1181032364719669249,2025-09-27,1.0,0.695445527441002,0.617370669070002
1180992768142737409,2025-09-27,1.0,0.695445527441002,0.3916326573446607
1181031210865655809,2025-09-27,1.0,0.3721639513855736,0.48097213547340856
1181001628190507009,2025-09-27,1.0,0.6669856601897881,0.6492622878507169
1180992031814615041,2025-09-27,1.0,0.5795987083454195,0.689716969534911
1180992061205774337,2025-09-30,1.0,0.7903951961492366,0.7650923546683757
1180982352997220353,2025-09-30,0.0,0.7071317325363287,0.6666123362169856
1181010511397191681,2025-09-30,1.0,,0.653436616278213
1180995829012987905,2025-09-30,0.0,0.46342637096016237,0.5323443003205279
1180998840018436097,2025-09-30,1.0,0.5994308049030529,0.7006941169597585
1181005950642159617,2025-10-04,1.0,0.9429604010236234,0.7898836660359384
1181033817464766465,2025-10-04,1.0,0.6075092933497505,0.6905458619090815
1181027043375054849,2025-10-04,0.0,0.7375076712197791,0.6885205410023714
1181034742826172417,2025-10-04,1.0,0.7492684105091233,0.751458698301524
1180993943740317697,2025-10-04,0.0,0.6449253066076658,0.4323724843488957
1181027908852580353,2025-10-04,1.0,0.7241880038456864,0.7635211405248699
1181024261160796161,2025-10-04,0.0,0.2973788326725832,0.24987810817548067
1180989141542928385,2025-10-04,1.0,0.2681329325288705,0.5213463475672835
1180986249441771521,2025-10-04,0.0,0.17733001942230647,0.3495381421867632
1180983028249001985,2025-10-04,0.0,0.6945403789964897,0.6924956799569357
1181031874019065857,2025-10-04,1.0,,0.6689152457065349
1181009274173227009,2025-10-04,1.0,,0.9118859865193719
1181000598326968321,2025-10-04,1.0,0.8015702223406083,0.6905458619090815
1180991750214975489,2025-10-07,0.0,,0.41334554864732276
1181025081922387969,2025-10-07,1.0,,0.6630742403640986
1180995103206440961,2025-10-07,1.0,,0.5213463475672835
1180998835564216321,2025-10-07,1.0,,0.617370669070002
1181003147235885057,2025-10-07,1.0,,0.48915182496679205
1180999221893103617,2025-10-11,0.0,0.5606191784624152,0.41334554864732276
1180992815825879041,2025-10-11,1.0,0.4767312946227962,0.5380836528827795
1180982024067743745,2025-10-11,0.0,0.16918745084493955,0.3030698330947736
1180981084606398465,2025-10-11,1.0,0.852722893484042,0.663869237723179
1181003389085777921,2025-10-11,1.0,0.2454228260888093,0.26644952695520124
1180981826225111041,2025-10-11,0.0,,0.3100677660011809
1181005407804555265,2025-10-11,1.0,0.4883754295762975,0.32996223863554663
1181021391706030081,2025-10-11,1.0,0.7157433800774533,0.6492622878507169
1181021112010964993,2025-10-11,1.0,0.8420744610254974,0.7746094270975492
1181029404766339073,2025-10-11,0.0,0.6480649095376969,0.7359431048269011
1181028763168079873,2025-10-11,1.0,0.5116245704237026,0.6672662076674966
1181031184153116673,2025-10-11,1.0,0.7492684105091233,0.6630742403640986
1180999110839631873,2025-10-14,0.0,,0.4587646276395598
1181022474128162817,2025-10-14,0.0,0.5365736290398376,0.37089801668797484
1181029778060378113,2025-10-14,1.0,0.6669856601897881,0.6905458619090815
1181032786700009473,2025-10-14,0.0,,0.6492622878507169
1181027862949724161,2025-10-14,1.0,0.7071317325363287,0.6630742403640986
1181026744643878913,2025-10-14,0.0,0.37870640869879907,0.6492622878507169
1181004733296705537,2025-10-18,1.0,0.4883754295762975,0.5526261672823923
1181023521675182081,2025-10-18,1.0,0.7335402556249933,0.7179798534458357
1180996367690956801,2025-10-18,1.0,0.5346440168872334,0.48097213547340856
1181030418271666177,2025-10-18,1.0,0.3045544725589981,0.3269679741634093
1181035646916001793,2025-10-18,0.0,0.45474536196761894,0.4662613535426353
1180981505167556609,2025-10-18,0.0,0.6507049087144039,0.6168731060914283
1180983299490414593,2025-10-18,0.0,,0.6387673240379109
1180985669046501377,2025-10-18,0.0,0.7335402556249933,0.6266782033897988
1180986596858396673,2025-10-18,0.0,0.7335402556249933,0.8034354172807596
1181012943725101057,2025-10-18,0.0,0.4792102355922601,0.6110898770189187
1181007488334331905,2025-10-18,1.0,0.6205511949772067,0.6822423827010323
1180999288485412865,2025-10-18,0.0,0.19666507430501862,0.3743882914881139
1181003830455861249,2025-10-18,1.0,0.6808373596255177,0.6666123362169856
1180981780990885889,2025-10-25,1.0,0.3526493058734441,0.7082367074530195
1180986395758821377,2025-10-25,1.0,0.8495483652282515,0.8021060500303191
1180998528960266241,2025-10-25,0.0,0.42492830210799004,0.6959132709188821
1181035062713417729,2025-10-25,1.0,0.7746865682018881,0.8154246428387797
1181028062235328513,2025-10-25,0.0,0.5094322005547439,0.4703385612531136
1181009149860642817,2025-10-25,0.0,0.48139255344733073,0.45013321057202066
1180982526449287169,2025-10-25,0.0,,0.8156335541995345
1181024566863527937,2025-10-25,0.0,0.7942650771854712,0.48097213547340856
1180979733364047873,2025-10-25,1.0,0.8088795893502944,0.7803717521316369
1181020686887419905,2025-10-25,1.0,0.5578149352148727,0.5793863225773258
1180981386243571713,2025-10-25,1.0,0.6661624101015962,0.48915182496679205
1180998308017930241,2025-10-25,1.0,0.41238974362596065,0.4493039773888931
1181005677109084161,2025-11-01,1.0,,0.6478654941820278
1181007036155985921,2025-11-01,1.0,0.45474536196761894,0.3847890846985201
1181020830105436161,2025-11-01,0.0,0.3743993421260288,0.38336964336208645
1181000527707439105,2025-11-01,1.0,0.7335402556249933,0.6666123362169856
1180996619354505217,2025-11-01,1.0,0.5161640760385819,0.5772800852469637
1181004809310109697,2025-11-01,1.0,0.6075092933497505,0.5158600507309274
1180981106126389249,2025-11-01,1.0,0.6762160310519095,0.6630742403640986
1181000322186969089,2025-11-01,0.0,0.38322134809452135,0.3498240060335748
1181000289019592705,2025-11-01,1.0,0.7632663723434229,0.5971579631707091
1180998263557193729,2025-11-01,0.0,,0.5158600507309274
1180995587777331201,2025-11-01,1.0,0.45052900907247256,0.750771958709463
1180983543889461249,2025-11-01,1.0,0.768915254409162,0.7263641976987301
1180994415694512129,2025-11-01,1.0,0.7071317325363287,0.6630742403640986
1181027390630592513,2025-11-08,0.0,0.20960480385076344,0.2869862252106952
1180990793683795969,2025-11-08,0.0,0.30545962100351026,0.2805225702819259
1181006453378351105,2025-11-08,0.0,,0.365518887780702
1181026053260738561,2025-11-08,0.0,0.4115274176805098,0.539008660493719
1181006279250149377,2025-11-08,1.0,0.7955303307352459,0.8154246428387797
1180985590935814145,2025-11-08,0.0,0.6106592935177629,0.5610737901251164
1180988442609713153,2025-11-08,1.0,0.6256821781959648,0.6672662076674966
1181000381326852097,2025-11-08,1.0,,0.6822423827010323
1181025942499033089,2025-11-08,1.0,0.7406762723942364,0.6666741939672558
1180988475551481857,2025-11-08,1.0,0.45052900907247256,0.38955962840083236
1181018437092540417,2025-11-08,0.0,0.3538783343896149,0.38697564487956027
1180982448241049601,2025-11-08,0.0,0.5767736748215396,0.5447918229428251
1181025596081733633,2025-11-15,1.0,0.900989104370537,0.916441014837423
1180997398370025473,2025-11-15,0.0,0.36172643494996665,0.33570193429232986
1181020999508262913,2025-11-15,0.0,0.3743178218040352,0.49637191623608323
1181002643532873729,2025-11-15,0.0,0.8173164362964571,0.7469444580485695
1180989064851554305,2025-11-15,0.0,0.5674211438948035,0.5614243843929442
1181024782354743297,2025-11-15,1.0,0.5409563476141321,0.46154551073732747
1181001146326908929,2025-11-15,0.0,0.3721639513855736,0.6941239033165113
1181034189726121985,2025-11-15,1.0,,0.4472776833499587
1180988746956406785,2025-11-15,0.0,0.4005691950969471,0.3047932215674519
1181028730840383489,2025-11-15,1.0,0.6808373596255177,0.7263641976987301
1180997486806859777,2025-11-15,1.0,0.7949007605541955,0.8034354172807596
1180987960265179137,2025-11-15,1.0,0.7026211673274168,0.8123418622737524
1180998337409351681,2025-11-15,0.0,0.2628420065858855,0.38336964336208645
1181012023849189377,2025-11-15,0.0,0.16918745084493955,0.2805225702819259
1181014348816384001,2025-11-22,0.0,0.6679703026473661,0.5933324404165611
1180990902800089089,2025-11-22,0.0,,0.4587646276395598
1181010841489866753,2025-11-22,0.0,0.3456834119374858,0.35031002186414806
1180981609960144897,2025-11-22,0.0,,0.3111913260030988
1181007417129205761,2025-11-22,0.0,0.2962424293683342,0.5158600507309274
1180997091114254337,2025-11-22,1.0,0.23510250153462806,0.4049293400719244
1180981365433663489,2025-11-22,1.0,0.7306320271555883,0.7864859985756019
1181014088865808385,2025-11-22,1.0,0.854591074416724,0.9777542699756341
1181026308694867969,2025-11-22,1.0,0.6746989116127219,0.6905458619090815
1181023846117376001,2025-11-22,0.0,0.286544309847184,0.37089801668797484
1180981640771796993,2025-11-22,0.0,0.4452395009264977,0.6933674114997903
1180995584134152193,2025-11-22,1.0,0.5617770027802641,0.7898836660359384
1181023270624952321,2025-11-22,1.0,0.5675474523104849,0.8225207640959189
1180993515757666305,2025-11-22,1.0,0.9352061325745846,0.99
1181033326634991617,2025-12-06,0.0,0.4495465966334472,0.26841542895201437
1180984093601759233,2025-12-06,1.0,0.6480649095376969,0.6110686547636833
1180985273363759105,2025-12-06,1.0,0.6480649095376969,0.751458698301524
1180993402710982657,2025-12-06,0.0,0.3045544725589981,0.34130447998289215
1181000593035100161,2025-12-06,0.0,0.7897803117663805,0.712754709604144
1181000355419717633,2025-12-06,0.0,0.4495465966334472,0.4723003097235409
1180997849515360257,2025-12-06,0.0,0.695445527441002,0.7864859985756019
1180985443553476609,2025-12-06,0.0,0.2380017432359129,0.32996223863554663
1181028149316157441,2025-12-06,0.0,0.31314440787283926,0.38622541281234873
1180979760207527937,2025-12-06,1.0,0.9241750175919555,0.8154246428387797
1181030287669690369,2025-12-06,0.0,0.6868555921271607,0.36774360283020846
1181003270387040257,2025-12-06,0.0,0.5116245704237026,0.6322356824624977
1181027493360041985,2025-12-06,0.0,0.4653559831127666,0.3905232966590547
1180996363013685249,2025-12-13,0.0,0.44445956805755465,0.11576993796992487
1180984165067718657,2025-12-13,0.0,0.31446257583350545,0.11576993796992487
1180981856553435137,2025-12-13,0.0,0.33301433981021183,0.13500724301256045
1180994083247456257,2025-12-13,0.0,0.26415718486489664,0.3082141522129379
1180989556941586433,2025-12-13,1.0,0.6868555921271607,0.7271898622773867
1181004870353387521,2025-12-13,0.0,0.38471801256081456,0.689716969534911
1180988104226963457,2025-12-13,1.0,0.4039020235972839,0.3269679741634093
1180993865436135425,2025-12-13,1.0,0.5161640760385819,0.6905458619090815
1181006147968303105,2025-12-13,1.0,0.6355502587396712,0.7014403163712415
1180982551840489473,2025-12-13,0.0,0.20960480385076344,0.5071610043294104
1181019701613854721,2025-12-13,0.0,0.2681329325288705,0.37089801668797484
1181005945997852673,2026-01-24,1.0,0.8975642527147605,0.8034354172807596
1180981441932722177,2026-01-24,0.0,0.28201722728043027,0.6853721469127574
1181028311570317313,2026-01-24,1.0,0.7619982567640871,0.6554733556423842
1181004900391813121,2026-01-24,0.0,0.1842350777273575,0.3030698330947736
1180995579872575489,2026-01-24,1.0,0.7429244185128683,0.95235642290015
1181018875464318977,2026-01-24,1.0,0.37580765586228393,0.5582992439010045
1180990912609681409,2026-01-24,1.0,0.42040129165458046,0.4493039773888931
1181005130081533953,2026-01-24,1.0,0.31994955682261245,0.43501431799671414
1181029289682108417,2026-01-24,1.0,0.6617269761016471,0.6885205410023714
1181004681384919041,2026-01-24,1.0,0.6746989116127219,0.7844378968108701
1181003384375640065,2026-01-24,1.0,0.93169912589608,0.99
1181014077189259265,2026-01-31,0.0,0.2507315894908768,0.24987810817548067
1181020523502731265,2026-01-31,0.0,0.42322632517846037,0.43501431799671414
1181004030071537665,2026-01-31,0.0,0.4653559831127666,0.6408876011725558
1181023388422635521,2026-01-31,1.0,0.5768805772236971,0.687074735182275
1181027816125431809,2026-01-31,1.0,0.900989104370537,0.7898836660359384
1181003763605667841,2026-01-31,1.0,0.5884725823194902,0.38637376846845756
1180990217155969025,2026-01-31,1.0,0.7746865682018881,0.7359431048269011
1181029400668372993,2026-01-31,1.0,,0.3526754705772326
1181023577068568577,2026-01-31,0.0,0.7026211673274168,0.6465825688715461
1181035303111294977,2026-01-31,0.0,0.2593237276057636,0.3030698330947736
1181001592278876161,2026-01-31,1.0,0.5454769534402111,0.4651489471806795
1181001325488603137,2026-01-31,0.0,0.29083892473039197,0.43947548298144395
1181028263302758401,2026-01-31,1.0,0.44445956805755465,0.6167374920264139
1181005173794799617,2026-02-07,0.0,0.5674211438948035,0.6009496209108279
1180989261435469825,2026-02-07,0.0,0.4005691950969471,0.4714524387530006
1180999671006101505,2026-02-07,0.0,0.13182407247144545,0.09095212003401977
1181017147926249473,2026-02-07,1.0,0.6355502587396712,0.3678816641194223
1181031831688970241,2026-02-07,1.0,0.7179827727195698,0.43868721481864636
1180986391408476161,2026-02-07,1.0,0.5892583277501331,0.43501431799671414
1180986212788436993,2026-02-07,1.0,,0.8123418622737524
1180991686882951169,2026-02-07,1.0,,0.8154246428387797
1180986004270317569,2026-02-07,1.0,0.7903951961492366,0.9577428551171377
1180981776602300417,2026-02-07,0.0,0.5884725823194902,0.6941239033165113
1180980544380502017,2026-02-07,0.0,0.20960480385076344,0.37984647623099055
1181027682843230209,2026-02-07,1.0,0.7696203727998492,0.6822423827010323
1180986245280563201,2026-02-07,0.0,0.26249232878022083,0.43501431799671414
1181022222856126465,2026-02-21,0.0,0.33202969735263393,0.30169783964383246
1181026049452507137,2026-02-21,0.0,0.6543165880625142,0.4213078861687328
1180995484822863873,2026-02-21,0.0,0.2507315894908768,0.3495381421867632
1180995386902446081,2026-02-21,1.0,0.7758029482595479,0.721995419299225
1181022119715504129,2026-02-21,0.0,0.4495465966334472,0.4474304115570163
1181030973985423361,2026-02-21,0.0,0.4115274176805098,0.4230306991537434
1180995795234652161,2026-02-21,0.0,0.33083928763518883,0.2805225702819259
1180998324159152129,2026-02-21,1.0,,0.7653175585673859
1181019336674803713,2026-02-21,0.0,0.11091151067271089,0.3100677660011809
1181009352187346945,2026-02-21,1.0,0.7492684105091233,0.7263641976987301
1180989137220796417,2026-02-21,0.0,0.5232687053772038,0.4230306991537434
1180998259427344385,2026-02-21,1.0,,0.41623412625702616
1181011156414922753,2026-02-21,1.0,0.2810312199868285,0.11821715116129361
1180988659681591297,2026-02-28,1.0,0.8078337061586446,0.6966608436044505
1181027751051591681,2026-02-28,1.0,0.859528922096938,0.7936751316767058
1180990972523380737,2026-02-28,1.0,0.7375076712197791,0.710913998091136
1181024986294616065,2026-02-28,0.0,0.12918083969235286,0.22772139192668495
1181023598716256257,2026-02-28,1.0,0.8398272926649772,0.9877067179942418
1181025183006621697,2026-02-28,0.0,0.26249232878022083,0.3070315454183549
1181032385111359489,2026-02-28,0.0,,0.3412068256442095
1181007682272559105,2026-02-28,0.0,0.8173164362964571,0.6568632252561902
1181019814700515329,2026-02-28,1.0,0.3832021341754413,0.569851854002414
1180993939933462529,2026-02-28,1.0,0.6167978658245588,0.7701665398871825
1180997289414000641,2026-02-28,1.0,0.854591074416724,0.9681964505903412
1181031421645586433,2026-02-28,1.0,0.6976486398539522,0.7465195730000542
1181019910586499073,2026-02-28,0.0,0.6543165880625142,0.5234853148387469
1181029136493346817,2026-03-07,0.0,0.6241923441377161,0.7037207961154225
1181003266579070977,2026-03-07,1.0,0.6106572196482503,0.49006443575541236
1180980177315528705,2026-03-07,1.0,0.6830470344445889,0.7465195730000542
1181000523868143617,2026-03-07,0.0,0.4005461953487321,0.10290796785975868
1181004264825290753,2026-03-07,0.0,0.286544309847184,0.3461433754710378
1180999284289372161,2026-03-07,1.0,0.48139255344733073,0.2651473368981913
1180986902722117633,2026-03-07,0.0,0.6679703026473661,0.7525126599855246
1180988693270167553,2026-03-07,1.0,0.6976486398539522,0.6936413332029996
1180990212799463425,2026-03-07,1.0,0.8890884893272891,0.7465195730000542
1181027263994134529,2026-03-07,0.0,0.3644497412603289,0.3686605907739755
1181013204193181697,2026-03-07,0.0,0.6635811059272542,0.7290576440116515
1181005522470240257,2026-03-07,1.0,,0.38581017118619143
1181034634418454529,2026-03-14,1.0,0.6976486398539522,0.6966608436044505
1180996905080782849,2026-03-14,0.0,0.23510250153462806,0.12706539274207768
1181026382224064513,2026-03-14,1.0,0.859528922096938,0.6966608436044505
1181022499744710657,2026-03-14,0.0,0.3456834119374858,0.28775585706126533
1181029498170867713,2026-03-14,0.0,0.29083892473039197,0.3330168517965298
1181021387383439361,2026-03-14,0.0,,0.24831402643338932
1181015160151769089,2026-03-14,1.0,0.5768805772236971,0.6966608436044505
1180982569229746177,2026-03-14,0.0,0.4883754295762975,0.4565855271412285
1180998302306500609,2026-03-14,0.0,0.19901737042498635,0.10700652319716607
1181009239167762433,2026-03-14,1.0,0.709161075269608,0.7114725028401293
1180984160613040129,2026-03-14,1.0,0.6800504431773876,0.4209329248363112
1181001841355390977,2026-03-14,0.0,0.1666985997350287,0.05978164424554271
1180996950345318401,2026-03-14,1.0,0.2962424293683342,0.25130586725001425
1181018871074717697,2026-03-14,1.0,0.6059243538477189,0.6704892703970684
1181000717155532801,2026-03-21,1.0,0.8157649222726425,0.7351986617163956
1180992057109282817,2026-03-21,0.0,0.6928681687131446,0.7232346690232011
1180980463817293825,2026-03-21,0.0,0.5346440168872334,0.49006443575541236
1181004521547792385,2026-03-21,1.0,0.8890884893272891,0.8072097715519119
1181019059464732673,2026-03-21,1.0,0.5768805772236971,0.473957282381349
1181020016217194497,2026-03-21,1.0,0.3071318312868554,0.5912573926667577
1181020956401467393,2026-03-21,1.0,0.8775219726548874,0.6900925365945126
1181031128011800577,2026-03-21,0.0,0.3023513601460478,0.3471823385349241
1180984296025587713,2026-03-21,1.0,,0.5077845410922452
1181030197717073921,2026-03-21,1.0,0.6395253824239554,0.5217179683502521
1181002577424351233,2026-03-21,1.0,0.6868555921271607,0.7257716387381847
1180999548854501377,2026-03-21,0.0,0.19901737042498635,0.22772139192668495
1180985179829305345,2026-03-21,1.0,0.8497799822371904,0.823457963437248
1181025871130361857,2026-03-28,1.0,0.6306206271618208,0.48056176342418244
1180989257080504321,2026-03-28,1.0,0.8633677286950617,0.783695704083393
1181004439825711105,2026-03-28,0.0,0.4452395009264977,0.5392543861388943
1180979972890853377,2026-03-28,0.0,0.5675474523104849,0.28866360090158344
1180999998096343041,2026-03-28,0.0,0.23510250153462806,0.4209329248363112
1180984918684925953,2026-03-28,0.0,0.7327275438518094,0.7942635660449361
1181003114003660801,2026-03-28,1.0,0.5116245704237026,0.719099545795426
1181023417104236545,2026-03-28,1.0,0.859528922096938,0.7773147373945052
1181006143613173761,2026-03-28,0.0,0.7371579934141145,0.7956653850071025
1180993992555069441,2026-03-28,1.0,0.8890884893272891,0.8062531864929832
1180979755981537281,2026-03-28,0.0,0.5454769534402111,0.6298075579327019
1180985269587214337,2026-03-28,1.0,0.36937937283817923,0.28122932204654744
1181017412102225921,2026-04-04,1.0,0.5365736290398376,0.6823020182519121
1180995778069037057,2026-04-04,1.0,0.7949007605541955,0.7015437124556834
1180996173302693889,2026-04-04,1.0,0.5494709909275274,0.7659301586938493
1181014278222970881,2026-04-04,1.0,,0.6932713264782496
1181000350774067201,2026-04-04,1.0,0.41956765886851666,0.5966084505174959
1181032443798880257,2026-04-04,1.0,0.9429604010236234,0.7843613026139356
1180998276431183873,2026-04-04,1.0,0.7623292159860717,0.6966608436044505
1180985410805923841,2026-04-04,1.0,0.5496670891216099,0.395458793625971
1181002304117571585,2026-04-04,1.0,0.5767736748215396,0.4175018584176385
1181030511998173185,2026-04-04,0.0,0.483835923961418,0.46722520908958853
1181004223751880705,2026-04-04,0.0,0.6770353384286144,0.6966608436044505
1181025929529884673,2026-04-04,1.0,0.8987121679472793,0.7465195730000542
1180986592438091777,2026-04-04,0.0,0.8517326621209326,0.7465195730000542
1180988025534873601,2026-04-11,0.0,0.5409563476141321,0.534988423969458
1180995703668244481,2026-04-11,0.0,0.6563026786456592,0.6516123764269938
1181005403417182209,2026-04-11,1.0,0.6313787175874339,0.7689420219968369
1181031370572136449,2026-04-11,0.0,0.2681329325288705,0.4209329248363112
1181032360558690305,2026-04-11,1.0,0.563534092953399,0.6775551473848272
1181006333582442497,2026-04-11,1.0,0.5960979764027162,0.6288973135915531
1180989903229386753,2026-04-11,1.0,0.5,0.4260650469821312
1181031748093673473,2026-04-11,1.0,0.6227064558399238,0.4260650469821312
1181021539345629185,2026-04-11,1.0,0.5,0.6377902519971496
1181031870664081409,2026-04-11,0.0,0.5116245704237026,0.395458793625971
1181005820006662145,2026-04-11,0.0,0.7071317325363287,0.7492074200558113
1181017817949601793,2026-04-18,1.0,0.7429244185128683,0.6248065036390207
1181022218985209857,2026-04-18,0.0,0.40729233447782137,0.6609057303253636
1181027182980530177,2026-04-18,0.0,0.42322632517846037,0.6692969336274116
1180985435328413697,2026-04-18,0.0,0.16918745084493955,0.13807489296008577
1180981004947652609,2026-04-18,1.0,0.41956765886851666,0.4988413695114068
1181034544307404801,2026-04-18,0.0,0.7067666768616707,0.6966608436044505
1180996358335922177,2026-04-18,1.0,,0.4897914426810629
1181010559629754369,2026-04-18,0.0,0.6106592935177629,0.6886865495306298
1181019275147739137,2026-04-18,0.0,0.4269512034677213,0.4988413695114068
1180991165948559361,2026-04-18,0.0,0.2681329325288705,0.024253240898629357
1180988794642006017,2026-04-18,0.0,0.4005691950969471,0.7114725028401293
1181007484526919681,2026-04-25,1.0,0.5547604990735023,0.3379004460183951
1181000317443768321,2026-04-25,0.0,0.6679703026473661,0.7182531238565534
1181025591887626241,2026-04-25,0.0,0.7026211673274168,0.7465195730000542
1181000519447740417,2026-04-25,0.0,0.8517326621209326,0.8129713332816018
1181007975357972481,2026-04-25,0.0,0.4324525476895152,0.739365623727898
1180990788231561217,2026-04-25,0.0,0.2162920672600194,0.3070315454183549
1180990533246484481,2026-04-25,0.0,0.5547604990735023,0.4696689908120504
1180985586643566593,2026-04-25,0.0,0.6306206271618208,0.7066841572253153
1181034913720500225,2026-04-25,1.0,0.4452395009264977,0.56071232921119
1181005716470661121,2026-04-25,1.0,0.4545230465597889,0.6456443658769713
1180989408171622401,2026-04-25,1.0,0.8398272926649772,0.6886865495306298
1180981101773750273,2026-04-25,1.0,0.2962424293683342,0.2932119150004654
1181000285018685441,2026-04-25,1.0,0.6395253824239554,0.43483555183054834
1180994411919835137,2026-05-02,1.0,0.6746989116127219,0.6189097609054656
1181018922793369601,2026-05-02,0.0,0.5703237791805462,0.4016420064634054
1180998332827828225,2026-05-02,0.0,0.5,0.7660192300686881
1181035058358484993,2026-05-02,0.0,0.6691607123648111,0.739365623727898
1180997394562744321,2026-05-02,0.0,0.22531343179811186,0.3288096509192219
1181027403568087041,2026-05-02,1.0,0.5675474523104849,0.7465195730000542
1180990476332335105,2026-05-02,1.0,0.6106572196482503,0.6966608436044505
1181032116062814209,2026-05-02,1.0,0.8633677286950617,0.7942635660449361
1181024731472953345,2026-05-02,0.0,0.4005461953487321,0.7467053136693155
1181001530397589505,2026-05-02,0.0,0.3893427803517498,0.4140500459002352
1181024626970460161,2026-05-02,1.0,0.9327928218421015,0.9811102546531546
1181005962418978817,2026-05-02,0.0,0.5232687053772038,0.4824508124969987
1181007032220647425,2026-05-02,1.0,0.6679703026473661,0.6886865495306298
1180995575066165249,2026-05-09,1.0,0.5675474523104849,0.3412068256442095
1181035134791122945,2026-05-09,1.0,0.4115274176805098,0.44606787042730917
1181006610439012353,2026-05-09,1.0,0.6480649095376969,0.5818858870496076
1180994128002613249,2026-05-09,0.0,0.8254262965632324,0.7854968758131093
1181006944047497217,2026-05-09,1.0,0.2681329325288705,0.36418794316386827
1181007678402297857,2026-05-09,1.0,0.7955303307352459,0.9173393199632177
1180982019226009601,2026-05-09,0.0,0.3743178218040352,0.5214400900077064
1180992811340988417,2026-05-09,0.0,0.3721639513855736,0.5147018194491815
1180999084932792321,2026-05-09,1.0,0.93169912589608,0.9683875906256879
1181033827081519105,2026-05-09,1.0,0.8589019158549791,0.7701665398871825
1180989060433149953,2026-05-09,1.0,0.6306206271618208,0.5535676210916488
1180997845192441857,2026-05-09,1.0,0.5767736748215396,0.6886865495306298
1181020994989096961,2026-05-09,1.0,,0.31054853716639236
1181005510306267137,2026-05-16,1.0,0.6306206271618208,0.5589962090000808
1180981436961030145,2026-05-16,1.0,0.5278865694608769,0.4525851693260959
1181002070945202177,2026-05-16,0.0,0.4005461953487321,0.4209329248363112
1180990208476807169,2026-05-16,1.0,0.36937937283817923,0.49006443575541236
1180999106581725185,2026-05-16,0.0,0.7179827727195698,0.28832661149982186
1180990907962261505,2026-05-16,1.0,0.7463199967531164,0.6775753320357826
1180994214175637505,2026-05-16,1.0,0.4005461953487321,0.3664155979243175
1180996614993838081,2026-05-16,0.0,0.4545230465597889,0.6886865495306298
1180985651106971649,2026-05-16,0.0,0.4115274176805098,0.29716529574933687
1180993336985092097,2026-05-16,1.0,0.39407564615228113,0.3118627192137568
1180985097652305921,2026-05-16,0.0,0.2722718627837095,0.6226229827245521
1180983539952615425,2026-05-16,1.0,0.6461216656103851,0.6886865495306298
1181035660079923201,2026-05-16,0.0,0.48139255344733073,0.29932327108030654
1180980248909152257,2026-05-28,1.0,,0.6772491745320757
1181024684787662849,2026-05-28,1.0,,0.739365623727898
1181026740029227009,2026-05-28,0.0,,0.4582393325710533
1181025151517917185,2026-05-28,1.0,,0.9251868886698054
1180981382113525761,2026-05-28,1.0,,0.7182531238565534
1180993721505185793,2026-05-28,0.0,,0.6772491745320757
1181035147568840705,2026-05-28,0.0,,0.49400432645234593
1181021025833975809,2026-05-28,0.0,,0.5345558869620262
1180991742148608001,2026-05-28,1.0,,0.7942635660449361
1180983159883988993,2026-05-28,0.0,,0.6609057303253636
1180983591801421825,2026-05-29,0.0,,0.46722520908958853
1181005016379621377,2026-05-29,1.0,,0.5589962090000808
1180979751916470273,2026-05-29,1.0,,0.36806208070847396
1181025314836119553,2026-05-29,1.0,,0.4984340570915188
1180988420768333825,2026-05-29,1.0,,0.5726998606780956
1180985023318065153,2026-05-29,0.0,,0.3977706677454361
1180999679554715649,2026-05-29,0.0,,0.7528308135936765
1180986326260973569,2026-05-29,0.0,,0.3087759394813987
1181018337429618689,2026-05-29,1.0,,0.6966608436044505
1181034194597019649,2026-05-29,1.0,,0.7443913791932257
1180998831627567105,2026-05-30,0.0,0.37580765586228393,0.6775753320357826
1181030578497028097,2026-05-30,1.0,0.8497799822371904,0.7471996575466423
1181008526231371777,2026-05-30,1.0,0.7406762723942364,0.8251334181240252
1180982522091962369,2026-05-30,0.0,0.4545230465597889,0.5417618274061365
1180983295457230849,2026-05-30,0.0,,0.23817960324846768
1181003380728954881,2026-05-30,1.0,0.8446502334606127,0.7471996575466423
1181035656207564801,2026-05-30,0.0,,0.540326415457956
1181009431169269761,2026-05-30,1.0,0.7955303307352459,0.7543125801311686
1181012006555385857,2026-05-30,1.0,,0.3864821670165312
1180983976225406977,2026-05-30,1.0,0.7238501140103533,0.739365623727898
1180999203469066241,2026-05-30,0.0,,0.39388500429649165
1181026305402765313,2026-05-30,0.0,0.7037575706316658,0.6609057303253636
1181221507928227841,2026-06-06,1.0,0.779085982795508,0.5967500687503074
1181221420077121537,2026-06-06,1.0,0.6579817515508681,0.616281736978782
1181221470791991297,2026-06-06,1.0,0.8113253757670195,0.7465195730000542
1181221449951543297,2026-06-06,1.0,0.7788560634960561,0.6772491745320757
1181221518124220417,2026-06-06,1.0,0.7359490272072782,0.787532819357661
1181221410113552385,2026-06-06,0.0,0.5236282539562211,0.3118627192137568
1181221499087978497,2026-06-06,0.0,0.3522373297419614,0.6966608436044505
1181221430141517825,2026-06-06,0.0,0.7423725896326002,0.7730565153557374
1181221489795203073,2026-06-06,0.0,0.4714957093297164,0.3683798963143214
1181221480375943169,2026-06-06,0.0,0.5522677938526374,0.40621137902625676
1181221439950356481,2026-06-06,1.0,0.5634902723779754,0.427309490674354
1181221460922204161,2026-06-06,0.0,0.14604037093057715,0.29493328747575365
1181221570747334657,2026-06-14,1.0,0.8340988531938208,0.7936751316767058
1181221560650301441,2026-06-14,1.0,0.798360399402687,0.788403171323236
1181221590201827329,2026-06-14,1.0,,0.4639002894908997
1181221580428148737,2026-06-14,1.0,0.746401504791883,0.6966608436044505
1181221529448382465,2026-06-14,0.0,0.8185475623460803,0.9004519096697592
1181221539385278465,2026-06-14,0.0,0.501452018903183,0.3683798963143214
1181221549386989569,2026-06-14,1.0,0.8047961010394473,0.8323734222583337
1181221610786586625,2026-06-20,0.0,0.25600190595654665,0.2897455624945232
1181221681573691393,2026-06-20,0.0,0.5245946407573553,0.3002521223496066
1181221620820246529,2026-06-20,0.0,0.381990928957508,0.36418794316386827
1181221630692917249,2026-06-20,0.0,0.8542595854940763,0.823457963437248
1184411916109512735,2026-06-20,1.0,,0.4260650469821312
1181221661989797889,2026-06-20,0.0,0.6505470390134888,0.5967500687503074
1181221671573716993,2026-06-20,1.0,,0.10894137570096459
1181221640664023041,2026-06-20,0.0,0.2617465733304852,0.29493328747575365
1184242995619430401,2026-06-20,0.0,0.2592469871598581,0.23968745883796058
1181221650633392129,2026-06-20,1.0,0.8354865607524931,0.7848901582665319
1181221600849264641,2026-06-20,1.0,0.5987831243542076,0.33214575627383336
1184242907733032961,2026-06-20,1.0,0.6845337086376296,0.9719417354534066
1181221781088108545,2026-06-27,1.0,,0.7324416222571836
1181221722452000769,2026-06-27,1.0,,0.7754901108446338
1184411916109512734,2026-06-27,1.0,,0.46722520908958853
1181221771438358529,2026-06-27,1.0,,0.6966608436044505
1181221751812423681,2026-06-27,1.0,,0.7465195730000542
1181221821223469057,2026-06-27,1.0,,0.34220217204837244
1184411916109512733,2026-06-27,1.0,,0.7942635660449361
1181221790863523841,2026-06-27,1.0,,0.6134199341914791
1181221761750368257,2026-06-27,1.0,,0.33064224333600717
1181221732195041281,2026-06-27,0.0,,0.4209329248363112
1181221742133673985,2026-06-27,1.0,,0.747305665518437
1181221811188269057,2026-06-27,0.0,,0.28775585706126533
1181221712289726465,2026-06-27,1.0,0.5547604990735023,0.21675398790905123
1181663169506672641,2026-07-11,0.0,0.5749127286792953,0.5726998606780956
1181663179347099649,2026-07-11,1.0,0.3252741280104723,0.3528929226583985
1181663159794991105,2026-07-11,0.0,0.5614462307732873,0.7554736586798446
1184411916109512707,2026-07-11,1.0,0.42000035500726735,0.5721473104021716
1181663262619795457,2026-07-11,1.0,0.5618787746250221,0.7554736586798446
1181663208577302529,2026-07-11,1.0,,0.7670045791404412
1181663228000665601,2026-07-11,0.0,0.20706818984937803,0.43258713518517755
1181663149507706881,2026-07-11,0.0,0.3276429209368238,0.11636299817952576
1181663218194251777,2026-07-11,1.0,0.6706405986688794,0.7854968758131093
1181663189155414017,2026-07-11,1.0,0.9545853345692101,0.7939366943007136
1184411916109512736,2026-07-11,1.0,,0.8129713332816018
1181663243132305409,2026-07-11,0.0,0.48682557469011173,0.46722520908958853
1181663198672519169,2026-07-11,1.0,0.42900328176272423,0.5976315190713754
1184411916109512709,2026-07-11,1.0,0.7071110036408957,0.7030956349212024
1184411916109512717,2026-07-18,1.0,0.38201750779896804,0.7015437124556834
3,2026-07-18,0.0,,0.320743392305029
1184411916109512713,2026-07-18,0.0,0.5536756622351935,0.6226229827245521
1184411916109512716,2026-07-18,1.0,0.9058892426896437,0.9175053944241739
1184411916109512715,2026-07-18,0.0,,0.47163863506892256
2,2026-07-18,1.0,,0.6966608436044505
1184411916109512712,2026-07-18,1.0,0.6611282599635498,0.6886865495306298
1,2026-07-18,1.0,,0.4988413695114068
1184411916109512710,2026-07-18,1.0,0.6586185720560496,0.6823020182519121
1183106027040931841,2026-07-18,0.0,0.22942838676956454,0.14760986440858065
1183106017006059521,2026-07-18,1.0,0.7717737908138399,0.9136674870566177
1184411916109512711,2026-07-18,0.0,0.18263682186976932,0.23817960324846768
1184411916109512761,2026-07-25,1.0,,0.5472797340254725
1184411916109512750,2026-07-25,1.0,0.8253036247043405,0.7554736586798446
1184411896079351809,2026-07-25,0.0,0.5454902472437341,0.7554736586798446
1184411889456021505,2026-07-25,1.0,0.8557046889100713,0.6996646814109354
1184411916109512737,2026-07-25,1.0,0.7732039321105383,0.5912573926667577
1184411916109512748,2026-07-25,0.0,0.2078751703486435,0.28122932204654744
1184411875656073217,2026-07-25,1.0,0.7137900535807592,0.46722520908958853
4,2026-07-25,0.0,,0.7576993785837668
1184411916109512767,2026-07-25,0.0,,0.34526928377099214
1184411916109512718,2026-07-25,0.0,0.5800793474690482,0.33531096801940136
1184411882264199169,2026-07-25,1.0,0.7203620328770454,0.6966608436044505
1184411909315002369,2026-07-25,0.0,0.3585472384852322,0.42764606983780246
1184411916109512722,2026-08-01,0.0,,0.6451801915708644
1184411916109512731,2026-08-01,1.0,,0.7015437124556834
5,2026-08-01,1.0,,0.7956653850071025
1184411916109512777,2026-08-01,0.0,,0.5427758724125953
1184411916109512726,2026-08-01,0.0,,0.7701665398871825
1184411916109512749,2026-08-01,1.0,,0.9811102546531546
1184411916109512721,2026-08-01,1.0,,0.6758186416423732
1184411916109512723,2026-08-01,0.0,,0.5589962090000808
1184411916109512730,2026-08-01,0.0,,0.41891309012078753
1184411916109512752,2026-08-01,0.0,,0.28122932204654744
1184411916109512728,2026-08-01,0.0,,0.49006972666057547
1184411916109512778,2026-08-01,1.0,,0.8998004237401028
1184411916109512779,2026-08-01,0.0,,0.28122932204654744
1184411916109512719,2026-08-01,1.0,,0.5874474815587184
1184411916109512765,2026-08-08,1.0,0.7317935701203633,0.7773521466908293
1184411916109512766,2026-08-08,0.0,0.2936389611362154,0.28866360090158344
1184411916109512764,2026-08-08,0.0,,0.7554736586798446
6,2026-08-08,1.0,,0.7528308135936765
1184411916109512769,2026-08-08,0.0,,0.12706539274207768
1184411916109512763,2026-08-08,1.0,,0.739365623727898
1184411916109512762,2026-08-08,1.0,0.576368118043153,0.7037207961154225
1184411916109512768,2026-08-08,1.0,0.21091690442474853,0.6966608436044505
1184411916109512770,2026-08-08,1.0,0.7399173310095772,0.6966608436044505
1184411916109512792,2026-08-08,1.0,,0.7015437124556834
7,2026-08-08,0.0,,0.3783168184755319
1184411916109512732,2026-08-08,0.0,0.42943025135913643,0.5046443684803497
1184411916109512738,2026-08-15,1.0,0.762854229690803,0.6525936782572461
1184411916109512746,2026-08-15,0.0,0.48780557109372485,0.6692498727635056
1184411916109512743,2026-08-15,0.0,0.1469474955825407,0.18197159351002232
1184411916109512747,2026-08-15,1.0,0.4347194031014423,0.4810359023652859
1184411916109512739,2026-08-15,1.0,0.6624413739642422,0.352708040958124
1184411916109512780,2026-08-15,1.0,0.7228977751636801,0.7936751316767058
1184411916109512804,2026-08-15,1.0,0.5365736290398376,0.38026900761729593
1184411916109512742,2026-08-15,0.0,0.8593169313134218,0.4859536242158327
1184411916109512787,2026-08-15,1.0,0.2548179827802749,0.1306646080706844
1184411916109512744,2026-08-15,1.0,0.09164852815983454,0.12706539274207768
1184411916109512788,2026-08-15,0.0,0.270947018978888,0.610487463167859
1184411916109512741,2026-08-15,1.0,0.5776727469059167,0.4503444502945309
1184411916109512758,2026-08-22,0.0,0.38020135858546844,0.4824508124969987
9,2026-08-22,1.0,,0.7736869859320373
10,2026-08-22,0.0,,0.6936413332029996
1184411916109512755,2026-08-22,0.0,,0.381485969871506
1184411916109512754,2026-08-22,0.0,0.7891766917165826,0.28775585706126533
1184411916109512811,2026-08-22,1.0,0.21593060894309773,0.4260650469821312
1184411916109512757,2026-08-22,1.0,0.842203125514874,0.739365623727898
1184411916109512759,2026-08-22,1.0,0.882874179781638,0.7898198133627577
1184411916109512756,2026-08-22,0.0,0.4399917768266228,0.6263376798251441
8,2026-08-22,1.0,,0.4673016513590958
1184411916109512809,2026-08-22,1.0,0.2562616483786763,0.3814211711815759
1184411916109512753,2026-08-22,0.0,0.6382499049147999,0.6936413332029996
1184411916109512810,2026-08-22,1.0,0.4878448880415845,0.7015437124556834
1184411916109512829,2026-08-29,1.0,,0.3980143709362933
1184411916109512771,2026-08-29,0.0,0.8484224234654665,0.7648235674495575
1184411916109512773,2026-08-29,1.0,,0.6966608436044505
12,2026-08-29,0.0,,0.6886865495306298
13,2026-08-29,0.0,,0.7457943316429034
1184411916109512790,2026-08-29,0.0,,0.15966762686652694
1184411916109512772,2026-08-29,0.0,0.5859643494255914,0.25809895015734013
14,2026-08-29,0.0,,0.664139066204744
11,2026-08-29,1.0,,0.6936413332029996
1184411916109512784,2026-08-29,0.0,0.42975378451216445,0.5751934286169577
1184411916109512776,2026-08-29,0.0,,0.3703113522903656
1184411916109512789,2026-08-29,0.0,0.28418536030673297,0.6263376798251441
1184411916109512791,2026-09-05,1.0,0.5137500565300975,0.3528929226583985
15,2026-09-05,0.0,,0.38656465035477716
1184411916109512831,2026-09-05,1.0,0.6824784436794351,0.778499227722826
17,2026-09-05,0.0,,0.6625810049500603
1184411916109512781,2026-09-05,1.0,0.6131340787662344,0.6345439392354164
1184411916109512783,2026-09-05,1.0,0.7445144989152314,0.7880759280033842
1184411916109512808,2026-09-05,1.0,,0.31130947145207066
1184411916109512807,2026-09-05,0.0,0.6773733661949092,0.7554736586798446
1184411916109512782,2026-09-05,1.0,0.7808104996081058,0.7232346690232011
1184411916109512805,2026-09-05,0.0,0.5849834918858317,0.6433611054205903
1184411916109512825,2026-09-05,1.0,0.5706940917397239,0.5057620007678294
16,2026-09-05,0.0,,0.7015437124556834
1184411916109512806,2026-09-05,1.0,0.7744175872250327,0.7554736586798446
1184411916109512786,2026-09-05,0.0,0.3459332955969599,0.28775585706126533
1184411916109512848,2026-09-12,0.0,0.20093074704217656,0.3330168517965298
1184411916109512851,2026-09-12,1.0,,0.4988413695114068
1184411916109512799,2026-09-12,1.0,0.3336498893210088,0.5234853148387469
1184411916109512832,2026-09-12,1.0,0.7954469809937275,0.46722520908958853
1184411916109512798,2026-09-12,1.0,0.7919543379966979,0.7879665072380869
1184411916109512797,2026-09-12,0.0,0.6489942435625149,0.6772491745320757
1184411916109512827,2026-09-12,0.0,,0.46722520908958853
1184411916109512803,2026-09-12,1.0,0.5934964258290917,0.6035577535651532
1184411916109512802,2026-09-12,0.0,0.2744319074294241,0.4988413695114068
1184411916109512830,2026-09-12,1.0,0.8778006918738982,0.764982547678819
1184411916109512795,2026-09-12,1.0,0.48465941008214247,0.533750934690127
1184411916109512800,2026-09-12,1.0,0.8326820709147831,0.7554736586798446
1184411916109512796,2026-09-12,0.0,0.6957260851106756,0.6826254624504988
1184411916109512812,2026-09-19,1.0,0.5544945002273761,0.7561375672546974
1184411916109512821,2026-09-19,0.0,0.20939819882717348,0.16766047885309748
1184411916109512820,2026-09-19,1.0,0.6182328525015365,0.7592396208708373
1184411916109512823,2026-09-19,1.0,0.8347384840048374,0.9734645146262375
1184411916109512822,2026-09-19,1.0,0.6738937709944535,0.6966608436044505
1184411916109512818,2026-09-19,1.0,0.33041740618501714,0.22772139192668495
1184411916109512819,2026-09-19,0.0,0.1441386080856169,0.6659072065878355
1184411916109512813,2026-09-19,1.0,0.7460257864431904,0.778499227722826
1184411916109512824,2026-09-19,1.0,,0.7085375659961132
1184411916109512816,2026-09-19,1.0,0.30160888628209687,0.335394576945901
1184411916109512817,2026-09-19,0.0,0.9501827334106979,0.9007738908849616
1184411916109512814,2026-09-19,1.0,0.28168101416438246,0.29493328747575365
1184411916109512898,2026-09-26,1.0,,0.6966608436044505
1184411916109512835,2026-09-26,1.0,0.5707893265457281,0.6644719085263759
1184411916109512852,2026-09-26,0.0,0.3385229162699058,0.5777481604882213
1184411916109512834,2026-09-26,0.0,0.616930458712054,0.5905896155016597
1184411916109512833,2026-09-26,1.0,0.6488544922625101,0.6886865495306298
1184411916109512836,2026-09-26,1.0,0.24516813724525707,0.34220217204837244
1184411916109512837,2026-09-26,0.0,,0.7286313244861308
1184411916109512838,2026-09-26,0.0,,0.38723237406750366
1184411916109512839,2026-09-26,0.0,0.44297446625362163,0.4525851693260959
1184411916109512828,2026-09-26,1.0,0.6325304619477382,0.6403158468825846
1184411916109512840,2026-09-26,0.0,0.1120390856514564,0.05584945778217699
