fight_id,date,red_wins,odds_red_prob,model_prob
1180998120177106945,2022-06-18,1.0,0.28794122943805506,0.46654333515702456
1181025723523006465,2022-06-18,0.0,0.5116245704237026,0.5332475450554782
1180993905376624641,2022-06-18,1.0,0.7225303260253133,0.7390789833700271
1181001874591285249,2022-06-18,0.0,0.6841246739742736,0.5429814890258985
1181034870259580929,2022-06-18,0.0,0.16976823170113797,0.06763656250414196
1181016244860387329,2022-06-18,1.0,0.6204462513081671,0.7192062014566905
1181020074421288961,2022-06-18,1.0,0.720780213342408,0.7194128223599812
1181024926573101057,2022-06-18,0.0,0.38784796411544314,0.5697793693258975
1181009647111733249,2022-06-18,1.0,0.7101685164746395,0.7169106847756752
1181028440528584705,2022-06-25,1.0,0.4653559831127666,0.644048984796647
1180996933117083649,2022-06-25,1.0,0.5346440168872334,0.6075303886813136
1180986377882304513,2022-06-25,1.0,0.4883754295762975,0.5841165653023445
1181024671301369857,2022-06-25,0.0,0.10775703199691472,0.010000000000000002
1181006062051328001,2022-06-25,1.0,0.7048125839805354,0.5880015396849578
1181024196342644737,2022-06-25,0.0,0.19072488287279776,0.44072623434275177
1180986419665436673,2022-06-25,0.0,0.37654600676951044,0.43699386926469463
1180998453720907777,2022-06-25,1.0,0.3158753260257265,0.46243186741421194
1181027618154741761,2022-06-25,0.0,0.4167807605297468,0.6704451837483861
1180991417542344705,2022-06-25,0.0,0.5183468039521815,0.5583312305930699
1181005425775673345,2022-06-25,0.0,0.7225303260253133,0.6831301500664446
1180990067967983617,2022-06-25,1.0,0.3489320225780231,0.6113421742942845
1180979999767592961,2022-07-02,1.0,0.8153146881787778,0.8769493248474407
1181008816446832641,2022-07-02,0.0,0.2500547966021925,0.3474849392409202
1180985345859715073,2022-07-02,0.0,0.5261178991280282,0.48952663748346187
1181032486323716097,2022-07-02,0.0,0.4216489622397534,0.39498585879296183
1180994660706254849,2022-07-02,0.0,0.5666103302665491,0.6038902939703413
1181013265782800385,2022-07-02,1.0,0.6453989214419322,0.6887460948071433
1180993525212446721,2022-07-02,1.0,0.6374405031503448,0.6451330550440139
1181007821428588545,2022-07-02,1.0,0.6204462513081671,0.7131561062230811
1180985290461577217,2022-07-02,0.0,0.27229054706206096,0.33204975025758754
1181000092252897281,2022-07-02,0.0,0.40576007216872084,0.43699386926469463
1181031021510656001,2022-07-02,0.0,0.5116245704237026,0.7194128223599812
1180990277166825473,2022-07-09,1.0,0.4441936639397582,0.6075303886813136
1181035531733991425,2022-07-09,1.0,0.36255949684965516,0.07831651654924324
1180983813066162177,2022-07-09,1.0,0.8849847132156888,0.6368516956463447
1181018734277099521,2022-07-09,0.0,0.3216472322878871,0.5537761175487891
1181029185599307777,2022-07-09,0.0,0.22043187214536572,0.3682177272106418
1180992978500124673,2022-07-09,1.0,0.6121520358845569,0.5577299187309909
1181034175950684161,2022-07-09,0.0,0.6374405031503448,0.6851606553430326
1180988725531869185,2022-07-09,1.0,0.6891585306276478,0.660360734151468
1181019526646038529,2022-07-09,0.0,0.5660643505255623,0.644048984796647
1180999730081234945,2022-07-09,0.0,0.34425438871407654,0.5857189983562202
1181029232543432705,2022-07-09,1.0,0.5719657313058413,0.6687518773513651
1180990989815808001,2022-07-16,1.0,0.6190588758643535,0.6152004968679844
1181034251640012801,2022-07-16,1.0,0.4167807605297468,0.5059536984614968
1181017303599120385,2022-07-16,1.0,0.5,0.46654333515702456
1181033981594435585,2022-07-16,1.0,,0.4625937018792008
1181000142896332801,2022-07-16,0.0,0.40811736987722536,0.5719599586934405
1181007536472686593,2022-07-16,0.0,0.5232687053772038,0.5537761175487891
1180981314842034177,2022-07-16,1.0,0.6618365780563534,0.600053236444304
1181023607405084673,2022-07-16,1.0,0.678352767712113,0.6717883002286127
1181028005224841217,2022-07-16,1.0,0.33816342194364657,0.182047979633936
1181022521717915649,2022-07-16,0.0,,0.3753092535180388
1181029877336637441,2022-07-16,0.0,0.6121520358845569,0.5201780727315809
1181022861390413825,2022-07-16,1.0,0.40811736987722536,0.499766134650424
1180988390859374593,2022-07-23,0.0,,0.4675960885867397
1181010592862273537,2022-07-23,1.0,0.7225303260253133,0.5896103603708928
1180996260060626945,2022-07-23,0.0,0.4249084249084249,0.5895483471571032
1180997104146710529,2022-07-23,0.0,0.33816342194364657,0.591134508271245
1181019072852590593,2022-07-23,0.0,0.7828950650952564,0.6581422931492503
1180996927180472321,2022-07-23,1.0,0.4883754295762975,0.7169106847756752
1181018909985341441,2022-07-23,1.0,0.829052915513751,0.6581422931492503
1180984133318737921,2022-07-23,1.0,0.43338966973345094,0.6650481273073453
1180982478053015553,2022-07-23,0.0,0.3550746933923343,0.41052485790895654
1181022135227154433,2022-07-23,1.0,0.7048125839805354,0.4888958790183042
1181033027291742209,2022-07-23,1.0,0.8438376470142493,0.7390789833700271
1181008578401337345,2022-07-23,1.0,0.6453989214419322,0.5644095372981378
1181006427794210817,2022-07-23,1.0,0.8014697285592802,0.6823495075579634
1180998736063528961,2022-07-23,1.0,0.7808753643957537,0.7126354631034495
1180995790555611137,2022-07-26,1.0,,0.6113421742942845
1180999957637038081,2022-07-26,1.0,,0.6038902939703413
1180999102095785985,2022-07-26,0.0,,0.6368516956463447
1180991460807901185,2022-07-26,1.0,,0.524623771832932
1181030296734105601,2022-07-30,1.0,0.6374405031503448,0.4992380693177359
1181029086773575681,2022-07-30,0.0,0.28983148352536053,0.43699386926469463
1180995682147991553,2022-07-30,1.0,,0.7390789833700271
1180983053973749761,2022-07-30,1.0,0.8438579450548475,0.9459868278654124
1181027553918976001,2022-07-30,1.0,0.40811736987722536,0.608317048195538
1181001227633885185,2022-07-30,1.0,0.5346440168872334,0.7194128223599812
1181028533028683777,2022-07-30,1.0,0.5232687053772038,0.4703172504161234
1180982244267786241,2022-07-30,1.0,0.6369126644358724,0.6206135709708933
1181004917071052801,2022-07-30,1.0,0.8438376470142493,0.7390789833700271
1181005737571745793,2022-07-30,1.0,0.6675696367960346,0.5060186610632477
1181022775085727745,2022-07-30,0.0,0.4249084249084249,0.49965753344326513
1181019747426271233,2022-07-30,1.0,0.6618365780563534,0.6784690094777431
1180992043947589633,2022-08-02,0.0,,0.6113421742942845
1181006415306817537,2022-08-02,0.0,,0.5989079859728831
1181033059780427777,2022-08-02,1.0,,0.7126354631034495
1180995622590349313,2022-08-02,1.0,,0.644048984796647
1181024998908297217,2022-08-02,1.0,,0.6365873762150638
1181006782921408513,2022-08-06,1.0,0.8834989230071562,0.7042409696510572
1180982261014593537,2022-08-06,0.0,0.1479275154674703,0.022033455083856193
1181026721995063297,2022-08-06,0.0,,0.4809753681863919
1180986362848870401,2022-08-06,1.0,0.7327054905793494,0.7126354631034495
1181007441133010945,2022-08-06,1.0,0.6453989214419322,0.6955280608485058
1181030564622336001,2022-08-06,1.0,0.28794122943805506,0.524623771832932
1181023623882833921,2022-08-06,0.0,0.6374405031503448,0.6700898626612855
1180990826657611777,2022-08-06,1.0,0.4545230465597889,0.6368516956463447
1181033428911357953,2022-08-06,0.0,,0.3607082810319164
1181012380302311425,2022-08-06,0.0,0.260558845767918,0.5675793807046157
1181021882310885377,2022-08-09,0.0,,0.5206283894513697
1180989020811755521,2022-08-09,1.0,,0.6375898953395414
1180992832506068993,2022-08-09,0.0,,0.644048984796647
1181031497790095361,2022-08-09,0.0,,0.43566493279817275
1181028294018236417,2022-08-13,0.0,0.7379268896717311,0.6851606553430326
1180987170251702273,2022-08-13,1.0,0.756213264668025,0.5970900228567766
1181032045565181953,2022-08-13,0.0,0.2774696739746868,0.5593683657613189
1180991777543651329,2022-08-13,0.0,0.6453989214419322,0.660360734151468
1180991708498657281,2022-08-13,1.0,,0.1392698504932533
1181017897512402945,2022-08-13,1.0,0.6565437460700154,0.5790026164410315
1180990522890944513,2022-08-13,1.0,0.727709452937939,0.6529139675768837
1181021547411406849,2022-08-13,1.0,0.2371600942439208,0.46654333515702456
1181006355812220929,2022-08-13,1.0,0.2486897795025449,0.2629082732853541
1181026114508521473,2022-08-13,0.0,0.7225303260253133,0.5506486216465103
1180996542692196353,2022-08-13,1.0,0.6841246739742736,0.5644095372981378
1180994602469818369,2022-08-13,0.0,0.4167807605297468,0.5750941052801967
1181032439732928513,2022-08-16,0.0,,0.5750941052801967
1180992883128729601,2022-08-16,0.0,,0.7018888392717673
1181009537511718913,2022-08-16,1.0,,0.46654333515702456
1181030574172602369,2022-08-16,0.0,,0.46654333515702456
1180996181854355457,2022-08-16,1.0,,0.506503253402035
1181031908153589761,2022-08-20,0.0,,0.6275759177326248
1181032933084692481,2022-08-20,1.0,0.24378673533197498,0.11957434804304645
1181006970987905025,2022-08-20,0.0,0.28983148352536053,0.4368161953166907
1181004084114522113,2022-08-20,0.0,0.5832192394702532,0.7126354631034495
1180980878247100417,2022-08-20,0.0,0.43338966973345094,0.16919876073976126
1180981926243663873,2022-08-20,0.0,,0.5577299187309909
1181015310820704257,2022-08-20,1.0,0.8672296498482259,0.7194128223599812
1180980562577129473,2022-08-20,1.0,0.8153146881787778,0.7151603745385563
1181001160846049281,2022-08-20,0.0,0.7657372764186232,0.6579651936232993
1180995722607558657,2022-08-20,1.0,0.7741036828853467,0.5844744607026531
1180983319687462913,2022-08-20,1.0,,0.6389727829122139
1180980206289682433,2022-08-23,0.0,,0.6416874920492753
1180999966800805889,2022-08-23,0.0,,0.46654333515702456
1181033318763823105,2022-08-23,0.0,,0.4703172504161234
1181004237078724609,2022-08-23,0.0,,0.7062580405691488
1181028660246577153,2022-08-23,1.0,,0.46654333515702456
1181000164448468993,2022-08-30,0.0,,0.7169106847756752
1181020642007351297,2022-08-30,1.0,,0.591134508271245
1181000313023758337,2022-08-30,1.0,,0.48055814811761527
1180987591004946433,2022-08-30,1.0,,0.5097417857603552
1181022986478518273,2022-08-30,0.0,,0.443849448684034
1181035669759492097,2022-09-03,1.0,0.6618365780563534,0.5881505693125965
1181019292989587457,2022-09-03,0.0,0.575091575091575,0.5750941052801967
1181032067150053377,2022-09-03,0.0,0.5232687053772038,0.4703172504161234
1181005474334441473,2022-09-03,1.0,0.8529385022298293,0.7169106847756752
1181001254799212545,2022-09-03,1.0,0.6945551899616551,0.5537761175487891
1181026901122220033,2022-09-03,1.0,0.7327054905793494,0.644048984796647
1181024275257458689,2022-09-03,1.0,0.727709452937939,0.6127068134415422
1181009165250002945,2022-09-03,0.0,0.3216472322878871,0.5606798055148293
1181002065750884353,2022-09-03,1.0,0.6449253066076658,0.6176532961954562
1180990652627484673,2022-09-03,1.0,0.704070283100875,0.6664415603020771
1181003376148611073,2022-09-03,1.0,0.3489320225780231,0.648841786495817
1180998645531901953,2022-09-03,0.0,0.4883754295762975,0.540304609965177
1180988471260119041,2022-09-06,1.0,,0.7126354631034495
1180986937273974785,2022-09-06,1.0,,0.5593683657613189
1181022045662773249,2022-09-06,0.0,,0.524623771832932
1180979641540706305,2022-09-06,1.0,,0.5750941052801967
1180988117131362305,2022-09-06,0.0,,0.46654333515702456
1180980518279643137,2022-09-10,0.0,,0.5841165653023445
1180998956554616833,2022-09-10,1.0,0.38401630802114123,0.5750941052801967
1181000331123949569,2022-09-10,1.0,0.7828950650952564,0.7390789833700271
1181022857584934913,2022-09-10,0.0,,0.4121022116082179
1180996967315668993,2022-09-10,1.0,0.3489320225780231,0.47486019672874513
1181021468107931649,2022-09-10,0.0,0.5232687053772038,0.46654333515702456
1180997818638663681,2022-09-10,0.0,0.6618365780563534,0.7194128223599812
1181031353118556161,2022-09-10,1.0,0.4545230465597889,0.5955521387821141
1180981809383571457,2022-09-10,1.0,0.8438376470142493,0.5606798055148293
1181025177973915649,2022-09-10,0.0,0.6269245383362971,0.6591054636748769
1180985849143558145,2022-09-10,0.0,0.7934962482603278,0.7151603745385563
1180980791231315969,2022-09-10,1.0,0.6204462513081671,0.4274757407232827
1180989294248525825,2022-09-13,1.0,0.6074019515954086,0.591134508271245
1181022848517996545,2022-09-13,0.0,0.651067977421977,0.5206283894513697
1180981405858267137,2022-09-13,1.0,0.8606815612285417,0.6075303886813136
1180986270478008321,2022-09-13,1.0,0.7101685164746395,0.5624946048931426
1181022835451363329,2022-09-13,1.0,0.4249084249084249,0.6113421742942845
1181029430028763137,2022-09-17,1.0,0.2308805014733911,0.3156244124530164
1180980088652529665,2022-09-17,0.0,0.4249084249084249,0.5137091696806199
1180982430462541825,2022-09-17,1.0,0.8153146881787778,0.7194128223599812
1180981310421106689,2022-09-17,1.0,0.5454769534402111,0.46654333515702456
1181006477640957953,2022-09-17,0.0,0.34345625392998463,0.6939529657603006
1180986232244830209,2022-09-17,0.0,0.39569075228669237,0.5790026164410315
1181027673776488449,2022-09-17,1.0,0.6374405031503448,0.3985520265519813
1180986034046926849,2022-09-17,1.0,0.6480649095376969,0.644048984796647
1181028857603227649,2022-09-17,0.0,0.5454769534402111,0.5880015396849578
1180988807418675201,2022-09-17,0.0,0.6121520358845569,0.7169106847756752
1180995665048698881,2022-09-17,1.0,0.6618365780563534,0.6416874920492753
1181016953955745793,2022-09-17,1.0,0.36255949684965516,0.5325368397135639
1181033710671724545,2022-09-17,1.0,0.6374405031503448,0.5394048175901389
1181000829430890497,2022-09-20,0.0,,0.5059536984614968
1181017127955202049,2022-09-20,0.0,,0.6741349749523178
1180981377951629313,2022-09-20,1.0,,0.6075303886813136
1181008675677339649,2022-09-20,1.0,,0.6075303886813136
1180981409762770945,2022-09-20,0.0,,0.46654333515702456
1181001334135717889,2022-09-27,1.0,,0.6368516956463447
1181018108358656001,2022-09-27,0.0,,0.7018888392717673
1180986469998002177,2022-09-27,1.0,,0.5970900228567766
1180980260973969409,2022-09-27,0.0,,0.6368516956463447
1180993462232514561,2022-09-27,1.0,,0.6397602378983466
1180988777412329473,2022-10-01,1.0,0.6409637883591984,0.6075303886813136
1180992202425794561,2022-10-01,1.0,0.2664597443750067,0.4121022116082179
1180993085584375809,2022-10-01,0.0,0.6276639968671857,0.6250070364760101
1181034137942360065,2022-10-01,1.0,0.9092677111964805,0.9462124754830319
1180981540850466817,2022-10-01,0.0,0.5346440168872334,0.5429814890258985
1180985616359718913,2022-10-01,1.0,0.6902307954978898,0.6983884972444278
1180998551869227009,2022-10-01,0.0,0.6902307954978898,0.6127068134415422
1180989943106306049,2022-10-01,1.0,0.7488405319795707,0.648841786495817
1180993843623657473,2022-10-01,0.0,0.5116245704237026,0.6287808685950623
1181032996480745473,2022-10-01,1.0,0.5703237791805462,0.6038902939703413
1181021753062522881,2022-10-01,1.0,0.6381392000434002,0.6887460948071433
1181017030356107265,2022-10-15,0.0,0.13869829954362164,0.38144427581384827
1180981249701412865,2022-10-15,1.0,0.772356757132565,0.7126354631034495
1180994487578329089,2022-10-15,0.0,0.3279138739339335,0.4558539367861683
1181035421263036417,2022-10-15,0.0,0.33063790278616345,0.48055814811761527
1181015188507721729,2022-10-15,1.0,0.6051191516560648,0.660360734151468
1180997769404284929,2022-10-15,1.0,,0.6550982258947357
1181024636080685057,2022-10-15,0.0,0.5397916748194584,0.5934385497896549
1180984202943528961,2022-10-15,1.0,0.2170271213291583,0.4564464948116914
1181025113896517633,2022-10-15,0.0,0.33063790278616345,0.46654333515702456
1180983456614776833,2022-10-15,1.0,0.6907748728668486,0.662508813352781
1181035139469672449,2022-10-15,1.0,0.7087285011239354,0.7390789833700271
1180988720854597633,2022-10-22,0.0,0.33301433981021183,0.44072623434275177
1180999408667000833,2022-10-22,1.0,0.6571854546309961,0.6939529657603006
1181021223223984129,2022-10-22,0.0,0.38471801256081456,0.4682918157813496
1180999140554866689,2022-10-22,1.0,0.6075092933497505,0.7151603745385563
1180993466879541249,2022-10-22,0.0,,0.4703172504161234
1180989092985339905,2022-10-22,1.0,0.4269512034677213,0.5315421924936914
1180997414727417857,2022-10-22,1.0,0.3550746933923343,0.5644095372981378
1181029313461256193,2022-10-22,0.0,0.7026211673274168,0.6368516956463447
1181007005539041281,2022-10-22,1.0,0.9176292874911187,0.7169106847756752
1181029211408629761,2022-10-22,1.0,0.6152819874391855,0.6357705986444208
1181021570804252673,2022-10-22,1.0,0.7545771739111907,0.8748741153377204
1181024523435474945,2022-10-22,0.0,0.39249070665024965,0.46654333515702456
1181027988512342017,2022-10-23,1.0,,0.5750941052801967
1181022385531158529,2022-10-23,1.0,,0.5858759301492157
1181019331772088321,2022-10-23,1.0,,0.644048984796647
1181025358974648321,2022-10-23,1.0,,0.6113421742942845
1180985018477412353,2022-10-23,0.0,,0.600053236444304
1180994310321045505,2022-10-23,0.0,,0.644048984796647
1181020362731618305,2022-10-23,0.0,,0.5037356529801232
1181020682562797569,2022-10-23,0.0,,0.48055814811761527
1181028258495627265,2022-10-23,1.0,,0.644048984796647
1181017289403072513,2022-10-29,0.0,,0.6700898626612855
1180983615223595009,2022-10-29,0.0,0.30492329561569387,0.06763656250414196
1180995618427305985,2022-10-29,1.0,0.6447236047615535,0.6426588096659201
1181000561166876673,2022-10-29,1.0,0.3870625776247501,0.5606798055148293
1181032873713893377,2022-10-29,1.0,0.7794228374556681,0.640947887436333
1180999585118257153,2022-10-29,0.0,0.6204462513081671,0.5949993796434405
1180981460739981313,2022-10-29,0.0,0.495448236451061,0.1481169483984085
1181007988877819905,2022-10-29,0.0,0.36186079995659987,0.43699386926469463
1181013568033226753,2022-10-29,0.0,0.33121244094668983,0.6694437570903882
1181005692273426433,2022-10-29,0.0,,0.7018888392717673
1181004722713493505,2022-10-29,0.0,0.5927435440219149,0.6291708474205076
1181030507578720257,2022-11-05,1.0,0.5346440168872334,0.977391765221391
1181025451151392769,2022-11-05,1.0,0.8641433192202304,0.977391765221391
1181004782338867201,2022-11-05,1.0,0.5656672662874129,0.7018888392717673
1181027947604049921,2022-11-05,0.0,0.30022977365308795,0.3578903319202702
1181026748741353473,2022-11-05,0.0,0.3369117865689771,0.53419066881953
1180986415794913281,2022-11-05,1.0,0.770072050273818,0.6697238656926104
1180992157708156929,2022-11-05,0.0,0.2869936547187632,0.3017211295924135
1180997875359776769,2022-11-05,1.0,0.663088213431023,0.7194128223599812
1181024192535298049,2022-11-05,1.0,0.5346440168872334,0.469440102126933
1181024661912158209,2022-11-05,1.0,0.6687875590533101,0.7151603745385563
1181022517812002817,2022-11-05,0.0,0.6772072360500364,0.6796534957038493
1181014103515398145,2022-11-12,1.0,0.5841082060266009,0.46654333515702456
1181028529157406721,2022-11-12,1.0,0.5346440168872334,0.644048984796647
1180987978526457857,2022-11-12,1.0,0.7843182731936462,0.7390789833700271
1180983497170485249,2022-11-12,0.0,0.3428145453690039,0.48968211423705504
1181031223262052353,2022-11-12,1.0,0.651067977421977,0.644048984796647
1181027160588713985,2022-11-12,0.0,0.4653559831127666,0.4564464948116914
1180994265086525441,2022-11-12,1.0,0.3795537486918329,0.4843425008426525
1180984582045040641,2022-11-12,1.0,0.4072564559780851,0.48055814811761527
1180979994830897153,2022-11-12,0.0,0.663088213431023,0.7062580405691488
1181000852758102017,2022-11-12,0.0,0.3175452801121849,0.42383314505781305
1181032372560658433,2022-11-12,0.0,0.663088213431023,0.5577299187309909
1181002194678054913,2022-11-12,0.0,,0.5059536984614968
1180993784581128193,2022-11-12,1.0,0.6687875590533101,0.664732307143623
1181006519422255105,2022-11-12,1.0,0.5,0.5143093976917253
1181018476293849089,2022-11-19,0.0,0.3870625776247501,0.14811694839840853
1180998355509903361,2022-11-19,1.0,0.8425029091554511,0.7390789833700271
1180998449205608449,2022-11-19,1.0,0.5,0.5142957944928146
1181028416171606017,2022-11-19,1.0,0.5927435440219149,0.6831301500664446
1180996963252207617,2022-11-19,1.0,0.6204462513081671,0.5201780727315809
1181024431737274369,2022-11-19,1.0,0.36186079995659987,0.42335784164724855
1181018905695551489,2022-11-19,1.0,0.61293742237525,0.6368516956463447
1180995614040457217,2022-11-19,0.0,0.2971611623397552,0.34126776046707835
1181003315201933313,2022-11-19,0.0,0.4883754295762975,0.5097417857603552
1181005764029022209,2022-11-19,1.0,0.61293742237525,0.644048984796647
1180988112743858177,2022-11-19,1.0,0.6051191516560648,0.46654333515702456
1180999581278633985,2022-12-03,0.0,0.6468941462977766,0.644048984796647
1181031839724175361,2022-12-03,0.0,0.5454769534402111,0.6581422931492503
1180998731483348993,2022-12-03,1.0,0.24484612314215842,0.20252199421271466
1181000136926822401,2022-12-03,1.0,0.4653559831127666,0.343835646037136
1181001347621191681,2022-12-03,0.0,0.1803556357294336,0.05639004240223545
1181024994682798081,2022-12-03,0.0,0.3870625776247501,0.29414848411920136
1181030591336448001,2022-12-03,0.0,0.32279276394996365,0.43699386926469463
1181022747239874561,2022-12-03,1.0,0.6571854546309961,0.7126354631034495
1181013034095312897,2022-12-03,1.0,0.3729143878105881,0.4998380823894893
1181008252245508097,2022-12-03,1.0,0.3795537486918329,0.43566493279817275
1180985342438211585,2022-12-03,0.0,0.16726471033413765,0.47438294538996867
1180982599557054465,2022-12-03,1.0,0.33121244094668983,0.37212099347893923
1181017887285215233,2022-12-03,1.0,0.7516506221584772,0.7001686360238664
1181028750745337857,2022-12-03,1.0,0.7727591676489133,0.7018888392717673
1180990642107645953,2022-12-10,1.0,0.3870625776247501,0.46654333515702456
1181006966373515265,2022-12-10,1.0,0.6950767043843062,0.6222214763477881
1181011110600835073,2022-12-10,1.0,0.6051191516560648,0.46654333515702456
1181021088781893633,2022-12-10,1.0,0.7795681278546344,0.7126354631034495
1181031153823711233,2022-12-10,1.0,0.6902307954978898,0.5934385497896549
1181027549625516033,2022-12-10,1.0,0.6276639968671857,0.5201780727315809
1180997528619515905,2022-12-10,1.0,0.6051191516560648,0.6127068134415422
1181000088565645313,2022-12-10,0.0,0.36865465905662825,0.33943152057079895
1181026971812855809,2022-12-10,0.0,0.4343327337125871,0.6368516956463447
1180990058353098753,2022-12-10,1.0,0.5,0.48055814811761527
1181023603395592193,2022-12-10,1.0,0.7331185166713587,0.7264956841656119
1181005733151506433,2022-12-17,1.0,,0.5619748753051499
1180986358460743681,2022-12-17,0.0,0.41439851635995695,0.6516983194612905
1180992261920292865,2022-12-17,1.0,0.5045517635489389,0.3423119081980081
1180991555631939585,2022-12-17,1.0,0.3948808483439353,0.651133462826856
1181016235793383425,2022-12-17,1.0,0.656974422306525,0.6896700163110112
1180999319910481921,2022-12-17,1.0,,0.3396289577311491
1181019522223996929,2022-12-17,1.0,0.4883754295762975,0.6093445060640904
1181027613734305793,2022-12-17,1.0,0.7402329877197095,0.683146234928914
1180990271262392321,2022-12-17,0.0,0.27272006494071027,0.3772310852440411
1181025383622541313,2022-12-17,0.0,0.7402329877197095,0.8113341735296288
1180980558447476737,2022-12-17,1.0,0.8082458075657852,0.6896700163110112
1181000663531061249,2022-12-17,0.0,0.30022977365308795,0.58977667600009
1181025839382233089,2022-12-17,0.0,0.6276639968671857,0.5964064274244121
1180980235649351681,2023-01-14,1.0,0.8228869278068364,0.5631648780019348
1181030883615277057,2023-01-14,0.0,0.5232687053772038,0.4903957273406501
1181021007738241025,2023-01-14,0.0,0.5841082060266009,0.5624979763742466
1181011276048269313,2023-01-14,1.0,0.7551538768578416,0.6516983194612905
1181004120669618177,2023-01-14,1.0,0.7628399057560792,0.542971156770483
1181003825648893953,2023-01-14,1.0,0.8707940017698566,0.8555882803477973
1181032256442957825,2023-01-14,0.0,0.4883754295762975,0.7476947640112449
1180986227888652289,2023-01-14,1.0,0.7455573567515342,0.6967361565361525
1181015768676728833,2023-01-14,1.0,0.4545230465597889,0.5712474094402242
1180985612518916097,2023-01-14,1.0,0.8952775044054102,0.7967649164818443
1181015673886703617,2023-01-14,1.0,0.5346440168872334,0.5227384734271473
1180982822405767169,2023-01-21,0.0,0.18489744359516766,0.06841998754239964
1180996255930908673,2023-01-21,0.0,0.36186079995659987,0.45553632573268943
1180982188870893569,2023-01-21,0.0,0.5346440168872334,0.6558462197412717
1181021395869237249,2023-01-21,0.0,0.22724083235108666,0.5012485116385988
1181003416800591873,2023-01-21,0.0,0.4653559831127666,0.530762241414609
1181002824436711425,2023-01-21,1.0,,0.9337652808086506
1181003298585313281,2023-01-21,0.0,0.7402329877197095,0.7040078004166551
1181031708826959873,2023-01-21,0.0,0.3428145453690039,0.5619748753051499
1180979780954587137,2023-01-21,0.0,,0.41107333330236023
1180988467646955521,2023-01-21,1.0,0.6051191516560648,0.7040078004166551
1181012365590167553,2023-01-21,0.0,0.4343327337125871,0.5376628420558736
1180988497395154945,2023-01-21,1.0,0.4767312946227962,0.5852145916607524
1180995824529506305,2023-01-21,1.0,0.7727591676489133,0.7108843308969298
1180991187951550465,2023-01-21,1.0,0.8103968162106158,0.550696582124938
1181024757510832129,2023-01-21,0.0,0.575091575091575,0.40894266582029537
1180980202351788033,2023-02-04,1.0,0.9112875324029547,0.8790769338265565
1180994306093940737,2023-02-04,0.0,0.36186079995659987,0.6558462197412717
1181030405431820289,2023-02-04,1.0,0.6772072360500364,0.8278697057578445
1181004913071161345,2023-02-04,0.0,0.7520382531857895,0.8007236617945934
1180994598632161281,2023-02-04,0.0,0.699770226346912,0.6896700163110112
1181022771858014209,2023-02-04,0.0,,0.1549220973706354
1181016356944248833,2023-02-04,1.0,0.5454769534402111,0.6729825519666783
1181022381015597057,2023-02-04,1.0,,0.6009145725015813
1181019327414501377,2023-02-04,0.0,0.4883754295762975,0.6967361565361525
1181020002731229185,2023-02-04,0.0,,0.44333819370268746
1181027828419854337,2023-02-11,1.0,0.7194364437173973,0.5675144326609066
1181024518950682625,2023-02-11,1.0,0.7794228374556681,0.651133462826856
1180989937172971521,2023-02-11,1.0,0.7367248363565956,0.6241699479246844
1181031574094970881,2023-02-11,1.0,0.5454769534402111,0.6084214472165623
1180984870547521537,2023-02-11,1.0,0.4883754295762975,0.6823066407699769
1180990942292344833,2023-02-11,0.0,0.6687875590533101,0.6729825519666783
1181018097290706945,2023-02-11,1.0,0.7656939959073132,0.8373284610787483
1181023366577913857,2023-02-11,1.0,0.7402329877197095,0.7109480036999465
1181032778021961729,2023-02-11,0.0,0.24796174681421032,0.10117473579825319
1180989375003820033,2023-02-11,0.0,,0.6896700163110112
1180987586779348993,2023-02-11,0.0,0.575091575091575,0.5379750380357182
1181001870296678401,2023-02-11,1.0,0.6204462513081671,0.683146234928914
1181020796519677953,2023-02-18,0.0,0.5346440168872334,0.5434049605932708
1180984051173163009,2023-02-18,1.0,0.4072564559780851,0.5250483411689535
1181001316099424257,2023-02-18,1.0,0.6381392000434002,0.7024870973280491
1181030359942332417,2023-02-18,0.0,0.2956814266458954,0.3505946919637357
1180982818372222977,2023-02-18,0.0,0.5346440168872334,0.2905584875841032
1180992828603465729,2023-02-18,1.0,0.7402329877197095,0.6525667636518325
1181023195676999681,2023-02-18,0.0,0.33121244094668983,0.523842296294049
1180990821431181313,2023-02-18,0.0,0.18489744359516766,0.2855217962930771
1181030560879640577,2023-02-18,0.0,0.28056355628260266,0.40523800523973486
1181011085144981505,2023-02-18,0.0,0.33121244094668983,0.58977667600009
1181004079952035841,2023-02-18,1.0,0.7272799350592898,0.550696582124938
1180998218581835777,2023-02-25,1.0,0.8415733318964788,0.7476947640112449
1181018901112782849,2023-02-25,1.0,0.3870625776247501,0.498701307566541
1181006779600273409,2023-02-25,0.0,0.3369117865689771,0.4640091077922075
1180981373402087425,2023-02-25,0.0,0.36516079049301287,0.3505946919637357
1181003130297024513,2023-02-25,1.0,0.4653559831127666,0.5430680646766752
1180981536593641473,2023-02-25,0.0,0.6772072360500364,0.6111053542935908
1181022131743293441,2023-02-25,1.0,0.5116245704237026,0.7040078004166551
1181025490190467073,2023-02-25,1.0,0.5232687053772038,0.4399971055931435
1180997999994273793,2023-02-25,1.0,0.8775219726548874,0.7673064444725415
1181021464300322817,2023-02-25,1.0,0.663088213431023,0.5712474094402242
1181005530602635265,2023-03-04,1.0,0.6204462513081671,0.7040078004166551
1180986029659095041,2023-03-04,0.0,0.4158917939733991,0.5149468969014044
1181030854188728321,2023-03-04,0.0,0.2668814833286413,0.41241987632266003
1181005470396547073,2023-03-04,1.0,0.6204462513081671,0.5363690694968987
1181032111222063105,2023-03-04,0.0,0.30976920450211026,0.6896700163110112
1181005421226917889,2023-03-04,1.0,0.6687875590533101,0.5955732435270799
1180983451355611137,2023-03-04,0.0,0.4767312946227962,0.334361094070034
1180986266153975809,2023-03-04,0.0,0.193387834951937,0.30991173215079865
1181028739131342849,2023-03-04,1.0,0.9399446114131886,0.8387687633245591
1181023887835791361,2023-03-04,1.0,,0.8475558827654138
1180990337402765313,2023-03-04,0.0,0.33121244094668983,0.39050114022901306
1181007592836825089,2023-03-04,0.0,0.8689649215381798,0.7040078004166551
1181028470147317761,2023-03-04,0.0,0.18960318378938418,0.42199275087058613
1181025143161323521,2023-03-04,0.0,,0.45250585962748113
1181032928952516609,2023-03-11,1.0,0.4249084249084249,0.5161546620775751
1180981030532153345,2023-03-11,1.0,,0.5177004876503797
1181025109218983937,2023-03-11,0.0,0.6772072360500364,0.6084214472165623
1181028289565229057,2023-03-11,0.0,0.35527639523844656,0.32842871724556344
1181000617555951617,2023-03-11,0.0,0.7087285011239354,0.6449035571305861
1181006826542628865,2023-03-11,1.0,0.7406762723942364,0.6896700163110112
1180986411986124801,2023-03-11,1.0,0.8952775044054102,0.8770936295765889
1180990516115013633,2023-03-11,1.0,0.6902307954978898,0.5144206445045835
1181021219095314433,2023-03-11,1.0,0.6051191516560648,0.6312525663115677
1181007623165247489,2023-03-11,1.0,0.5656672662874129,0.498701307566541
1181031206188023809,2023-03-11,1.0,0.4883754295762975,0.6586196353895051
1181000308862681089,2023-03-11,0.0,0.6720861260660664,0.6729825519666783
1180984199136378881,2023-03-11,0.0,0.4441936639397582,0.6084214472165623
1181000407654072321,2023-03-18,1.0,0.663088213431023,0.542971156770483
1181000376197382145,2023-03-18,1.0,0.5116245704237026,0.6896700163110112
1180984007359758337,2023-03-18,0.0,,0.7774852789746003
1180992785272832001,2023-03-18,1.0,0.6204462513081671,0.5429126145777814
1181024427188879361,2023-03-18,1.0,0.3870625776247501,0.30991173215079865
1181007001218416641,2023-03-18,1.0,0.7916733621487558,0.6896700163110112
1181004042947198977,2023-03-18,1.0,0.30976920450211026,0.5631648780019348
1181003544887361537,2023-03-18,1.0,0.8877130780541513,0.6967361565361525
1181009287497711617,2023-03-18,0.0,,0.7246951371020327
1180999576599920641,2023-03-18,1.0,0.7087285011239354,0.6896700163110112
1180985338051461121,2023-03-18,1.0,0.770072050273818,0.7128665533493814
1181028035134750721,2023-03-18,1.0,0.6204462513081671,0.5923797286740738
1181001156200038401,2023-03-18,1.0,0.30976920450211026,0.5242783489187463
1180982473760047105,2023-03-18,1.0,0.8308125491550605,0.9821749177740565
1180981921951318017,2023-03-25,1.0,0.4883754295762975,0.4711189422666091
1181000490927489025,2023-03-25,0.0,0.5927435440219149,0.5777741826631633
1181021380092067841,2023-03-25,1.0,,0.6558462197412717
1181033705414098945,2023-03-25,0.0,0.3948808483439353,0.3610927179377618
1181006186362699777,2023-03-25,1.0,0.5116245704237026,0.5368037940253433
1181013481014427649,2023-03-25,1.0,0.6945403789964897,0.5682016609249307
1180985285911740417,2023-03-25,0.0,0.2912714988760647,0.4408927676933931
1181021543572340737,2023-03-25,1.0,0.651067977421977,0.5492521645049794
1181023678731419649,2023-03-25,1.0,0.2765850694084629,0.32196717452087786
1180981245926801409,2023-03-25,0.0,0.5841082060266009,0.6411313058206647
1180982546969395201,2023-04-08,0.0,0.7179827727195698,0.6729825519666783
1181005688892358657,2023-04-08,0.0,,0.5624979763742466
1181004288119701505,2023-04-08,1.0,0.3723360031328143,0.5926889959635607
1181026110303961089,2023-04-08,0.0,0.34369732135434083,0.523842296294049
1180991183630729217,2023-04-08,1.0,0.8014697285592802,0.6047019834898918
1180996922825637889,2023-04-08,0.0,0.45474536196761894,0.44671265373166
1180991772573564929,2023-04-08,0.0,0.2758119961543137,0.334361094070034
1180979990959226881,2023-04-08,0.0,0.4343327337125871,0.4544390679336372
1181031464396652545,2023-04-08,0.0,,0.37023832036531
1180984948464779265,2023-04-08,1.0,0.7545771739111907,0.7932902703661058
1181013020868116481,2023-04-08,1.0,0.6902307954978898,0.5869543419942138
1181032869585289217,2023-04-08,0.0,0.6902307954978898,0.6729825519666783
1180989289827237889,2023-04-15,0.0,0.5927076655221787,0.5869543419942138
1181005729312735233,2023-04-15,0.0,0.2869936547187632,0.1525653035588172
1181017274534330369,2023-04-15,0.0,0.6051191516560648,0.5680131621013487
1180988803289481217,2023-04-15,0.0,0.4545230465597889,0.7040078004166551
1180988416219152385,2023-04-15,0.0,0.36516079049301287,0.5446045311592765
1181032719913844737,2023-04-15,1.0,0.5504534033665529,0.49234007321926065
1181001223051051009,2023-04-15,1.0,0.43938082153758484,0.7040078004166551
1180996684425756673,2023-04-15,1.0,0.6720861260660664,0.8770936295765889
1181028746970628097,2023-04-15,1.0,0.3519350904623031,0.09016804973744127
1181008662321922049,2023-04-15,1.0,0.3279138739339335,0.1603166890735509
1180981455642853377,2023-04-15,1.0,0.6204462513081671,0.6089182620914037
1180981306066305025,2023-04-15,1.0,0.6381392000434002,0.6896700163110112
1181035600262725633,2023-04-15,0.0,0.4653559831127666,0.46786304440258925
1180985461137571841,2023-04-15,1.0,0.3795537486918329,0.28977104931866743
1181006058371809281,2023-04-22,0.0,0.5927435440219149,0.6896700163110112
1180997243632123905,2023-04-22,1.0,0.4158917939733991,0.5619748753051499
1181035130048086017,2023-04-22,1.0,0.4653559831127666,0.6213701920357549
1181000326768623617,2023-04-22,0.0,0.4883754295762975,0.58977667600009
1181006618635403265,2023-04-22,0.0,0.6447236047615535,0.6729825519666783
1181023535965077505,2023-04-22,1.0,,0.7960420581967931
1181017066912776193,2023-04-22,0.0,0.15842666810352118,0.24064499263362266
1180988034214428673,2023-04-22,1.0,0.3948808483439353,0.41042872938649505
1181034037312159745,2023-04-22,1.0,0.5,0.5680131621013487
1181034438900514817,2023-04-22,0.0,0.5927435440219149,0.7040078004166551
1180981097290203137,2023-04-29,0.0,0.7367248363565956,0.7040078004166551
1180990265938640897,2023-04-29,1.0,0.682454719887815,0.646253596380094
1181000556518998017,2023-04-29,1.0,0.4441936639397582,0.535763893417995
1181025774694039553,2023-04-29,0.0,0.6276639968671857,0.5758921324015095
1181032041340895233,2023-04-29,0.0,0.6256821781959648,0.6896700163110112
1180995609653116929,2023-04-29,1.0,0.6204462513081671,0.541872896824653
1181034516881604609,2023-04-29,1.0,0.4767312946227962,0.40071361107705183
1180988716854214657,2023-04-29,1.0,0.7727591676489133,0.6024208342065984
1181002018518761473,2023-04-29,0.0,0.5841082060266009,0.5680131621013487
1180990703735930881,2023-04-29,1.0,0.5346440168872334,0.7108843308969298
1180996177432346625,2023-04-29,0.0,0.3948808483439353,0.5869543419942138
1180981401728286721,2023-05-06,0.0,0.36186079995659987,0.5708191659896399
1180999315779092481,2023-05-06,0.0,0.663088213431023,0.5592486518752985
1181002586458292225,2023-05-06,1.0,0.900989104370537,0.9288842236375963
1181017462887219201,2023-05-06,0.0,0.5454769534402111,0.6729825519666783
1180982814338809857,2023-05-06,0.0,0.6381392000434002,0.6896700163110112
1181013561352749057,2023-05-06,0.0,0.3870625776247501,0.5677726771341586
1181031569932484609,2023-05-06,0.0,0.3948808483439353,0.6489580231476391
1181007404351455233,2023-05-06,0.0,0.3870625776247501,0.528797466213521
1180991178564632577,2023-05-06,1.0,0.4495465966334472,0.5899625336374446
1180986540460769281,2023-05-06,1.0,0.7551538768578416,0.6719507371829659
1180993415514783745,2023-05-06,1.0,0.4883754295762975,0.7511737665050188
1180994594597765121,2023-05-06,1.0,0.6204462513081671,0.7198124869745925
1181034472681570305,2023-05-13,0.0,0.6010761308018384,0.6558462197412717
1181031704728797185,2023-05-13,1.0,0.8006534645837016,0.6811827749282513
1181034171560722433,2023-05-13,1.0,0.7850892475470524,0.9821749177740565
1180994656351223809,2023-05-13,0.0,0.48360506011098364,0.5757037398119935
1180981805611188225,2023-05-13,0.0,0.18268356370354297,0.5250483411689535
1181025955081388033,2023-05-13,0.0,0.3279138739339335,0.5218682285398092
1180988386503065601,2023-05-13,0.0,,0.6312525663115677
1180986354524291073,2023-05-13,1.0,0.4495465966334472,0.7196019417076831
1180989704579514369,2023-05-13,1.0,0.32530108838727817,0.4950961669254808
1181023883897602049,2023-05-13,0.0,0.2664597443750067,0.5363690694968987
1181034612061437953,2023-05-13,0.0,0.4883754295762975,0.1279624669493351
1180990636011945985,2023-05-20,0.0,0.3369117865689771,0.3765025112480268
1180988773057789953,2023-05-20,0.0,,0.6896700163110112
1180995678115233793,2023-05-20,0.0,0.5,0.5379750380357182
1180998443623284737,2023-05-20,1.0,0.5454769534402111,0.6334750511587625
1181007051965628417,2023-05-20,0.0,0.4653559831127666,0.45839461705955015
1181022632898035713,2023-05-20,1.0,0.8903632977043853,0.9457227757847853
1181011180806471681,2023-05-20,0.0,0.36186079995659987,0.5262417108477724
1181000132345626625,2023-05-20,0.0,0.42322632517846037,0.14063516101961077
1181003811807592449,2023-05-20,1.0,0.4653559831127666,0.7108843308969298
1180998546771378177,2023-05-20,1.0,0.6152819874391855,0.7673064444725415
1181003212668928001,2023-05-20,1.0,,0.6456950062235514
1181021748028178433,2023-05-20,0.0,0.3795537486918329,0.5286707196740856
1181035774132387841,2023-05-27,1.0,,0.7040078004166551
1180994301447733249,2023-05-27,0.0,,0.6729825519666783
1181019606497820673,2023-05-27,0.0,,0.5492521645049794
1181034264482021377,2023-05-27,1.0,,0.6729825519666783
1181020550991577089,2023-05-27,0.0,,0.6896700163110112
1181020518726795265,2023-05-27,1.0,,0.58977667600009
1181019508159381505,2023-05-27,1.0,,0.6896700163110112
1181018359241375745,2023-05-27,1.0,,0.6729825519666783
1180994796053037057,2023-05-27,1.0,,0.6516685226452117
1181020677627478017,2023-05-27,0.0,,0.5712474094402242
1181018270902714369,2023-05-28,1.0,,0.5867673373347393
1181020542472749057,2023-05-28,0.0,,0.6896700163110112
1181009206224617473,2023-05-28,0.0,,0.5677726771341586
1181012819644481537,2023-05-28,0.0,,0.6967361565361525
1181029038829305857,2023-05-28,1.0,,0.5274966051632491
1181006283444518913,2023-05-28,0.0,,0.6331221147007022
1181014031469150209,2023-05-28,0.0,,0.620717246133685
1180997276768796673,2023-05-28,0.0,,0.6621914639582828
1181027943438450689,2023-06-03,1.0,0.6720861260660664,0.542971156770483
1180991551179030529,2023-06-03,1.0,0.6167978658245588,0.7108843308969298
1180983609933168641,2023-06-03,0.0,0.43938082153758484,0.48764052829471843
1181029207022731265,2023-06-03,0.0,,0.6729825519666783
1181008086830022657,2023-06-03,1.0,0.4495465966334472,0.5250483411689535
1180981917757177857,2023-06-03,1.0,0.6278360486144264,0.4651097730907912
1180980553712402433,2023-06-03,0.0,0.4883754295762975,0.42983224531625464
1180991408993370113,2023-06-03,1.0,0.6902307954978898,0.6663904544880584
1181027824353869825,2023-06-03,0.0,0.8103968162106158,0.7934677380457771
1181004777628467201,2023-06-03,1.0,0.5504534033665529,0.6896700163110112
1180993081228099585,2023-06-03,1.0,0.5674211438948035,0.5589186706024544
1180987943263109121,2023-06-03,1.0,0.41602987562965443,0.5149468969014044
1181017843469418497,2023-06-10,0.0,0.7234149305915372,0.8113341735296288
1180980786295832577,2023-06-10,1.0,0.7545771739111907,0.9649945218559902
1180982595168960513,2023-06-10,1.0,0.5558063360602419,0.5619748753051499
1181000658755911681,2023-06-10,0.0,0.7194364437173973,0.683146234928914
1180983315785646081,2023-06-10,1.0,,0.6343596958685819
1181015669757280257,2023-06-10,1.0,0.7087285011239354,0.6516983194612905
1180987582456791041,2023-06-10,1.0,0.30022977365308795,0.4672541690382144
1181004908940853249,2023-06-10,1.0,0.6571854546309961,0.7626563056898589
1180997410887139329,2023-06-10,1.0,0.4158917939733991,0.523842296294049
1180986660450271233,2023-06-10,1.0,0.5116245704237026,0.6896700163110112
1180990937743163393,2023-06-17,0.0,0.36172643494996665,0.608237674662995
1180997099984977921,2023-06-17,1.0,0.36862128241256603,0.523842296294049
1180981843259359233,2023-06-17,1.0,0.6449253066076658,0.6896700163110112
1181027669847441409,2023-06-17,1.0,0.6313787175874339,0.7375171955577505
1181034412088229889,2023-06-17,1.0,0.9148035954867614,0.99
1180995786398957569,2023-06-17,0.0,0.2758119961543137,0.5254842897939583
1180988108066488321,2023-06-17,1.0,0.6945403789964897,0.8042485725484245
1180988428995461121,2023-06-17,1.0,0.4745789978762495,0.5811281037141716
1180992255726714881,2023-06-17,0.0,0.5365736290398376,0.7476947640112449
1181019675575386113,2023-06-17,1.0,0.4269512034677213,0.5492521645049794
1181000403041681409,2023-06-17,1.0,0.41593358022141336,0.5274966051632491
1181035591293763585,2023-06-24,0.0,0.6571854546309961,0.49654710529713797
1181032107157192705,2023-06-24,1.0,0.5713433145708577,0.7182176739730284
1181001865263972353,2023-06-24,0.0,0.23673362765657716,0.11279296071744069
1181032469384986625,2023-06-24,1.0,0.5496670891216099,0.5754650804305825
1180990260681277441,2023-06-24,0.0,0.6204462513081671,0.562405178429624
1180985281879932929,2023-06-24,0.0,0.6498825486218526,0.5867673373347393
1181029857526185985,2023-06-24,1.0,0.32378396894809053,0.523842296294049
1180989932105465857,2023-06-24,1.0,0.6800504431773876,0.6896700163110112
1181001828353867777,2023-06-24,0.0,0.6498825486218526,0.5446045311592765
1180981533107486721,2023-06-24,1.0,0.6447811314046812,0.9431242193790164
1181024188791259137,2023-06-24,1.0,0.6167786519054786,0.7040078004166551
1181024791807623169,2023-06-24,0.0,,0.7040078004166551
1180989578041196545,2023-07-01,1.0,0.9290223423012551,0.8770936295765889
1181007984360390657,2023-07-01,0.0,0.30492329561569387,0.5250483411689535
1181002853182865409,2023-07-01,0.0,0.3489320225780231,0.39050114022901306
1181033041841586177,2023-07-01,0.0,0.3795537486918329,0.35875082586268014
1180997870841233409,2023-07-01,0.0,0.5116245704237026,0.44375589276245014
1181024271744106497,2023-07-01,1.0,0.5841082060266009,0.6802524988104891
1180988493619265537,2023-07-01,0.0,0.7402329877197095,0.6967361565361525
1181003295358713857,2023-07-01,0.0,0.6720861260660664,0.6837940883025944
1181016347620278273,2023-07-01,1.0,0.5346440168872334,0.7108843308969298
1180992780763037697,2023-07-01,0.0,0.6746989116127219,0.590899847438754
1180997038360756225,2023-07-01,1.0,,0.4156335732113656
1180989370585710593,2023-07-01,0.0,,0.5631648780019348
1181021920996130817,2023-07-08,1.0,0.3175452801121849,0.3505946919637357
1181000084339195905,2023-07-08,0.0,0.776489929749007,0.516309587749658
1181032814220902401,2023-07-08,1.0,0.772356757132565,0.7731861910664144
1181020646750060545,2023-07-08,0.0,0.41602987562965443,0.3765025112480268
1180980198543687681,2023-07-08,0.0,0.4249084249084249,0.4401817560538156
1181006474220535809,2023-07-08,0.0,0.7790686398973848,0.5712474094402242
1181028735356862465,2023-07-08,1.0,0.9598948149794616,0.7108843308969298
1181014095611101185,2023-07-08,0.0,0.7241880038456864,0.7040078004166551
1181027502682505217,2023-07-08,0.0,0.6382735650500334,0.6492207215111638
1181031201832435713,2023-07-08,1.0,0.682454719887815,0.7040078004166551
1180996505522995201,2023-07-08,0.0,0.5656672662874129,0.5869543419942138
1181026992622108673,2023-07-08,1.0,0.8425029091554511,0.8588047234454471
1180993741541474305,2023-07-08,1.0,0.8981072830837885,0.9131597212546939
1180993839236218881,2023-07-15,1.0,0.5558063360602419,0.6802524988104891
1181024575606980609,2023-07-15,0.0,0.20960480385076344,0.5254842897939583
1181000160384286721,2023-07-15,1.0,0.6507049087144039,0.7109480036999465
1181000486669516801,2023-07-15,0.0,0.4249084249084249,0.4999921223643717
1180995820334153729,2023-07-15,0.0,0.33301433981021183,0.54395444914786
1180984578203516929,2023-07-15,0.0,0.483835923961418,0.5712474094402242
1181001311552569345,2023-07-15,1.0,0.7375076712197791,0.5841863814573327
1181025878906273793,2023-07-15,1.0,0.5804323411314833,0.255814985529453
1180984866160050177,2023-07-15,0.0,0.3956935408578655,0.5570162609811339
1180998214355976193,2023-07-15,1.0,0.6355502587396712,0.6976532929288002
1180998351186264065,2023-07-15,1.0,0.84019599019452,0.99
1181002521929580545,2023-07-15,0.0,0.33301433981021183,0.3000538165114766
1180985110172762113,2023-07-22,0.0,0.42492830210799004,0.5840353021281022
1181020371603718145,2023-07-22,1.0,0.5795987083454195,0.50526807610114
1180996251542421505,2023-07-22,1.0,0.32530108838727817,0.31370112450639354
1181030477314883585,2023-07-22,1.0,0.4158917939733991,0.4229003002674907
1180985660172795905,2023-07-22,1.0,0.5094322005547439,0.6453795076889434
1181003562923360257,2023-07-22,1.0,0.6693620972138367,0.7891256152345126
1180985328694263809,2023-07-22,1.0,0.7619982567640871,0.6864115479788576
1180984002906750977,2023-07-22,1.0,,0.3799997589945916
1180984130028699649,2023-07-22,1.0,0.8151025564048323,0.5936050681200364
1181030498318155777,2023-07-22,0.0,0.5346440168872334,0.4585642847792147
1181010578052874241,2023-07-22,0.0,0.3721639513855736,0.3493298519887119
1181025571075981313,2023-07-22,0.0,0.6554789624449348,0.6078473002421066
1181007497045770241,2023-07-22,0.0,0.43938082153758484,0.3000538165114766
1180996650355687425,2023-07-22,1.0,0.5656672662874129,0.5182376368262973
1180982036520828929,2023-07-22,0.0,0.3519350904623031,0.5004242870854599
1181003013309333505,2023-07-29,0.0,,0.3217643546282648
1181005140208156673,2023-07-29,0.0,0.5804323411314833,0.5625485128683194
1181033631013339137,2023-07-29,1.0,0.6010761308018384,0.3710877225020896
1180991703916544001,2023-07-29,1.0,0.7157433800774533,0.99
1181004232915517441,2023-07-29,1.0,0.7026211673274168,0.6401495349923586
1181026069231370241,2023-07-29,0.0,0.6571854546309961,0.549526702412878
1181021003894489089,2023-07-29,1.0,0.6691607123648111,0.605883024071381
1180988463743139841,2023-07-29,1.0,0.7599138172158051,0.6210922825853238
1181022768019341313,2023-07-29,1.0,0.3279138739339335,0.33729327488473926
1180994010363232257,2023-07-29,0.0,0.4269512034677213,0.5376223325399092
1180987788589400065,2023-07-29,0.0,0.5116245704237026,0.523199375532629
1181009443493445633,2023-08-05,0.0,0.5232687053772038,0.5314786788544517
1181000551907196929,2023-08-05,1.0,0.3519350904623031,0.4584473910967034
1181023412974780417,2023-08-05,1.0,0.6167978658245588,0.5234060434886084
1181017255784054785,2023-08-05,1.0,0.39892386919816153,0.46590751596608854
1180981635835232257,2023-08-05,0.0,,0.4834344950829755
1180991456323469313,2023-08-05,1.0,0.6313787175874339,0.6290977395689566
1180982810337673217,2023-08-05,0.0,0.2170271213291583,0.3000538165114766
1181004283408646145,2023-08-05,1.0,0.7603341623263559,0.6864115479788576
1180988798869209089,2023-08-05,1.0,0.5927076655221787,0.6089253754735657
1180985608228569089,2023-08-05,1.0,0.6693620972138367,0.6401495349923586
1181016943566258177,2023-08-05,1.0,0.6167978658245588,0.47344895935071885
1180984943463661569,2023-08-05,0.0,0.6772072360500364,0.6829657410896522
1180981877526298625,2023-08-08,1.0,,0.1356336679090839
1181023841534607361,2023-08-08,0.0,,0.5491114846083771
1180988688492888065,2023-08-08,0.0,,0.536130421265706
1180995655596933121,2023-08-08,1.0,,0.7405501868195075
1181007424872579073,2023-08-08,1.0,,0.6864115479788576
1180999724562808833,2023-08-12,1.0,0.4767312946227962,0.3493298519887119
1180982542483881985,2023-08-12,1.0,0.6893212104939358,0.5104441834037052
1180987939197386753,2023-08-12,1.0,0.7134556901528161,0.6089253754735657
1181026718099636225,2023-08-12,0.0,0.4296762208194537,0.3716274976891686
1180997522651840513,2023-08-12,1.0,,0.5234060434886084
1180999404150358017,2023-08-12,1.0,0.4269512034677213,0.3675575192565762
1180990699473862657,2023-08-12,0.0,0.3538783343896149,0.29230016846231055
1180989319671906305,2023-08-12,1.0,0.7134556901528161,0.8264964541421743
1180997814057959425,2023-08-12,1.0,0.31994955682261245,0.3894148322942289
1181004718228668417,2023-08-12,1.0,0.7623292159860717,0.9577717126741832
1181000268692717569,2023-08-12,0.0,0.6197661655567925,0.7260786934485604
1180991413606252545,2023-08-12,0.0,0.22351007025099312,0.43604645329067465
1181023531511742465,2023-08-12,0.0,0.3538783343896149,0.4834344950829755
1180984114250055681,2023-08-15,1.0,,0.6089253754735657
1180982469018779649,2023-08-15,1.0,,0.5376223325399092
1180980477626286081,2023-08-15,0.0,,0.5376223325399092
1181008073504849921,2023-08-15,0.0,,0.6202905354593713
1181027695330394113,2023-08-15,1.0,,0.5956434684017091
1181013615490727937,2023-08-19,1.0,0.3832021341754413,0.3148918802120679
1181006125222887425,2023-08-19,1.0,0.5994308049030529,0.6322098125092737
1181027875748937729,2023-08-19,1.0,0.6306206271618208,0.6202905354593713
1181035256845533185,2023-08-19,0.0,0.2962424293683342,0.5939424552935365
1181029307072774145,2023-08-19,0.0,0.7026211673274168,0.6401495349923586
1181022513424629761,2023-08-19,1.0,,0.6202905354593713
1181027596215353345,2023-08-19,1.0,0.5713856579848399,0.543180313749338
1180986407662682113,2023-08-19,0.0,0.3279138739339335,0.33729327488473926
1181026106175062017,2023-08-19,1.0,0.6800504431773876,0.6078473002421066
1181022355235602433,2023-08-19,0.0,0.2507315894908768,0.29230016846231055
1181023868862693377,2023-08-19,0.0,0.17733001942230647,0.3736282204155391
1181032764985180161,2023-08-19,1.0,0.7648974984653719,0.99
1181030225333714945,2023-08-22,1.0,,0.523199375532629
1180989590333423617,2023-08-22,0.0,,0.6401495349923586
1180983894049423361,2023-08-22,0.0,,0.5825768727309908
1181020820813611009,2023-08-22,0.0,,0.29230016846231055
1181034608381591553,2023-08-26,1.0,0.4653559831127666,0.34432579649570183
1180991546534133761,2023-08-26,1.0,0.6976486398539522,0.3807237202153409
1180983808970588161,2023-08-26,0.0,0.39892386919816153,0.6074955650984072
1180981026123251713,2023-08-26,0.0,0.16791594340877222,0.5577610677040359
1181013244972367873,2023-08-26,1.0,0.8708191603076472,0.9867588408369662
1180990511209807873,2023-08-26,1.0,0.6746989116127219,0.6752453750722556
1181005759803392001,2023-08-26,1.0,0.8877130780541513,0.9572756185212865
1180994260765605889,2023-08-26,1.0,0.5927076655221787,0.5104441834037052
1181006411500191745,2023-08-26,1.0,0.4441936639397582,0.6054516817448664
1181028853603139585,2023-08-26,0.0,0.4883754295762975,0.3823597666427125
1180987974138494977,2023-08-26,1.0,0.5884725823194902,0.6753153421510735
1181031565898874881,2023-08-26,1.0,0.5703237791805462,0.5701049545655624
1180986536627372033,2023-08-26,1.0,,0.05769100738185585
1181022402663940097,2023-08-27,0.0,,0.7729635098612254
1181009201804607489,2023-08-27,1.0,,0.6864115479788576
1181020538375766017,2023-08-27,1.0,,0.5952509097400449
1180997272992645121,2023-08-27,0.0,,0.4482681777022165
1181020546732228609,2023-08-27,1.0,,0.7045264675901229
1181019503480471553,2023-08-27,1.0,,0.5598466567253078
1180994791666024449,2023-08-27,1.0,,0.6089253754735657
1181019553939980289,2023-08-27,1.0,,0.4482681777022165
1180994297028739073,2023-08-27,1.0,,0.6519003421663467
1181031798747725825,2023-08-29,0.0,,0.42128181781071034
1180996632030281729,2023-08-29,1.0,,0.5104441834037052
1181029502589730817,2023-08-29,1.0,,0.5104441834037052
1180994909654974465,2023-08-29,1.0,,0.6089253754735657
1180986898008866817,2023-08-29,0.0,,0.6202905354593713
1180993350083674113,2023-09-02,0.0,,0.49099882914741755
1181005465849167873,2023-09-02,1.0,,0.5376223325399092
1181021603649617921,2023-09-02,1.0,0.6197661655567925,0.8360825230123586
1181027195110850561,2023-09-02,1.0,0.6059243538477189,0.6051267369341851
1181008560948576257,2023-09-02,1.0,0.6306206271618208,0.5900868994732014
1180993887341084673,2023-09-02,1.0,0.7573263090863692,0.536130421265706
1181023375257272321,2023-09-02,1.0,0.6059243538477189,0.5234060434886084
1180995501988282369,2023-09-02,1.0,0.4545230465597889,0.29230016846231055
1181006016590315521,2023-09-02,1.0,0.6554789624449348,0.7260786934485604
1181003838846795777,2023-09-02,1.0,0.6461216656103851,0.49099882914741755
1180986262345940993,2023-09-02,1.0,0.7837079327399806,0.6202905354593713
1180990746515308545,2023-09-05,0.0,0.5,0.5004242870854599
1181034463452987393,2023-09-05,1.0,0.35221719429518655,0.4928722896798079
1181023425429340161,2023-09-05,0.0,0.8577788426684998,0.581844719952343
1181034281775661057,2023-09-05,0.0,0.35221719429518655,0.4509402609113412
1180985431003889665,2023-09-05,0.0,0.24639919681934375,0.5039752331163051
1181021559349411841,2023-09-09,1.0,0.6543165880625142,0.6864115479788576
1180996389082628097,2023-09-09,1.0,0.5927076655221787,0.6051267369341851
1180998785070759937,2023-09-09,0.0,,0.5246960052921086
1181030684320038913,2023-09-09,1.0,0.4883754295762975,0.536130421265706
1181035527087128577,2023-09-09,0.0,0.3023513601460478,0.29230016846231055
1181026896993091585,2023-09-09,0.0,0.5795987083454195,0.6401495349923586
1181019412301742081,2023-09-09,1.0,0.7238501140103533,0.6202905354593713
1180999980255674369,2023-09-09,1.0,0.8006534645837016,0.6401495349923586
1180979986086232065,2023-09-09,0.0,0.8681759275285545,0.50526807610114
1181009160927903745,2023-09-09,1.0,0.8173164362964571,0.7048873722052033
1181024448514719745,2023-09-09,1.0,0.7134556901528161,0.5172574767767594
1181018087260585985,2023-09-09,0.0,,0.5389810054040499
1180996817967775745,2023-09-12,1.0,0.7157433800774533,0.6089253754735657
1181025354489430017,2023-09-12,1.0,0.5703237791805462,0.7405501868195075
1180999244056920065,2023-09-12,1.0,0.5795987083454195,0.3292950762893003
1181022844774514689,2023-09-12,1.0,0.6167978658245588,0.6089253754735657
1180981944116674561,2023-09-12,1.0,0.7829728786708416,0.549526702412878
1181006351456960513,2023-09-16,1.0,0.811642089307877,0.8264964541421743
1181020816490987521,2023-09-16,1.0,0.8633677286950617,0.7661184837042609
1181026988912115713,2023-09-16,1.0,0.8775219726548874,0.7405501868195075
1180995632203759617,2023-09-16,1.0,0.5254210021237505,0.6453795076889434
1181004713907716097,2023-09-16,1.0,0.7463199967531164,0.6396730837453457
1180992039847755777,2023-09-16,0.0,0.18268356370354297,0.4961988456677478
1181006054273384449,2023-09-16,1.0,0.7179827727195698,0.6752453750722556
1180998346507878401,2023-09-16,0.0,0.4324525476895152,0.5104441834037052
1181028634115440641,2023-09-16,0.0,0.7026211673274168,0.708804707947516
1181034100644282369,2023-09-19,1.0,,0.6089253754735657
1180981583857188865,2023-09-19,0.0,0.746970677289555,0.6089253754735657
1181021211478917121,2023-09-19,0.0,0.306822775961602,0.46590751596608854
1181019288989270017,2023-09-23,0.0,0.4324525476895152,0.50526807610114
1181015665176215553,2023-09-23,1.0,0.6543165880625142,0.6252997366886798
1181004039236157441,2023-09-23,0.0,0.5960979764027162,0.35642481787475744
1181032322810511361,2023-09-23,0.0,0.6868555921271607,0.7405501868195075
1180995042968764417,2023-09-23,1.0,0.5675474523104849,0.6202905354593713
1181003310717173761,2023-09-23,1.0,0.39407564615228113,0.5596499748156182
1181032829803560961,2023-09-23,1.0,,0.6752453750722556
1180986350716583937,2023-09-23,1.0,0.6306206271618208,0.6089253754735657
1181006423405101057,2023-09-23,1.0,,0.5472448645362039
1181030171937374209,2023-09-26,0.0,0.306822775961602,0.47344895935071885
1180985685693497345,2023-09-26,1.0,0.4549300855103481,0.49099882914741755
1181019340939689985,2023-09-26,0.0,0.6116735810301241,0.42502569066144874
1181024016119169025,2023-09-26,1.0,0.7496241358266332,0.6202905354593713
1180986933307604993,2023-10-03,0.0,,0.6074955650984072
1181024242413764609,2023-10-03,1.0,,0.4928722896798079
1180997305418022913,2023-10-03,0.0,,0.5104441834037052
1181015255682416641,2023-10-03,1.0,,0.5104441834037052
1180999311875932161,2023-10-07,1.0,0.77728579172915,0.4928722896798079
1180981301421768705,2023-10-07,0.0,0.5186074465526692,0.5376223325399092
1180997866937778177,2023-10-07,0.0,,0.9538163707426047
1180981021372186625,2023-10-07,0.0,0.5768805772236971,0.5039752331163051
1181031971584704513,2023-10-07,1.0,0.7677249566893656,0.5956434684017091
1180990629170839553,2023-10-07,0.0,0.37580765586228393,0.47344895935071885
1181024656525787137,2023-10-07,1.0,0.31314440787283926,0.30730664400439184
1180983311652978689,2023-10-07,1.0,,0.3113858932861752
1180998439074168833,2023-10-07,1.0,0.23966583767364416,0.2523995674802866
1180986655999819777,2023-10-07,1.0,0.5768805772236971,0.4928722896798079
1181002897319788545,2023-10-10,1.0,0.3721639513855736,0.29230016846231055
1180987775522439169,2023-10-10,0.0,0.5232687053772038,0.36917071574332444
1181023081333161985,2023-10-10,0.0,0.28620380445167926,0.5840353021281022
1181032982606053377,2023-10-10,1.0,0.3045544725589981,0.47344895935071885
1181016026272202753,2023-10-10,1.0,0.3948808483439353,0.5472448645362039
1181003777090682881,2023-10-10,0.0,0.32530108838727817,0.5104441834037052
1180985456459317249,2023-10-14,0.0,0.6256821781959648,0.642509194707119
1181030982535380993,2023-10-14,0.0,0.34369732135434083,0.4459111775408397
1180983446936190977,2023-10-14,0.0,0.5884725823194902,0.5936050681200364
1180980514084519937,2023-10-14,1.0,,0.7645809937000245
1181025105218535425,2023-10-14,1.0,0.5,0.6089253754735657
1181000127926370305,2023-10-14,0.0,0.2162920672600194,0.30730664400439184
1181024846495645697,2023-10-14,1.0,0.84305636588931,0.6864115479788576
1180981092769136641,2023-10-14,0.0,,0.50526807610114
1180990050545401857,2023-10-14,1.0,0.37580765586228393,0.5246960052921086
1181032865003765761,2023-10-14,1.0,0.5768805772236971,0.36917071574332444
1181023209066463233,2023-10-14,1.0,0.7623292159860717,0.5577610677040359
1181000156189032449,2023-10-21,1.0,0.8294523276919263,0.8631764678598542
1181024300295389185,2023-10-21,1.0,0.7371579934141145,0.6202905354593713
1181028161156808705,2023-10-21,0.0,0.7371579934141145,0.6988024323709033
1181024515596222465,2023-10-21,1.0,0.6976486398539522,0.6051267369341851
1180989315155755009,2023-10-21,1.0,0.27833341278014395,0.01358004034919474
1180981397407956993,2023-10-21,1.0,0.8550362656469062,0.6939867614130133
1181005187314221057,2023-10-21,1.0,0.6928681687131446,0.6401495349923586
1181030710196862977,2023-10-21,0.0,0.3893427803517498,0.47344895935071885
1180994145646608385,2023-10-21,0.0,0.24267369091363084,0.5058490002749786
1180984560265822209,2023-10-21,0.0,0.3023513601460478,0.3005934237900468
1181001538592145409,2023-10-21,0.0,0.21155178383062093,0.29230016846231055
1180990933419589633,2023-11-04,1.0,0.6928681687131446,0.7260786934485604
1181025485899104257,2023-11-04,1.0,0.6543165880625142,0.570295583434602
1180981800704901121,2023-11-04,1.0,0.8202283392025519,0.898854731241846
1181027691395547137,2023-11-04,1.0,0.8517326621209326,0.9843187966419943
1181006469960859649,2023-11-04,1.0,0.4231194227763029,0.1356336679090839
1180989366360965121,2023-11-04,1.0,,0.5104441834037052
1180988459742199809,2023-11-04,0.0,0.8497799822371904,0.605883024071381
1180988712336359425,2023-11-04,1.0,0.7277281372162905,0.6677806396972408
1180998727029227521,2023-11-04,0.0,0.3644497412603289,0.5472448645362039
1180993076647329793,2023-11-11,1.0,0.5454769534402111,0.513398539014014
1180982806079930369,2023-11-11,1.0,0.34369732135434083,0.4834344950829755
1181031017251405825,2023-11-11,0.0,0.46999062796820423,0.5234060434886084
1180991452451635201,2023-11-11,0.0,0.2962424293683342,0.4778137564336093
1181006346875437057,2023-11-11,0.0,0.37580765586228393,0.3708736360141577
1181004742071844865,2023-11-11,0.0,0.32530108838727817,0.35798052725155555
1180984126285971457,2023-11-11,0.0,0.483835923961418,0.6642302539224475
1181032270413692929,2023-11-11,1.0,0.8517326621209326,0.7405501868195075
1180995782170247169,2023-11-11,1.0,0.6507049087144039,0.49099882914741755
1181006955500863489,2023-11-11,1.0,0.6543165880625142,0.8194464690908758
1180988684238192641,2023-11-11,1.0,0.6928681687131446,0.49099882914741755
1181023409005297665,2023-11-11,1.0,0.48139255344733073,0.47500744095353586
1181014203403468801,2023-11-18,1.0,0.6543165880625142,0.37380599644396634
1181000398878801921,2023-11-18,1.0,0.811642089307877,0.9819367255677613
1181026064843014145,2023-11-18,0.0,0.4545230465597889,0.6074955650984072
1180983002309033985,2023-11-18,0.0,0.3456834119374858,0.4928722896798079
1181031118236450817,2023-11-18,0.0,0.37580765586228393,0.4407920608560574
1180981528622891009,2023-11-18,1.0,0.7955303307352459,0.9484935708583118
1180981241860685825,2023-11-18,1.0,0.17457370343676767,0.5104441834037052
1181025379300343809,2023-11-18,1.0,0.7406762723942364,0.6089253754735657
1181002307890249729,2023-11-18,0.0,0.4115274176805098,0.15511896998695462
1181031460202610689,2023-11-18,0.0,0.3071318312868554,0.46590751596608854
1180989574137282561,2023-11-18,0.0,0.5547604990735023,0.536130421265706
1181023837051060225,2023-11-18,1.0,0.77728579172915,0.49139984189210667
1180980230904479745,2023-11-18,1.0,0.8633677286950617,0.7795752198551105
1181007698662457345,2023-12-02,1.0,,0.4834344950829755
1180986929111498753,2023-12-02,1.0,0.7903951961492366,0.6051267369341851
1181003412283457537,2023-12-02,0.0,0.5454769534402111,0.523199375532629
1181008247859445761,2023-12-02,0.0,0.2507315894908768,0.42598811486005284
1180984512000196609,2023-12-02,1.0,0.4324525476895152,0.536646349253169
1181020754640207873,2023-12-02,1.0,0.5547604990735023,0.3493298519887119
1181034747149025281,2023-12-02,0.0,0.7573263090863692,0.5256284270336284
1180989088565231617,2023-12-02,1.0,0.5232687053772038,0.5326326454151149
1181009283240329217,2023-12-02,1.0,0.36047461757604465,0.47344895935071885
1180990244322541569,2023-12-02,0.0,0.6746989116127219,0.605883024071381
1181006822605881345,2023-12-02,0.0,0.6395253824239554,0.6401495349923586
1180997406856871937,2023-12-02,0.0,0.2672724561481907,0.3715028954542367
1181033115436613633,2023-12-09,0.0,,0.523199375532629
1181019310865088513,2023-12-09,0.0,,0.420460409028194
1181009157153259521,2023-12-09,1.0,0.6278360486144264,0.5493394076492598
1181008657287446529,2023-12-09,1.0,0.77728579172915,0.5840353021281022
1180995816204959745,2023-12-09,1.0,,0.5203164532474345
1181027912757510145,2023-12-09,0.0,0.6278360486144264,0.5797646043412992
1181030426984251393,2023-12-09,1.0,0.8613017004563784,0.9538163707426047
1180981119451529217,2023-12-09,0.0,0.599453804651268,0.6063982635646546
1181001534688362497,2023-12-09,1.0,,0.5376223325399092
1181011269370544129,2023-12-09,1.0,0.8501705889030283,0.9777145438306123
1181001250767175681,2023-12-09,1.0,0.5795987083454195,0.6864115479788576
1180997034069590017,2023-12-16,0.0,,0.7062145340249084
1181030291893682177,2023-12-16,1.0,0.6395253824239554,0.6089253754735657
1181001861102469121,2023-12-16,1.0,0.33301433981021183,0.055659397355854436
1181005526729097217,2023-12-16,1.0,0.6395253824239554,0.6401495349923586
1181003008694550529,2023-12-16,0.0,0.26249232878022083,0.29230016846231055
1181017236168540161,2023-12-16,1.0,0.286544309847184,0.5037681277056117
1180981839099002881,2023-12-16,1.0,0.6051191516560648,0.6256183514297843
1180996100257251329,2023-12-16,1.0,0.599453804651268,0.5840353021281022
1181000547550167041,2023-12-16,1.0,0.6395253824239554,0.5146904723350229
1180990694215680001,2023-12-16,0.0,0.5232687053772038,0.6610770770382293
1180980780779470849,2023-12-16,1.0,0.6241923441377161,0.3366460455778532
1181032130838953985,2023-12-16,1.0,0.8608650622193843,0.9481990806445674
1180986403694346241,2024-01-13,0.0,0.6241923441377161,0.5784415415361596
1181034459709931521,2024-01-13,0.0,0.11091151067271089,0.32594521350605316
1180990985201057793,2024-01-13,1.0,0.7189687800131715,0.971805075080684
1180988412122234881,2024-01-13,1.0,0.6976486398539522,0.6256183514297843
1180987166025285633,2024-01-13,1.0,0.5768805772236971,0.6401495349923586
1181027661807779841,2024-01-13,1.0,0.23966583767364416,0.2890774437656226
1181003291585871873,2024-01-13,0.0,0.4324525476895152,0.448708580194012
1180983041152778241,2024-01-13,1.0,0.8254262965632324,0.714147630477545
1181030489285558273,2024-01-13,0.0,0.5116245704237026,0.4286158202850155
1180983605612216321,2024-01-13,0.0,0.12918083969235286,0.2702129869201468
1180986258119622657,2024-01-13,1.0,0.7189687800131715,0.5840353021281022
1181024184405196801,2024-01-20,1.0,0.22271420827084984,0.3488044858201391
1181032712267137025,2024-01-20,1.0,0.7371579934141145,0.5797646043412992
1180983804903587841,2024-01-20,0.0,0.6617269761016471,0.523199375532629
1180981451704795137,2024-01-20,0.0,0.36937937283817923,0.4509402609113412
1181021461008515073,2024-01-20,0.0,0.5767736748215396,0.49099882914741755
1180991699303956481,2024-01-20,1.0,0.7897803117663805,0.92151805745189
1181034278194282497,2024-01-20,0.0,0.6241923441377161,0.5921567609830888
1180990810592018433,2024-01-20,1.0,0.39407564615228113,0.580492835755234
1180986025109782529,2024-01-20,1.0,0.6306206271618208,0.47344895935071885
1181004115410780161,2024-01-20,0.0,0.6617269761016471,0.5172574767767594
1181000078820311041,2024-01-20,0.0,0.5207897644077398,0.4584473910967034
1181019284310851585,2024-01-20,0.0,0.6543165880625142,0.5650221071021938
1181018896660398081,2024-02-03,0.0,0.6800504431773876,0.4886068751350675
1180999572343848961,2024-02-03,0.0,0.3832021341754413,0.4864047727559466
1180983442614288385,2024-02-03,0.0,0.23510250153462806,0.29944575699124154
1181032102220398593,2024-02-03,0.0,0.6563026786456592,0.6873838455090604
1180986652031057921,2024-02-03,1.0,0.709161075269608,0.46590751596608854
1181018349496500225,2024-02-03,1.0,,0.6401495349923586
1181009197416906753,2024-02-03,1.0,,0.4039900564891834
1181019499544117249,2024-02-03,0.0,,0.5234060434886084
1181007048223490049,2024-02-03,1.0,0.6800504431773876,0.5536812747984237
1180987578196393985,2024-02-03,1.0,0.599453804651268,0.5509445992654631
1180989925750177793,2024-02-03,1.0,0.7134556901528161,0.6401495349923586
1181031193121882113,2024-02-03,0.0,0.599453804651268,0.6401495349923586
1180999307489116161,2024-02-03,1.0,0.6306206271618208,0.6401495349923586
1180992776366260225,2024-02-03,1.0,0.4231194227763029,0.6864115479788576
1181026045034397697,2024-02-03,0.0,0.4452395009264977,0.4834344950829755
1181003558923960321,2024-02-10,1.0,0.6167978658245588,0.5701049545655624
1181007979873796097,2024-02-10,1.0,0.40729233447782137,0.4229003002674907
1180989285633654785,2024-02-10,1.0,0.7241880038456864,0.6757867954313643
1181008557107478529,2024-02-10,0.0,0.5257348358925771,0.6268442196686971
1181010864007217153,2024-02-10,1.0,0.2962424293683342,0.39685481623668956
1181006181652987905,2024-02-10,0.0,0.30545962100351026,0.5309732425502055
1181004228366761985,2024-02-10,1.0,0.5494709909275274,0.5309732425502055
1181032760759648257,2024-02-10,0.0,0.3023513601460478,0.4841523789947939
1181031227612037121,2024-02-10,1.0,0.5254210021237505,0.43562855661867295
1180990486786768897,2024-02-10,0.0,0.6106592935177629,0.5311992261392573
1180996627544866817,2024-02-10,1.0,0.6241923441377161,0.6638885508403537
1180982464920551425,2024-02-10,0.0,0.33202969735263393,0.36267207879168806
1180994589919346689,2024-02-10,0.0,0.6901032228124359,0.4628925993972459
1181032878231224321,2024-02-17,1.0,0.6543165880625142,0.6060494153509922
1181035459720183809,2024-02-17,0.0,0.5254210021237505,0.5117445442200245
1180995717931630593,2024-02-17,1.0,0.6945403789964897,0.5669313755433268
1181032451509878785,2024-02-17,1.0,0.5346440168872334,0.5464649748400326
1181023864119525377,2024-02-17,0.0,0.3098967771875642,0.36267207879168806
1180998542285832193,2024-02-17,1.0,0.5674211438948035,0.4628925993972459
1181001610313564161,2024-02-17,1.0,0.7406762723942364,0.7838728683376742
1181028254334615553,2024-02-17,1.0,0.913793677102612,0.99
1181011173096030209,2024-02-17,1.0,0.6928681687131446,0.5351241054248423
1180985681628561409,2024-02-17,0.0,0.3376144706216928,0.36267207879168806
1180993411385655297,2024-02-17,1.0,0.6868555921271607,0.6427233819735293
1181022350686224385,2024-02-17,0.0,0.36937937283817923,0.36267207879168806
1180981912981635073,2024-02-24,0.0,0.2672724561481907,0.6419027917533211
1180985603904897025,2024-02-24,0.0,0.4005461953487321,0.6256688473034682
1181031757061357569,2024-02-24,1.0,0.7189687800131715,0.5970188561558103
1181015178442997761,2024-02-24,1.0,0.8391696007829623,0.5464649748400326
1181029873529880577,2024-02-24,0.0,0.5675474523104849,0.5464649748400326
1180980194061451265,2024-02-24,1.0,0.4653559831127666,0.5702055525124039
1181028157642342401,2024-02-24,0.0,0.1705476723080736,0.3697657398121752
1181031922092081153,2024-02-24,0.0,0.3538783343896149,0.4481145511288097
1181027497649504257,2024-02-24,0.0,0.7327275438518094,0.5970188561558103
1180988424897101825,2024-02-24,1.0,,0.6542573784681043
1180993734540066817,2024-02-24,1.0,,0.5464649748400326
1181000371874332673,2024-02-24,1.0,0.6167978658245588,0.6067568075919495
1181030679964450817,2024-03-02,1.0,0.7375076712197791,0.6706969187032131
1181029767897841665,2024-03-02,1.0,0.5347595635862579,0.7838728683376742
1181027199691980801,2024-03-02,0.0,0.23767078401392822,0.36267207879168806
1180981648741040129,2024-03-02,1.0,0.913793677102612,0.8688894284906398
1181000395297357825,2024-03-02,1.0,0.7474307819994453,0.7838728683376742
1180986220145672193,2024-03-02,1.0,0.11937542537856373,0.36267207879168806
1181005975872339969,2024-03-02,1.0,0.36862128241256603,0.43562855661867295
1181001979961901057,2024-03-02,0.0,0.19498648925730014,0.3697657398121752
1180996813965066241,2024-03-02,1.0,0.889609851632284,0.9664205148499585
1180980472754438145,2024-03-02,0.0,0.6167786519054786,0.669914340910108
1180982591297617921,2024-03-02,1.0,0.8209153932756955,0.7247746614584799
1181034708173389825,2024-03-09,1.0,0.5346440168872334,0.5238906222189789
1180999720077656065,2024-03-09,1.0,0.7897803117663805,0.7761914250866491
1181013009027203073,2024-03-09,0.0,0.5547604990735023,0.6541648697506433
1181029537145421825,2024-03-09,1.0,0.5840265958252423,0.6541648697506433
1181031507500433409,2024-03-09,1.0,0.34369732135434083,0.38990564554884505
1180996958540201985,2024-03-09,0.0,0.5278865694608769,0.5912892382870901
1180981796251729921,2024-03-09,1.0,0.4883754295762975,0.6498819543171103
1181027591698350081,2024-03-09,1.0,0.3098967771875642,0.4628925993972459
1181027871943884801,2024-03-09,0.0,0.31916264037448233,0.36267207879168806
1180981632223182849,2024-03-09,0.0,,0.36267207879168806
1180985277717544961,2024-03-09,0.0,,0.38052359329594776
1180991174014173185,2024-03-09,0.0,0.39407564615228113,0.39720000341357836
1180998609490903041,2024-03-09,1.0,0.7593449946269104,0.5970188561558103
1181029297877352449,2024-03-09,1.0,0.7071317325363287,0.7838728683376742
1181027191304454145,2024-03-16,1.0,0.7746865682018881,0.7007285822933528
1181029228639715329,2024-03-16,1.0,0.1366322713049383,0.3174741037018685
1180996646096535553,2024-03-16,0.0,0.6395253824239554,0.4709327912590959
1180993833687973889,2024-03-16,0.0,0.5768805772236971,0.5970188561558103
1180982538549428225,2024-03-16,1.0,0.3832021341754413,0.5319410053535817
1181000264498413569,2024-03-16,1.0,0.36172643494996665,0.5571408869615363
1181035522765127681,2024-03-16,0.0,0.5186074465526692,0.5119712771238267
1180993952387563521,2024-03-16,0.0,0.31994955682261245,0.5198120595628158
1180985324629229569,2024-03-16,1.0,0.6800504431773876,0.6212373605876607
1180997795861102593,2024-03-16,0.0,0.18891920987681532,0.5675075067161296
1181003541147189249,2024-03-16,1.0,0.6106572196482503,0.7215445398087198
1180982997854912513,2024-03-16,0.0,0.599453804651268,0.6767254155375018
1181028316377284609,2024-03-23,0.0,0.3538783343896149,0.39685481623668956
1181035114658922497,2024-03-23,1.0,0.6355502587396712,0.5521454767513645
1181033314765471745,2024-03-23,1.0,0.599453804651268,0.4628925993972459
1181006120512290817,2024-03-23,1.0,0.5674211438948035,0.7714398913905821
1181030184397045761,2024-03-23,1.0,0.6075092933497505,0.6212373605876607
1181030472862400513,2024-03-23,0.0,0.4231194227763029,0.4270491458744926
1181013607684308993,2024-03-23,0.0,0.4231194227763029,0.39767484761958566
1180999400117731329,2024-03-23,1.0,0.6461216656103851,0.6541648697506433
1181002061236142081,2024-03-23,1.0,0.4005461953487321,0.36267207879168806
1181002014324031489,2024-03-23,0.0,0.6075092933497505,0.7215445398087198
1181032316614770689,2024-03-23,0.0,,0.5813440346933915
1181032010817142785,2024-03-23,0.0,0.490701281421697,0.4628925993972459
1181034434576121857,2024-03-30,1.0,0.3023513601460478,0.6777512171712776
1180984109863370753,2024-03-30,1.0,0.5346440168872334,0.6410021691487824
1180983493202018305,2024-03-30,1.0,0.7897803117663805,0.7018795982276035
1181023495860322305,2024-03-30,0.0,0.21021968823361953,0.4270491458744926
1180990624907034625,2024-03-30,0.0,0.5046487343377706,0.4628925993972459
1180991448065638401,2024-03-30,1.0,0.5186074465526692,0.5351241054248423
1181000305022238721,2024-03-30,1.0,0.6746989116127219,0.5462400640308629
1181001824417054721,2024-03-30,1.0,0.36937937283817923,0.3869412694749538
1180981297357193217,2024-03-30,0.0,0.6928681687131446,0.5970188561558103
1181025821283713025,2024-03-30,1.0,0.5768805772236971,0.5699831504738145
1181024632036982785,2024-03-30,0.0,0.315539402067602,0.3705641865266984
1180987969429471233,2024-03-30,0.0,0.6395253824239554,0.7460839359199997
1181006342359678977,2024-03-30,1.0,0.33202969735263393,0.3869412694749538
1180993882792689665,2024-04-06,0.0,0.5232687053772038,0.5311992261392573
1181002870992666625,2024-04-06,0.0,,0.49139152507328304
1180992035653091329,2024-04-06,0.0,0.37580765586228393,0.5466677831788904
1180995498083287041,2024-04-06,0.0,0.7603341623263559,0.6479345347429005
1181025719038345217,2024-04-06,0.0,0.2672724561481907,0.3697657398121752
1180998137308971009,2024-04-06,1.0,0.5346440168872334,0.6079347591649017
1180981873213603841,2024-04-06,0.0,0.5884725823194902,0.7575949989511725
1181011069207805953,2024-04-06,0.0,0.6543165880625142,0.567512208003153
1180984935849132033,2024-04-06,1.0,0.7492684105091233,0.9015366922017441
1180981523557089281,2024-04-06,1.0,0.6679703026473661,0.9754676814577242
1180983574056501249,2024-04-06,0.0,0.39407564615228113,0.4709327912590959
1180990505240657921,2024-04-06,0.0,0.6976486398539522,0.6541648697506433
1181019866158235649,2024-04-13,0.0,0.3893427803517498,0.29664078986470377
1181035792556326913,2024-04-13,1.0,,0.9056810609197221
1181009464012603393,2024-04-13,0.0,0.19384057688942782,0.4270491458744926
1181027156717305857,2024-04-13,0.0,0.6800504431773876,0.5602297394551133
1181003407766487041,2024-04-13,1.0,0.7371579934141145,0.5309732425502055
1181029564698755073,2024-04-13,0.0,0.32530108838727817,0.39685481623668956
1180990239457148929,2024-04-13,1.0,0.9327928218421015,0.865800868206356
1181023405715718145,2024-04-13,0.0,0.4269512034677213,0.5924691184733555
1181012352748814337,2024-04-13,1.0,0.5346440168872334,0.47471783208623697
1180982801851088897,2024-04-13,1.0,0.5674211438948035,0.5912892382870901
1181031880214347777,2024-04-13,1.0,0.5046487343377706,0.4481145511288097
1181007694339571713,2024-04-13,1.0,,0.6481819090526669
1181005135466594305,2024-04-13,0.0,0.5768805772236971,0.385529992714917
1180997030038077441,2024-04-27,0.0,,0.48209814926275407
1181028743389904897,2024-04-27,0.0,0.6241923441377161,0.4709327912590959
1181029852879749121,2024-04-27,0.0,0.5927076655221787,0.6419027917533211
1181023252105658369,2024-04-27,0.0,0.7942650771854712,0.8280193650103128
1180987161412501505,2024-04-27,0.0,,0.5704060904065577
1181022918337003521,2024-04-27,1.0,0.8202283392025519,0.5464649748400326
1181003372115066881,2024-04-27,1.0,0.37580765586228393,0.6479345347429005
1181008553236299777,2024-04-27,0.0,0.6306206271618208,0.6541648697506433
1181024706985099265,2024-04-27,0.0,0.22531343179811186,0.39685481623668956
1181010552276385793,2024-04-27,0.0,0.21021968823361953,0.4628925993972459
1181025951210700801,2024-04-27,0.0,0.2628420065858855,0.4709327912590959
1181023832663916545,2024-04-27,1.0,0.49535126566222937,0.4241070887557932
1180999239928283137,2024-04-27,0.0,0.2507315894908768,0.36267207879168806
1180988707981099009,2024-05-04,0.0,0.1502200177628096,0.35974240036743105
1181020750349533185,2024-05-04,0.0,0.3538783343896149,0.3278009455905583
1181027820224380929,2024-05-04,1.0,0.6679703026473661,0.5319410053535817
1180988489618882561,2024-05-04,1.0,0.8333014002649712,0.6802450461666314
1180985426647515137,2024-05-04,1.0,0.6868555921271607,0.5238906222189789
1181021122141126657,2024-05-04,0.0,0.21021968823361953,0.4270491458744926
1180980873537945601,2024-05-04,1.0,0.436465907046601,0.31524814407298185
1181031197608312833,2024-05-04,1.0,0.15921981794166024,0.3174741037018685
1180989570137260033,2024-05-04,0.0,0.36937937283817923,0.6062447778741195
1181030978342813697,2024-05-04,1.0,0.8613017004563784,0.6802450461666314
1180988672814841857,2024-05-04,1.0,0.5314719369951013,0.5462400640308629
1180989362260869121,2024-05-04,0.0,,0.4628925993972459
1181001975123214337,2024-05-04,1.0,0.6306206271618208,0.5311992261392573
1180995605037645825,2024-05-11,1.0,0.3045544725589981,0.6212071211789967
1181003208665661441,2024-05-11,1.0,,0.3601295274747698
1181008721783619585,2024-05-11,1.0,0.4545230465597889,0.4709327912590959
1181006407273316353,2024-05-11,0.0,0.39892386919816153,0.7445278575024996
1180988764314599425,2024-05-11,1.0,0.4324525476895152,0.6471263233964418
1180991542113402881,2024-05-11,0.0,0.32530108838727817,0.4628925993972459
1181022764663046145,2024-05-11,1.0,0.599453804651268,0.39685481623668956
1181030907263221761,2024-05-11,1.0,,0.6802450461666314
1181026324534657025,2024-05-11,0.0,0.2810312199868285,0.4628925993972459
1180990618358120449,2024-05-11,1.0,0.5547604990735023,0.5430680856052572
1180981017175851009,2024-05-11,0.0,0.4452395009264977,0.5479119747496033
1181025875130318849,2024-05-11,0.0,0.4115274176805098,0.5464649748400326
1181035787779047425,2024-05-18,1.0,,0.5622909932403622
1181034063090450433,2024-05-18,1.0,,0.7255420951648907
1181002987078352897,2024-05-18,1.0,,0.6767254155375018
1180982181902024705,2024-05-18,1.0,0.7134556901528161,0.6967550087566158
1181023594845863937,2024-05-18,1.0,,0.48209814926275407
1180989153479983105,2024-05-18,1.0,0.5768805772236971,0.7007285822933528
1180980509277388801,2024-05-18,1.0,,0.4076817634844821
1181033627043725313,2024-05-18,1.0,0.7955303307352459,0.5858310145412172
1180982768168501249,2024-05-18,1.0,,0.5690288303796956
1181005924736466945,2024-05-18,0.0,0.24267369091363084,0.43454345144830975
1180985451394957313,2024-05-18,0.0,0.4231194227763029,0.36267207879168806
1180984971244437505,2024-05-18,1.0,,0.7396291043523697
1181019994190774273,2024-05-18,1.0,,0.5681638848960952
1180998434749775873,2024-05-18,1.0,0.22271420827084984,0.36852698478145085
1181025155232006145,2024-05-18,0.0,0.19901737042498635,0.36267207879168806
1180999694107377665,2024-05-18,0.0,,0.43454345144830975
1181009439880314881,2024-05-18,1.0,0.5454769534402111,0.5681638848960952
1181009192577105921,2024-05-18,1.0,,0.8127526408583803
1181035093138800641,2024-05-18,1.0,0.8173164362964571,0.8127526408583803
1181012097765441537,2024-05-18,0.0,0.4231194227763029,0.6644029523373047
1181020357375131649,2024-05-19,1.0,,0.5970188561558103
1180994322719014913,2024-05-19,0.0,,0.6541648697506433
1181018261545156609,2024-05-19,1.0,,0.6062447778741195
1180981653807136769,2024-05-19,0.0,,0.6541648697506433
1181021370863288321,2024-05-19,1.0,,0.5970188561558103
1181020555540627457,2024-05-19,0.0,,0.5309732425502055
1181029033768550401,2024-05-19,1.0,,0.567197647484779
1181033397132558337,2024-05-19,1.0,,0.4434707242120084
1181030145868529665,2024-05-19,1.0,,0.5462400640308629
1180981868941312001,2024-06-01,0.0,0.5186074465526692,0.385529992714917
1180981789411246081,2024-06-01,1.0,0.7492684105091233,0.5179108601072134
1181005262423457793,2024-06-01,0.0,0.2170271213291583,0.4270491458744926
1181025374782914561,2024-06-01,0.0,0.4005461953487321,0.36852698478145085
1181024511271895041,2024-06-01,1.0,0.8497799822371904,0.99
1181001218469527553,2024-06-01,1.0,0.6449253066076658,0.5309732425502055
1181027545173229569,2024-06-01,1.0,0.2962424293683342,0.39685481623668956
1180989917651009537,2024-06-01,1.0,,0.6541648697506433
1180995712798916609,2024-06-01,1.0,0.7037575706316658,0.7439898174135106
1181023072041926657,2024-06-01,0.0,0.2810312199868285,0.36267207879168806
1180997862259359745,2024-06-01,1.0,0.8254262965632324,0.7007285822933528
1181012995605790721,2024-06-01,1.0,0.7335402556249933,0.6767254155375018
1180997995519016961,2024-06-08,0.0,0.5884725823194902,0.6127719635723947
1180984792404525057,2024-06-08,0.0,0.6543165880625142,0.6074428739528615
1181021599162368001,2024-06-08,0.0,0.2810312199868285,0.3981511184195278
1181020695760437249,2024-06-08,0.0,0.4452395009264977,0.43562855661867295
1181006465864663041,2024-06-08,0.0,0.6395253824239554,0.7215445398087198
1180991404508053505,2024-06-08,1.0,0.854591074416724,0.5970188561558103
1181033046003253249,2024-06-08,1.0,0.6800504431773876,0.617358227081009
1180999962445086721,2024-06-08,0.0,0.7884482161693791,0.5309732425502055
1181031795006013441,2024-06-08,0.0,0.31994955682261245,0.5311992261392573
1181024922862354433,2024-06-08,0.0,0.5547604990735023,0.4628925993972459
1181017215841533953,2024-06-08,1.0,0.31314440787283926,0.43503072062875336
1181003287615176705,2024-06-08,1.0,0.7037575706316658,0.643616496269903
1180992250788904961,2024-06-08,0.0,0.4653559831127666,0.390850619121198
1180993072162078721,2024-06-08,0.0,0.4545230465597889,0.5117445442200245
1181018465582579713,2024-06-15,0.0,0.4231194227763029,0.3736073120538848
1180981834388373505,2024-06-15,0.0,0.6461216656103851,0.6541648697506433
1181033856020578305,2024-06-15,0.0,0.7648974984653719,0.9529533231626317
1180983800418467841,2024-06-15,1.0,0.3538783343896149,0.5309732425502055
1181004110957019137,2024-06-15,0.0,0.1666985997350287,0.4709327912590959
1181031086909456385,2024-06-15,0.0,0.3456834119374858,0.3634640417744995
1181004904297857025,2024-06-15,0.0,0.5346440168872334,0.43454345144830975
1180995811720953857,2024-06-15,1.0,0.6395253824239554,0.5582687391153791
1181020811779735553,2024-06-15,1.0,0.6306206271618208,0.688494203414858
1180981627511930881,2024-06-15,1.0,,0.8117874808707113
1181003125909553153,2024-06-15,0.0,0.39407564615228113,0.5464649748400326
1180997095468400641,2024-06-22,1.0,0.7677249566893656,0.9814069668358829
1181005124818173953,2024-06-22,1.0,0.7603341623263559,0.5970188561558103
1181024295811448833,2024-06-22,1.0,0.8157649222726425,0.7031947046033914
1181006951245316097,2024-06-22,1.0,0.6800504431773876,0.5311992261392573
1181005832943927297,2024-06-22,1.0,0.6543165880625142,0.7018795982276035
1181022398016487425,2024-06-22,0.0,,0.6541648697506433
1180981394146754561,2024-06-22,1.0,0.5884725823194902,0.5904036268046875
1181005182862360577,2024-06-22,0.0,0.4115274176805098,0.4003227486979104
1181030586979844097,2024-06-22,0.0,0.6679703026473661,0.4628925993972459
1181023098271956993,2024-06-22,0.0,0.4905677994452562,0.6212373605876607
1181029369729187841,2024-06-22,0.0,0.5346440168872334,0.5462400640308629
1181006012427763713,2024-06-29,1.0,0.9327928218421015,0.8513136348572306
1181029760896434177,2024-06-29,0.0,0.6976486398539522,0.4841523789947939
1180999567599796225,2024-06-29,0.0,0.4324525476895152,0.5311992261392573
1181023859830456321,2024-06-29,1.0,0.5884725823194902,0.6490792065899649
1181032707814457345,2024-06-29,0.0,,0.29664078986470377
1181003554276474881,2024-06-29,0.0,0.33202969735263393,0.5177065368095854
1180983601544855553,2024-06-29,0.0,0.286544309847184,0.36267207879168806
1181011260530032641,2024-06-29,1.0,0.8110807901231847,0.99
1181031013605048321,2024-06-29,1.0,0.5768805772236971,0.5319410053535817
1181015660625657857,2024-06-29,0.0,,0.6058327395382674
1181019279567716353,2024-06-29,0.0,0.5186074465526692,0.5416899599716307
1180990805171437569,2024-06-29,0.0,0.4883754295762975,0.5238906222189789
1180986021271339009,2024-06-29,1.0,0.7406762723942364,0.7215445398087198
1180987934906056705,2024-07-13,1.0,0.5675474523104849,0.7231885614360839
1181004709098192897,2024-07-13,0.0,0.5,0.4628925993972459
1181001307293220865,2024-07-13,1.0,0.7897803117663805,0.5622909932403622
1181018892175343617,2024-07-13,0.0,0.6868555921271607,0.5885759966256808
1180999302842253313,2024-07-13,0.0,0.4883754295762975,0.3697657398121752
1180980084652900353,2024-07-13,1.0,0.77728579172915,0.7018795982276035
1181017830854754305,2024-07-13,1.0,0.5346440168872334,0.6498819543171103
1180988455483965441,2024-07-13,1.0,0.7603341623263559,0.8261227384141911
1180995627140579329,2024-07-13,1.0,0.6800504431773876,0.6541648697506433
1181002010483228673,2024-07-13,1.0,0.31994955682261245,0.36267207879168806
1181031543829299201,2024-07-13,0.0,0.6395253824239554,0.5309732425502055
1181017447785889793,2024-07-20,0.0,0.4545230465597889,0.4628925993972459
1180994255342993409,2024-07-20,1.0,,0.7264068434483818
1181000543322865665,2024-07-20,0.0,0.48139255344733073,0.5309732425502055
1181013600295944193,2024-07-20,1.0,0.4452395009264977,0.36267207879168806
1180985422065369089,2024-07-20,1.0,0.6746989116127219,0.7714398913905821
1181006116511842305,2024-07-20,0.0,0.3456834119374858,0.4270491458744926
1181029425705680897,2024-07-20,0.0,0.5116245704237026,0.4628925993972459
1180992771849814017,2024-07-20,1.0,0.5,0.6767254155375018
1181031188668678145,2024-07-20,0.0,0.5278865694608769,0.4270491458744926
1180982460628992001,2024-07-20,0.0,0.6395253824239554,0.5970188561558103
1180981292742934529,2024-07-20,1.0,0.3832021341754413,0.45207474214345694
1180989280697090049,2024-07-27,0.0,0.7603341623263559,0.517933109154181
1181007690115219457,2024-07-27,0.0,,0.4628925993972459
1181031426001567745,2024-07-27,1.0,0.7897803117663805,0.8117874808707113
1180981446285721601,2024-07-27,1.0,0.6746989116127219,0.8681666884981663
1181000390619103233,2024-07-27,0.0,0.5504534033665529,0.6062447778741195
1181008718010449921,2024-07-27,1.0,0.32530108838727817,0.591069922003097
1180984122606321665,2024-07-27,1.0,0.7837079327399806,0.5198120595628158
1181001605669093377,2024-07-27,1.0,0.4231194227763029,0.5462400640308629
1180990499949936641,2024-07-27,1.0,0.7746865682018881,0.6756225818821635
1180996385212301313,2024-07-27,1.0,0.7955303307352459,0.9496217958937277
1180983556472307713,2024-07-27,1.0,0.6152819874391855,0.6060494153509922
1181001150973280257,2024-07-27,0.0,0.6976486398539522,0.6541648697506433
1180990928869523457,2024-07-27,1.0,0.5884725823194902,0.39685481623668956
1181019710840045569,2024-07-27,1.0,0.6167978658245588,0.7231885614360839
1181021341828022273,2024-08-03,1.0,0.6746989116127219,0.4709327912590959
1181000151608492033,2024-08-03,0.0,0.6106572196482503,0.669914340910108
1181005970194169857,2024-08-03,1.0,0.7301361883935843,0.4628925993972459
1180986532298358785,2024-08-03,1.0,0.5454769534402111,0.36267207879168806
1181003143202144257,2024-08-03,0.0,0.2162920672600194,0.3697657398121752
1181000300635783169,2024-08-03,1.0,0.6772072360500364,0.8550024157771866
1180982032100655105,2024-08-03,1.0,,0.6063627489898716
1180998538381754369,2024-08-03,1.0,0.5232687053772038,0.36267207879168806
1181024291616686081,2024-08-03,1.0,0.7037575706316658,0.6120522948465188
1181003403379048449,2024-08-03,0.0,0.4324525476895152,0.4628925993972459
1181026321148772353,2024-08-03,1.0,0.6543165880625142,0.6541648697506433
1181029219701948417,2024-08-03,0.0,0.24267369091363084,0.390850619121198
1180994006459875329,2024-08-03,0.0,0.15534976653938723,0.29664078986470377
1181008069601361921,2024-08-10,1.0,0.2962424293683342,0.6212373605876607
1181034838189244417,2024-08-10,0.0,,0.4332368631335723
1181002057007988737,2024-08-10,1.0,0.7955303307352459,0.7838728683376742
1181016935210516481,2024-08-10,0.0,0.33063790278616345,0.4628925993972459
1180985677338017793,2024-08-10,1.0,0.7746865682018881,0.7699912976636821
1181008652320374785,2024-08-10,1.0,0.8398272926649772,0.8289188293822182
1181020367185543169,2024-08-10,1.0,0.6679703026473661,0.617358227081009
1180993829396316161,2024-08-10,1.0,0.5768805772236971,0.6287897152153958
1180999234990014465,2024-08-10,1.0,0.33202969735263393,0.39638030682140957
1180981114581319681,2024-08-10,1.0,0.599453804651268,0.7445278575024996
1180979776468254721,2024-08-13,1.0,0.7583174095710619,0.48209814926275407
1180998319600828417,2024-08-13,1.0,0.7323376906798563,0.5319410053535817
1180999208114257921,2024-08-13,0.0,,0.5622909932403622
1181023421200596993,2024-08-13,0.0,0.34863261003265106,0.5882000662792684
1181012725233942529,2024-08-13,1.0,0.6369126644358724,0.5466677831788904
1181022853163909121,2024-08-17,0.0,0.23767078401392822,0.4628925993972459
1181001970733940737,2024-08-17,1.0,0.389340706482237,0.4477010174634484
1180996641676066817,2024-08-17,0.0,0.5547604990735023,0.429909272100463
1181005416612790273,2024-08-17,0.0,0.7623292159860717,0.9234020159300491
1180980190284382209,2024-08-17,0.0,0.6800504431773876,0.5138233489012373
1181006291219775489,2024-08-17,1.0,,0.425450043359652
1180979981344210945,2024-08-17,1.0,0.4883754295762975,0.8576213955252282
1181035126370205697,2024-08-17,0.0,0.5454769534402111,0.40409916662197315
1180991272645558273,2024-08-17,1.0,0.8633677286950617,0.7505454388770955
1181029347500785665,2024-08-17,1.0,0.4231194227763029,0.357585908679464
1181033174607298561,2024-08-17,0.0,0.31916264037448233,0.4067606366146147
1181028967334477825,2024-08-17,1.0,0.913793677102612,0.95296553091903
1180996796188524545,2024-08-20,1.0,0.8550362656469062,0.576695705577238
1180989214814502913,2024-08-20,0.0,0.39420501003872516,0.39279634810311126
1181003772960702465,2024-08-20,0.0,0.1917541924342147,0.3598414684298507
1181015782550503425,2024-08-20,1.0,0.753516079198444,0.5728507846106552
1181008643283714049,2024-08-20,1.0,,0.6091018976520625
1181025613730447361,2024-08-23,0.0,,0.7581921327149678
1181009188222304257,2024-08-23,1.0,,0.4610880834652353
1181035801461096449,2024-08-23,0.0,,0.658798494648589
1181018252479299585,2024-08-23,0.0,,0.4895581579905007
1181002982723026945,2024-08-23,1.0,,0.969196900459955
1181027983897624577,2024-08-23,0.0,,0.3569461355448687
1180987628818202625,2024-08-23,1.0,,0.5479149871219279
1180999684974772225,2024-08-23,0.0,,0.7667596376847698
1181030283248304129,2024-08-23,1.0,,0.4952968413262881
1181019990441033729,2024-08-23,1.0,,0.5507584991612748
1181012084538015745,2024-08-24,0.0,0.4545230465597889,0.35919991619727437
1181023274497605633,2024-08-24,0.0,0.6106592935177629,0.6091018976520625
1180988760055087105,2024-08-24,1.0,0.6679703026473661,0.3569461355448687
1180991443680067585,2024-08-24,0.0,0.436465907046601,0.4961291470854716
1181022629608194049,2024-08-24,1.0,0.913793677102612,0.910846011921608
1180997301159854081,2024-08-24,1.0,0.8497799822371904,0.6224240114918338
1181024180596899841,2024-08-24,0.0,0.11091151067271089,0.4067606366146147
1181026101849456641,2024-08-24,0.0,0.7603341623263559,0.5542322756363597
1180988702948950017,2024-08-24,0.0,0.30545962100351026,0.3569461355448687
1181029408638009345,2024-08-24,0.0,0.3456834119374858,0.39213203173895433
1180993345598652417,2024-08-24,1.0,0.6800504431773876,0.6812040742317007
1180982763136188417,2024-08-27,1.0,0.3519350904623031,0.658798494648589
1180989173550415873,2024-08-27,1.0,0.6746989116127219,0.558194893759198
1181000123247886337,2024-08-27,1.0,,0.658798494648589
1181000228654350337,2024-08-27,0.0,0.24204384290696282,0.4652628791044982
1180984304735813633,2024-08-27,1.0,,0.429909272100463
1181033609267937281,2024-09-03,0.0,0.3222704906761253,0.5138233489012373
1180996900272013313,2024-09-03,0.0,0.7700975078778856,0.6223914095740051
1180986283317002241,2024-09-03,1.0,0.8251050577780624,0.7950340316284962
1180994690711846913,2024-09-03,1.0,0.19798817634798266,0.5138233489012373
1180993355086987265,2024-09-03,1.0,0.28425661992254664,0.473802514116497
1181004101698748417,2024-09-07,0.0,0.4495465966334472,0.4709278590141433
1180989083500347393,2024-09-07,0.0,0.36937937283817923,0.4026618031106503
1181005685239971841,2024-09-07,1.0,,0.5885160306771146
1180990736578314241,2024-09-07,1.0,0.7406762723942364,0.542273114724082
1181000539613134849,2024-09-07,0.0,0.2758119961543137,0.4067606366146147
1181030188780879873,2024-09-07,0.0,,0.614781676741211
1180983998454202369,2024-09-07,0.0,,0.558194893759198
1181000260498063361,2024-09-07,1.0,0.9536381692864346,0.9680836970218271
1181033822142955521,2024-09-07,0.0,,0.7667596376847698
1180999976319483905,2024-09-07,0.0,0.4005461953487321,0.3904602150932985
1180982534513426433,2024-09-07,1.0,0.7406762723942364,0.926901733412466
1180982796948766721,2024-09-07,0.0,0.2593237276057636,0.3569461355448687
1181028086593388545,2024-09-10,1.0,,0.5542322756363597
1181021796295737345,2024-09-10,1.0,0.7117768760152655,0.658798494648589
1180986893686177793,2024-09-10,0.0,0.1748949422219376,0.6036712809154177
1180991768058757121,2024-09-10,0.0,0.5112252633624466,0.44479272933840736
1181017876153630721,2024-09-14,0.0,0.8294523276919263,0.5948937300067496
1180993730249162753,2024-09-14,0.0,0.3071318312868554,0.3569461355448687
1180980776487616513,2024-09-14,0.0,0.5116245704237026,0.3897973133592665
1181029963094065153,2024-09-14,1.0,0.5943668989210898,0.7346406122963048
1181007584288473089,2024-09-14,0.0,0.5675474523104849,0.473802514116497
1181000612845158401,2024-09-14,0.0,0.5454769534402111,0.6466140226948975
1181023402132340737,2024-09-14,0.0,0.357942883140044,0.5138233489012373
1181032455608336385,2024-09-14,0.0,0.6868555921271607,0.6269996914901703
1180984932009574401,2024-09-14,0.0,0.5454769534402111,0.4132749459959645
1180983303102922753,2024-09-14,1.0,,0.910846011921608
1181005958193053697,2024-09-17,1.0,0.3832724906809575,0.4914771301009631
1180987250525274113,2024-09-17,0.0,0.5250665359519021,0.6707240170076322
1181034638613479425,2024-09-17,0.0,0.3787254834632072,0.3598414684298507
1181023430267797505,2024-09-17,1.0,0.852722893484042,0.658798494648589
1181009529122226177,2024-09-17,1.0,0.6167275093190425,0.696615214736233
1180995098559545345,2024-09-24,1.0,,0.542273114724082
1181004817569087489,2024-09-24,1.0,,0.3942509399755918
1181035293981114369,2024-09-24,1.0,,0.6223914095740051
1181033993013329921,2024-09-24,0.0,,0.6269996914901703
1180994419469352961,2024-09-24,1.0,0.5856014836400432,0.5567805766390034
1180986342618660865,2024-09-28,0.0,0.39407564615228113,0.5064437666377967
1180996954185859073,2024-09-28,1.0,0.4883754295762975,0.6223914095740051
1181004737167556609,2024-09-28,1.0,0.5454769534402111,0.7782316895684569
1180993878728998913,2024-09-28,1.0,0.8711711182041785,0.8353633779194953
1180993341404119041,2024-09-28,0.0,0.33909699543847416,0.3598414684298507
1181021594613776385,2024-09-28,1.0,0.7746865682018881,0.9534716382764462
1181020691305824257,2024-09-28,1.0,0.9106198825345518,0.706532297516869
1180981908690370561,2024-09-28,1.0,0.43938082153758484,0.3569461355448687
1181019407913877505,2024-09-28,1.0,0.8446502334606127,0.7176019764054961
1180989565748641793,2024-09-28,1.0,0.2507315894908768,0.4709278590141433
1181027152749559809,2024-09-28,1.0,0.2722718627837095,0.4914771301009631
1181031113912844289,2024-09-28,1.0,,0.6615184017760253
1181000368195076097,2024-09-28,0.0,0.6348392095069872,0.5744490640935622
1180981519009251329,2024-09-28,1.0,0.6543165880625142,0.5923127200321672
1181004633891799041,2024-10-01,1.0,,0.5792130872660095
1181033935518498817,2024-10-01,1.0,,0.5567805766390034
1181001957055168513,2024-10-01,1.0,0.7117768760152655,0.7393406505744604
1180991754829922305,2024-10-01,1.0,,0.5755700746743971
1181029148560293889,2024-10-01,1.0,,0.5479149871219279
1181033415812022273,2024-10-05,1.0,0.695445527441002,0.7526172167257117
1181011052076990465,2024-10-05,0.0,0.4005691950969471,0.39340931868799994
1180990612648493057,2024-10-05,0.0,0.3229646615713856,0.3569461355448687
1181031008862732289,2024-10-05,1.0,,0.658798494648589
1180981865069969409,2024-10-05,1.0,0.7829728786708416,0.3598414684298507
1181009459240042497,2024-10-05,0.0,0.09516792428716,0.3569461355448687
1180999563533942785,2024-10-05,1.0,0.41074167224986685,0.3904602150932985
1181023527190724609,2024-10-05,0.0,0.36937937283817923,0.3598414684298507
1181025715620675585,2024-10-05,1.0,0.3519350904623031,0.4652628791044982
1181002190193557505,2024-10-05,0.0,0.3832021341754413,0.5218481072487088
1180980868374953985,2024-10-05,0.0,0.4325788561051965,0.3904602150932985
1181030735716024321,2024-10-05,0.0,0.6106592935177629,0.658798494648589
1181000042105733121,2024-10-08,1.0,,0.5567805766390034
1180983130427129857,2024-10-08,0.0,,0.4914771301009631
1181025229336543233,2024-10-08,0.0,,0.7583969195688952
1180987955685261313,2024-10-08,1.0,0.6727765845070593,0.5567805766390034
1180991863558930433,2024-10-08,0.0,,0.40980253386127113
1180983569378836481,2024-10-12,0.0,0.3893427803517498,0.39279634810311126
1181033164927631361,2024-10-12,1.0,0.2593237276057636,0.3897973133592665
1181025829995511809,2024-10-12,1.0,0.5454769534402111,0.4596226581877192
1181030400237961217,2024-10-12,0.0,0.36862128241256603,0.3569461355448687
1181006817832108033,2024-10-12,1.0,0.6256821781959648,0.553832586808538
1180992824505401345,2024-10-12,1.0,0.6447811314046812,0.6036712809154177
1181030618505609217,2024-10-12,0.0,0.6313787175874339,0.6009417700476272
1181034158590918657,2024-10-12,1.0,0.7371579934141145,0.5567805766390034
1181007043931897857,2024-10-12,1.0,0.7884482161693791,0.6728304339952565
1181035311694282753,2024-10-12,0.0,0.25368000324688367,0.6189580631691373
1181027540981022721,2024-10-12,1.0,0.6617269761016471,0.5159314133506196
1180997857839742977,2024-10-12,1.0,0.7903951961492366,0.672042623848039
1181020725766520833,2024-10-15,1.0,0.3832021341754413,0.40980253386127113
1181008540298379265,2024-10-15,1.0,0.493171984306209,0.5989924536748791
1180980075392860161,2024-10-15,0.0,0.42040129165458046,0.44479272933840736
1180998271559434241,2024-10-15,0.0,,0.5989924536748791
1181011285729738753,2024-10-15,1.0,0.5116245704237026,0.6189580631691373
1181019851993120769,2024-10-19,0.0,0.33202969735263393,0.3598414684298507
1180983552245006337,2024-10-19,1.0,0.5768805772236971,0.5507584991612748
1181011164255158273,2024-10-19,1.0,0.5547604990735023,0.4153167070220182
1180981623123836929,2024-10-19,0.0,,0.3569461355448687
1181001343169036289,2024-10-19,1.0,0.5278865694608769,0.5284484080871293
1181001214115184641,2024-10-19,1.0,0.7037575706316658,0.5920428835540369
1181008713620783105,2024-10-19,0.0,0.8308125491550605,0.9283159276979243
1181018887819788289,2024-10-19,1.0,0.6845533298179631,0.6707240170076322
1180998604780732417,2024-10-19,1.0,0.24267369091363084,0.4875599642378798
1181030849542586369,2024-10-19,0.0,0.36937937283817923,0.3598414684298507
1181004278636806145,2024-10-19,1.0,0.17977166079744816,0.3569461355448687
1181015656140734465,2024-10-26,1.0,0.7134556901528161,0.8158739415802082
1180983036798205953,2024-10-26,1.0,0.7837079327399806,0.7747533321243246
1181029862688620545,2024-10-26,1.0,0.2593237276057636,0.45142256563465677
1180984105957949441,2024-10-26,1.0,0.48139255344733073,0.9594432965826084
1181002844148793345,2024-10-26,1.0,0.6868555921271607,0.7018275695508887
1180999716173938689,2024-10-26,1.0,0.7371579934141145,0.6118332036463376
1181028426494509057,2024-10-26,1.0,0.6106572196482503,0.9858089815640506
1180994137837568001,2024-10-26,0.0,0.3023513601460478,0.3598414684298507
1181024287487066113,2024-10-26,1.0,0.6167978658245588,0.7372443671047748
1180986253634797569,2024-10-26,1.0,,0.6707240170076322
1180985844982874113,2024-10-26,1.0,0.8775219726548874,0.8959605140147676
1181013231776628737,2024-10-26,1.0,0.7067666768616707,0.542273114724082
1181003283420872705,2024-10-26,1.0,0.5768805772236971,0.44574468765073355
1181014657452965889,2024-11-02,1.0,0.6746989116127219,0.39279634810311126
1181023828274348033,2024-11-02,0.0,0.5795987083454195,0.8238217626459065
1181034247348813825,2024-11-02,0.0,0.24204384290696282,0.40980253386127113
1180982993402134529,2024-11-02,0.0,0.3538783343896149,0.3598414684298507
1181027867425210369,2024-11-02,1.0,0.5795987083454195,0.6172228971587279
1180983796191625217,2024-11-02,1.0,0.5547604990735023,0.4914771301009631
1180997025713717249,2024-11-02,0.0,,0.4273859847268572
1180987964460040193,2024-11-02,1.0,0.5606191784624152,0.558194893759198
1181010542174732289,2024-11-02,1.0,0.5504534033665529,0.4961291470854716
1181006175102664705,2024-11-02,1.0,0.7579561570930372,0.542273114724082
1180980548770004993,2024-11-02,1.0,0.6167978658245588,0.5138233489012373
1181028375419617281,2024-11-02,1.0,0.5397916748194584,0.7071083554798909
1180986017207058433,2024-11-02,0.0,0.6461216656103851,0.429909272100463
1181034020921212929,2024-11-09,1.0,,0.542273114724082
1181006461542236161,2024-11-09,0.0,0.17733001942230647,0.3569461355448687
1181007022799552513,2024-11-09,1.0,0.6227064558399238,0.5479149871219279
1181027858521817089,2024-11-09,1.0,,0.5479149871219279
1181024176852664321,2024-11-09,0.0,0.11857152158246914,0.4074331246239997
1180987931260092417,2024-11-09,0.0,0.28201722728043027,0.4914771301009631
1180998205225271297,2024-11-09,0.0,0.26249232878022083,0.40980253386127113
1180979772565159937,2024-11-09,1.0,0.8173164362964571,0.6510608972033177
1181032098350956545,2024-11-09,0.0,0.39249070665024965,0.5138233489012373
1180988408379473921,2024-11-09,1.0,0.33827302389835295,0.3947532104887516
1181031456072630273,2024-11-09,0.0,0.20960480385076344,0.3569461355448687
1181001601087176705,2024-11-16,0.0,0.27614988598964674,0.3569461355448687
1180996246928130049,2024-11-16,1.0,0.9218526559504824,0.9627355197583576
1181029848557322241,2024-11-16,1.0,0.8975642527147605,0.7628223009453345
1180999230763532289,2024-11-16,1.0,0.5675474523104849,0.40980253386127113
1181018954153033729,2024-11-16,1.0,0.8497799822371904,0.9676902969317503
1180983438224719873,2024-11-16,1.0,0.2672724561481907,0.4104381138876129
1180993779353747457,2024-11-16,1.0,0.6928681687131446,0.8546942224748713
1180989149643407361,2024-11-16,0.0,0.5675474523104849,0.43549436205163805
1181016925564305409,2024-11-16,1.0,0.36937937283817923,0.4652628791044982
1181025100701564929,2024-11-16,0.0,0.4545230465597889,0.7018275695508887
1181023247881404417,2024-11-16,1.0,0.8890884893272891,0.658798494648589
1181009278593531905,2024-11-16,0.0,0.5547604990735023,0.357585908679464
1181018243541925889,2024-11-23,0.0,,0.6680409620918697
1181029365274935297,2024-11-23,0.0,0.3071318312868554,0.3947532104887516
1181011252240809985,2024-11-23,0.0,0.3893427803517498,0.7126481004182351
1181032464640245761,2024-11-23,1.0,0.6278360486144264,0.35919991619727437
1181003121747099649,2024-11-23,0.0,0.8941115903302007,0.75392612807064
1181022114966339585,2024-11-23,1.0,,0.6605011435130702
1181003398185582593,2024-11-23,1.0,0.7406762723942364,0.7261365191903139
1181024338496684033,2024-11-23,0.0,,0.4652628791044982
1181033588650147841,2024-11-23,0.0,,0.37907132022746626
1181019915521753089,2024-11-23,1.0,0.77728579172915,0.658798494648589
1180994319420424193,2024-11-23,0.0,0.5232687053772038,0.3569461355448687
1181002978367635457,2024-11-23,1.0,,0.3569461355448687
1180999095418847233,2024-11-23,1.0,0.7573263090863692,0.910846011921608
1180986338553331713,2024-12-07,0.0,0.36937937283817923,0.6009417700476272
1180990495529795585,2024-12-07,1.0,0.8333014002649712,0.6707240170076322
1181007040513343489,2024-12-07,1.0,0.4005461953487321,0.5920428835540369
1181000535774658561,2024-12-07,0.0,0.4005461953487321,0.357585908679464
1181005461588541441,2024-12-07,1.0,0.7807355067990851,0.6082816096570254
1181002582232530945,2024-12-07,1.0,0.6746989116127219,0.5994915795172627
1180982577363124225,2024-12-07,0.0,0.5046487343377706,0.7682197212500241
1181032368494280705,2024-12-07,1.0,0.77728579172915,0.6728304339952565
1180983984360259585,2024-12-07,1.0,0.7026211673274168,0.542273114724082
1180994218433380353,2024-12-07,0.0,0.5454769534402111,0.473802514116497
1181008243793428481,2024-12-07,0.0,0.08866750196585947,0.3569461355448687
1181023854765408257,2024-12-07,1.0,0.7829728786708416,0.614781676741211
1181007399935016961,2024-12-07,1.0,0.8941115903302007,0.8700706705000623
1180994001588060161,2024-12-07,1.0,0.5454769534402111,0.6707240170076322
1181007492658626561,2024-12-14,1.0,0.5161640760385819,0.4273859847268572
1180982028133990401,2024-12-14,1.0,0.7955303307352459,0.6180574509127379
1181032006365184001,2024-12-14,1.0,0.4231194227763029,0.40980253386127113
1181018456678400001,2024-12-14,0.0,0.3045544725589981,0.5542322756363597
1180984574009835521,2024-12-14,1.0,0.6543165880625142,0.5364529595757678
1181030180359700481,2024-12-14,1.0,0.5960979764027162,0.6118332036463376
1181034953372827649,2024-12-14,1.0,0.8775219726548874,0.8537953313664555
1180990606194311169,2024-12-14,0.0,0.3023513601460478,0.40912883519711185
1181019705774276609,2024-12-14,1.0,0.7623292159860717,0.6513146878423693
1181017196514836481,2024-12-14,0.0,0.7696203727998492,0.7782316895684569
1181024753315151873,2024-12-14,0.0,0.32530108838727817,0.3598414684298507
1181020807233110017,2024-12-14,0.0,0.6868555921271607,0.8769045203787177
1181014648419254273,2024-12-14,1.0,0.8497799822371904,0.9283159276979243
1180981861036687361,2025-01-11,1.0,0.7157433800774533,0.6252364428884571
1181005120333283329,2025-01-11,0.0,0.709161075269608,0.5596131452977506
1180996914305925121,2025-01-11,0.0,0.32530108838727817,0.357585908679464
1180990981362352129,2025-01-11,0.0,0.6106572196482503,0.910846011921608
1181000147349667841,2025-01-11,1.0,0.8835826682840104,0.6302723733729718
1181031700793655297,2025-01-11,1.0,,0.6066418921009269
1180986279058735105,2025-01-11,1.0,0.28425661992254664,0.357585908679464
1180991763960987649,2025-01-11,1.0,0.7157433800774533,0.5910927396129088
1181027186852724737,2025-01-11,1.0,0.6278360486144264,0.5479149871219279
1180998533768118273,2025-01-11,1.0,0.36186079995659987,0.3598414684298507
1181009435783692289,2025-01-11,1.0,0.5703237791805462,0.4610880834652353
1181030485444591617,2025-01-11,0.0,0.1502200177628096,0.3598414684298507
1180981368819843073,2025-01-11,1.0,0.8633677286950617,0.6625838510441991
1181026060746620929,2025-01-11,1.0,0.33202969735263393,0.44479272933840736
1180986604699222017,2025-01-18,0.0,0.36047461757604465,0.4875599642378798
1181000607457542145,2025-01-18,1.0,0.3071318312868554,0.35919991619727437
1180992820019429377,2025-01-18,1.0,0.7406762723942364,0.4652628791044982
1181005178344669185,2025-01-18,0.0,0.8446502334606127,0.6615184017760253
1181024507627929601,2025-01-18,1.0,0.9068404809245442,0.9293822221964927
1181031109557387265,2025-01-18,0.0,0.6976486398539522,0.41265207927173975
1181034734148517889,2025-01-18,0.0,0.3023513601460478,0.5479149871219279
1181012340295008257,2025-01-18,1.0,0.4452395009264977,0.40569400994518673
1180981785507987457,2025-01-18,1.0,,0.4293933087673508
1180997853419831297,2025-01-18,1.0,,0.9541822121183097
1181001329651089409,2025-01-18,1.0,0.7545771739111907,0.6466140226948975
1180985599710953473,2025-01-18,0.0,0.9029408406785397,0.9323157827082534
1180998201384992769,2025-01-18,0.0,0.4721134305391231,0.39340931868799994
1181029180435988481,2025-02-01,0.0,0.6059243538477189,0.5642004995965026
1181008742592512001,2025-02-01,1.0,0.8333014002649712,0.6036712809154177
1180990800556982273,2025-02-01,1.0,0.7037575706316658,0.5736578800404499
1181024279744741377,2025-02-01,0.0,0.6395253824239554,0.6938926832150123
1181028153670860801,2025-02-01,1.0,0.7406762723942364,0.6978355144035417
1180979977215115265,2025-02-01,0.0,0.59106428963518,0.3569461355448687
1180979742236770305,2025-02-01,1.0,0.5346440168872334,0.4683572721195613
1181005966355333121,2025-02-01,1.0,0.7573263090863692,0.4984069992826958
1181030582464741377,2025-02-01,1.0,0.7238501140103533,0.6765415216481291
1180981237507489793,2025-02-01,1.0,0.48139255344733073,0.3598414684298507
1180997791278465025,2025-02-01,1.0,0.4545230465597889,0.8314650440136923
1181019323608137729,2025-02-08,1.0,0.8497799822371904,0.57725444988521
1181018078319181825,2025-02-08,0.0,0.31916264037448233,0.5138233489012373
1181019306314661889,2025-02-08,1.0,0.3098967771875642,0.542273114724082
1181025370588086273,2025-02-08,1.0,0.6855374241664947,0.6154306838537
1181035110625935361,2025-02-08,0.0,0.41956765886851666,0.3598414684298507
1180988755731611649,2025-02-08,1.0,0.4792102355922601,0.7708061642842758
1181000072690204673,2025-02-08,1.0,0.6679703026473661,0.706876898061879
1180989276083060737,2025-02-08,1.0,0.772356757132565,0.6707240170076322
1181035036515762177,2025-02-08,1.0,,0.5802853983930187
1181035345926651905,2025-02-08,0.0,0.24267369091363084,0.7775278455555906
1181032986930053121,2025-02-08,1.0,,0.5783734944516424
1180992246014083073,2025-02-15,1.0,0.31994955682261245,0.3569461355448687
1180984507225505793,2025-02-15,0.0,0.14047107790306207,0.34877712977722797
1181025481997254657,2025-02-15,0.0,0.29083892473039197,0.3569461355448687
1180988485553717249,2025-02-15,0.0,0.6746989116127219,0.9396791921841271
1181027420150693889,2025-02-15,0.0,0.4452395009264977,0.3569461355448687
1180980185962053633,2025-02-15,1.0,0.8202283392025519,0.8048447031292255
1181019861576417281,2025-02-15,0.0,0.17977166079744816,0.2945646252427012
1181012060212002817,2025-02-15,1.0,0.48139255344733073,0.3598414684298507
1180990732414779393,2025-02-15,1.0,0.77728579172915,0.7225973476065557
1181031219288178689,2025-02-15,0.0,0.7327275438518094,0.5421063222522772
1180998315180359681,2025-02-15,0.0,0.21021968823361953,0.33621561711082326
1180988451290120193,2025-02-15,1.0,0.6679703026473661,0.7018275695508887
1180979768311054337,2025-02-22,1.0,0.923778437056933,0.6928665809032042
1180984862224384001,2025-02-22,1.0,0.8157649222726425,0.7344227405545052
1180995807655067649,2025-02-22,0.0,0.4767312946227962,0.39279634810311126
1181026316920815617,2025-02-22,1.0,0.6928681687131446,0.5479149871219279
1181004274021629953,2025-02-22,1.0,0.4039020235972839,0.49546481552057436
1180990925127221249,2025-02-22,1.0,0.7238501140103533,0.9151865507074257
1181035595584143361,2025-02-22,0.0,0.4883754295762975,0.357585908679464
1180993407674286081,2025-02-22,0.0,0.286544309847184,0.5920428835540369
1180986216952659969,2025-02-22,1.0,0.33202969735263393,0.4121376325566018
1181025600631046145,2025-02-22,1.0,0.7134556901528161,0.7692368416338617
1180984101829246977,2025-02-22,1.0,0.36937937283817923,0.40912883519711185
1180981514813898753,2025-02-22,0.0,0.24267369091363084,0.4477010174634484
1180981830031278081,2025-03-01,1.0,0.6746989116127219,0.6590496047188784
1181024787063373825,2025-03-01,0.0,0.19498648925730014,0.39279634810311126
1180990228642496513,2025-03-01,1.0,0.4767312946227962,0.5227751928241279
1180985673306865665,2025-03-01,0.0,0.7335402556249933,0.5525465363304604
1180981009399971841,2025-03-01,0.0,0.33083928763518883,0.542273114724082
1181021554994642945,2025-03-01,0.0,0.15694363411069007,0.2858426802882692
1181009153085734913,2025-03-01,1.0,0.3045544725589981,0.5472023294681448
1180981618768609281,2025-03-01,1.0,,0.42267171314257546
1180982456564056065,2025-03-01,1.0,0.3519350904623031,0.4757933552272338
1181018883432022017,2025-03-01,0.0,0.5346440168872334,0.5812328888689104
1181035513117540353,2025-03-08,1.0,0.6167978658245588,0.34409860310705465
1181024990423908353,2025-03-08,1.0,0.7335402556249933,0.6927601016198034
1180999089319182337,2025-03-08,0.0,0.6574827706109929,0.8290996491769649
1181022508682444801,2025-03-08,1.0,0.43938082153758484,0.37225839616023165
1181003278941683713,2025-03-08,1.0,0.43938082153758484,0.5748953031800355
1181022127356641281,2025-03-08,0.0,0.1224780273451125,0.33526719310931086
1180984927977537537,2025-03-08,0.0,0.4495465966334472,0.3283967914313602
1181004034653192193,2025-03-08,1.0,0.39249070665024965,0.5472023294681448
1180983031699275777,2025-03-08,0.0,0.5186074465526692,0.4484995962492587
1181007686337757185,2025-03-08,0.0,0.1842350777273575,0.41353116439555165
1180987927065952257,2025-03-15,1.0,0.8009826295750138,0.7162066008344953
1181015169248788481,2025-03-15,0.0,0.6543165880625142,0.7283829635128898
1180999558533152769,2025-03-15,0.0,0.6059243538477189,0.6795500129512794
1181028849569529857,2025-03-15,1.0,,0.5472023294681448
1181028082721882113,2025-03-15,1.0,0.12918083969235286,0.3226875719346093
1181000118569730049,2025-03-15,0.0,0.23510250153462806,0.7382048885758132
1180991695432122369,2025-03-15,0.0,0.6241923441377161,0.9304500161012511
1180994251504812033,2025-03-15,0.0,0.1705476723080736,0.3270765377607875
1181011036554395649,2025-03-15,1.0,0.6679703026473661,0.7055941106128478
1180985655883530241,2025-03-15,0.0,0.2162920672600194,0.2964415921726191
1181029144398168065,2025-03-15,0.0,0.7746865682018881,0.7283829635128898
1180995600650502145,2025-03-15,1.0,0.6241923441377161,0.7178926054973197
1180996809321119745,2025-03-15,1.0,0.8254262965632324,0.8734099934176736
1181000364162351105,2025-03-22,0.0,0.7942650771854712,0.6083342748297157
1181004097344208897,2025-03-22,0.0,0.5606191784624152,0.7285772632042632
1181000385973125121,2025-03-22,1.0,0.8320840565912277,0.6969871190484958
1181025567205359617,2025-03-22,0.0,0.32378396894809053,0.3283967914313602
1180989078789390337,2025-03-22,0.0,0.40729233447782137,0.49070651322023684
1181010568825438209,2025-03-22,0.0,0.5094322005547439,0.3474247733036755
1180985106107203585,2025-03-22,1.0,0.6278360486144264,0.668334081253199
1181003138879455233,2025-03-22,0.0,0.7955303307352459,0.38284378365694527
1180993874403885057,2025-03-22,1.0,0.4267597850285621,0.6376031455822945
1181030468216881153,2025-03-22,1.0,0.4115274176805098,0.3809399887186189
1181012982764273665,2025-03-22,0.0,0.5391416645795012,0.5204365966773491
1180999971510091777,2025-03-22,1.0,0.7189687800131715,0.6369606489345011
1180987784362754049,2025-03-22,0.0,0.2722718627837095,0.34409860310705465
1181001965991624705,2025-03-29,1.0,0.6901032228124359,0.7126390775118189
1180999299034251265,2025-03-29,1.0,0.4883754295762975,0.7283829635128898
1181027415699193857,2025-03-29,1.0,0.8173164362964571,0.8467381725513402
1181025187330064385,2025-03-29,1.0,0.8050135107426999,0.7690877915135715
1180995803202682881,2025-03-29,0.0,0.6051191516560648,0.647376101548865
1181005724505538561,2025-03-29,1.0,0.8033349256949814,0.6694290811167157
1180988668296855553,2025-03-29,0.0,0.5884725823194902,0.6940828878447929
1181006337647542273,2025-03-29,1.0,0.695445527441002,0.6913649208067932
1180993726216044545,2025-03-29,1.0,0.7157433800774533,0.5472023294681448
1180997297222025217,2025-03-29,0.0,0.20539723072039542,0.3226875719346093
1181014877525442561,2025-03-29,1.0,0.5884725823194902,0.7109691974304093
1181001820384067585,2025-03-29,1.0,0.8110807901231847,0.7197196837945719
1181026097493999617,2025-04-05,1.0,0.6106572196482503,0.4732113842006673
1181003768380162049,2025-04-05,1.0,0.7371579934141145,0.8535955046894407
1181023362255814657,2025-04-05,1.0,0.8775219726548874,0.7001412366524363
1180989561327845377,2025-04-05,1.0,0.32530108838727817,0.354976091361271
1181008529749475329,2025-04-05,1.0,0.28425661992254664,0.3270765377607875
1180981110450651137,2025-04-05,0.0,0.5,0.34274743929837104
1181004813699481601,2025-04-05,1.0,0.4296762208194537,0.4562021487011761
1181002866637471745,2025-04-05,1.0,0.6691607123648111,0.660580084740991
1180985418774642689,2025-04-05,0.0,0.09315951907545594,0.34409860310705465
1180990688440156161,2025-04-05,1.0,0.6043064591421344,0.6689499117051023
1181001856229998593,2025-04-05,0.0,0.2593237276057636,0.25560513743891544
1181022393887948801,2025-04-05,0.0,0.4545230465597889,0.450698098067625
1180993775453470721,2025-04-12,0.0,0.4231194227763029,0.4136745866772121
1181001339007860737,2025-04-12,0.0,0.2664597443750067,0.4770279002814406
1181014187335581697,2025-04-12,0.0,0.11091151067271089,0.2964415921726191
1181023397133516801,2025-04-12,1.0,0.5768805772236971,0.600309501122124
1181015651720462337,2025-04-12,1.0,0.3721639513855736,0.36449126596539055
1181026967553015809,2025-04-12,0.0,0.36047461757604465,0.600309501122124
1181017429815492609,2025-04-12,0.0,0.42040129165458046,0.6009762277969009
1181007018896228353,2025-04-12,0.0,,0.36014632736583546
1180995493921030145,2025-04-12,1.0,0.6278360486144264,0.7162066008344953
1181021215803080705,2025-04-12,0.0,0.6090990306118267,0.5749465954652584
1181031476978843649,2025-04-12,1.0,0.6409553390692864,0.703240803412963
1181000297247309825,2025-04-12,0.0,0.3519350904623031,0.5134540828960266
1181032225857142785,2025-04-12,1.0,0.6113800097626366,0.6610652307241778
1181004106440736769,2025-04-26,1.0,0.599453804651268,0.6185217111913404
1180982530481324033,2025-04-26,1.0,0.8708191603076472,0.7897572123245459
1181033311084314625,2025-04-26,1.0,0.5454769534402111,0.4246410072659922
1180989912135041025,2025-04-26,1.0,0.7327275438518094,0.758649489452792
1181024267966185473,2025-04-26,0.0,0.5768805772236971,0.5319831131444928
1180980504889524225,2025-04-26,1.0,,0.7396811114238293
1180981390403502081,2025-04-26,1.0,0.8173164362964571,0.45677021828296
1180993825459011585,2025-04-26,0.0,0.286544309847184,0.3809399887186189
1180994087474757633,2025-04-26,0.0,0.3538783343896149,0.34409860310705465
1181001302967910401,2025-04-26,1.0,0.6480649095376969,0.6211188219152916
1181034604381765633,2025-04-26,0.0,0.20539723072039542,0.34068370826520744
1181023850473422849,2025-04-26,1.0,0.5674211438948035,0.9039202128839293
1180993067579736065,2025-04-26,1.0,0.5795987083454195,0.7214204032831131
1180996623608676353,2025-04-26,1.0,0.5116245704237026,0.5472023294681448
1181032703717441537,2025-05-03,0.0,0.3071318312868554,0.3115658274933642
1181026714057736193,2025-05-03,1.0,0.3023513601460478,0.3270765377607875
1181031534022426625,2025-05-03,0.0,0.5675474523104849,0.40622735972342733
1180986600988180481,2025-05-03,0.0,0.2507315894908768,0.4737821807926838
1181033794364899329,2025-05-03,1.0,0.4452395009264977,0.6096209529212533
1181034273805500417,2025-05-03,0.0,0.4452395009264977,0.38284378365694527
1181019068336504833,2025-05-03,0.0,0.145408925583276,0.3612040240179051
1180988404381810689,2025-05-03,0.0,0.5547604990735023,0.6410829046764784
1180998197126299649,2025-05-03,1.0,0.22531343179811186,0.34274743929837104
1181025477641240577,2025-05-03,1.0,0.7492684105091233,0.6694290811167157
1181017058586591233,2025-05-03,1.0,0.6868555921271607,0.5853596733764711
1181003393604747265,2025-05-03,1.0,0.8308125491550605,0.7347357502149157
1181003833907642369,2025-05-10,1.0,0.45474536196761894,0.6342797941308626
1181031822590279681,2025-05-10,1.0,0.9327928218421015,0.7761228385675658
1181007579544780801,2025-05-10,0.0,0.29286826746367134,0.36014632736583546
1180982792948449281,2025-05-10,0.0,0.2664597443750067,0.4238096041180217
1180998342218186753,2025-05-10,0.0,0.6306206271618208,0.4239776537890428
1181002075107033089,2025-05-10,1.0,0.7492684105091233,0.7232494810324882
1180981645323272193,2025-05-10,0.0,0.4115274176805098,0.5548422898940033
1180986013303570433,2025-05-10,1.0,0.6010761308018384,0.6610652307241778
1181024645038735361,2025-05-10,1.0,0.6409553390692864,0.7178926054973197
1181022376142209025,2025-05-10,1.0,0.45052900907247256,0.6689499117051023
1180990920998060033,2025-05-10,1.0,0.4767312946227962,0.34409860310705465
1180980863373279233,2025-05-10,0.0,0.6507049087144039,0.5204365966773491
1181033293695090689,2025-05-17,0.0,0.31994955682261245,0.36014632736583546
1180991170239463425,2025-05-17,0.0,0.14826733787906748,0.26549967765259563
1181033831854276609,2025-05-17,0.0,0.42040129165458046,0.33446598907934605
1180991868269101057,2025-05-17,1.0,0.30545962100351026,0.4770279002814406
1181023204806983681,2025-05-17,1.0,0.6278360486144264,0.7827650294876757
1181011245495451649,2025-05-17,1.0,0.6480649095376969,0.7126390775118189
1181006947822174209,2025-05-17,1.0,0.5232687053772038,0.43020807576019704
1181030902684549121,2025-05-17,1.0,0.7632663723434229,0.6694290811167157
1181006457252642817,2025-05-17,0.0,0.15694363411069007,0.2964415921726191
1180998267623440385,2025-05-17,1.0,,0.9628854399324365
1180995799298703361,2025-05-17,0.0,0.3721639513855736,0.34409860310705465
1181035797684420609,2025-05-22,1.0,,0.6913649208067932
1181019495574700033,2025-05-22,1.0,,0.7690877915135715
1180986330293698561,2025-05-22,0.0,,0.6276184932319496
1181035242972676097,2025-05-22,0.0,,0.7001412366524363
1181002973947985921,2025-05-22,0.0,,0.8877553072811195
1180980244424622081,2025-05-22,1.0,,0.71454914797452
1181020340210663425,2025-05-22,0.0,,0.6376031455822945
1181028267787681793,2025-05-22,1.0,,0.6269686512342207
1180983163724922881,2025-05-22,0.0,,0.6158717534556594
1181018230507143169,2025-05-22,1.0,,0.3770020865264807
1181016337555587073,2025-05-23,0.0,,0.5472023294681448
1180992052753661953,2025-05-23,0.0,,0.5204365966773491
1180997086627823617,2025-05-23,1.0,,0.600309501122124
1180997269120122881,2025-05-23,1.0,,0.71454914797452
1181023585262436353,2025-05-23,0.0,,0.71454914797452
1181015787293310977,2025-05-23,0.0,,0.6909028663950099
1181019558844858369,2025-05-23,1.0,,0.4073695892599465
1181035783297204225,2025-05-23,0.0,,0.5295338807240043
1181001948892921857,2025-05-23,0.0,,0.6913649208067932
1180986483385827329,2025-05-23,0.0,,0.516700473817484
1180993948063465473,2025-05-31,1.0,0.4452395009264977,0.5080464257457026
1180984300412403713,2025-05-31,1.0,,0.660580084740991
1180989145608192001,2025-05-31,0.0,0.7837079327399806,0.8171403565931882
1181003536628482049,2025-05-31,0.0,0.4653559831127666,0.5812328888689104
1181013592681545729,2025-05-31,0.0,0.3071318312868554,0.3270765377607875
1181032279704403969,2025-05-31,1.0,0.6543165880625142,0.5302103690656781
1181005411741073409,2025-05-31,1.0,0.5884725823194902,0.6386021849437821
1180983548115976193,2025-05-31,0.0,0.6679703026473661,0.600309501122124
1181017167512076289,2025-05-31,1.0,0.6395253824239554,0.37309937922722547
1181009455270821889,2025-06-07,0.0,0.13913493778061575,0.34274743929837104
1181028066042839041,2025-06-07,1.0,0.8446502334606127,0.5853596733764711
1180995595907399681,2025-06-07,0.0,,0.5372437076424549
1181034421412593665,2025-06-07,0.0,0.145408925583276,0.2858426802882692
1180986399919964161,2025-06-07,1.0,0.37870640869879907,0.5748953031800355
1181012969406922753,2025-06-07,0.0,0.3098967771875642,0.36014632736583546
1181000602745241601,2025-06-07,1.0,0.7318670674711295,0.5574334858060266
1180997021583343617,2025-06-07,0.0,,0.3459211617175511
1181033851795505153,2025-06-07,0.0,0.1705476723080736,0.6567030069400104
1180983994164248577,2025-06-07,1.0,,0.7121469576874788
1181008638831984641,2025-06-07,0.0,,0.6206093125631277
1180994327452712961,2025-06-07,1.0,0.6106572196482503,0.7283829635128898
1181005828879253505,2025-06-07,0.0,0.22271420827084984,0.36878136968877484
1181027755471110145,2025-06-14,1.0,0.9476467762942639,0.7651051271549341
1180990600160378881,2025-06-14,1.0,0.29286826746367134,0.33446598907934605
1180998430329470977,2025-06-14,1.0,0.8497799822371904,0.8932004334135293
1181031214869184513,2025-06-14,1.0,0.5927076655221787,0.7147494681420592
1181026312501854209,2025-06-14,1.0,0.1374361064310891,0.310692639161534
1181023371030757377,2025-06-14,1.0,0.4231194227763029,0.49410092225041685
1181000531676725249,2025-06-14,0.0,0.36172643494996665,0.3809399887186189
1181034512494264321,2025-06-14,1.0,0.8173164362964571,0.6651861027109626
1181025446894075905,2025-06-14,1.0,0.6901032228124359,0.5039069581478078
1180985595419787265,2025-06-14,0.0,0.3279138739339335,0.37225839616023165
1180993997006340097,2025-06-14,1.0,0.7623292159860717,0.7545442486643593
1181024571187822593,2025-06-21,1.0,0.8202283392025519,0.7178926054973197
1181028421911904257,2025-06-21,0.0,0.36047461757604465,0.6834717355648495
1180981088672612353,2025-06-21,0.0,,0.5480214527963426
1180988029954916353,2025-06-21,1.0,0.6976486398539522,0.7655901693724039
1181012326293995521,2025-06-21,0.0,,0.7126390775118189
1180979738009174017,2025-06-21,0.0,0.599453804651268,0.6968881949318778
1180984923330314241,2025-06-21,1.0,0.4231194227763029,0.3448162269353136
1181007421161111553,2025-06-21,1.0,0.7037575706316658,0.6964573507558065
1181027657065267201,2025-06-21,1.0,0.7897803117663805,0.6185217111913404
1181028091369095169,2025-06-21,0.0,0.39728398878842675,0.34409860310705465
1181027853971030017,2025-06-21,1.0,,0.6784724360368545
1181001596473212929,2025-06-21,1.0,0.19384057688942782,0.33580118589331626
1181019736812453889,2025-06-28,1.0,0.6901032228124359,0.6381031410935047
1180988751633645569,2025-06-28,1.0,0.6152819874391855,0.8079388110044452
1181031835367178241,2025-06-28,0.0,0.04685262768269711,0.13340938760313803
1181029560568807425,2025-06-28,1.0,0.7949007605541955,0.689025811958133
1181023094174842881,2025-06-28,1.0,0.3743178218040352,0.49410092225041685
1181010852523376641,2025-06-28,0.0,0.31994955682261245,0.5472023294681448
1180997402338951169,2025-06-28,1.0,0.48139255344733073,0.3809399887186189
1181033160572928001,2025-06-28,0.0,0.4653559831127666,0.44761000670177675
1180999225991495681,2025-06-28,1.0,0.7463199967531164,0.71454914797452
1180982452305297409,2025-06-28,0.0,0.4159734041747577,0.5916520641010513
1180983433805070337,2025-06-28,0.0,0.29083892473039197,0.3283967914313602
1180993869855031297,2025-07-12,0.0,0.28237772765529257,0.3270765377607875
1181027687168966657,2025-07-12,0.0,0.15346058938163598,0.25560513743891544
1181035123112148993,2025-07-12,0.0,0.6152819874391855,0.7283829635128898
1180997787215331329,2025-07-12,0.0,0.09315951907545594,0.3270765377607875
1181025366490054657,2025-07-12,1.0,0.41956765886851666,0.703240803412963
1181022761180954625,2025-07-12,1.0,0.2758119961543137,0.4136745866772121
1180988446901501953,2025-07-12,0.0,0.19498648925730014,0.2937741083091113
1181020745155608577,2025-07-12,1.0,0.9176924998423724,0.7283829635128898
1181005681109991425,2025-07-12,0.0,,0.26549967765259563
1180996909595328513,2025-07-12,0.0,0.26249232878022083,0.5812328888689104
1181021551703031809,2025-07-12,1.0,0.8681759275285545,0.9239088381853301
1180990491400306689,2025-07-19,1.0,0.6855374241664947,0.6276184932319496
1181013218839429121,2025-07-19,1.0,0.5675474523104849,0.7214204032831131
1181005954449997825,2025-07-19,1.0,0.8333014002649712,0.7283829635128898
1181015647269289985,2025-07-19,0.0,0.6746989116127219,0.67130193122019
1180981510426198017,2025-07-19,0.0,0.36172643494996665,0.42267171314257546
1181003275066703873,2025-07-19,1.0,0.8425029091554511,0.6968881949318778
1181000255948455937,2025-07-19,0.0,0.15749709084454883,0.29704196140106
1180991759797616641,2025-07-19,1.0,0.7807355067990851,0.6604421780451296
1181031752512667649,2025-07-19,0.0,0.5767736748215396,0.8150706062124767
1181018730147315713,2025-07-19,1.0,0.1502200177628096,0.34274743929837104
1181029755347304449,2025-07-19,0.0,0.42322632517846037,0.5204365966773491
1180996501523759105,2025-07-19,1.0,0.7623292159860717,0.7331461932480209
1181012956795011073,2025-07-19,0.0,0.8425029091554511,0.7162066008344953
1180995707960131585,2025-07-19,1.0,0.31994955682261245,0.42707379408069157
1181008549976768513,2025-07-26,0.0,0.6461216656103851,0.6369606489345011
1180981614315175937,2025-07-26,1.0,,0.5853596733764711
1181025770532274177,2025-07-26,1.0,0.7677249566893656,0.6913649208067932
1180990543667232769,2025-07-26,1.0,0.2628420065858855,0.7178926054973197
1180998192385654785,2025-07-26,0.0,0.57507169789201,0.463132278495698
1181028721868800001,2025-07-26,0.0,0.21491075245294752,0.36449126596539055
1181026963359399937,2025-07-26,1.0,0.5547604990735023,0.5965790206826237
1180986008818188289,2025-07-26,1.0,0.8554732032117407,0.941813707182312
1180984097536933889,2025-07-26,0.0,0.7327275438518094,0.731200792185324
1181022124226969601,2025-07-26,1.0,0.1705476723080736,0.40622735972342733
1181032417277935617,2025-07-26,0.0,0.6543165880625142,0.44142872340683353
1180987922838814721,2025-07-26,1.0,0.22531343179811186,0.34274743929837104
1181032860195782657,2025-08-02,1.0,0.6928681687131446,0.6668694680438337
1180990977008402433,2025-08-02,1.0,0.8497799822371904,0.941813707182312
1180995489535131649,2025-08-02,1.0,0.6348392095069872,0.6376031455822945
1181034467809427457,2025-08-02,0.0,0.19666507430501862,0.36014632736583546
1181004093566615553,2025-08-02,1.0,0.7916696119671272,0.6376031455822945
1181000359387201537,2025-08-02,0.0,0.6574827706109929,0.668334081253199
1181030423014932481,2025-08-02,1.0,0.7677249566893656,0.6702644759763402
1181020718537736193,2025-08-02,0.0,0.4115274176805098,0.5748953031800355
1180989357841285121,2025-08-02,0.0,,0.36449126596539055
1181024173304479745,2025-08-02,1.0,,0.4757933552272338
1180986275252862977,2025-08-02,1.0,0.8708191603076472,0.8475900427461496
1181007014445514753,2025-08-02,1.0,0.6691607123648111,0.7162066008344953
1181001961280110593,2025-08-09,1.0,0.8308125491550605,0.7497353222470244
1180993519825190913,2025-08-09,1.0,0.8608650622193843,0.99
1181003549792894977,2025-08-09,1.0,0.3098967771875642,0.30941077037484604
1181012044045582337,2025-08-09,1.0,0.6256821781959648,0.743127076562563
1180999553468366849,2025-08-09,0.0,0.23966583767364416,0.2822634230419348
1181026057003597825,2025-08-09,1.0,0.773538303497162,0.5472023294681448
1180990223189278721,2025-08-09,0.0,0.6106572196482503,0.71454914797452
1181019999021596673,2025-08-09,1.0,0.8681759275285545,0.8734099934176736
1180991691431673857,2025-08-09,1.0,0.7758029482595479,0.9794641600345605
1181003117360513025,2025-08-09,1.0,0.8050135107426999,0.6913649208067932
1181018447191736321,2025-08-09,0.0,0.2758119961543137,0.38284378365694527
1180982573424902145,2025-08-09,0.0,0.16017270733502276,0.3270765377607875
1181035053777846273,2025-08-12,1.0,0.7619982567640871,0.681708063981109
1181000037232345089,2025-08-12,1.0,0.6090990306118267,0.6435925499074625
1181002633724231681,2025-08-12,0.0,0.6313005682296544,0.6073533434781747
1180997082078609409,2025-08-12,0.0,0.565282186070412,0.71454914797452
1180988900693180417,2025-08-12,1.0,0.6691607123648111,0.5472023294681448
1180994133063794689,2025-08-16,0.0,0.29083892473039197,0.5472023294681448
1181015642428604417,2025-08-16,0.0,0.8015702223406083,0.492147025184484
1181028972399591425,2025-08-16,1.0,0.8941115903302007,0.7214204032831131
1181028464726867969,2025-08-16,0.0,0.31446257583350545,0.6009762277969009
1180992241400741889,2025-08-16,0.0,0.3590446609307137,0.3809399887186189
1181011020423659521,2025-08-16,0.0,0.7463199967531164,0.7001412366524363
1180982788623335425,2025-08-16,0.0,0.4159734041747577,0.33446598907934605
1181026093234421761,2025-08-16,0.0,0.31446257583350545,0.3064234131069225
1181028031165988865,2025-08-16,1.0,0.38471801256081456,0.7382048885758132
1180985414452412417,2025-08-16,1.0,0.6720861260660664,0.660580084740991
1180983980064014337,2025-08-16,1.0,0.25368000324688367,0.3445666009076395
1180985447425474561,2025-08-16,0.0,0.563534092953399,0.33660397069709924
1181013585615847425,2025-08-19,0.0,0.5960979764027162,0.6610652307241778
1180996822418587649,2025-08-19,0.0,,0.3754494328994963
1181012885230157825,2025-08-19,1.0,0.811642089307877,0.5204365966773491
1180998281013690369,2025-08-19,0.0,0.1804745158489441,0.5472023294681448
1181033402068893697,2025-08-19,0.0,,0.5204365966773491
1180989268792115201,2025-08-22,0.0,,0.6872424467074563
1181033344091193345,2025-08-22,1.0,0.4886179978525659,0.7162066008344953
1181034503233863681,2025-08-22,1.0,,0.7001412366524363
1181023581132587009,2025-08-22,0.0,,0.660580084740991
1181020534245261313,2025-08-22,0.0,,0.7283829635128898
1181019491154362369,2025-08-22,0.0,,0.5472023294681448
1181024735344852993,2025-08-22,1.0,,0.6376031455822945
1180980240358244353,2025-08-22,0.0,,0.681708063981109
1181035106432253953,2025-08-22,0.0,,0.5812328888689104
1180992048463577089,2025-08-22,1.0,,0.681708063981109
1181035238520520705,2025-08-22,0.0,,0.6834717355648495
1180996381340631041,2025-08-23,1.0,0.8209153932756955,0.8105283089431263
1181035722768547841,2025-08-23,1.0,0.23673362765657716,0.4056016603577753
1181035778521235457,2025-08-23,0.0,,0.5000810291345734
1180997490773098497,2025-08-23,0.0,0.6950767043843062,0.703240803412963
1181035748514725889,2025-08-23,1.0,,0.8346408473853565
1181029868431572993,2025-08-23,0.0,0.19498648925730014,0.34274743929837104
1180988664103075841,2025-08-23,1.0,,0.7005691000370601
1181029140657373185,2025-08-23,1.0,0.49535126566222937,0.4246410072659922
1180995591519469569,2025-08-23,1.0,0.7067666768616707,0.6105720475515601
1181018879237226497,2025-08-23,1.0,0.31994955682261245,0.4562021487011761
1181024334010646529,2025-08-23,0.0,,0.3615524032555414
1181014867460685825,2025-08-23,1.0,,0.8149224948563849
1181023482309279745,2025-08-26,1.0,0.9113324980341405,0.71454914797452
1180985439069306881,2025-08-26,0.0,0.22764324286743487,0.35759402039036675
1181005447747010561,2025-08-26,0.0,0.22764324286743487,0.4770279002814406
1180979646482153473,2025-08-26,1.0,0.7318670674711295,0.5455618508277693
1181031123301498881,2025-08-26,0.0,,0.5204365966773491
1181008786051268609,2025-09-02,0.0,0.2681329325288705,0.3185375981109707
1181025933339328513,2025-09-02,1.0,0.38471801256081456,0.3666929386091789
1180993847979638785,2025-09-02,0.0,,0.3696997201088152
1180995210708549633,2025-09-02,0.0,0.20960480385076344,0.3666929386091789
1181028276823031809,2025-09-02,1.0,0.41074167224986685,0.4252431961826331
1181025817026330625,2025-09-06,1.0,0.5454769534402111,0.6822899123134208
1181006614796828673,2025-09-06,1.0,0.7157433800774533,0.6501503369099376
1180988697946718209,2025-09-06,1.0,0.4495465966334472,0.5319703985347523
1180985102171013121,2025-09-06,0.0,0.23966583767364416,0.4662490106711914
1181003134976098305,2025-09-06,0.0,0.3700989955549093,0.3130957278873986
1181019063950966785,2025-09-06,0.0,0.43938082153758484,0.49666566852737887
1180998328536924161,2025-09-06,0.0,0.4653559831127666,0.7410374250922079
1180990481074159617,2025-09-06,0.0,0.6679703026473661,0.6832387348152922
1181002840245010433,2025-09-06,0.0,,0.330220904496875
1181033262076559361,2025-09-06,1.0,0.40302853557322194,0.6049216805547852
1180990916803559425,2025-09-06,1.0,0.7619982567640871,0.6955439393368551
1181032447766593537,2025-09-06,1.0,0.8320840565912277,0.74251814470985
1181030550037626881,2025-09-06,1.0,0.6348392095069872,0.7257164288302033
1181000721379950593,2025-09-09,0.0,0.6256821781959648,0.6955439393368551
1181000002032861185,2025-09-09,0.0,0.14826733787906748,0.36106052535034383
1180987952037920769,2025-09-09,0.0,0.490701281421697,0.40994941404388496
1181004525904003073,2025-09-09,0.0,0.776489929749007,0.7006632822343324
1180984169292824577,2025-09-09,0.0,0.6256821781959648,0.3439355355537876
1181004269245399041,2025-09-13,0.0,0.5207897644077398,0.3869753403183186
1181022504261582849,2025-09-13,1.0,0.8061594231105722,0.737171884746353
1180997293383778305,2025-09-13,0.0,0.2162920672600194,0.04939148609179878
1181031030446358529,2025-09-13,1.0,0.4231194227763029,0.3979504425382096
1181022110835605505,2025-09-13,1.0,0.5547604990735023,0.6905844421415452
1180995391224610817,2025-09-13,0.0,0.7897803117663805,0.7268694226104276
1181005720762253313,2025-09-13,1.0,0.31994955682261245,0.45412161180491967
1181031917607026689,2025-09-13,0.0,0.5346440168872334,0.6822899123134208
1181023393163673601,2025-09-13,1.0,0.2962424293683342,0.4689667336190464
1180999675166982145,2025-09-13,0.0,0.3456834119374858,0.5292293013320548
1181003204312072193,2025-09-13,1.0,,0.41799543039978154
1181005824491913217,2025-09-13,1.0,0.7071317325363287,0.6985490409531339
1180980181637955585,2025-09-13,1.0,0.3538783343896149,0.6331877898940542
1181005514115317761,2025-09-16,1.0,0.5767736748215396,0.39633042440071176
1181022411406049281,2025-09-16,0.0,,0.5367443653130449
1180994394271416321,2025-09-16,0.0,0.621293591301201,0.4649923117327833
1180982357191950337,2025-09-16,0.0,0.6507049087144039,0.36715904912640884
1181015575126310913,2025-09-16,0.0,0.31246889401646344,0.4825484294892287
1180998108175826945,2025-09-23,1.0,0.7829728786708416,0.7473190266131944
1180985406546542593,2025-09-23,0.0,0.5365736290398376,0.5665345946969895
1181024305198727169,2025-09-23,0.0,0.5730487965322788,0.39633042440071176
1181032389724635137,2025-09-23,0.0,,0.6955439393368551
1180993891729211393,2025-09-23,1.0,0.34929509128559616,0.4919161619551068
1180986528075186177,2025-09-27,1.0,0.5232687053772038,0.5720787464325844
1181023358254186497,2025-09-27,0.0,0.31717367904723487,0.5279649155977929
1181018069254144001,2025-09-27,1.0,0.7335402556249933,0.6882628236771602
1180986915369287681,2025-09-27,1.0,0.695445527441002,0.7510789752226411
1181028078658125825,2025-09-27,1.0,0.41074167224986685,0.5699958196463034
1180996497747836929,2025-09-27,1.0,0.6691607123648111,0.7550549185092942
1181024168884305921,2025-09-27,0.0,0.7916696119671272,0.741764959501556
1181032364719669249,2025-09-27,1.0,0.695445527441002,0.6474377191978232
1180992768142737409,2025-09-27,1.0,0.695445527441002,0.39633042440071176
1181031210865655809,2025-09-27,1.0,0.3721639513855736,0.4009680000523546
1181001628190507009,2025-09-27,1.0,0.6669856601897881,0.5975897911347683
1180992031814615041,2025-09-27,1.0,0.5795987083454195,0.6851560345659768
1180992061205774337,2025-09-30,1.0,0.7903951961492366,0.738043720922699
1180982352997220353,2025-09-30,0.0,0.7071317325363287,0.6946458760512532
1181010511397191681,2025-09-30,1.0,,0.6377321704683612
1180995829012987905,2025-09-30,0.0,0.46342637096016237,0.5060394452118571
1180998840018436097,2025-09-30,1.0,0.5994308049030529,0.7085376695972959
1181005950642159617,2025-10-04,1.0,0.9429604010236234,0.7473190266131944
1181033817464766465,2025-10-04,1.0,0.6075092933497505,0.6955439393368551
1181027043375054849,2025-10-04,0.0,0.7375076712197791,0.6540106069168586
1181034742826172417,2025-10-04,1.0,0.7492684105091233,0.7305249896007492
1180993943740317697,2025-10-04,0.0,0.6449253066076658,0.43542437916088
1181027908852580353,2025-10-04,1.0,0.7241880038456864,0.7445700041364455
1181024261160796161,2025-10-04,0.0,0.2973788326725832,0.23058175070277614
1180989141542928385,2025-10-04,1.0,0.2681329325288705,0.4270863220130581
1180986249441771521,2025-10-04,0.0,0.17733001942230647,0.34687724108808987
1180983028249001985,2025-10-04,0.0,0.6945403789964897,0.6675951540149254
1181031874019065857,2025-10-04,1.0,,0.6942578330362376
1181009274173227009,2025-10-04,1.0,,0.909670918002862
1181000598326968321,2025-10-04,1.0,0.8015702223406083,0.6955439393368551
1180991750214975489,2025-10-07,0.0,,0.39633042440071176
1181025081922387969,2025-10-07,1.0,,0.68499450823897
1180995103206440961,2025-10-07,1.0,,0.48468054425648976
1180998835564216321,2025-10-07,1.0,,0.6396022532728849
1181003147235885057,2025-10-07,1.0,,0.4919161619551068
1180999221893103617,2025-10-11,0.0,0.5606191784624152,0.390046003591223
1180992815825879041,2025-10-11,1.0,0.4767312946227962,0.521657790613672
1180982024067743745,2025-10-11,0.0,0.16918745084493955,0.24672816262695593
1180981084606398465,2025-10-11,1.0,0.852722893484042,0.6739095033657826
1181003389085777921,2025-10-11,1.0,0.2454228260888093,0.15243894339825423
1180981826225111041,2025-10-11,0.0,,0.31613934611173933
1181005407804555265,2025-10-11,1.0,0.4883754295762975,0.31792898988426344
1181021391706030081,2025-10-11,1.0,0.7157433800774533,0.6327418139177059
1181021112010964993,2025-10-11,1.0,0.8420744610254974,0.7595508822107774
1181029404766339073,2025-10-11,0.0,0.6480649095376969,0.738043720922699
1181028763168079873,2025-10-11,1.0,0.5116245704237026,0.7095318455274864
1181031184153116673,2025-10-11,1.0,0.7492684105091233,0.6823209526096153
1180999110839631873,2025-10-14,0.0,,0.43542437916088
1181022474128162817,2025-10-14,0.0,0.5365736290398376,0.37759532178753524
1181029778060378113,2025-10-14,1.0,0.6669856601897881,0.6882628236771602
1181032786700009473,2025-10-14,0.0,,0.5805440010773691
1181027862949724161,2025-10-14,1.0,0.7071317325363287,0.6739095033657826
1181026744643878913,2025-10-14,0.0,0.37870640869879907,0.6327418139177059
1181004733296705537,2025-10-18,1.0,0.4883754295762975,0.5445394702932989
1181023521675182081,2025-10-18,1.0,0.7335402556249933,0.7006632822343324
1180996367690956801,2025-10-18,1.0,0.5346440168872334,0.43542437916088
1181030418271666177,2025-10-18,1.0,0.3045544725589981,0.3192210635066003
1181035646916001793,2025-10-18,0.0,0.45474536196761894,0.45094222021529096
1180981505167556609,2025-10-18,0.0,0.6507049087144039,0.6075907111004767
1180983299490414593,2025-10-18,0.0,,0.6614241918009117
1180985669046501377,2025-10-18,0.0,0.7335402556249933,0.5809870093390533
1180986596858396673,2025-10-18,0.0,0.7335402556249933,0.741764959501556
1181012943725101057,2025-10-18,0.0,0.4792102355922601,0.5392524403039498
1181007488334331905,2025-10-18,1.0,0.6205511949772067,0.6509816625223274
1180999288485412865,2025-10-18,0.0,0.19666507430501862,0.358084089222623
1181003830455861249,2025-10-18,1.0,0.6808373596255177,0.6955439393368551
1180981780990885889,2025-10-25,1.0,0.3526493058734441,0.7248977668262478
1180986395758821377,2025-10-25,1.0,0.8495483652282515,0.8355646803479355
1180998528960266241,2025-10-25,0.0,0.42492830210799004,0.7172918108778557
1181035062713417729,2025-10-25,1.0,0.7746865682018881,0.7673668264928526
1181028062235328513,2025-10-25,0.0,0.5094322005547439,0.439132980689399
1181009149860642817,2025-10-25,0.0,0.48139255344733073,0.40994941404388496
1180982526449287169,2025-10-25,0.0,,0.8281432033171895
1181024566863527937,2025-10-25,0.0,0.7942650771854712,0.4549252160950829
1180979733364047873,2025-10-25,1.0,0.8088795893502944,0.7410374250922079
1181020686887419905,2025-10-25,1.0,0.5578149352148727,0.5346906239384763
1180981386243571713,2025-10-25,1.0,0.6661624101015962,0.5285988644233467
1180998308017930241,2025-10-25,1.0,0.41238974362596065,0.44064761553010817
1181005677109084161,2025-11-01,1.0,,0.6851560345659768
1181007036155985921,2025-11-01,1.0,0.45474536196761894,0.37759532178753524
1181020830105436161,2025-11-01,0.0,0.3743993421260288,0.37745234314173615
1181000527707439105,2025-11-01,1.0,0.7335402556249933,0.6955439393368551
1180996619354505217,2025-11-01,1.0,0.5161640760385819,0.5526117848178537
1181004809310109697,2025-11-01,1.0,0.6075092933497505,0.5040648623003133
1180981106126389249,2025-11-01,1.0,0.6762160310519095,0.6327418139177059
1181000322186969089,2025-11-01,0.0,0.38322134809452135,0.3328687698185678
1181000289019592705,2025-11-01,1.0,0.7632663723434229,0.5854688576683367
1180998263557193729,2025-11-01,0.0,,0.4919161619551068
1180995587777331201,2025-11-01,1.0,0.45052900907247256,0.7316568269073196
1180983543889461249,2025-11-01,1.0,0.768915254409162,0.7287992450602082
1180994415694512129,2025-11-01,1.0,0.7071317325363287,0.6581126524289206
1181027390630592513,2025-11-08,0.0,0.20960480385076344,0.3047696426016364
1180990793683795969,2025-11-08,0.0,0.30545962100351026,0.27189120607878475
1181006453378351105,2025-11-08,0.0,,0.3744199645405092
1181026053260738561,2025-11-08,0.0,0.4115274176805098,0.5536208370355001
1181006279250149377,2025-11-08,1.0,0.7955303307352459,0.7741753819780035
1180985590935814145,2025-11-08,0.0,0.6106592935177629,0.5261287294935294
1180988442609713153,2025-11-08,1.0,0.6256821781959648,0.6748400058658391
1181000381326852097,2025-11-08,1.0,,0.6882628236771602
1181025942499033089,2025-11-08,1.0,0.7406762723942364,0.6396022532728849
1180988475551481857,2025-11-08,1.0,0.45052900907247256,0.3666929386091789
1181018437092540417,2025-11-08,0.0,0.3538783343896149,0.3666929386091789
1180982448241049601,2025-11-08,0.0,0.5767736748215396,0.5100429041276002
1181025596081733633,2025-11-15,1.0,0.900989104370537,0.9559293223308024
1180997398370025473,2025-11-15,0.0,0.36172643494996665,0.330220904496875
1181020999508262913,2025-11-15,0.0,0.3743178218040352,0.4638716443241521
1181002643532873729,2025-11-15,0.0,0.8173164362964571,0.7335736013490574
1180989064851554305,2025-11-15,0.0,0.5674211438948035,0.4480230303314086
1181024782354743297,2025-11-15,1.0,0.5409563476141321,0.40994941404388496
1181001146326908929,2025-11-15,0.0,0.3721639513855736,0.6882628236771602
1181034189726121985,2025-11-15,1.0,,0.4739929208932193
1180988746956406785,2025-11-15,0.0,0.4005691950969471,0.3192210635066003
1181028730840383489,2025-11-15,1.0,0.6808373596255177,0.7410374250922079
1180997486806859777,2025-11-15,1.0,0.7949007605541955,0.7858530268395412
1180987960265179137,2025-11-15,1.0,0.7026211673274168,0.748357084608428
1180998337409351681,2025-11-15,0.0,0.2628420065858855,0.3869753403183186
1181012023849189377,2025-11-15,0.0,0.16918745084493955,0.3130957278873986
1181014348816384001,2025-11-22,0.0,0.6679703026473661,0.6214366639024047
1180990902800089089,2025-11-22,0.0,,0.43542437916088
1181010841489866753,2025-11-22,0.0,0.3456834119374858,0.3869753403183186
1180981609960144897,2025-11-22,0.0,,0.32426508692871037
1181007417129205761,2025-11-22,0.0,0.2962424293683342,0.523787789404356
1180997091114254337,2025-11-22,1.0,0.23510250153462806,0.3869753403183186
1180981365433663489,2025-11-22,1.0,0.7306320271555883,0.7611483189749617
1181014088865808385,2025-11-22,1.0,0.854591074416724,0.9774570497705977
1181026308694867969,2025-11-22,1.0,0.6746989116127219,0.7006632822343324
1181023846117376001,2025-11-22,0.0,0.286544309847184,0.3389626007048481
1180981640771796993,2025-11-22,0.0,0.4452395009264977,0.7151131798296971
1180995584134152193,2025-11-22,1.0,0.5617770027802641,0.7554045358135141
1181023270624952321,2025-11-22,1.0,0.5675474523104849,0.8032873119314516
1180993515757666305,2025-11-22,1.0,0.9352061325745846,0.99
1181033326634991617,2025-12-06,0.0,0.4495465966334472,0.3108057917530587
1180984093601759233,2025-12-06,1.0,0.6480649095376969,0.6116243583344275
1180985273363759105,2025-12-06,1.0,0.6480649095376969,0.7445700041364455
1180993402710982657,2025-12-06,0.0,0.3045544725589981,0.34959440328082403
1181000593035100161,2025-12-06,0.0,0.7897803117663805,0.7006632822343324
1181000355419717633,2025-12-06,0.0,0.4495465966334472,0.44064761553010817
1180997849515360257,2025-12-06,0.0,0.695445527441002,0.7410374250922079
1180985443553476609,2025-12-06,0.0,0.2380017432359129,0.32471906894828634
1181028149316157441,2025-12-06,0.0,0.31314440787283926,0.3320676788159504
1180979760207527937,2025-12-06,1.0,0.9241750175919555,0.8054936621983809
1181030287669690369,2025-12-06,0.0,0.6868555921271607,0.38461972756050045
1181003270387040257,2025-12-06,0.0,0.5116245704237026,0.5975897911347683
1181027493360041985,2025-12-06,0.0,0.4653559831127666,0.3948578349017039
1180996363013685249,2025-12-13,0.0,0.44445956805755465,0.14031083998634183
1180984165067718657,2025-12-13,0.0,0.31446257583350545,0.05094746208502545
1180981856553435137,2025-12-13,0.0,0.33301433981021183,0.1523790821650872
1180994083247456257,2025-12-13,0.0,0.26415718486489664,0.2514911713267981
1180989556941586433,2025-12-13,1.0,0.6868555921271607,0.7270547496834433
1181004870353387521,2025-12-13,0.0,0.38471801256081456,0.6955439393368551
1180988104226963457,2025-12-13,1.0,0.4039020235972839,0.3192210635066003
1180993865436135425,2025-12-13,1.0,0.5161640760385819,0.7006632822343324
1181006147968303105,2025-12-13,1.0,0.6355502587396712,0.6936557631719854
1180982551840489473,2025-12-13,0.0,0.20960480385076344,0.43598027354139945
1181019701613854721,2025-12-13,0.0,0.2681329325288705,0.358084089222623
1181005945997852673,2026-01-24,1.0,0.8975642527147605,0.7549061831405081
1180981441932722177,2026-01-24,0.0,0.28201722728043027,0.6955439393368551
1181028311570317313,2026-01-24,1.0,0.7619982567640871,0.6631409384491561
1181004900391813121,2026-01-24,0.0,0.1842350777273575,0.3216526635133399
1180995579872575489,2026-01-24,1.0,0.7429244185128683,0.9560497431514322
1181018875464318977,2026-01-24,1.0,0.37580765586228393,0.5220201986079724
1180990912609681409,2026-01-24,1.0,0.42040129165458046,0.4009680000523546
1181005130081533953,2026-01-24,1.0,0.31994955682261245,0.3685397075565269
1181029289682108417,2026-01-24,1.0,0.6617269761016471,0.6377321704683612
1181004681384919041,2026-01-24,1.0,0.6746989116127219,0.74251814470985
1181003384375640065,2026-01-24,1.0,0.93169912589608,0.99
1181014077189259265,2026-01-31,0.0,0.2507315894908768,0.3130957278873986
1181020523502731265,2026-01-31,0.0,0.42322632517846037,0.4209156846306834
1181004030071537665,2026-01-31,0.0,0.4653559831127666,0.5858497640722211
1181023388422635521,2026-01-31,1.0,0.5768805772236971,0.6728237219089573
1181027816125431809,2026-01-31,1.0,0.900989104370537,0.7939082136132565
1181003763605667841,2026-01-31,1.0,0.5884725823194902,0.3818626475073082
1180990217155969025,2026-01-31,1.0,0.7746865682018881,0.7268694226104276
1181029400668372993,2026-01-31,1.0,,0.3596255623940854
1181023577068568577,2026-01-31,0.0,0.7026211673274168,0.6614241918009117
1181035303111294977,2026-01-31,0.0,0.2593237276057636,0.20381391983366365
1181001592278876161,2026-01-31,1.0,0.5454769534402111,0.46586331999531544
1181001325488603137,2026-01-31,0.0,0.29083892473039197,0.4009680000523546
1181028263302758401,2026-01-31,1.0,0.44445956805755465,0.5839319045294201
1181005173794799617,2026-02-07,0.0,0.5674211438948035,0.5699958196463034
1180989261435469825,2026-02-07,0.0,0.4005691950969471,0.44359449855699956
1180999671006101505,2026-02-07,0.0,0.13182407247144545,0.019212072008826415
1181017147926249473,2026-02-07,1.0,0.6355502587396712,0.37536918297153665
1181031831688970241,2026-02-07,1.0,0.7179827727195698,0.39569197875682344
1180986391408476161,2026-02-07,1.0,0.5892583277501331,0.42128131395661494
1180986212788436993,2026-02-07,1.0,,0.7978124689046462
1180991686882951169,2026-02-07,1.0,,0.909670918002862
1180986004270317569,2026-02-07,1.0,0.7903951961492366,0.909670918002862
1180981776602300417,2026-02-07,0.0,0.5884725823194902,0.7151131798296971
1180980544380502017,2026-02-07,0.0,0.20960480385076344,0.358084089222623
1181027682843230209,2026-02-07,1.0,0.7696203727998492,0.6398605702807272
1180986245280563201,2026-02-07,0.0,0.26249232878022083,0.40948043092437386
1181022222856126465,2026-02-21,0.0,0.33202969735263393,0.3130957278873986
1181026049452507137,2026-02-21,0.0,0.6543165880625142,0.40427780783373923
1180995484822863873,2026-02-21,0.0,0.2507315894908768,0.341193623328204
1180995386902446081,2026-02-21,1.0,0.7758029482595479,0.7172293537633482
1181022119715504129,2026-02-21,0.0,0.4495465966334472,0.4262880644930445
1181030973985423361,2026-02-21,0.0,0.4115274176805098,0.43542437916088
1180995795234652161,2026-02-21,0.0,0.33083928763518883,0.3108057917530587
1180998324159152129,2026-02-21,1.0,,0.743811385008054
1181019336674803713,2026-02-21,0.0,0.11091151067271089,0.32471906894828634
1181009352187346945,2026-02-21,1.0,0.7492684105091233,0.7287992450602082
1180989137220796417,2026-02-21,0.0,0.5232687053772038,0.4009680000523546
1180998259427344385,2026-02-21,1.0,,0.41798080109767227
1181011156414922753,2026-02-21,1.0,0.2810312199868285,0.04968951532996961
1180988659681591297,2026-02-28,1.0,0.8078337061586446,0.6851560345659768
1181027751051591681,2026-02-28,1.0,0.859528922096938,0.8049274197394647
1180990972523380737,2026-02-28,1.0,0.7375076712197791,0.7303923103298737
1181024986294616065,2026-02-28,0.0,0.12918083969235286,0.2850175418594978
1181023598716256257,2026-02-28,1.0,0.8398272926649772,0.99
1181025183006621697,2026-02-28,0.0,0.26249232878022083,0.32471906894828634
1181032385111359489,2026-02-28,0.0,,0.33757112131182065
1181007682272559105,2026-02-28,0.0,0.8173164362964571,0.6457615022337165
1181019814700515329,2026-02-28,1.0,0.3832021341754413,0.5208754881425739
1180993939933462529,2026-02-28,1.0,0.6167978658245588,0.7324384909549957
1180997289414000641,2026-02-28,1.0,0.854591074416724,0.9632636936489023
1181031421645586433,2026-02-28,1.0,0.6976486398539522,0.7335736013490574
1181019910586499073,2026-02-28,0.0,0.6543165880625142,0.521657790613672
1181029136493346817,2026-03-07,0.0,0.6241923441377161,0.7045270141912829
1181003266579070977,2026-03-07,1.0,0.6106572196482503,0.4779738901955567
1180980177315528705,2026-03-07,1.0,0.6830470344445889,0.7287992450602082
1181000523868143617,2026-03-07,0.0,0.4005461953487321,0.08074676244336512
1181004264825290753,2026-03-07,0.0,0.286544309847184,0.35830884924801376
1180999284289372161,2026-03-07,1.0,0.48139255344733073,0.330220904496875
1180986902722117633,2026-03-07,0.0,0.6679703026473661,0.7115242381436309
1180988693270167553,2026-03-07,1.0,0.6976486398539522,0.7151131798296971
1180990212799463425,2026-03-07,1.0,0.8890884893272891,0.737171884746353
1181027263994134529,2026-03-07,0.0,0.3644497412603289,0.3280675876818733
1181013204193181697,2026-03-07,0.0,0.6635811059272542,0.7193405520457024
1181005522470240257,2026-03-07,1.0,,0.40565267729671606
1181034634418454529,2026-03-14,1.0,0.6976486398539522,0.6882628236771602
1180996905080782849,2026-03-14,0.0,0.23510250153462806,0.11929962267769864
1181026382224064513,2026-03-14,1.0,0.859528922096938,0.6955439393368551
1181022499744710657,2026-03-14,0.0,0.3456834119374858,0.3192210635066003
1181029498170867713,2026-03-14,0.0,0.29083892473039197,0.3464067601189003
1181021387383439361,2026-03-14,0.0,,0.3155098684192758
1181015160151769089,2026-03-14,1.0,0.5768805772236971,0.6631409384491561
1180982569229746177,2026-03-14,0.0,0.4883754295762975,0.4779738901955567
1180998302306500609,2026-03-14,0.0,0.19901737042498635,0.1523790821650872
1181009239167762433,2026-03-14,1.0,0.709161075269608,0.738043720922699
1180984160613040129,2026-03-14,1.0,0.6800504431773876,0.4789828765805996
1181001841355390977,2026-03-14,0.0,0.1666985997350287,0.052627457633719475
1180996950345318401,2026-03-14,1.0,0.2962424293683342,0.3328687698185678
1181018871074717697,2026-03-14,1.0,0.6059243538477189,0.6455573838580111
1181000717155532801,2026-03-21,1.0,0.8157649222726425,0.738043720922699
1180992057109282817,2026-03-21,0.0,0.6928681687131446,0.6793893406308411
1180980463817293825,2026-03-21,0.0,0.5346440168872334,0.46586331999531544
1181004521547792385,2026-03-21,1.0,0.8890884893272891,0.7906148480551245
1181019059464732673,2026-03-21,1.0,0.5768805772236971,0.44775672696591134
1181020016217194497,2026-03-21,1.0,0.3071318312868554,0.5907059766049373
1181020956401467393,2026-03-21,1.0,0.8775219726548874,0.6854967275701553
1181031128011800577,2026-03-21,0.0,0.3023513601460478,0.35830884924801376
1180984296025587713,2026-03-21,1.0,,0.5332934176240398
1181030197717073921,2026-03-21,1.0,0.6395253824239554,0.5040648623003133
1181002577424351233,2026-03-21,1.0,0.6868555921271607,0.7094375371746139
1180999548854501377,2026-03-21,0.0,0.19901737042498635,0.3130957278873986
1180985179829305345,2026-03-21,1.0,0.8497799822371904,0.7946809890561581
1181025871130361857,2026-03-28,1.0,0.6306206271618208,0.47600202157573546
1180989257080504321,2026-03-28,1.0,0.8633677286950617,0.7561467329148459
1181004439825711105,2026-03-28,0.0,0.4452395009264977,0.5413177254193857
1180979972890853377,2026-03-28,0.0,0.5675474523104849,0.3358149091646121
1180999998096343041,2026-03-28,0.0,0.23510250153462806,0.3981016838744232
1180984918684925953,2026-03-28,0.0,0.7327275438518094,0.8052266309125409
1181003114003660801,2026-03-28,1.0,0.5116245704237026,0.738043720922699
1181023417104236545,2026-03-28,1.0,0.859528922096938,0.7657178505901006
1181006143613173761,2026-03-28,0.0,0.7371579934141145,0.8026134009239146
1180993992555069441,2026-03-28,1.0,0.8890884893272891,0.7858960861415338
1180979755981537281,2026-03-28,0.0,0.5454769534402111,0.6297443646075896
1180985269587214337,2026-03-28,1.0,0.36937937283817923,0.2778385106832214
1181017412102225921,2026-04-04,1.0,0.5365736290398376,0.6267701542303727
1180995778069037057,2026-04-04,1.0,0.7949007605541955,0.6896854161605492
1180996173302693889,2026-04-04,1.0,0.5494709909275274,0.8003820032461118
1181014278222970881,2026-04-04,1.0,,0.7294898068660806
1181000350774067201,2026-04-04,1.0,0.41956765886851666,0.6371054644209273
1181032443798880257,2026-04-04,1.0,0.9429604010236234,0.9020106325737939
1180998276431183873,2026-04-04,1.0,0.7623292159860717,0.7056885221954982
1180985410805923841,2026-04-04,1.0,0.5496670891216099,0.3545480361095446
1181002304117571585,2026-04-04,1.0,0.5767736748215396,0.4112725519790709
1181030511998173185,2026-04-04,0.0,0.483835923961418,0.5155372993352788
1181004223751880705,2026-04-04,0.0,0.6770353384286144,0.7214344798287299
1181025929529884673,2026-04-04,1.0,0.8987121679472793,0.7627782630768198
1180986592438091777,2026-04-04,0.0,0.8517326621209326,0.7444235515924081
1180988025534873601,2026-04-11,0.0,0.5409563476141321,0.5328368450368737
1180995703668244481,2026-04-11,0.0,0.6563026786456592,0.669246059183394
1181005403417182209,2026-04-11,1.0,0.6313787175874339,0.7432349601249901
1181031370572136449,2026-04-11,0.0,0.2681329325288705,0.4349189380557429
1181032360558690305,2026-04-11,1.0,0.563534092953399,0.6267701542303727
1181006333582442497,2026-04-11,1.0,0.5960979764027162,0.6288182542782245
1180989903229386753,2026-04-11,1.0,0.5,0.45983403873186024
1181031748093673473,2026-04-11,1.0,0.6227064558399238,0.4349189380557429
1181021539345629185,2026-04-11,1.0,0.5,0.630040337809248
1181031870664081409,2026-04-11,0.0,0.5116245704237026,0.364635686444179
1181005820006662145,2026-04-11,0.0,0.7071317325363287,0.7627782630768198
1181017817949601793,2026-04-18,1.0,0.7429244185128683,0.6267701542303727
1181022218985209857,2026-04-18,0.0,0.40729233447782137,0.6010120336144577
1181027182980530177,2026-04-18,0.0,0.42322632517846037,0.6654221233104096
1180985435328413697,2026-04-18,0.0,0.16918745084493955,0.20117183217614143
1180981004947652609,2026-04-18,1.0,0.41956765886851666,0.5063827587881744
1181034544307404801,2026-04-18,0.0,0.7067666768616707,0.6847422238720162
1180996358335922177,2026-04-18,1.0,,0.4809482511021209
1181010559629754369,2026-04-18,0.0,0.6106592935177629,0.6896854161605492
1181019275147739137,2026-04-18,0.0,0.4269512034677213,0.5257167243821228
1180991165948559361,2026-04-18,0.0,0.2681329325288705,0.03232267531389457
1180988794642006017,2026-04-18,0.0,0.4005691950969471,0.7302764794794353
1181007484526919681,2026-04-25,1.0,0.5547604990735023,0.3463750145930744
1181000317443768321,2026-04-25,0.0,0.6679703026473661,0.6839991487514883
1181025591887626241,2026-04-25,0.0,0.7026211673274168,0.7294898068660806
1181000519447740417,2026-04-25,0.0,0.8517326621209326,0.8210434098375884
1181007975357972481,2026-04-25,0.0,0.4324525476895152,0.7340039223936835
1180990788231561217,2026-04-25,0.0,0.2162920672600194,0.31160604407483383
1180990533246484481,2026-04-25,0.0,0.5547604990735023,0.4608513011088942
1180985586643566593,2026-04-25,0.0,0.6306206271618208,0.7444060700419718
1181034913720500225,2026-04-25,1.0,0.4452395009264977,0.5601858189284533
1181005716470661121,2026-04-25,1.0,0.4545230465597889,0.6044051918186842
1180989408171622401,2026-04-25,1.0,0.8398272926649772,0.669246059183394
1180981101773750273,2026-04-25,1.0,0.2962424293683342,0.28507333168561894
1181000285018685441,2026-04-25,1.0,0.6395253824239554,0.47159500260496645
1180994411919835137,2026-05-02,1.0,0.6746989116127219,0.6668663333093559
1181018922793369601,2026-05-02,0.0,0.5703237791805462,0.36710423416990456
1180998332827828225,2026-05-02,0.0,0.5,0.7627782630768198
1181035058358484993,2026-05-02,0.0,0.6691607123648111,0.7294898068660806
1180997394562744321,2026-05-02,0.0,0.22531343179811186,0.3409990275852294
1181027403568087041,2026-05-02,1.0,0.5675474523104849,0.7444235515924081
1180990476332335105,2026-05-02,1.0,0.6106572196482503,0.701134224374751
1181032116062814209,2026-05-02,1.0,0.8633677286950617,0.8003820032461118
1181024731472953345,2026-05-02,0.0,0.4005461953487321,0.7699714340426457
1181001530397589505,2026-05-02,0.0,0.3893427803517498,0.40702967380576555
1181024626970460161,2026-05-02,1.0,0.9327928218421015,0.9811102546531546
1181005962418978817,2026-05-02,0.0,0.5232687053772038,0.47997246577144953
1181007032220647425,2026-05-02,1.0,0.6679703026473661,0.669246059183394
1180995575066165249,2026-05-09,1.0,0.5675474523104849,0.3545480361095446
1181035134791122945,2026-05-09,1.0,0.4115274176805098,0.4558525901823639
1181006610439012353,2026-05-09,1.0,0.6480649095376969,0.5961710329534665
1180994128002613249,2026-05-09,0.0,0.8254262965632324,0.8003820032461118
1181006944047497217,2026-05-09,1.0,0.2681329325288705,0.3942300392899957
1181007678402297857,2026-05-09,1.0,0.7955303307352459,0.9254262421330134
1180982019226009601,2026-05-09,0.0,0.3743178218040352,0.5670568450846831
1180992811340988417,2026-05-09,0.0,0.3721639513855736,0.48773868206182475
1180999084932792321,2026-05-09,1.0,0.93169912589608,0.97089304367974
1181033827081519105,2026-05-09,1.0,0.8589019158549791,0.7627782630768198
1180989060433149953,2026-05-09,1.0,0.6306206271618208,0.525184927071004
1180997845192441857,2026-05-09,1.0,0.5767736748215396,0.6896854161605492
1181020994989096961,2026-05-09,1.0,,0.31688890030086675
1181005510306267137,2026-05-16,1.0,0.6306206271618208,0.5810174939644558
1180981436961030145,2026-05-16,1.0,0.5278865694608769,0.4623400888762281
1181002070945202177,2026-05-16,0.0,0.4005461953487321,0.4112725519790709
1180990208476807169,2026-05-16,1.0,0.36937937283817923,0.4849999260702369
1180999106581725185,2026-05-16,0.0,0.7179827727195698,0.2701860153316434
1180990907962261505,2026-05-16,1.0,0.7463199967531164,0.6668663333093559
1180994214175637505,2026-05-16,1.0,0.4005461953487321,0.4020796927224937
1180996614993838081,2026-05-16,0.0,0.4545230465597889,0.6896854161605492
1180985651106971649,2026-05-16,0.0,0.4115274176805098,0.2870758951683751
1180993336985092097,2026-05-16,1.0,0.39407564615228113,0.3233481688947517
1180985097652305921,2026-05-16,0.0,0.2722718627837095,0.6028693352534849
1180983539952615425,2026-05-16,1.0,0.6461216656103851,0.6847422238720162
1181035660079923201,2026-05-16,0.0,0.48139255344733073,0.279871955903195
1180980248909152257,2026-05-28,1.0,,0.669246059183394
1181024684787662849,2026-05-28,1.0,,0.7294898068660806
1181026740029227009,2026-05-28,0.0,,0.4501128983537495
1181025151517917185,2026-05-28,1.0,,0.957264960916899
1180981382113525761,2026-05-28,1.0,,0.7122423146027085
1180993721505185793,2026-05-28,0.0,,0.637654058840276
1181035147568840705,2026-05-28,0.0,,0.47419373184018504
1181021025833975809,2026-05-28,0.0,,0.5418133911842573
1180991742148608001,2026-05-28,1.0,,0.8003820032461118
1180983159883988993,2026-05-28,0.0,,0.6562895544033484
1180983591801421825,2026-05-29,0.0,,0.47419373184018504
1181005016379621377,2026-05-29,1.0,,0.6187120641055062
1180979751916470273,2026-05-29,1.0,,0.3303445613001941
1181025314836119553,2026-05-29,1.0,,0.4808085779551699
1180988420768333825,2026-05-29,1.0,,0.5592914259187252
1180985023318065153,2026-05-29,0.0,,0.41402269797571745
1180999679554715649,2026-05-29,0.0,,0.7444235515924081
1180986326260973569,2026-05-29,0.0,,0.3242170530190991
1181018337429618689,2026-05-29,1.0,,0.701134224374751
1181034194597019649,2026-05-29,1.0,,0.7699714340426457
1180998831627567105,2026-05-30,0.0,0.37580765586228393,0.6431953808062068
1181030578497028097,2026-05-30,1.0,0.8497799822371904,0.754452825674732
1181008526231371777,2026-05-30,1.0,0.7406762723942364,0.8232142798115725
1180982522091962369,2026-05-30,0.0,0.4545230465597889,0.47159500260496645
1180983295457230849,2026-05-30,0.0,,0.17876784397784848
1181003380728954881,2026-05-30,1.0,0.8446502334606127,0.7460539278352684
1181035656207564801,2026-05-30,0.0,,0.5257167243821228
1181009431169269761,2026-05-30,1.0,0.7955303307352459,0.7699714340426457
1181012006555385857,2026-05-30,1.0,,0.35698666229638126
1180983976225406977,2026-05-30,1.0,0.7238501140103533,0.699114870164348
1180999203469066241,2026-05-30,0.0,,0.37312767779738
1181026305402765313,2026-05-30,0.0,0.7037575706316658,0.6614583083809469
1181221507928227841,2026-06-06,1.0,0.779085982795508,0.6151335222031132
1181221420077121537,2026-06-06,1.0,0.6579817515508681,0.6002972645679343
1181221470791991297,2026-06-06,1.0,0.8113253757670195,0.7294898068660806
1181221449951543297,2026-06-06,1.0,0.7788560634960561,0.6847422238720162
1181221518124220417,2026-06-06,1.0,0.7359490272072782,0.7862958785414769
1181221410113552385,2026-06-06,0.0,0.5236282539562211,0.3134568035925791
1181221499087978497,2026-06-06,0.0,0.3522373297419614,0.7056885221954982
1181221430141517825,2026-06-06,0.0,0.7423725896326002,0.799006453775622
1181221489795203073,2026-06-06,0.0,0.4714957093297164,0.38320816936269847
1181221480375943169,2026-06-06,0.0,0.5522677938526374,0.36931301709040354
1181221439950356481,2026-06-06,1.0,0.5634902723779754,0.3859442850986799
1181221460922204161,2026-06-06,0.0,0.14604037093057715,0.31688890030086675
1181221570747334657,2026-06-14,1.0,0.8340988531938208,0.799006453775622
1181221560650301441,2026-06-14,1.0,0.798360399402687,0.8003820032461118
1181221590201827329,2026-06-14,1.0,,0.45952068074793456
1181221580428148737,2026-06-14,1.0,0.746401504791883,0.701134224374751
1181221529448382465,2026-06-14,0.0,0.8185475623460803,0.9399434311554317
1181221539385278465,2026-06-14,0.0,0.501452018903183,0.36057925850466743
1181221549386989569,2026-06-14,1.0,0.8047961010394473,0.8132090629401404
1181221610786586625,2026-06-20,0.0,0.25600190595654665,0.27333295780279593
1181221681573691393,2026-06-20,0.0,0.5245946407573553,0.2956217108802776
1181221620820246529,2026-06-20,0.0,0.381990928957508,0.38207165858744924
1181221630692917249,2026-06-20,0.0,0.8542595854940763,0.8119011308931969
1184411916109512735,2026-06-20,1.0,,0.4349189380557429
1181221661989797889,2026-06-20,0.0,0.6505470390134888,0.6247668908832001
1181221671573716993,2026-06-20,1.0,,0.1430026326584295
1181221640664023041,2026-06-20,0.0,0.2617465733304852,0.3096922078072158
1184242995619430401,2026-06-20,0.0,0.2592469871598581,0.2768275444323922
1181221650633392129,2026-06-20,1.0,0.8354865607524931,0.7794884487147601
1181221600849264641,2026-06-20,1.0,0.5987831243542076,0.34553805258702075
1184242907733032961,2026-06-20,1.0,0.6845337086376296,0.9644489414911147
1181221781088108545,2026-06-27,1.0,,0.7620066262693908
1181221722452000769,2026-06-27,1.0,,0.7809609560025629
1184411916109512734,2026-06-27,1.0,,0.4903438191077869
1181221771438358529,2026-06-27,1.0,,0.6896854161605492
1181221751812423681,2026-06-27,1.0,,0.7340039223936835
1181221821223469057,2026-06-27,1.0,,0.31160604407483383
1184411916109512733,2026-06-27,1.0,,0.8003820032461118
1181221790863523841,2026-06-27,1.0,,0.6314710902911741
1181221761750368257,2026-06-27,1.0,,0.3409990275852294
1181221732195041281,2026-06-27,0.0,,0.4112725519790709
1181221742133673985,2026-06-27,1.0,,0.7699714340426457
1181221811188269057,2026-06-27,0.0,,0.2956217108802776
1181221712289726465,2026-06-27,1.0,0.5547604990735023,0.30103970645266864
1181663169506672641,2026-07-11,0.0,0.5749127286792953,0.6084877860471345
1181663179347099649,2026-07-11,1.0,0.3252741280104723,0.39288913869922376
1181663159794991105,2026-07-11,0.0,0.5614462307732873,0.7627782630768198
1184411916109512707,2026-07-11,1.0,0.42000035500726735,0.5596808543450607
1181663262619795457,2026-07-11,1.0,0.5618787746250221,0.7627782630768198
1181663208577302529,2026-07-11,1.0,,0.799006453775622
1181663228000665601,2026-07-11,0.0,0.20706818984937803,0.4069297106227078
1181663149507706881,2026-07-11,0.0,0.3276429209368238,0.15996425937441797
1181663218194251777,2026-07-11,1.0,0.6706405986688794,0.8003820032461118
1181663189155414017,2026-07-11,1.0,0.9545853345692101,0.799006453775622
1184411916109512736,2026-07-11,1.0,,0.8210434098375884
1181663243132305409,2026-07-11,0.0,0.48682557469011173,0.47419373184018504
1181663198672519169,2026-07-11,1.0,0.42900328176272423,0.5756394529763803
1184411916109512709,2026-07-11,1.0,0.7071110036408957,0.6896854161605492
1184411916109512717,2026-07-18,1.0,0.38201750779896804,0.6847422238720162
3,2026-07-18,0.0,,0.28507333168561894
1184411916109512713,2026-07-18,0.0,0.5536756622351935,0.5601509657540275
1184411916109512716,2026-07-18,1.0,0.9058892426896437,0.9325793234932473
1184411916109512715,2026-07-18,0.0,,0.4962101420258255
2,2026-07-18,1.0,,0.6847422238720162
1184411916109512712,2026-07-18,1.0,0.6611282599635498,0.6896854161605492
1,2026-07-18,1.0,,0.5063827587881744
1184411916109512710,2026-07-18,1.0,0.6586185720560496,0.716932563528917
1183106027040931841,2026-07-18,0.0,0.22942838676956454,0.05553453096626699
1183106017006059521,2026-07-18,1.0,0.7717737908138399,0.8437037966711622
1184411916109512711,2026-07-18,0.0,0.18263682186976932,0.2556366008130489
1184411916109512761,2026-07-25,1.0,,0.5158892703026589
1184411916109512750,2026-07-25,1.0,0.8253036247043405,0.7833642661338504
1184411896079351809,2026-07-25,0.0,0.5454902472437341,0.7444235515924081
1184411889456021505,2026-07-25,1.0,0.8557046889100713,0.7214344798287299
1184411916109512737,2026-07-25,1.0,0.7732039321105383,0.6050864966697784
1184411916109512748,2026-07-25,0.0,0.2078751703486435,0.15521521841406735
1184411875656073217,2026-07-25,1.0,0.7137900535807592,0.4501128983537495
4,2026-07-25,0.0,,0.7794884487147601
1184411916109512767,2026-07-25,0.0,,0.3639142735488345
1184411916109512718,2026-07-25,0.0,0.5800793474690482,0.3449540152675491
1184411882264199169,2026-07-25,1.0,0.7203620328770454,0.701134224374751
1184411909315002369,2026-07-25,0.0,0.3585472384852322,0.4496870386486502
1184411916109512722,2026-08-01,0.0,,0.6668663333093559
1184411916109512731,2026-08-01,1.0,,0.6896854161605492
5,2026-08-01,1.0,,0.8976596332922087
1184411916109512777,2026-08-01,0.0,,0.5150167957205685
1184411916109512726,2026-08-01,0.0,,0.7627782630768198
1184411916109512749,2026-08-01,1.0,,0.9811102546531546
1184411916109512721,2026-08-01,1.0,,0.6668663333093559
1184411916109512723,2026-08-01,0.0,,0.5225396568633998
1184411916109512730,2026-08-01,0.0,,0.39816021851890615
1184411916109512752,2026-08-01,0.0,,0.19923414618067595
1184411916109512728,2026-08-01,0.0,,0.49352747393408897
1184411916109512778,2026-08-01,1.0,,0.902128432995394
1184411916109512779,2026-08-01,0.0,,0.263189926822533
1184411916109512719,2026-08-01,1.0,,0.5999880228145376
1184411916109512765,2026-08-08,1.0,0.7317935701203633,0.7809609560025629
1184411916109512766,2026-08-08,0.0,0.2936389611362154,0.31055478248097335
1184411916109512764,2026-08-08,0.0,,0.7693573908151446
6,2026-08-08,1.0,,0.7444235515924081
1184411916109512769,2026-08-08,0.0,,0.10261054523667865
1184411916109512763,2026-08-08,1.0,,0.7294898068660806
1184411916109512762,2026-08-08,1.0,0.576368118043153,0.7214344798287299
1184411916109512768,2026-08-08,1.0,0.21091690442474853,0.7214344798287299
1184411916109512770,2026-08-08,1.0,0.7399173310095772,0.6896854161605492
1184411916109512792,2026-08-08,1.0,,0.7302764794794353
7,2026-08-08,0.0,,0.3652344667417048
1184411916109512732,2026-08-08,0.0,0.42943025135913643,0.5463500241591922
1184411916109512738,2026-08-15,1.0,0.762854229690803,0.6095715524172864
1184411916109512746,2026-08-15,0.0,0.48780557109372485,0.6614583083809469
1184411916109512743,2026-08-15,0.0,0.1469474955825407,0.14601681009218234
1184411916109512747,2026-08-15,1.0,0.4347194031014423,0.45952068074793456
1184411916109512739,2026-08-15,1.0,0.6624413739642422,0.38320816936269847
1184411916109512780,2026-08-15,1.0,0.7228977751636801,0.799006453775622
1184411916109512804,2026-08-15,1.0,0.5365736290398376,0.3409990275852294
1184411916109512742,2026-08-15,0.0,0.8593169313134218,0.5729099364145716
1184411916109512787,2026-08-15,1.0,0.2548179827802749,0.1898620244015949
1184411916109512744,2026-08-15,1.0,0.09164852815983454,0.10261054523667865
1184411916109512788,2026-08-15,0.0,0.270947018978888,0.619708197762911
1184411916109512741,2026-08-15,1.0,0.5776727469059167,0.4349189380557429
1184411916109512758,2026-08-22,0.0,0.38020135858546844,0.5240250258911402
9,2026-08-22,1.0,,0.8003820032461118
10,2026-08-22,0.0,,0.6942552968795613
1184411916109512755,2026-08-22,0.0,,0.3904390595328653
1184411916109512754,2026-08-22,0.0,0.7891766917165826,0.28507333168561894
1184411916109512811,2026-08-22,1.0,0.21593060894309773,0.36931301709040354
1184411916109512757,2026-08-22,1.0,0.842203125514874,0.7444235515924081
1184411916109512759,2026-08-22,1.0,0.882874179781638,0.7848180366494671
1184411916109512756,2026-08-22,0.0,0.4399917768266228,0.6668663333093559
8,2026-08-22,1.0,,0.5117974394411299
1184411916109512809,2026-08-22,1.0,0.2562616483786763,0.38736494713230535
1184411916109512753,2026-08-22,0.0,0.6382499049147999,0.6847422238720162
1184411916109512810,2026-08-22,1.0,0.4878448880415845,0.7104421654160806
1184411916109512829,2026-08-29,1.0,,0.39159460375408534
1184411916109512771,2026-08-29,0.0,0.8484224234654665,0.8003820032461118
1184411916109512773,2026-08-29,1.0,,0.701134224374751
12,2026-08-29,0.0,,0.6678070266963547
13,2026-08-29,0.0,,0.7444235515924081
1184411916109512790,2026-08-29,0.0,,0.16739778476064834
1184411916109512772,2026-08-29,0.0,0.5859643494255914,0.23686864449503892
14,2026-08-29,0.0,,0.658451820170579
11,2026-08-29,1.0,,0.6942552968795613
1184411916109512784,2026-08-29,0.0,0.42975378451216445,0.5257167243821228
1184411916109512776,2026-08-29,0.0,,0.3545480361095446
1184411916109512789,2026-08-29,0.0,0.28418536030673297,0.660861086105504
1184411916109512791,2026-09-05,1.0,0.5137500565300975,0.35214734151179156
15,2026-09-05,0.0,,0.35075551839201097
1184411916109512831,2026-09-05,1.0,0.6824784436794351,0.7833642661338504
17,2026-09-05,0.0,,0.6668663333093559
1184411916109512781,2026-09-05,1.0,0.6131340787662344,0.5962786783492036
1184411916109512783,2026-09-05,1.0,0.7445144989152314,0.8003820032461118
1184411916109512808,2026-09-05,1.0,,0.3242170530190991
1184411916109512807,2026-09-05,0.0,0.6773733661949092,0.7833642661338504
1184411916109512782,2026-09-05,1.0,0.7808104996081058,0.7214344798287299
1184411916109512805,2026-09-05,0.0,0.5849834918858317,0.6678070266963547
1184411916109512825,2026-09-05,1.0,0.5706940917397239,0.4746696951989998
16,2026-09-05,0.0,,0.7214344798287299
1184411916109512806,2026-09-05,1.0,0.7744175872250327,0.7627782630768198
1184411916109512786,2026-09-05,0.0,0.3459332955969599,0.2923213835126891
1184411916109512848,2026-09-12,0.0,0.20093074704217656,0.30063032798485906
1184411916109512851,2026-09-12,1.0,,0.5063827587881744
1184411916109512799,2026-09-12,1.0,0.3336498893210088,0.5654618887280847
1184411916109512832,2026-09-12,1.0,0.7954469809937275,0.47419373184018504
1184411916109512798,2026-09-12,1.0,0.7919543379966979,0.8107557211399853
1184411916109512797,2026-09-12,0.0,0.6489942435625149,0.6247668908832001
1184411916109512827,2026-09-12,0.0,,0.4501128983537495
1184411916109512803,2026-09-12,1.0,0.5934964258290917,0.6130207079426583
1184411916109512802,2026-09-12,0.0,0.2744319074294241,0.4821662556652364
1184411916109512830,2026-09-12,1.0,0.8778006918738982,0.7643286189155488
1184411916109512795,2026-09-12,1.0,0.48465941008214247,0.5158892703026589
1184411916109512800,2026-09-12,1.0,0.8326820709147831,0.799006453775622
1184411916109512796,2026-09-12,0.0,0.6957260851106756,0.6766641088678869
1184411916109512812,2026-09-19,1.0,0.5544945002273761,0.7643286189155488
1184411916109512821,2026-09-19,0.0,0.20939819882717348,0.13548983660769115
1184411916109512820,2026-09-19,1.0,0.6182328525015365,0.7850760067637438
1184411916109512823,2026-09-19,1.0,0.8347384840048374,0.9552827975091859
1184411916109512822,2026-09-19,1.0,0.6738937709944535,0.6896854161605492
1184411916109512818,2026-09-19,1.0,0.33041740618501714,0.20117183217614143
1184411916109512819,2026-09-19,0.0,0.1441386080856169,0.6520243014067916
1184411916109512813,2026-09-19,1.0,0.7460257864431904,0.799006453775622
1184411916109512824,2026-09-19,1.0,,0.7214344798287299
1184411916109512816,2026-09-19,1.0,0.30160888628209687,0.34852820760619324
1184411916109512817,2026-09-19,0.0,0.9501827334106979,0.9537849406476259
1184411916109512814,2026-09-19,1.0,0.28168101416438246,0.3449540152675491
1184411916109512898,2026-09-26,1.0,,0.6847422238720162
1184411916109512835,2026-09-26,1.0,0.5707893265457281,0.6569898946364845
1184411916109512852,2026-09-26,0.0,0.3385229162699058,0.573678295136987
1184411916109512834,2026-09-26,0.0,0.616930458712054,0.6092365441271984
1184411916109512833,2026-09-26,1.0,0.6488544922625101,0.7104421654160806
1184411916109512836,2026-09-26,1.0,0.24516813724525707,0.2940849164240904
1184411916109512837,2026-09-26,0.0,,0.7620066262693908
1184411916109512838,2026-09-26,0.0,,0.36057925850466743
1184411916109512839,2026-09-26,0.0,0.44297446625362163,0.4623400888762281
1184411916109512828,2026-09-26,1.0,0.6325304619477382,0.6313195117964931
1184411916109512840,2026-09-26,0.0,0.1120390856514564,0.04802165477525443
