2026-07-08 10:28:33,944 INFO [model] ============================================================
2026-07-08 10:28:33,944 INFO [model] GENERATING PREDICTIONS FOR ALL FIGHTS
2026-07-08 10:28:33,944 INFO [model] ============================================================
2026-07-08 10:28:33,946 INFO [model] Loading data from database...
2026-07-08 10:28:36,047 INFO [model]   Loaded 4556 fighters
2026-07-08 10:28:39,579 INFO [model]   Loaded 21994 fight-stat rows (11045 unique fights)
2026-07-08 10:28:39,579 INFO [model]   Loading per-round stats...
2026-07-08 10:28:42,812 INFO [model]   Loaded 54338 per-round stat rows
2026-07-08 10:28:42,913 INFO [model] Building features...
2026-07-08 10:28:43,103 INFO [model]   Computing defensive stats...
2026-07-08 10:28:43,616 INFO [model]   Computing Elo ratings...
2026-07-08 10:28:44,102 INFO [model]   Computing resume scores...
2026-07-08 10:28:44,278 INFO [model]   Loading Glicko rating snapshots from DB...
2026-07-08 10:28:45,503 INFO [model]   Loaded 21082 Glicko snapshots
2026-07-08 10:28:47,472 INFO [model]   Added 15 Glicko features
2026-07-08 10:28:47,473 INFO [model]   Computing Elo-adjusted stats...
2026-07-08 10:28:47,474 INFO [model]   Computing rolling career averages...
2026-07-08 10:29:09,844 INFO [model]   Computing streaks and career stats...
2026-07-08 10:29:11,261 INFO [model]   Computing composite features...
2026-07-08 10:29:11,265 INFO [model]   Computing round-by-round profiles...
2026-07-08 10:29:19,786 INFO [model]   Computing fighter style clusters (k=6)...
2026-07-08 10:29:20,021 INFO [model]     Style 0 (492 fighters): SigStr/5=9.8 TD/5=0.2 Sub/5=0.2 Ctrl/5=23.5 GndStr/5=0.8 top=ctrl_per5
2026-07-08 10:29:20,021 INFO [model]     Style 1 (1178 fighters): SigStr/5=24.2 TD/5=0.3 Sub/5=0.2 Ctrl/5=33.9 GndStr/5=2.4 top=ctrl_per5
2026-07-08 10:29:20,021 INFO [model]     Style 2 (69 fighters): SigStr/5=7.0 TD/5=1.3 Sub/5=3.8 Ctrl/5=42.9 GndStr/5=1.6 top=ctrl_per5
2026-07-08 10:29:20,021 INFO [model]     Style 3 (1027 fighters): SigStr/5=13.4 TD/5=1.2 Sub/5=0.3 Ctrl/5=92.8 GndStr/5=3.8 top=ctrl_per5
2026-07-08 10:29:20,021 INFO [model]     Style 4 (907 fighters): SigStr/5=8.4 TD/5=0.2 Sub/5=0.2 Ctrl/5=19.2 GndStr/5=1.0 top=ctrl_per5
2026-07-08 10:29:20,021 INFO [model]     Style 5 (112 fighters): SigStr/5=40.8 TD/5=0.8 Sub/5=0.4 Ctrl/5=58.2 GndStr/5=16.6 top=ctrl_per5
2026-07-08 10:29:20,359 INFO [model]   Style matchup matrix computed (6x6)
2026-07-08 10:29:20,762 INFO [model]   Feature matrix shape: (21994, 286)
2026-07-08 10:29:20,886 INFO [model]   Built latest feature snapshots for 3785 fighters
2026-07-08 10:29:21,916 INFO [model]   Added 217 upcoming fights using latest fighter features
2026-07-08 10:29:21,916 INFO [model]   Loading odds for predictions...
2026-07-08 10:29:23,287 INFO [model]   Odds matched: 2787/11166 fights (25.0%)
2026-07-08 10:29:23,332 INFO [model]   Using raw GBT probabilities for 11166 predictions
2026-07-08 10:29:23,332 INFO [model]   (Calibrated model saved separately for future picks page)
2026-07-08 10:29:23,730 INFO [model] Computing SHAP values...
2026-07-08 10:29:24,812 INFO [model]   SHAP values shape: (11166, 40)
2026-07-08 10:29:25,764 INFO [model]   Cleared ufc_fight_shap_values
2026-07-08 10:29:26,019 INFO [model]   Cleared ufc_fight_predictions
2026-07-08 10:30:57,147 INFO [model] Stored 11166 fight predictions, 223320 SHAP values
2026-08-06 23:54:07,240 INFO [model] ============================================================
2026-08-06 23:54:07,241 INFO [model] UFC Fight Winner Prediction Pipeline v6  (2026-08-06 23:54)
2026-08-06 23:54:07,241 INFO [model] ============================================================
2026-08-06 23:54:07,241 INFO [model] Loading data from database...
2026-08-06 23:54:09,595 INFO [model]   Loaded 4562 fighters
2026-08-06 23:54:13,169 INFO [model]   Loaded 22064 fight-stat rows (11080 unique fights)
2026-08-06 23:54:13,169 INFO [model]   Loading per-round stats...
2026-08-06 23:54:16,955 INFO [model]   Loaded 56822 per-round stat rows
2026-08-06 23:54:17,079 INFO [model] Building features...
2026-08-06 23:54:17,262 INFO [model]   Computing defensive stats...
2026-08-06 23:54:18,438 INFO [model]   Computing Elo ratings...
2026-08-06 23:54:18,919 INFO [model]   Computing resume scores...
2026-08-06 23:54:19,093 INFO [model]   Loading Glicko rating snapshots from DB...
2026-08-06 23:54:20,345 INFO [model]   Loaded 21152 Glicko snapshots
2026-08-06 23:54:22,364 INFO [model]   Added 15 Glicko features
2026-08-06 23:54:22,365 INFO [model]   Computing Elo-adjusted stats...
2026-08-06 23:54:22,370 INFO [model]   Computing rolling career averages...
2026-08-06 23:54:46,894 INFO [model]   Computing streaks and career stats...
2026-08-06 23:54:48,247 INFO [model]   Computing composite features...
2026-08-06 23:54:48,251 INFO [model]   Computing round-by-round profiles...
2026-08-06 23:54:57,264 INFO [model]   Computing fighter style clusters (k=6)...
2026-08-06 23:54:57,702 INFO [model]     Fit on 22064 rows, assigned 22064 fighter-fights
2026-08-06 23:54:57,702 INFO [model]     Style 0 (3833 fighter-fights): SigStr/5=17.1 TD/5=1.5 Sub/5=0.5 Ctrl/5=118.1 GndStr/5=7.7 top=ctrl_per5
2026-08-06 23:54:57,703 INFO [model]     Style 1 (10741 fighter-fights): SigStr/5=16.3 TD/5=0.5 Sub/5=0.3 Ctrl/5=44.6 GndStr/5=3.0 top=ctrl_per5
2026-08-06 23:54:57,703 INFO [model]     Style 2 (3312 fighter-fights): SigStr/5=16.6 TD/5=0.5 Sub/5=0.5 Ctrl/5=49.4 GndStr/5=2.7 top=ctrl_per5
2026-08-06 23:54:57,703 INFO [model]     Style 3 (3492 fighter-fights): SigStr/5=32.4 TD/5=0.3 Sub/5=0.2 Ctrl/5=35.9 GndStr/5=5.4 top=ctrl_per5
2026-08-06 23:54:57,703 INFO [model]     Style 4 (370 fighter-fights): SigStr/5=12.3 TD/5=2.2 Sub/5=4.4 Ctrl/5=62.2 GndStr/5=4.0 top=ctrl_per5
2026-08-06 23:54:57,703 INFO [model]     Style 5 (316 fighter-fights): SigStr/5=72.2 TD/5=0.7 Sub/5=0.3 Ctrl/5=57.9 GndStr/5=35.2 top=sig_str_landed_per5
2026-08-06 23:54:57,761 INFO [model]   Style matchup features computed expanding-in-time (6x6, 21968 fighter-fights)
2026-08-06 23:54:57,989 INFO [model]   Feature matrix shape: (22064, 286)
2026-08-06 23:54:58,024 INFO [model] Building matchup feature matrix...
2026-08-06 23:54:58,106 INFO [model]   Loading odds from database...
2026-08-06 23:54:59,789 INFO [model]   Odds matched: 2784/10984 fights (25.3%)
2026-08-06 23:54:59,809 INFO [model]   Filtered to modern era (2015+): 6295 fights (dropped 4689 pre-2015)
2026-08-06 23:54:59,809 INFO [model]   Red win rate (modern): 0.557
2026-08-06 23:54:59,818 INFO [model]   Matchup matrix: 6295 fights, 239 candidate features
2026-08-06 23:54:59,818 INFO [model]   Red win rate: 0.557
2026-08-06 23:54:59,818 INFO [model]   Date range: 2015-01-03 to 2026-08-01
2026-08-06 23:54:59,823 INFO [model] ============================================================
2026-08-06 23:54:59,823 INFO [model] WALK-FORWARD EVALUATION
2026-08-06 23:54:59,823 INFO [model] ============================================================
2026-08-06 23:54:59,832 INFO [model]   6295 fights | 8 folds over the last 40% (2518 eval fights)
2026-08-06 23:54:59,832 INFO [model]   Hyperparameters are FIXED (not tuned per fold): {'max_depth': 3, 'learning_rate': 0.037, 'max_features': 0.65, 'min_samples_leaf': 32, 'l2_regularization': 4.4, 'max_bins': 128}
2026-08-06 23:54:59,833 INFO [model]   Those values came from an Optuna search that scored on a chronological
2026-08-06 23:54:59,833 INFO [model]   20% slice overlapping this eval window, so a residual selection optimism
2026-08-06 23:54:59,833 INFO [model]   remains. It is bounded and disclosed rather than hidden.
2026-08-06 23:54:59,833 INFO [model] 
------------------------------------------------------------
2026-08-06 23:54:59,833 INFO [model] ARM: with_odds  (239 candidate features)
2026-08-06 23:54:59,833 INFO [model] ------------------------------------------------------------
2026-08-06 23:55:04,082 INFO [model]   Early stopping (chronological val, n=481): best_iter=85 val_logloss=0.6108
2026-08-06 23:55:04,313 INFO [model]   Fold 1/8  train= 3777  test= 314  (2022-05-07 → 2022-10-22)  acc=0.6975  auc=0.7731  iter=85
2026-08-06 23:55:08,477 INFO [model]   Early stopping (chronological val, n=521): best_iter=162 val_logloss=0.5912
2026-08-06 23:55:08,939 INFO [model]   Fold 2/8  train= 4091  test= 315  (2022-10-23 → 2023-05-28)  acc=0.6952  auc=0.7531  iter=162
2026-08-06 23:55:13,236 INFO [model]   Early stopping (chronological val, n=561): best_iter=121 val_logloss=0.5986
2026-08-06 23:55:13,605 INFO [model]   Fold 3/8  train= 4406  test= 315  (2023-05-28 → 2023-11-11)  acc=0.7016  auc=0.7483  iter=121
2026-08-06 23:55:19,399 INFO [model]   Early stopping (chronological val, n=601): best_iter=157 val_logloss=0.5745
2026-08-06 23:55:19,967 INFO [model]   Fold 4/8  train= 4721  test= 315  (2023-11-11 → 2024-06-08)  acc=0.7238  auc=0.7955  iter=157
2026-08-06 23:55:36,036 INFO [model]   Early stopping (chronological val, n=642): best_iter=235 val_logloss=0.5532
2026-08-06 23:55:36,825 INFO [model]   Fold 5/8  train= 5036  test= 314  (2024-06-08 → 2024-11-23)  acc=0.7261  auc=0.7905  iter=235
2026-08-06 23:55:42,461 INFO [model]   Early stopping (chronological val, n=682): best_iter=167 val_logloss=0.5712
2026-08-06 23:55:42,989 INFO [model]   Fold 6/8  train= 5350  test= 315  (2024-11-23 → 2025-07-12)  acc=0.7365  auc=0.8139  iter=167
2026-08-06 23:55:49,935 INFO [model]   Early stopping (chronological val, n=722): best_iter=358 val_logloss=0.5662
2026-08-06 23:55:51,139 INFO [model]   Fold 7/8  train= 5665  test= 315  (2025-07-12 → 2026-01-24)  acc=0.7460  auc=0.8280  iter=358
2026-08-06 23:56:00,196 INFO [model]   Early stopping (chronological val, n=762): best_iter=156 val_logloss=0.5565
2026-08-06 23:56:02,106 INFO [model]   Fold 8/8  train= 5980  test= 315  (2026-01-24 → 2026-08-01)  acc=0.6889  auc=0.7796  iter=156
2026-08-06 23:56:02,172 INFO [model]   POOLED  n=2518  acc=0.7145 [0.6970, 0.7319]  auc=0.7859  brier=0.1879 (calibrated 0.1908)
2026-08-06 23:56:02,173 INFO [model] 
------------------------------------------------------------
2026-08-06 23:56:02,173 INFO [model] ARM: no_odds  (232 candidate features)
2026-08-06 23:56:02,173 INFO [model] ------------------------------------------------------------
2026-08-06 23:56:13,145 INFO [model]   Early stopping (chronological val, n=481): best_iter=83 val_logloss=0.6117
2026-08-06 23:56:13,453 INFO [model]   Fold 1/8  train= 3777  test= 314  (2022-05-07 → 2022-10-22)  acc=0.7134  auc=0.7698  iter=83
2026-08-06 23:56:25,004 INFO [model]   Early stopping (chronological val, n=521): best_iter=161 val_logloss=0.5968
2026-08-06 23:56:25,677 INFO [model]   Fold 2/8  train= 4091  test= 315  (2022-10-23 → 2023-05-28)  acc=0.6857  auc=0.7377  iter=161
2026-08-06 23:56:32,860 INFO [model]   Early stopping (chronological val, n=561): best_iter=100 val_logloss=0.6010
2026-08-06 23:56:33,111 INFO [model]   Fold 3/8  train= 4406  test= 315  (2023-05-28 → 2023-11-11)  acc=0.7016  auc=0.7443  iter=100
2026-08-06 23:56:39,767 INFO [model]   Early stopping (chronological val, n=601): best_iter=153 val_logloss=0.5785
2026-08-06 23:56:40,094 INFO [model]   Fold 4/8  train= 4721  test= 315  (2023-11-11 → 2024-06-08)  acc=0.7079  auc=0.7836  iter=153
2026-08-06 23:56:49,613 INFO [model]   Early stopping (chronological val, n=642): best_iter=238 val_logloss=0.5617
2026-08-06 23:56:50,266 INFO [model]   Fold 5/8  train= 5036  test= 314  (2024-06-08 → 2024-11-23)  acc=0.6911  auc=0.7634  iter=238
2026-08-06 23:56:55,722 INFO [model]   Early stopping (chronological val, n=682): best_iter=173 val_logloss=0.5776
2026-08-06 23:56:56,305 INFO [model]   Fold 6/8  train= 5350  test= 315  (2024-11-23 → 2025-07-12)  acc=0.7111  auc=0.8068  iter=173
2026-08-06 23:57:01,365 INFO [model]   Early stopping (chronological val, n=722): best_iter=407 val_logloss=0.5728
2026-08-06 23:57:02,128 INFO [model]   Fold 7/8  train= 5665  test= 315  (2025-07-12 → 2026-01-24)  acc=0.7365  auc=0.8278  iter=407
2026-08-06 23:57:06,683 INFO [model]   Early stopping (chronological val, n=762): best_iter=135 val_logloss=0.5673
2026-08-06 23:57:07,003 INFO [model]   Fold 8/8  train= 5980  test= 315  (2026-01-24 → 2026-08-01)  acc=0.6794  auc=0.7527  iter=135
2026-08-06 23:57:07,044 INFO [model]   POOLED  n=2518  acc=0.7033 [0.6851, 0.7212]  auc=0.7743  brier=0.1929 (calibrated 0.1953)
2026-08-06 23:57:07,044 INFO [model] 
------------------------------------------------------------
2026-08-06 23:57:07,044 INFO [model] MARKET COMPARISON (fights with odds)
2026-08-06 23:57:07,044 INFO [model] ------------------------------------------------------------
2026-08-06 23:57:07,082 INFO [model]   Eval fights with odds: 2077 (2022-05-07 → 2026-07-25)
2026-08-06 23:57:07,082 INFO [model]   Average vig: 0.000
2026-08-06 23:57:07,082 INFO [model] 
  Arm                 Acc             95% CI      AUC    Brier
2026-08-06 23:57:07,082 INFO [model]   ------------------------------------------------------------
2026-08-06 23:57:07,082 INFO [model]   market only      0.6769     [0.657, 0.697]        —   0.2050
2026-08-06 23:57:07,233 INFO [model]   no_odds          0.7097     [0.689, 0.729]   0.7813   0.1903
2026-08-06 23:57:07,349 INFO [model]   with_odds        0.7208     [0.702, 0.740]   0.7946   0.1839
2026-08-06 23:57:07,349 INFO [model] 
  Arm              Acc − market         95% CI of diff   Beats mkt?
2026-08-06 23:57:07,349 INFO [model]   ------------------------------------------------------------------
2026-08-06 23:57:07,349 INFO [model]   no_odds               +0.0327     [+0.0111, +0.0549]          YES
2026-08-06 23:57:07,349 INFO [model]   with_odds             +0.0438     [+0.0260, +0.0626]          YES
2026-08-06 23:57:07,349 INFO [model] 
  Betting ladder — no_odds (calibrated, frozen thresholds):
2026-08-06 23:57:07,349 INFO [model]     Edge   Bets    Bet%    Win%     ROI%             ROI 95% CI
2026-08-06 23:57:07,349 INFO [model]   --------------------------------------------------------------
2026-08-06 23:57:07,349 INFO [model]       3%   1823   87.8%   61.4%    19.06         [+13.8, +24.0]
2026-08-06 23:57:07,349 INFO [model]       5%   1678   80.8%   62.3%    20.87         [+15.6, +26.4]
2026-08-06 23:57:07,349 INFO [model]       8%   1432   68.9%   64.2%    25.96         [+19.8, +31.8]
2026-08-06 23:57:07,349 INFO [model]      10%   1289   62.1%   64.6%    28.73         [+22.4, +35.3]
2026-08-06 23:57:07,349 INFO [model]      15%    972   46.8%   64.8%    34.03         [+26.7, +41.5]
2026-08-06 23:57:07,349 INFO [model] 
  Betting ladder — with_odds (calibrated, frozen thresholds):
2026-08-06 23:57:07,349 INFO [model]     Edge   Bets    Bet%    Win%     ROI%             ROI 95% CI
2026-08-06 23:57:07,349 INFO [model]   --------------------------------------------------------------
2026-08-06 23:57:07,349 INFO [model]       3%   1801   86.7%   64.9%    19.38         [+14.6, +24.4]
2026-08-06 23:57:07,349 INFO [model]       5%   1647   79.3%   66.6%    22.62         [+17.4, +27.8]
2026-08-06 23:57:07,349 INFO [model]       8%   1383   66.6%   68.4%    26.04         [+20.4, +31.6]
2026-08-06 23:57:07,349 INFO [model]      10%   1229   59.2%   69.9%    29.14         [+23.3, +35.1]
2026-08-06 23:57:07,349 INFO [model]      15%    872   42.0%   71.2%    32.65         [+25.8, +39.7]
2026-08-06 23:57:07,353 INFO [model] 
  Saved evaluation results to /Users/rafeburns/Downloads/ALocks/alocks-backend/models/ufc/h2h/eval_results.json
2026-08-06 23:57:07,353 INFO [model] 
============================================================
2026-08-06 23:57:07,353 INFO [model] Walk-forward evaluation complete.
2026-08-06 23:57:07,353 INFO [model] ============================================================
2026-08-06 23:58:39,358 INFO [model] Loading data from database...
2026-08-06 23:58:41,923 INFO [model]   Loaded 4562 fighters
2026-08-06 23:58:45,662 INFO [model]   Loaded 22064 fight-stat rows (11080 unique fights)
2026-08-06 23:58:45,663 INFO [model]   Loading per-round stats...
2026-08-06 23:58:49,626 INFO [model]   Loaded 56822 per-round stat rows
2026-08-06 23:58:49,776 INFO [model] Building features...
2026-08-06 23:59:11,480 INFO [model] Loading data from database...
2026-08-06 23:59:13,714 INFO [model]   Loaded 4562 fighters
2026-08-06 23:59:17,291 INFO [model]   Loaded 22064 fight-stat rows (11080 unique fights)
2026-08-06 23:59:17,291 INFO [model]   Loading per-round stats...
2026-08-06 23:59:21,176 INFO [model]   Loaded 56822 per-round stat rows
2026-08-06 23:59:21,298 INFO [model] Building features...
2026-08-06 23:59:21,480 INFO [model]   Computing defensive stats...
2026-08-06 23:59:22,682 INFO [model]   Computing Elo ratings...
2026-08-06 23:59:23,175 INFO [model]   Computing resume scores...
2026-08-06 23:59:23,351 INFO [model]   Loading Glicko rating snapshots from DB...
2026-08-06 23:59:24,530 INFO [model]   Loaded 21152 Glicko snapshots
2026-08-06 23:59:26,458 INFO [model]   Added 15 Glicko features
2026-08-06 23:59:26,459 INFO [model]   Computing Elo-adjusted stats...
2026-08-06 23:59:26,460 INFO [model]   Computing rolling career averages...
2026-08-06 23:59:52,877 INFO [model]   Computing streaks and career stats...
2026-08-06 23:59:54,235 INFO [model]   Computing composite features...
2026-08-06 23:59:54,241 INFO [model]   Computing round-by-round profiles...
2026-08-07 00:00:04,049 INFO [model]   Computing fighter style clusters (k=6)...
2026-08-07 00:00:04,492 INFO [model]     Fit on 22064 rows, assigned 22064 fighter-fights
2026-08-07 00:00:04,494 INFO [model]     Style 0 (3407 fighter-fights): SigStr/5=32.8 TD/5=0.3 Sub/5=0.2 Ctrl/5=35.8 GndStr/5=5.6 top=ctrl_per5
2026-08-07 00:00:04,494 INFO [model]     Style 1 (10750 fighter-fights): SigStr/5=16.4 TD/5=0.5 Sub/5=0.3 Ctrl/5=44.3 GndStr/5=3.0 top=ctrl_per5
2026-08-07 00:00:04,494 INFO [model]     Style 2 (3891 fighter-fights): SigStr/5=17.0 TD/5=1.5 Sub/5=0.5 Ctrl/5=117.8 GndStr/5=7.5 top=ctrl_per5
2026-08-07 00:00:04,494 INFO [model]     Style 3 (293 fighter-fights): SigStr/5=74.0 TD/5=0.9 Sub/5=0.3 Ctrl/5=59.0 GndStr/5=38.3 top=sig_str_landed_per5
2026-08-07 00:00:04,494 INFO [model]     Style 4 (3352 fighter-fights): SigStr/5=16.7 TD/5=0.5 Sub/5=0.5 Ctrl/5=49.4 GndStr/5=2.7 top=ctrl_per5
2026-08-07 00:00:04,494 INFO [model]     Style 5 (371 fighter-fights): SigStr/5=12.5 TD/5=2.2 Sub/5=4.4 Ctrl/5=62.2 GndStr/5=4.1 top=ctrl_per5
2026-08-07 00:00:04,553 INFO [model]   Style matchup features computed expanding-in-time (6x6, 21968 fighter-fights)
2026-08-07 00:00:04,869 INFO [model]   Feature matrix shape: (22064, 286)
2026-08-07 00:00:19,422 INFO [model] Loading data from database...
2026-08-07 00:00:21,690 INFO [model]   Loaded 4562 fighters
2026-08-07 00:00:25,365 INFO [model]   Loaded 22064 fight-stat rows (11080 unique fights)
2026-08-07 00:00:25,365 INFO [model]   Loading per-round stats...
2026-08-07 00:00:29,109 INFO [model]   Loaded 56822 per-round stat rows
2026-08-07 00:00:29,467 INFO [model] Building features...
2026-08-07 00:00:29,671 INFO [model]   Computing defensive stats...
2026-08-07 00:00:33,096 INFO [model]   Computing Elo ratings...
2026-08-07 00:00:34,011 INFO [model]   Computing resume scores...
2026-08-07 00:00:34,212 INFO [model]   Loading Glicko rating snapshots from DB...
2026-08-07 00:00:35,527 INFO [model]   Loaded 21152 Glicko snapshots
2026-08-07 00:00:38,236 INFO [model]   Added 15 Glicko features
2026-08-07 00:00:38,236 INFO [model]   Computing Elo-adjusted stats...
2026-08-07 00:00:38,237 INFO [model]   Computing rolling career averages...
2026-08-07 00:01:04,148 INFO [model]   Computing streaks and career stats...
2026-08-07 00:01:05,625 INFO [model]   Computing composite features...
2026-08-07 00:01:05,633 INFO [model]   Computing round-by-round profiles...
2026-08-07 00:01:14,839 INFO [model]   Computing fighter style clusters (k=6)...
2026-08-07 00:01:15,231 INFO [model]     Fit on 22064 rows, assigned 22064 fighter-fights
2026-08-07 00:01:15,232 INFO [model]     Style 0 (10800 fighter-fights): SigStr/5=16.4 TD/5=0.5 Sub/5=0.3 Ctrl/5=44.4 GndStr/5=3.0 top=ctrl_per5
2026-08-07 00:01:15,232 INFO [model]     Style 1 (252 fighter-fights): SigStr/5=77.8 TD/5=0.9 Sub/5=0.3 Ctrl/5=57.6 GndStr/5=40.2 top=sig_str_landed_per5
2026-08-07 00:01:15,232 INFO [model]     Style 2 (469 fighter-fights): SigStr/5=12.1 TD/5=2.0 Sub/5=3.9 Ctrl/5=60.0 GndStr/5=4.0 top=ctrl_per5
2026-08-07 00:01:15,232 INFO [model]     Style 3 (3328 fighter-fights): SigStr/5=16.9 TD/5=0.5 Sub/5=0.4 Ctrl/5=49.4 GndStr/5=2.7 top=ctrl_per5
2026-08-07 00:01:15,232 INFO [model]     Style 4 (3371 fighter-fights): SigStr/5=33.1 TD/5=0.3 Sub/5=0.2 Ctrl/5=36.1 GndStr/5=5.8 top=ctrl_per5
2026-08-07 00:01:15,232 INFO [model]     Style 5 (3844 fighter-fights): SigStr/5=17.2 TD/5=1.5 Sub/5=0.5 Ctrl/5=118.3 GndStr/5=7.6 top=ctrl_per5
2026-08-07 00:01:15,289 INFO [model]   Style matchup features computed expanding-in-time (6x6, 21968 fighter-fights)
2026-08-07 00:01:15,528 INFO [model]   Feature matrix shape: (22064, 286)
2026-08-07 00:01:15,572 INFO [model] Building features...
2026-08-07 00:01:15,711 INFO [model]   Computing defensive stats...
2026-08-07 00:01:16,644 INFO [model]   Computing Elo ratings...
2026-08-07 00:01:17,122 INFO [model]   Computing resume scores...
2026-08-07 00:01:17,288 INFO [model]   Loading Glicko rating snapshots from DB...
2026-08-07 00:01:20,624 INFO [model]   Loaded 21152 Glicko snapshots
2026-08-07 00:01:24,916 INFO [model]   Added 15 Glicko features
2026-08-07 00:01:24,917 INFO [model]   Computing Elo-adjusted stats...
2026-08-07 00:01:24,919 INFO [model]   Computing rolling career averages...
2026-08-07 00:01:48,312 INFO [model]   Computing streaks and career stats...
2026-08-07 00:01:49,744 INFO [model]   Computing composite features...
2026-08-07 00:01:49,749 INFO [model]   Computing round-by-round profiles...
2026-08-07 00:01:57,812 INFO [model]   Computing fighter style clusters (k=6)...
2026-08-07 00:01:58,113 INFO [model]     Fit on 17841 rows, assigned 17841 fighter-fights
2026-08-07 00:01:58,114 INFO [model]     Style 0 (8976 fighter-fights): SigStr/5=15.5 TD/5=0.5 Sub/5=0.3 Ctrl/5=43.1 GndStr/5=3.0 top=ctrl_per5
2026-08-07 00:01:58,114 INFO [model]     Style 1 (2692 fighter-fights): SigStr/5=15.6 TD/5=0.6 Sub/5=0.5 Ctrl/5=50.7 GndStr/5=3.0 top=ctrl_per5
2026-08-07 00:01:58,114 INFO [model]     Style 2 (2491 fighter-fights): SigStr/5=31.9 TD/5=0.3 Sub/5=0.2 Ctrl/5=34.4 GndStr/5=6.0 top=ctrl_per5
2026-08-07 00:01:58,114 INFO [model]     Style 3 (290 fighter-fights): SigStr/5=12.2 TD/5=2.2 Sub/5=4.7 Ctrl/5=57.1 GndStr/5=4.1 top=ctrl_per5
2026-08-07 00:01:58,114 INFO [model]     Style 4 (3176 fighter-fights): SigStr/5=16.6 TD/5=1.5 Sub/5=0.6 Ctrl/5=113.3 GndStr/5=7.8 top=ctrl_per5
2026-08-07 00:01:58,114 INFO [model]     Style 5 (216 fighter-fights): SigStr/5=76.0 TD/5=1.0 Sub/5=0.3 Ctrl/5=55.2 GndStr/5=40.5 top=sig_str_landed_per5
2026-08-07 00:01:58,156 INFO [model]   Style matchup features computed expanding-in-time (6x6, 17750 fighter-fights)
2026-08-07 00:01:58,377 INFO [model]   Feature matrix shape: (17841, 286)
2026-08-07 00:12:30,153 INFO [model] ============================================================
2026-08-07 00:12:30,154 INFO [model] UFC Fight Winner Prediction Pipeline v6  (2026-08-07 00:12)
2026-08-07 00:12:30,154 INFO [model] ============================================================
2026-08-07 00:12:30,154 INFO [model] Loading data from database...
2026-08-07 00:12:32,504 INFO [model]   Loaded 4562 fighters
2026-08-07 00:12:36,884 INFO [model]   Loaded 22064 fight-stat rows (11080 unique fights)
2026-08-07 00:12:36,884 INFO [model]   Loading per-round stats...
2026-08-07 00:12:40,695 INFO [model]   Loaded 56822 per-round stat rows
2026-08-07 00:12:40,813 INFO [model] Building features...
2026-08-07 00:12:40,991 INFO [model]   Computing defensive stats...
2026-08-07 00:12:42,180 INFO [model]   Computing Elo ratings...
2026-08-07 00:12:42,665 INFO [model]   Computing resume scores...
2026-08-07 00:12:42,843 INFO [model]   Loading Glicko rating snapshots from DB...
2026-08-07 00:12:44,017 INFO [model]   Loaded 21152 Glicko snapshots
2026-08-07 00:12:45,949 INFO [model]   Added 15 Glicko features
2026-08-07 00:12:45,950 INFO [model]   Computing Elo-adjusted stats...
2026-08-07 00:12:45,952 INFO [model]   Computing rolling career averages...
2026-08-07 00:13:11,077 INFO [model]   Computing streaks and career stats...
2026-08-07 00:13:12,471 INFO [model]   Computing composite features...
2026-08-07 00:13:12,475 INFO [model]   Computing round-by-round profiles...
2026-08-07 00:13:21,508 INFO [model]   Computing fighter style clusters (k=6)...
2026-08-07 00:13:21,891 INFO [model]     Fit on 22064 rows, assigned 22064 fighter-fights
2026-08-07 00:13:21,892 INFO [model]     Style 0 (10736 fighter-fights): SigStr/5=16.3 TD/5=0.5 Sub/5=0.3 Ctrl/5=44.6 GndStr/5=3.0 top=ctrl_per5
2026-08-07 00:13:21,892 INFO [model]     Style 1 (417 fighter-fights): SigStr/5=12.2 TD/5=2.1 Sub/5=4.1 Ctrl/5=60.8 GndStr/5=4.1 top=ctrl_per5
2026-08-07 00:13:21,892 INFO [model]     Style 2 (3289 fighter-fights): SigStr/5=16.6 TD/5=0.5 Sub/5=0.4 Ctrl/5=49.3 GndStr/5=2.7 top=ctrl_per5
2026-08-07 00:13:21,892 INFO [model]     Style 3 (3458 fighter-fights): SigStr/5=32.5 TD/5=0.3 Sub/5=0.2 Ctrl/5=35.9 GndStr/5=5.4 top=ctrl_per5
2026-08-07 00:13:21,892 INFO [model]     Style 4 (3856 fighter-fights): SigStr/5=17.2 TD/5=1.5 Sub/5=0.5 Ctrl/5=117.9 GndStr/5=7.7 top=ctrl_per5
2026-08-07 00:13:21,892 INFO [model]     Style 5 (308 fighter-fights): SigStr/5=71.8 TD/5=0.7 Sub/5=0.3 Ctrl/5=59.2 GndStr/5=35.0 top=sig_str_landed_per5
2026-08-07 00:13:21,952 INFO [model]   Style matchup features computed expanding-in-time (6x6, 21968 fighter-fights)
2026-08-07 00:13:22,183 INFO [model]   Feature matrix shape: (22064, 286)
2026-08-07 00:13:22,212 INFO [model] Building matchup feature matrix...
2026-08-07 00:13:22,296 INFO [model]   Loading odds from database...
2026-08-07 00:13:23,862 INFO [model]   Odds matched: 2784/10984 fights (25.3%)
2026-08-07 00:13:23,878 INFO [model]   Filtered to modern era (2015+): 6295 fights (dropped 4689 pre-2015)
2026-08-07 00:13:23,878 INFO [model]   Red win rate (modern): 0.557
2026-08-07 00:13:23,887 INFO [model]   Matchup matrix: 6295 fights, 239 candidate features
2026-08-07 00:13:23,887 INFO [model]   Red win rate: 0.557
2026-08-07 00:13:23,888 INFO [model]   Date range: 2015-01-03 to 2026-08-01
2026-08-07 00:13:23,905 INFO [model] 
  Style-cluster cutoff set to eval start: 2022-05-07
2026-08-07 00:13:23,905 INFO [model] Building features...
2026-08-07 00:13:24,074 INFO [model]   Computing defensive stats...
2026-08-07 00:13:25,196 INFO [model]   Computing Elo ratings...
2026-08-07 00:13:25,651 INFO [model]   Computing resume scores...
2026-08-07 00:13:25,820 INFO [model]   Loading Glicko rating snapshots from DB...
2026-08-07 00:13:27,585 INFO [model]   Loaded 21152 Glicko snapshots
2026-08-07 00:13:29,668 INFO [model]   Added 15 Glicko features
2026-08-07 00:13:29,668 INFO [model]   Computing Elo-adjusted stats...
2026-08-07 00:13:29,670 INFO [model]   Computing rolling career averages...
2026-08-07 00:14:00,529 INFO [model]   Computing streaks and career stats...
2026-08-07 00:14:03,210 INFO [model]   Computing composite features...
2026-08-07 00:14:03,228 INFO [model]   Computing round-by-round profiles...
2026-08-07 00:14:13,114 INFO [model]   Computing fighter style clusters (k=6)...
2026-08-07 00:14:13,451 INFO [model]     Fit on 17010 rows, assigned 22064 fighter-fights
2026-08-07 00:14:13,452 INFO [model]     Style 0 (314 fighter-fights): SigStr/5=71.2 TD/5=0.7 Sub/5=0.3 Ctrl/5=55.7 GndStr/5=34.6 top=sig_str_landed_per5
2026-08-07 00:14:13,452 INFO [model]     Style 1 (10252 fighter-fights): SigStr/5=15.1 TD/5=0.5 Sub/5=0.3 Ctrl/5=43.7 GndStr/5=3.0 top=ctrl_per5
2026-08-07 00:14:13,452 INFO [model]     Style 2 (3685 fighter-fights): SigStr/5=16.8 TD/5=1.5 Sub/5=0.6 Ctrl/5=113.8 GndStr/5=8.1 top=ctrl_per5
2026-08-07 00:14:13,452 INFO [model]     Style 3 (3276 fighter-fights): SigStr/5=15.2 TD/5=0.6 Sub/5=0.5 Ctrl/5=50.7 GndStr/5=3.0 top=ctrl_per5
2026-08-07 00:14:13,452 INFO [model]     Style 4 (4222 fighter-fights): SigStr/5=30.3 TD/5=0.3 Sub/5=0.2 Ctrl/5=33.6 GndStr/5=5.6 top=ctrl_per5
2026-08-07 00:14:13,452 INFO [model]     Style 5 (315 fighter-fights): SigStr/5=11.3 TD/5=2.2 Sub/5=4.6 Ctrl/5=55.6 GndStr/5=3.9 top=ctrl_per5
2026-08-07 00:14:13,507 INFO [model]   Style matchup features computed expanding-in-time (6x6, 21968 fighter-fights)
2026-08-07 00:14:13,770 INFO [model]   Feature matrix shape: (22064, 286)
2026-08-07 00:14:13,811 INFO [model] Building matchup feature matrix...
2026-08-07 00:14:13,903 INFO [model]   Loading odds from database...
2026-08-07 00:14:15,529 INFO [model]   Odds matched: 2784/10984 fights (25.3%)
2026-08-07 00:14:15,546 INFO [model]   Filtered to modern era (2015+): 6295 fights (dropped 4689 pre-2015)
2026-08-07 00:14:15,547 INFO [model]   Red win rate (modern): 0.557
2026-08-07 00:14:15,555 INFO [model]   Matchup matrix: 6295 fights, 239 candidate features
2026-08-07 00:14:15,556 INFO [model]   Red win rate: 0.557
2026-08-07 00:14:15,556 INFO [model]   Date range: 2015-01-03 to 2026-08-01
2026-08-07 00:14:15,560 INFO [model] ============================================================
2026-08-07 00:14:15,561 INFO [model] WALK-FORWARD EVALUATION
2026-08-07 00:14:15,561 INFO [model] ============================================================
2026-08-07 00:14:15,569 INFO [model]   6295 fights | 8 folds over the last 40% (2518 eval fights)
2026-08-07 00:14:15,569 INFO [model]   Hyperparameters are FIXED (not tuned per fold): {'max_depth': 3, 'learning_rate': 0.037, 'max_features': 0.65, 'min_samples_leaf': 32, 'l2_regularization': 4.4, 'max_bins': 128}
2026-08-07 00:14:15,569 INFO [model]   Those values came from an Optuna search that scored on a chronological
2026-08-07 00:14:15,569 INFO [model]   20% slice overlapping this eval window, so a residual selection optimism
2026-08-07 00:14:15,569 INFO [model]   remains. It is bounded and disclosed rather than hidden.
2026-08-07 00:14:15,569 INFO [model] 
------------------------------------------------------------
2026-08-07 00:14:15,569 INFO [model] ARM: with_odds  (239 candidate features)
2026-08-07 00:14:15,569 INFO [model] ------------------------------------------------------------
2026-08-07 00:14:22,384 INFO [model]   Early stopping (chronological val, n=481): best_iter=73 val_logloss=0.6134
2026-08-07 00:14:22,590 INFO [model]   Fold 1/8  train= 3777  test= 314  (2022-05-07 → 2022-10-22)  acc=0.6975  auc=0.7771  iter=73
2026-08-07 00:14:26,928 INFO [model]   Early stopping (chronological val, n=521): best_iter=156 val_logloss=0.5921
2026-08-07 00:14:27,360 INFO [model]   Fold 2/8  train= 4091  test= 315  (2022-10-23 → 2023-05-28)  acc=0.7016  auc=0.7602  iter=156
2026-08-07 00:14:32,370 INFO [model]   Early stopping (chronological val, n=561): best_iter=97 val_logloss=0.5977
2026-08-07 00:14:32,705 INFO [model]   Fold 3/8  train= 4406  test= 315  (2023-05-28 → 2023-11-11)  acc=0.7111  auc=0.7508  iter=97
2026-08-07 00:14:37,597 INFO [model]   Early stopping (chronological val, n=601): best_iter=153 val_logloss=0.5750
2026-08-07 00:14:38,001 INFO [model]   Fold 4/8  train= 4721  test= 315  (2023-11-11 → 2024-06-08)  acc=0.7079  auc=0.7933  iter=153
2026-08-07 00:14:42,568 INFO [model]   Early stopping (chronological val, n=642): best_iter=262 val_logloss=0.5488
2026-08-07 00:14:43,161 INFO [model]   Fold 5/8  train= 5036  test= 314  (2024-06-08 → 2024-11-23)  acc=0.7197  auc=0.7889  iter=262
2026-08-07 00:14:48,460 INFO [model]   Early stopping (chronological val, n=682): best_iter=196 val_logloss=0.5659
2026-08-07 00:14:49,070 INFO [model]   Fold 6/8  train= 5350  test= 315  (2024-11-23 → 2025-07-12)  acc=0.7270  auc=0.8174  iter=196
2026-08-07 00:14:55,222 INFO [model]   Early stopping (chronological val, n=722): best_iter=401 val_logloss=0.5594
2026-08-07 00:14:56,320 INFO [model]   Fold 7/8  train= 5665  test= 315  (2025-07-12 → 2026-01-24)  acc=0.7397  auc=0.8238  iter=401
2026-08-07 00:15:01,247 INFO [model]   Early stopping (chronological val, n=762): best_iter=127 val_logloss=0.5581
2026-08-07 00:15:01,674 INFO [model]   Fold 8/8  train= 5980  test= 315  (2026-01-24 → 2026-08-01)  acc=0.6952  auc=0.7732  iter=127
2026-08-07 00:15:01,717 INFO [model]   POOLED  n=2518  acc=0.7125 [0.6950, 0.7299]  auc=0.7860  brier=0.1878 (calibrated 0.1902)
2026-08-07 00:15:01,717 INFO [model] 
------------------------------------------------------------
2026-08-07 00:15:01,717 INFO [model] ARM: no_odds  (232 candidate features)
2026-08-07 00:15:01,717 INFO [model] ------------------------------------------------------------
2026-08-07 00:15:05,143 INFO [model]   Early stopping (chronological val, n=481): best_iter=76 val_logloss=0.6132
2026-08-07 00:15:05,368 INFO [model]   Fold 1/8  train= 3777  test= 314  (2022-05-07 → 2022-10-22)  acc=0.7038  auc=0.7723  iter=76
2026-08-07 00:15:09,791 INFO [model]   Early stopping (chronological val, n=521): best_iter=161 val_logloss=0.5968
2026-08-07 00:15:10,280 INFO [model]   Fold 2/8  train= 4091  test= 315  (2022-10-23 → 2023-05-28)  acc=0.6857  auc=0.7377  iter=161
2026-08-07 00:15:15,725 INFO [model]   Early stopping (chronological val, n=561): best_iter=100 val_logloss=0.6010
2026-08-07 00:15:16,040 INFO [model]   Fold 3/8  train= 4406  test= 315  (2023-05-28 → 2023-11-11)  acc=0.7016  auc=0.7443  iter=100
2026-08-07 00:15:20,746 INFO [model]   Early stopping (chronological val, n=601): best_iter=153 val_logloss=0.5785
2026-08-07 00:15:21,227 INFO [model]   Fold 4/8  train= 4721  test= 315  (2023-11-11 → 2024-06-08)  acc=0.7079  auc=0.7836  iter=153
2026-08-07 00:15:26,709 INFO [model]   Early stopping (chronological val, n=642): best_iter=238 val_logloss=0.5617
2026-08-07 00:15:27,404 INFO [model]   Fold 5/8  train= 5036  test= 314  (2024-06-08 → 2024-11-23)  acc=0.6911  auc=0.7634  iter=238
2026-08-07 00:15:32,652 INFO [model]   Early stopping (chronological val, n=682): best_iter=173 val_logloss=0.5776
2026-08-07 00:15:33,062 INFO [model]   Fold 6/8  train= 5350  test= 315  (2024-11-23 → 2025-07-12)  acc=0.7111  auc=0.8068  iter=173
2026-08-07 00:15:37,905 INFO [model]   Early stopping (chronological val, n=722): best_iter=407 val_logloss=0.5728
2026-08-07 00:15:38,740 INFO [model]   Fold 7/8  train= 5665  test= 315  (2025-07-12 → 2026-01-24)  acc=0.7365  auc=0.8278  iter=407
2026-08-07 00:15:44,377 INFO [model]   Early stopping (chronological val, n=762): best_iter=135 val_logloss=0.5673
2026-08-07 00:15:44,840 INFO [model]   Fold 8/8  train= 5980  test= 315  (2026-01-24 → 2026-08-01)  acc=0.6794  auc=0.7527  iter=135
2026-08-07 00:15:44,894 INFO [model]   POOLED  n=2518  acc=0.7021 [0.6843, 0.7200]  auc=0.7744  brier=0.1929 (calibrated 0.1953)
2026-08-07 00:15:44,894 INFO [model] 
------------------------------------------------------------
2026-08-07 00:15:44,894 INFO [model] MARKET COMPARISON (fights with odds)
2026-08-07 00:15:44,894 INFO [model] ------------------------------------------------------------
2026-08-07 00:15:44,940 INFO [model]   Eval fights with odds: 2077 (2022-05-07 → 2026-07-25)
2026-08-07 00:15:44,941 INFO [model]   Average vig: 0.000
2026-08-07 00:15:44,941 INFO [model] 
  Arm                 Acc             95% CI      AUC    Brier
2026-08-07 00:15:44,941 INFO [model]   ------------------------------------------------------------
2026-08-07 00:15:44,941 INFO [model]   market only      0.6769     [0.657, 0.697]        —   0.2050
2026-08-07 00:15:45,120 INFO [model]   no_odds          0.7082     [0.688, 0.727]   0.7814   0.1902
2026-08-07 00:15:45,259 INFO [model]   with_odds        0.7217     [0.703, 0.741]   0.7942   0.1841
2026-08-07 00:15:45,259 INFO [model] 
  Arm              Acc − market         95% CI of diff   Beats mkt?
2026-08-07 00:15:45,259 INFO [model]   ------------------------------------------------------------------
2026-08-07 00:15:45,259 INFO [model]   no_odds               +0.0313     [+0.0096, +0.0534]          YES
2026-08-07 00:15:45,259 INFO [model]   with_odds             +0.0448     [+0.0260, +0.0645]          YES
2026-08-07 00:15:45,259 INFO [model] 
  Betting ladder — no_odds (calibrated, frozen thresholds):
2026-08-07 00:15:45,259 INFO [model]     Edge   Bets    Bet%    Win%     ROI%             ROI 95% CI
2026-08-07 00:15:45,259 INFO [model]   --------------------------------------------------------------
2026-08-07 00:15:45,259 INFO [model]       3%   1826   87.9%   61.3%    18.76         [+13.5, +23.9]
2026-08-07 00:15:45,259 INFO [model]       5%   1685   81.1%   62.3%    20.80         [+15.4, +26.0]
2026-08-07 00:15:45,260 INFO [model]       8%   1433   69.0%   64.4%    26.37         [+20.5, +32.5]
2026-08-07 00:15:45,260 INFO [model]      10%   1292   62.2%   64.8%    28.67         [+22.4, +35.0]
2026-08-07 00:15:45,260 INFO [model]      15%    968   46.6%   64.8%    34.03         [+26.5, +41.9]
2026-08-07 00:15:45,260 INFO [model] 
  Betting ladder — with_odds (calibrated, frozen thresholds):
2026-08-07 00:15:45,260 INFO [model]     Edge   Bets    Bet%    Win%     ROI%             ROI 95% CI
2026-08-07 00:15:45,260 INFO [model]   --------------------------------------------------------------
2026-08-07 00:15:45,260 INFO [model]       3%   1815   87.4%   66.1%    22.52         [+17.9, +27.5]
2026-08-07 00:15:45,260 INFO [model]       5%   1665   80.2%   66.7%    23.29         [+18.2, +28.2]
2026-08-07 00:15:45,260 INFO [model]       8%   1401   67.5%   69.0%    27.59         [+22.0, +33.0]
2026-08-07 00:15:45,260 INFO [model]      10%   1245   59.9%   69.6%    28.40         [+22.9, +34.4]
2026-08-07 00:15:45,260 INFO [model]      15%    880   42.4%   71.6%    33.24         [+26.4, +40.1]
2026-08-07 00:15:45,280 INFO [model] 
  Saved 2518 per-fight eval predictions to /Users/rafeburns/Downloads/ALocks/alocks-backend/models/ufc/h2h/eval_predictions.csv
2026-08-07 00:15:45,287 INFO [model] 
  Saved evaluation results to /Users/rafeburns/Downloads/ALocks/alocks-backend/models/ufc/h2h/eval_results.json
2026-08-07 00:15:45,287 INFO [model] 
============================================================
2026-08-07 00:15:45,287 INFO [model] Walk-forward evaluation complete.
2026-08-07 00:15:45,287 INFO [model] ============================================================
2026-08-07 00:20:50,436 INFO [model] ============================================================
2026-08-07 00:20:50,436 INFO [model] UFC Fight Winner Prediction Pipeline v6  (2026-08-07 00:20)
2026-08-07 00:20:50,436 INFO [model] ============================================================
2026-08-07 00:20:50,436 INFO [model] Loading data from database...
2026-08-07 00:20:52,825 INFO [model]   Loaded 4562 fighters
2026-08-07 00:20:56,354 INFO [model]   Loaded 22064 fight-stat rows (11080 unique fights)
2026-08-07 00:20:56,355 INFO [model]   Loading per-round stats...
2026-08-07 00:21:00,294 INFO [model]   Loaded 56822 per-round stat rows
2026-08-07 00:21:00,419 INFO [model] Building features...
2026-08-07 00:21:00,601 INFO [model]   Computing defensive stats...
2026-08-07 00:21:01,822 INFO [model]   Computing Elo ratings...
2026-08-07 00:21:02,308 INFO [model]   Computing resume scores...
2026-08-07 00:21:02,489 INFO [model]   Loading Glicko rating snapshots from DB...
2026-08-07 00:21:03,701 INFO [model]   Loaded 21152 Glicko snapshots
2026-08-07 00:21:05,751 INFO [model]   Added 15 Glicko features
2026-08-07 00:21:05,751 INFO [model]   Computing Elo-adjusted stats...
2026-08-07 00:21:05,752 INFO [model]   Computing rolling career averages...
2026-08-07 00:21:30,768 INFO [model]   Computing streaks and career stats...
2026-08-07 00:21:32,676 INFO [model]   Computing composite features...
2026-08-07 00:21:32,681 INFO [model]   Computing round-by-round profiles...
2026-08-07 00:21:41,577 INFO [model]   Computing fighter style clusters (k=6)...
2026-08-07 00:21:41,962 INFO [model]     Fit on 22064 rows, assigned 22064 fighter-fights
2026-08-07 00:21:41,963 INFO [model]     Style 0 (10805 fighter-fights): SigStr/5=16.4 TD/5=0.5 Sub/5=0.3 Ctrl/5=44.4 GndStr/5=3.0 top=ctrl_per5
2026-08-07 00:21:41,963 INFO [model]     Style 1 (3372 fighter-fights): SigStr/5=33.1 TD/5=0.3 Sub/5=0.2 Ctrl/5=36.1 GndStr/5=5.7 top=ctrl_per5
2026-08-07 00:21:41,963 INFO [model]     Style 2 (253 fighter-fights): SigStr/5=77.6 TD/5=0.9 Sub/5=0.3 Ctrl/5=57.9 GndStr/5=39.9 top=sig_str_landed_per5
2026-08-07 00:21:41,963 INFO [model]     Style 3 (3854 fighter-fights): SigStr/5=17.2 TD/5=1.5 Sub/5=0.5 Ctrl/5=118.1 GndStr/5=7.7 top=ctrl_per5
2026-08-07 00:21:41,963 INFO [model]     Style 4 (3322 fighter-fights): SigStr/5=16.9 TD/5=0.5 Sub/5=0.4 Ctrl/5=49.2 GndStr/5=2.7 top=ctrl_per5
2026-08-07 00:21:41,963 INFO [model]     Style 5 (458 fighter-fights): SigStr/5=11.9 TD/5=2.0 Sub/5=4.0 Ctrl/5=60.1 GndStr/5=4.0 top=ctrl_per5
2026-08-07 00:21:42,019 INFO [model]   Style matchup features computed expanding-in-time (6x6, 21968 fighter-fights)
2026-08-07 00:21:42,299 INFO [model]   Feature matrix shape: (22064, 286)
2026-08-07 00:21:42,332 INFO [model] Building matchup feature matrix...
2026-08-07 00:21:42,418 INFO [model]   Loading odds from database...
2026-08-07 00:21:44,096 INFO [model]   Odds matched: 2784/10984 fights (25.3%)
2026-08-07 00:21:44,120 INFO [model]   Filtered to modern era (2015+): 6295 fights (dropped 4689 pre-2015)
2026-08-07 00:21:44,120 INFO [model]   Red win rate (modern): 0.557
2026-08-07 00:21:44,153 INFO [model]   Matchup matrix: 6295 fights, 239 candidate features
2026-08-07 00:21:44,153 INFO [model]   Red win rate: 0.557
2026-08-07 00:21:44,154 INFO [model]   Date range: 2015-01-03 to 2026-08-01
2026-08-07 00:21:44,225 INFO [model] 
  Style-cluster cutoff set to eval start: 2022-05-07
2026-08-07 00:21:44,225 INFO [model] Building features...
2026-08-07 00:21:44,441 INFO [model]   Computing defensive stats...
2026-08-07 00:21:45,834 INFO [model]   Computing Elo ratings...
2026-08-07 00:21:46,357 INFO [model]   Computing resume scores...
2026-08-07 00:21:46,534 INFO [model]   Loading Glicko rating snapshots from DB...
2026-08-07 00:21:47,814 INFO [model]   Loaded 21152 Glicko snapshots
2026-08-07 00:21:49,755 INFO [model]   Added 15 Glicko features
2026-08-07 00:21:49,756 INFO [model]   Computing Elo-adjusted stats...
2026-08-07 00:21:49,757 INFO [model]   Computing rolling career averages...
2026-08-07 00:22:19,510 INFO [model]   Computing streaks and career stats...
2026-08-07 00:22:21,196 INFO [model]   Computing composite features...
2026-08-07 00:22:21,202 INFO [model]   Computing round-by-round profiles...
2026-08-07 00:22:31,967 INFO [model]   Computing fighter style clusters (k=6)...
2026-08-07 00:22:32,313 INFO [model]     Fit on 17010 rows, assigned 22064 fighter-fights
2026-08-07 00:22:32,313 INFO [model]     Style 0 (309 fighter-fights): SigStr/5=11.5 TD/5=2.2 Sub/5=4.7 Ctrl/5=55.6 GndStr/5=3.9 top=ctrl_per5
2026-08-07 00:22:32,314 INFO [model]     Style 1 (10260 fighter-fights): SigStr/5=15.1 TD/5=0.5 Sub/5=0.3 Ctrl/5=43.5 GndStr/5=3.1 top=ctrl_per5
2026-08-07 00:22:32,314 INFO [model]     Style 2 (4185 fighter-fights): SigStr/5=30.4 TD/5=0.3 Sub/5=0.2 Ctrl/5=33.4 GndStr/5=5.6 top=ctrl_per5
2026-08-07 00:22:32,314 INFO [model]     Style 3 (3715 fighter-fights): SigStr/5=16.8 TD/5=1.5 Sub/5=0.6 Ctrl/5=113.8 GndStr/5=8.1 top=ctrl_per5
2026-08-07 00:22:32,315 INFO [model]     Style 4 (309 fighter-fights): SigStr/5=73.0 TD/5=0.8 Sub/5=0.3 Ctrl/5=55.8 GndStr/5=36.3 top=sig_str_landed_per5
2026-08-07 00:22:32,315 INFO [model]     Style 5 (3286 fighter-fights): SigStr/5=15.3 TD/5=0.6 Sub/5=0.5 Ctrl/5=50.5 GndStr/5=3.1 top=ctrl_per5
2026-08-07 00:22:32,372 INFO [model]   Style matchup features computed expanding-in-time (6x6, 21968 fighter-fights)
2026-08-07 00:22:32,692 INFO [model]   Feature matrix shape: (22064, 286)
2026-08-07 00:22:32,727 INFO [model] Building matchup feature matrix...
2026-08-07 00:22:32,809 INFO [model]   Loading odds from database...
2026-08-07 00:22:34,509 INFO [model]   Odds matched: 2784/10984 fights (25.3%)
2026-08-07 00:22:34,526 INFO [model]   Filtered to modern era (2015+): 6295 fights (dropped 4689 pre-2015)
2026-08-07 00:22:34,526 INFO [model]   Red win rate (modern): 0.557
2026-08-07 00:22:34,535 INFO [model]   Matchup matrix: 6295 fights, 239 candidate features
2026-08-07 00:22:34,535 INFO [model]   Red win rate: 0.557
2026-08-07 00:22:34,536 INFO [model]   Date range: 2015-01-03 to 2026-08-01
2026-08-07 00:22:34,540 INFO [model] ============================================================
2026-08-07 00:22:34,540 INFO [model] WALK-FORWARD EVALUATION
2026-08-07 00:22:34,540 INFO [model] ============================================================
2026-08-07 00:22:34,550 INFO [model]   6295 fights | 8 folds over the last 40% (2518 eval fights)
2026-08-07 00:22:34,550 INFO [model]   Hyperparameters are FIXED (not tuned per fold): {'max_depth': 3, 'learning_rate': 0.037, 'max_features': 0.65, 'min_samples_leaf': 32, 'l2_regularization': 4.4, 'max_bins': 128}
2026-08-07 00:22:34,550 INFO [model]   Those values came from an Optuna search that scored on a chronological
2026-08-07 00:22:34,550 INFO [model]   20% slice overlapping this eval window, so a residual selection optimism
2026-08-07 00:22:34,550 INFO [model]   remains. It is bounded and disclosed rather than hidden.
2026-08-07 00:22:34,550 INFO [model] 
------------------------------------------------------------
2026-08-07 00:22:34,550 INFO [model] ARM: with_odds  (239 candidate features)
2026-08-07 00:22:34,550 INFO [model] ------------------------------------------------------------
2026-08-07 00:22:38,725 INFO [model]   Early stopping (chronological val, n=481): best_iter=78 val_logloss=0.6129
2026-08-07 00:22:38,989 INFO [model]   Fold 1/8  train= 3777  test= 314  (2022-05-07 → 2022-10-22)  acc=0.6975  auc=0.7774  iter=78
2026-08-07 00:22:43,502 INFO [model]   Early stopping (chronological val, n=521): best_iter=156 val_logloss=0.5921
2026-08-07 00:22:43,993 INFO [model]   Fold 2/8  train= 4091  test= 315  (2022-10-23 → 2023-05-28)  acc=0.7016  auc=0.7602  iter=156
2026-08-07 00:22:48,039 INFO [model]   Early stopping (chronological val, n=561): best_iter=97 val_logloss=0.5977
2026-08-07 00:22:48,289 INFO [model]   Fold 3/8  train= 4406  test= 315  (2023-05-28 → 2023-11-11)  acc=0.7111  auc=0.7508  iter=97
2026-08-07 00:22:52,998 INFO [model]   Early stopping (chronological val, n=601): best_iter=153 val_logloss=0.5750
2026-08-07 00:22:53,450 INFO [model]   Fold 4/8  train= 4721  test= 315  (2023-11-11 → 2024-06-08)  acc=0.7079  auc=0.7933  iter=153
2026-08-07 00:22:59,881 INFO [model]   Early stopping (chronological val, n=642): best_iter=262 val_logloss=0.5488
2026-08-07 00:23:00,668 INFO [model]   Fold 5/8  train= 5036  test= 314  (2024-06-08 → 2024-11-23)  acc=0.7197  auc=0.7889  iter=262
2026-08-07 00:23:10,677 INFO [model]   Early stopping (chronological val, n=682): best_iter=196 val_logloss=0.5659
2026-08-07 00:23:11,335 INFO [model]   Fold 6/8  train= 5350  test= 315  (2024-11-23 → 2025-07-12)  acc=0.7270  auc=0.8174  iter=196
2026-08-07 00:23:17,184 INFO [model]   Early stopping (chronological val, n=722): best_iter=401 val_logloss=0.5594
2026-08-07 00:23:18,312 INFO [model]   Fold 7/8  train= 5665  test= 315  (2025-07-12 → 2026-01-24)  acc=0.7397  auc=0.8238  iter=401
2026-08-07 00:23:23,159 INFO [model]   Early stopping (chronological val, n=762): best_iter=127 val_logloss=0.5581
2026-08-07 00:23:23,524 INFO [model]   Fold 8/8  train= 5980  test= 315  (2026-01-24 → 2026-08-01)  acc=0.6952  auc=0.7732  iter=127
2026-08-07 00:23:23,572 INFO [model]   POOLED  n=2518  acc=0.7125 [0.6950, 0.7299]  auc=0.7861  brier=0.1878 (calibrated 0.1905)
2026-08-07 00:23:23,572 INFO [model] 
------------------------------------------------------------
2026-08-07 00:23:23,572 INFO [model] ARM: no_odds  (232 candidate features)
2026-08-07 00:23:23,572 INFO [model] ------------------------------------------------------------
2026-08-07 00:23:28,592 INFO [model]   Early stopping (chronological val, n=481): best_iter=83 val_logloss=0.6117
2026-08-07 00:23:28,865 INFO [model]   Fold 1/8  train= 3777  test= 314  (2022-05-07 → 2022-10-22)  acc=0.7134  auc=0.7698  iter=83
2026-08-07 00:23:34,243 INFO [model]   Early stopping (chronological val, n=521): best_iter=161 val_logloss=0.5968
2026-08-07 00:23:34,694 INFO [model]   Fold 2/8  train= 4091  test= 315  (2022-10-23 → 2023-05-28)  acc=0.6857  auc=0.7377  iter=161
2026-08-07 00:23:39,249 INFO [model]   Early stopping (chronological val, n=561): best_iter=100 val_logloss=0.6010
2026-08-07 00:23:39,672 INFO [model]   Fold 3/8  train= 4406  test= 315  (2023-05-28 → 2023-11-11)  acc=0.7016  auc=0.7443  iter=100
2026-08-07 00:23:43,755 INFO [model]   Early stopping (chronological val, n=601): best_iter=153 val_logloss=0.5785
2026-08-07 00:23:44,158 INFO [model]   Fold 4/8  train= 4721  test= 315  (2023-11-11 → 2024-06-08)  acc=0.7079  auc=0.7836  iter=153
2026-08-07 00:23:48,772 INFO [model]   Early stopping (chronological val, n=642): best_iter=238 val_logloss=0.5617
2026-08-07 00:23:49,463 INFO [model]   Fold 5/8  train= 5036  test= 314  (2024-06-08 → 2024-11-23)  acc=0.6911  auc=0.7634  iter=238
2026-08-07 00:23:56,325 INFO [model]   Early stopping (chronological val, n=682): best_iter=173 val_logloss=0.5776
2026-08-07 00:23:56,991 INFO [model]   Fold 6/8  train= 5350  test= 315  (2024-11-23 → 2025-07-12)  acc=0.7111  auc=0.8068  iter=173
2026-08-07 00:24:02,842 INFO [model]   Early stopping (chronological val, n=722): best_iter=407 val_logloss=0.5728
2026-08-07 00:24:03,873 INFO [model]   Fold 7/8  train= 5665  test= 315  (2025-07-12 → 2026-01-24)  acc=0.7365  auc=0.8278  iter=407
2026-08-07 00:24:09,115 INFO [model]   Early stopping (chronological val, n=762): best_iter=135 val_logloss=0.5673
2026-08-07 00:24:09,418 INFO [model]   Fold 8/8  train= 5980  test= 315  (2026-01-24 → 2026-08-01)  acc=0.6794  auc=0.7527  iter=135
2026-08-07 00:24:09,460 INFO [model]   POOLED  n=2518  acc=0.7033 [0.6851, 0.7212]  auc=0.7743  brier=0.1929 (calibrated 0.1953)
2026-08-07 00:24:09,461 INFO [model] 
------------------------------------------------------------
2026-08-07 00:24:09,461 INFO [model] ARM: no_odds_no_glicko  (187 candidate features)
2026-08-07 00:24:09,461 INFO [model] ------------------------------------------------------------
2026-08-07 00:24:13,280 INFO [model]   Early stopping (chronological val, n=481): best_iter=64 val_logloss=0.6740
2026-08-07 00:24:13,495 INFO [model]   Fold 1/8  train= 3777  test= 314  (2022-05-07 → 2022-10-22)  acc=0.5796  auc=0.6340  iter=64
2026-08-07 00:24:17,469 INFO [model]   Early stopping (chronological val, n=521): best_iter=117 val_logloss=0.6716
2026-08-07 00:24:17,816 INFO [model]   Fold 2/8  train= 4091  test= 315  (2022-10-23 → 2023-05-28)  acc=0.6159  auc=0.6684  iter=117
2026-08-07 00:24:22,133 INFO [model]   Early stopping (chronological val, n=561): best_iter=297 val_logloss=0.6723
2026-08-07 00:24:22,978 INFO [model]   Fold 3/8  train= 4406  test= 315  (2023-05-28 → 2023-11-11)  acc=0.5460  auc=0.5694  iter=297
2026-08-07 00:24:27,464 INFO [model]   Early stopping (chronological val, n=601): best_iter=128 val_logloss=0.6635
2026-08-07 00:24:27,853 INFO [model]   Fold 4/8  train= 4721  test= 315  (2023-11-11 → 2024-06-08)  acc=0.5746  auc=0.5901  iter=128
2026-08-07 00:24:33,702 INFO [model]   Early stopping (chronological val, n=642): best_iter=167 val_logloss=0.6538
2026-08-07 00:24:34,152 INFO [model]   Fold 5/8  train= 5036  test= 314  (2024-06-08 → 2024-11-23)  acc=0.6338  auc=0.6727  iter=167
2026-08-07 00:24:38,323 INFO [model]   Early stopping (chronological val, n=682): best_iter=84 val_logloss=0.6648
2026-08-07 00:24:38,580 INFO [model]   Fold 6/8  train= 5350  test= 315  (2024-11-23 → 2025-07-12)  acc=0.6127  auc=0.6397  iter=84
2026-08-07 00:24:43,536 INFO [model]   Early stopping (chronological val, n=722): best_iter=121 val_logloss=0.6651
2026-08-07 00:24:43,968 INFO [model]   Fold 7/8  train= 5665  test= 315  (2025-07-12 → 2026-01-24)  acc=0.5873  auc=0.6620  iter=121
2026-08-07 00:24:49,302 INFO [model]   Early stopping (chronological val, n=762): best_iter=86 val_logloss=0.6713
2026-08-07 00:24:49,626 INFO [model]   Fold 8/8  train= 5980  test= 315  (2026-01-24 → 2026-08-01)  acc=0.6381  auc=0.6970  iter=86
2026-08-07 00:24:49,679 INFO [model]   POOLED  n=2518  acc=0.5985 [0.5790, 0.6180]  auc=0.6408  brier=0.2343 (calibrated 0.2344)
2026-08-07 00:24:49,679 INFO [model] 
------------------------------------------------------------
2026-08-07 00:24:49,679 INFO [model] MARKET COMPARISON (fights with odds)
2026-08-07 00:24:49,679 INFO [model] ------------------------------------------------------------
2026-08-07 00:24:49,733 INFO [model]   Eval fights with odds: 2077 (2022-05-07 → 2026-07-25)
2026-08-07 00:24:49,733 INFO [model]   Average vig: 0.000
2026-08-07 00:24:49,733 INFO [model] 
  Arm                       Acc             95% CI      AUC    Brier
2026-08-07 00:24:49,734 INFO [model]   ------------------------------------------------------------------
2026-08-07 00:24:49,734 INFO [model]   market only            0.6769     [0.657, 0.697]        —   0.2050
2026-08-07 00:24:49,913 INFO [model]   no_odds_no_glicko      0.6095     [0.589, 0.631]   0.6542   0.2319
2026-08-07 00:24:50,058 INFO [model]   no_odds                0.7097     [0.689, 0.729]   0.7813   0.1903
2026-08-07 00:24:50,182 INFO [model]   with_odds              0.7217     [0.702, 0.741]   0.7943   0.1841
2026-08-07 00:24:50,182 INFO [model] 
  Arm                    Acc − market         95% CI of diff   Beats mkt?
2026-08-07 00:24:50,182 INFO [model]   ------------------------------------------------------------------------
2026-08-07 00:24:50,182 INFO [model]   no_odds_no_glicko           -0.0674     [-0.0896, -0.0438]           no
2026-08-07 00:24:50,182 INFO [model]   no_odds                     +0.0327     [+0.0111, +0.0549]          YES
2026-08-07 00:24:50,182 INFO [model]   with_odds                   +0.0448     [+0.0255, +0.0650]          YES
2026-08-07 00:24:50,183 INFO [model] 
  Betting ladder — no_odds_no_glicko (calibrated, frozen thresholds):
2026-08-07 00:24:50,183 INFO [model]     Edge   Bets    Bet%    Win%     ROI%             ROI 95% CI
2026-08-07 00:24:50,183 INFO [model]   --------------------------------------------------------------
2026-08-07 00:24:50,183 INFO [model]       3%   1769   85.2%   38.1%    -8.26          [-14.4, -2.1]
2026-08-07 00:24:50,183 INFO [model]       5%   1591   76.6%   37.5%    -7.08          [-13.5, -0.7]
2026-08-07 00:24:50,183 INFO [model]       8%   1337   64.4%   36.4%    -7.39          [-14.5, +0.0]
2026-08-07 00:24:50,183 INFO [model]      10%   1171   56.4%   35.8%    -7.85          [-15.5, -0.2]
2026-08-07 00:24:50,183 INFO [model]      15%    761   36.6%   33.8%    -8.55          [-18.4, +1.2]
2026-08-07 00:24:50,183 INFO [model] 
  Betting ladder — no_odds (calibrated, frozen thresholds):
2026-08-07 00:24:50,183 INFO [model]     Edge   Bets    Bet%    Win%     ROI%             ROI 95% CI
2026-08-07 00:24:50,183 INFO [model]   --------------------------------------------------------------
2026-08-07 00:24:50,183 INFO [model]       3%   1823   87.8%   61.4%    19.06         [+13.8, +24.0]
2026-08-07 00:24:50,183 INFO [model]       5%   1678   80.8%   62.3%    20.87         [+15.6, +26.4]
2026-08-07 00:24:50,183 INFO [model]       8%   1432   68.9%   64.2%    25.96         [+19.8, +31.8]
2026-08-07 00:24:50,183 INFO [model]      10%   1289   62.1%   64.6%    28.73         [+22.4, +35.3]
2026-08-07 00:24:50,183 INFO [model]      15%    972   46.8%   64.8%    34.03         [+26.7, +41.5]
2026-08-07 00:24:50,183 INFO [model] 
  Betting ladder — with_odds (calibrated, frozen thresholds):
2026-08-07 00:24:50,183 INFO [model]     Edge   Bets    Bet%    Win%     ROI%             ROI 95% CI
2026-08-07 00:24:50,183 INFO [model]   --------------------------------------------------------------
2026-08-07 00:24:50,183 INFO [model]       3%   1823   87.8%   65.9%    22.30         [+17.4, +27.2]
2026-08-07 00:24:50,183 INFO [model]       5%   1668   80.3%   66.8%    23.59         [+18.6, +28.5]
2026-08-07 00:24:50,183 INFO [model]       8%   1402   67.5%   69.0%    27.74         [+22.2, +33.3]
2026-08-07 00:24:50,183 INFO [model]      10%   1249   60.1%   69.5%    28.35         [+22.9, +34.3]
2026-08-07 00:24:50,183 INFO [model]      15%    883   42.5%   71.6%    33.56         [+26.9, +40.6]
2026-08-07 00:24:50,207 INFO [model] 
  Saved 2518 per-fight eval predictions to /Users/rafeburns/Downloads/ALocks/alocks-backend/models/ufc/h2h/eval_predictions.csv
2026-08-07 00:24:50,210 INFO [model] 
  Saved evaluation results to /Users/rafeburns/Downloads/ALocks/alocks-backend/models/ufc/h2h/eval_results.json
2026-08-07 00:24:50,210 INFO [model] 
============================================================
2026-08-07 00:24:50,210 INFO [model] Walk-forward evaluation complete.
2026-08-07 00:24:50,210 INFO [model] ============================================================
2026-08-07 00:26:56,576 INFO [model] ============================================================
2026-08-07 00:26:56,578 INFO [model] UFC Fight Winner Prediction Pipeline v6  (2026-08-07 00:26)
2026-08-07 00:26:56,578 INFO [model] ============================================================
2026-08-07 00:26:56,578 INFO [model] Loading data from database...
2026-08-07 00:26:58,791 INFO [model]   Loaded 4562 fighters
2026-08-07 00:27:06,175 INFO [model]   Loaded 22064 fight-stat rows (11080 unique fights)
2026-08-07 00:27:06,176 INFO [model]   Loading per-round stats...
2026-08-07 00:27:10,522 INFO [model]   Loaded 56822 per-round stat rows
2026-08-07 00:27:10,663 INFO [model] 
  Recomputing Glicko snapshots in memory (fixed newcomer seed)...
2026-08-07 00:27:10,664 INFO [glicko_service]   Loading fight data...
2026-08-07 00:27:11,561 INFO [glicko_service]   Loaded 11488 fights
2026-08-07 00:27:11,561 INFO [glicko_service]   Loading per-round stats...
2026-08-07 00:27:15,206 INFO [glicko_service]   Loaded rounds for 11158 fights
2026-08-07 00:27:15,206 INFO [glicko_service]   Loading per-fight derived totals...
2026-08-07 00:27:18,187 INFO [glicko_service]   Loaded 22316 derived totals rows
2026-08-07 00:27:18,479 INFO [glicko_service]   Loaded 4562 fighters
2026-08-07 00:27:18,808 INFO [glicko_service]   Computing weight class baseline rates...
2026-08-07 00:27:18,880 INFO [glicko_service]     P4P: 1 rounds, KD=0.0000, SUB=0.0000, TD=0.0000, td15s_cap=10.0, ctrl15g_cap=10.0, gnp15g_cap=10.0
2026-08-07 00:27:18,880 INFO [glicko_service]     Flyweight: 1510 rounds, KD=0.0243, SUB=0.0742, TD=0.0910, td15s_cap=25.7, ctrl15g_cap=15.0, gnp15g_cap=79.0
2026-08-07 00:27:18,881 INFO [glicko_service]     Bantamweight: 2680 rounds, KD=0.0279, SUB=0.0689, TD=0.0854, td15s_cap=25.7, ctrl15g_cap=15.0, gnp15g_cap=84.0
2026-08-07 00:27:18,882 INFO [glicko_service]     Featherweight: 3025 rounds, KD=0.0275, SUB=0.0729, TD=0.0869, td15s_cap=26.5, ctrl15g_cap=15.0, gnp15g_cap=84.9
2026-08-07 00:27:18,883 INFO [glicko_service]     Lightweight: 4541 rounds, KD=0.0268, SUB=0.0900, TD=0.0918, td15s_cap=26.0, ctrl15g_cap=15.0, gnp15g_cap=77.1
2026-08-07 00:27:18,884 INFO [glicko_service]     Welterweight: 4241 rounds, KD=0.0308, SUB=0.0749, TD=0.0846, td15s_cap=28.1, ctrl15g_cap=15.0, gnp15g_cap=76.3
2026-08-07 00:27:18,884 INFO [glicko_service]     Middleweight: 3704 rounds, KD=0.0318, SUB=0.0807, TD=0.0793, td15s_cap=25.7, ctrl15g_cap=15.0, gnp15g_cap=94.7
2026-08-07 00:27:18,885 INFO [glicko_service]     Light Heavyweight: 2288 rounds, KD=0.0349, SUB=0.0551, TD=0.0722, td15s_cap=26.5, ctrl15g_cap=15.0, gnp15g_cap=106.5
2026-08-07 00:27:18,885 INFO [glicko_service]     Heavyweight: 2461 rounds, KD=0.0343, SUB=0.0616, TD=0.0628, td15s_cap=23.1, ctrl15g_cap=15.0, gnp15g_cap=103.6
2026-08-07 00:27:18,885 INFO [glicko_service]     P4P: 1 rounds, KD=0.0000, SUB=0.0000, TD=0.0000, td15s_cap=10.0, ctrl15g_cap=10.0, gnp15g_cap=10.0
2026-08-07 00:27:18,886 INFO [glicko_service]     Strawweight: 1311 rounds, KD=0.0090, SUB=0.0511, TD=0.0716, td15s_cap=23.4, ctrl15g_cap=15.0, gnp15g_cap=65.6
2026-08-07 00:27:18,886 INFO [glicko_service]     Flyweight: 884 rounds, KD=0.0089, SUB=0.0543, TD=0.0734, td15s_cap=22.2, ctrl15g_cap=15.0, gnp15g_cap=77.4
2026-08-07 00:27:18,886 INFO [glicko_service]     Bantamweight: 897 rounds, KD=0.0110, SUB=0.0543, TD=0.0688, td15s_cap=27.3, ctrl15g_cap=15.0, gnp15g_cap=79.1
2026-08-07 00:27:20,323 INFO [glicko_service]   Processed 25794 rounds
2026-08-07 00:27:20,349 INFO [model]   Computed 21152 snapshots
2026-08-07 00:27:20,356 INFO [model] Building features...
2026-08-07 00:27:20,553 INFO [model]   Computing defensive stats...
2026-08-07 00:27:22,471 INFO [model]   Computing Elo ratings...
2026-08-07 00:27:23,104 INFO [model]   Computing resume scores...
2026-08-07 00:27:23,294 INFO [model]   Using 21152 caller-supplied Glicko snapshots
2026-08-07 00:27:25,336 INFO [model]   Added 15 Glicko features
2026-08-07 00:27:25,336 INFO [model]   Computing Elo-adjusted stats...
2026-08-07 00:27:25,338 INFO [model]   Computing rolling career averages...
2026-08-07 00:27:54,569 INFO [model]   Computing streaks and career stats...
2026-08-07 00:27:55,873 INFO [model]   Computing composite features...
2026-08-07 00:27:55,878 INFO [model]   Computing round-by-round profiles...
2026-08-07 00:28:04,757 INFO [model]   Computing fighter style clusters (k=6)...
2026-08-07 00:28:05,118 INFO [model]     Fit on 22064 rows, assigned 22064 fighter-fights
2026-08-07 00:28:05,119 INFO [model]     Style 0 (10747 fighter-fights): SigStr/5=16.4 TD/5=0.5 Sub/5=0.3 Ctrl/5=44.5 GndStr/5=3.0 top=ctrl_per5
2026-08-07 00:28:05,119 INFO [model]     Style 1 (3334 fighter-fights): SigStr/5=16.7 TD/5=0.5 Sub/5=0.5 Ctrl/5=49.3 GndStr/5=2.7 top=ctrl_per5
2026-08-07 00:28:05,120 INFO [model]     Style 2 (305 fighter-fights): SigStr/5=72.3 TD/5=0.7 Sub/5=0.3 Ctrl/5=59.3 GndStr/5=35.8 top=sig_str_landed_per5
2026-08-07 00:28:05,120 INFO [model]     Style 3 (367 fighter-fights): SigStr/5=12.3 TD/5=2.2 Sub/5=4.4 Ctrl/5=62.3 GndStr/5=4.1 top=ctrl_per5
2026-08-07 00:28:05,120 INFO [model]     Style 4 (3442 fighter-fights): SigStr/5=32.6 TD/5=0.3 Sub/5=0.2 Ctrl/5=35.8 GndStr/5=5.5 top=ctrl_per5
2026-08-07 00:28:05,120 INFO [model]     Style 5 (3869 fighter-fights): SigStr/5=17.1 TD/5=1.5 Sub/5=0.5 Ctrl/5=117.8 GndStr/5=7.6 top=ctrl_per5
2026-08-07 00:28:05,284 INFO [model]   Style matchup features computed expanding-in-time (6x6, 21968 fighter-fights)
2026-08-07 00:28:05,595 INFO [model]   Feature matrix shape: (22064, 286)
2026-08-07 00:28:05,609 INFO [model] Building matchup feature matrix...
2026-08-07 00:28:05,705 INFO [model]   Loading odds from database...
2026-08-07 00:28:07,240 INFO [model]   Odds matched: 2784/10984 fights (25.3%)
2026-08-07 00:28:07,256 INFO [model]   Filtered to modern era (2015+): 6295 fights (dropped 4689 pre-2015)
2026-08-07 00:28:07,256 INFO [model]   Red win rate (modern): 0.557
2026-08-07 00:28:07,265 INFO [model]   Matchup matrix: 6295 fights, 239 candidate features
2026-08-07 00:28:07,265 INFO [model]   Red win rate: 0.557
2026-08-07 00:28:07,266 INFO [model]   Date range: 2015-01-03 to 2026-08-01
2026-08-07 00:28:07,282 INFO [model] 
  Style-cluster cutoff set to eval start: 2022-05-07
2026-08-07 00:28:07,283 INFO [model] Building features...
2026-08-07 00:28:07,456 INFO [model]   Computing defensive stats...
2026-08-07 00:28:08,572 INFO [model]   Computing Elo ratings...
2026-08-07 00:28:09,045 INFO [model]   Computing resume scores...
2026-08-07 00:28:09,213 INFO [model]   Using 21152 caller-supplied Glicko snapshots
2026-08-07 00:28:11,027 INFO [model]   Added 15 Glicko features
2026-08-07 00:28:11,028 INFO [model]   Computing Elo-adjusted stats...
2026-08-07 00:28:11,029 INFO [model]   Computing rolling career averages...
2026-08-07 00:28:36,031 INFO [model]   Computing streaks and career stats...
2026-08-07 00:28:37,380 INFO [model]   Computing composite features...
2026-08-07 00:28:37,385 INFO [model]   Computing round-by-round profiles...
2026-08-07 00:28:47,441 INFO [model]   Computing fighter style clusters (k=6)...
2026-08-07 00:28:47,790 INFO [model]     Fit on 17010 rows, assigned 22064 fighter-fights
2026-08-07 00:28:47,791 INFO [model]     Style 0 (315 fighter-fights): SigStr/5=71.6 TD/5=0.7 Sub/5=0.3 Ctrl/5=55.4 GndStr/5=35.2 top=sig_str_landed_per5
2026-08-07 00:28:47,791 INFO [model]     Style 1 (10250 fighter-fights): SigStr/5=15.1 TD/5=0.5 Sub/5=0.3 Ctrl/5=43.5 GndStr/5=3.1 top=ctrl_per5
2026-08-07 00:28:47,791 INFO [model]     Style 2 (3300 fighter-fights): SigStr/5=15.3 TD/5=0.6 Sub/5=0.5 Ctrl/5=50.7 GndStr/5=3.1 top=ctrl_per5
2026-08-07 00:28:47,792 INFO [model]     Style 3 (309 fighter-fights): SigStr/5=11.5 TD/5=2.3 Sub/5=4.7 Ctrl/5=55.6 GndStr/5=3.9 top=ctrl_per5
2026-08-07 00:28:47,792 INFO [model]     Style 4 (4172 fighter-fights): SigStr/5=30.4 TD/5=0.3 Sub/5=0.2 Ctrl/5=33.4 GndStr/5=5.6 top=ctrl_per5
2026-08-07 00:28:47,792 INFO [model]     Style 5 (3718 fighter-fights): SigStr/5=16.7 TD/5=1.5 Sub/5=0.6 Ctrl/5=113.6 GndStr/5=8.0 top=ctrl_per5
2026-08-07 00:28:47,867 INFO [model]   Style matchup features computed expanding-in-time (6x6, 21968 fighter-fights)
2026-08-07 00:28:48,236 INFO [model]   Feature matrix shape: (22064, 286)
2026-08-07 00:28:48,261 INFO [model] Building matchup feature matrix...
2026-08-07 00:28:48,430 INFO [model]   Loading odds from database...
2026-08-07 00:28:49,969 INFO [model]   Odds matched: 2784/10984 fights (25.3%)
2026-08-07 00:28:49,986 INFO [model]   Filtered to modern era (2015+): 6295 fights (dropped 4689 pre-2015)
2026-08-07 00:28:49,986 INFO [model]   Red win rate (modern): 0.557
2026-08-07 00:28:49,995 INFO [model]   Matchup matrix: 6295 fights, 239 candidate features
2026-08-07 00:28:49,996 INFO [model]   Red win rate: 0.557
2026-08-07 00:28:49,996 INFO [model]   Date range: 2015-01-03 to 2026-08-01
2026-08-07 00:28:50,001 INFO [model] ============================================================
2026-08-07 00:28:50,001 INFO [model] WALK-FORWARD EVALUATION
2026-08-07 00:28:50,001 INFO [model] ============================================================
2026-08-07 00:28:50,009 INFO [model]   6295 fights | 8 folds over the last 40% (2518 eval fights)
2026-08-07 00:28:50,009 INFO [model]   Hyperparameters are FIXED (not tuned per fold): {'max_depth': 3, 'learning_rate': 0.037, 'max_features': 0.65, 'min_samples_leaf': 32, 'l2_regularization': 4.4, 'max_bins': 128}
2026-08-07 00:28:50,009 INFO [model]   Those values came from an Optuna search that scored on a chronological
2026-08-07 00:28:50,009 INFO [model]   20% slice overlapping this eval window, so a residual selection optimism
2026-08-07 00:28:50,009 INFO [model]   remains. It is bounded and disclosed rather than hidden.
2026-08-07 00:28:50,009 INFO [model] 
------------------------------------------------------------
2026-08-07 00:28:50,009 INFO [model] ARM: with_odds  (239 candidate features)
2026-08-07 00:28:50,009 INFO [model] ------------------------------------------------------------
2026-08-07 00:28:55,084 INFO [model]   Early stopping (chronological val, n=481): best_iter=124 val_logloss=0.6758
2026-08-07 00:28:55,565 INFO [model]   Fold 1/8  train= 3777  test= 314  (2022-05-07 → 2022-10-22)  acc=0.6083  auc=0.6668  iter=124
2026-08-07 00:29:02,725 INFO [model]   Early stopping (chronological val, n=521): best_iter=126 val_logloss=0.6611
2026-08-07 00:29:03,357 INFO [model]   Fold 2/8  train= 4091  test= 315  (2022-10-23 → 2023-05-28)  acc=0.6476  auc=0.7314  iter=126
2026-08-07 00:29:10,249 INFO [model]   Early stopping (chronological val, n=561): best_iter=302 val_logloss=0.6498
2026-08-07 00:29:11,545 INFO [model]   Fold 3/8  train= 4406  test= 315  (2023-05-28 → 2023-11-11)  acc=0.5746  auc=0.6150  iter=302
2026-08-07 00:29:18,208 INFO [model]   Early stopping (chronological val, n=601): best_iter=146 val_logloss=0.6384
2026-08-07 00:29:18,847 INFO [model]   Fold 4/8  train= 4721  test= 315  (2023-11-11 → 2024-06-08)  acc=0.6413  auc=0.6960  iter=146
2026-08-07 00:29:24,547 INFO [model]   Early stopping (chronological val, n=642): best_iter=206 val_logloss=0.6184
2026-08-07 00:29:25,295 INFO [model]   Fold 5/8  train= 5036  test= 314  (2024-06-08 → 2024-11-23)  acc=0.6847  auc=0.7333  iter=206
2026-08-07 00:29:32,033 INFO [model]   Early stopping (chronological val, n=682): best_iter=153 val_logloss=0.6307
2026-08-07 00:29:32,704 INFO [model]   Fold 6/8  train= 5350  test= 315  (2024-11-23 → 2025-07-12)  acc=0.6603  auc=0.7400  iter=153
2026-08-07 00:29:39,964 INFO [model]   Early stopping (chronological val, n=722): best_iter=177 val_logloss=0.6278
2026-08-07 00:29:40,744 INFO [model]   Fold 7/8  train= 5665  test= 315  (2025-07-12 → 2026-01-24)  acc=0.6413  auc=0.7216  iter=177
2026-08-07 00:29:48,045 INFO [model]   Early stopping (chronological val, n=762): best_iter=156 val_logloss=0.6343
2026-08-07 00:29:48,656 INFO [model]   Fold 8/8  train= 5980  test= 315  (2026-01-24 → 2026-08-01)  acc=0.6921  auc=0.7603  iter=156
2026-08-07 00:29:48,732 INFO [model]   POOLED  n=2518  acc=0.6438 [0.6251, 0.6620]  auc=0.7073  brier=0.2156 (calibrated 0.2184)
2026-08-07 00:29:48,733 INFO [model] 
------------------------------------------------------------
2026-08-07 00:29:48,733 INFO [model] ARM: no_odds  (232 candidate features)
2026-08-07 00:29:48,733 INFO [model] ------------------------------------------------------------
2026-08-07 00:29:54,886 INFO [model]   Early stopping (chronological val, n=481): best_iter=242 val_logloss=0.6752
2026-08-07 00:29:55,815 INFO [model]   Fold 1/8  train= 3777  test= 314  (2022-05-07 → 2022-10-22)  acc=0.5987  auc=0.6454  iter=242
2026-08-07 00:30:01,905 INFO [model]   Early stopping (chronological val, n=521): best_iter=133 val_logloss=0.6687
2026-08-07 00:30:02,477 INFO [model]   Fold 2/8  train= 4091  test= 315  (2022-10-23 → 2023-05-28)  acc=0.5968  auc=0.6576  iter=133
2026-08-07 00:30:08,164 INFO [model]   Early stopping (chronological val, n=561): best_iter=255 val_logloss=0.6691
2026-08-07 00:30:09,537 INFO [model]   Fold 3/8  train= 4406  test= 315  (2023-05-28 → 2023-11-11)  acc=0.5143  auc=0.5429  iter=255
2026-08-07 00:30:16,514 INFO [model]   Early stopping (chronological val, n=601): best_iter=139 val_logloss=0.6613
2026-08-07 00:30:17,353 INFO [model]   Fold 4/8  train= 4721  test= 315  (2023-11-11 → 2024-06-08)  acc=0.5873  auc=0.6234  iter=139
2026-08-07 00:30:23,368 INFO [model]   Early stopping (chronological val, n=642): best_iter=251 val_logloss=0.6501
2026-08-07 00:30:24,498 INFO [model]   Fold 5/8  train= 5036  test= 314  (2024-06-08 → 2024-11-23)  acc=0.6561  auc=0.6868  iter=251
2026-08-07 00:30:36,902 INFO [model]   Early stopping (chronological val, n=682): best_iter=95 val_logloss=0.6617
2026-08-07 00:30:37,596 INFO [model]   Fold 6/8  train= 5350  test= 315  (2024-11-23 → 2025-07-12)  acc=0.5968  auc=0.6444  iter=95
2026-08-07 00:30:46,182 INFO [model]   Early stopping (chronological val, n=722): best_iter=108 val_logloss=0.6621
2026-08-07 00:30:46,602 INFO [model]   Fold 7/8  train= 5665  test= 315  (2025-07-12 → 2026-01-24)  acc=0.6317  auc=0.6933  iter=108
2026-08-07 00:30:52,815 INFO [model]   Early stopping (chronological val, n=762): best_iter=149 val_logloss=0.6677
2026-08-07 00:30:53,344 INFO [model]   Fold 8/8  train= 5980  test= 315  (2026-01-24 → 2026-08-01)  acc=0.6444  auc=0.6992  iter=149
2026-08-07 00:30:53,417 INFO [model]   POOLED  n=2518  acc=0.6033 [0.5842, 0.6223]  auc=0.6492  brier=0.2320 (calibrated 0.2342)
2026-08-07 00:30:53,417 INFO [model] 
------------------------------------------------------------
2026-08-07 00:30:53,417 INFO [model] ARM: no_odds_no_glicko  (187 candidate features)
2026-08-07 00:30:53,417 INFO [model] ------------------------------------------------------------
2026-08-07 00:31:00,278 INFO [model]   Early stopping (chronological val, n=481): best_iter=130 val_logloss=0.6741
2026-08-07 00:31:01,004 INFO [model]   Fold 1/8  train= 3777  test= 314  (2022-05-07 → 2022-10-22)  acc=0.5955  auc=0.6314  iter=130
2026-08-07 00:31:11,315 INFO [model]   Early stopping (chronological val, n=521): best_iter=105 val_logloss=0.6719
2026-08-07 00:31:13,484 INFO [model]   Fold 2/8  train= 4091  test= 315  (2022-10-23 → 2023-05-28)  acc=0.6127  auc=0.6646  iter=105
2026-08-07 00:31:20,553 INFO [model]   Early stopping (chronological val, n=561): best_iter=203 val_logloss=0.6737
2026-08-07 00:31:21,146 INFO [model]   Fold 3/8  train= 4406  test= 315  (2023-05-28 → 2023-11-11)  acc=0.5175  auc=0.5607  iter=203
2026-08-07 00:31:25,988 INFO [model]   Early stopping (chronological val, n=601): best_iter=127 val_logloss=0.6629
2026-08-07 00:31:26,400 INFO [model]   Fold 4/8  train= 4721  test= 315  (2023-11-11 → 2024-06-08)  acc=0.5810  auc=0.5915  iter=127
2026-08-07 00:31:32,936 INFO [model]   Early stopping (chronological val, n=642): best_iter=185 val_logloss=0.6533
2026-08-07 00:31:33,795 INFO [model]   Fold 5/8  train= 5036  test= 314  (2024-06-08 → 2024-11-23)  acc=0.6338  auc=0.6678  iter=185
2026-08-07 00:31:40,236 INFO [model]   Early stopping (chronological val, n=682): best_iter=92 val_logloss=0.6652
2026-08-07 00:31:40,572 INFO [model]   Fold 6/8  train= 5350  test= 315  (2024-11-23 → 2025-07-12)  acc=0.6127  auc=0.6442  iter=92
2026-08-07 00:31:46,281 INFO [model]   Early stopping (chronological val, n=722): best_iter=101 val_logloss=0.6648
2026-08-07 00:31:46,645 INFO [model]   Fold 7/8  train= 5665  test= 315  (2025-07-12 → 2026-01-24)  acc=0.6032  auc=0.6691  iter=101
2026-08-07 00:31:53,245 INFO [model]   Early stopping (chronological val, n=762): best_iter=86 val_logloss=0.6713
2026-08-07 00:31:53,660 INFO [model]   Fold 8/8  train= 5980  test= 315  (2026-01-24 → 2026-08-01)  acc=0.6381  auc=0.6970  iter=86
2026-08-07 00:31:53,734 INFO [model]   POOLED  n=2518  acc=0.5993 [0.5802, 0.6183]  auc=0.6411  brier=0.2341 (calibrated 0.2355)
2026-08-07 00:31:53,734 INFO [model] 
------------------------------------------------------------
2026-08-07 00:31:53,734 INFO [model] MARKET COMPARISON (fights with odds)
2026-08-07 00:31:53,734 INFO [model] ------------------------------------------------------------
2026-08-07 00:31:53,810 INFO [model]   Eval fights with odds: 2077 (2022-05-07 → 2026-07-25)
2026-08-07 00:31:53,810 INFO [model]   Average vig: 0.000
2026-08-07 00:31:53,810 INFO [model] 
  Arm                       Acc             95% CI      AUC    Brier
2026-08-07 00:31:53,810 INFO [model]   ------------------------------------------------------------------
2026-08-07 00:31:53,810 INFO [model]   market only            0.6769     [0.657, 0.697]        —   0.2050
2026-08-07 00:31:54,018 INFO [model]   no_odds_no_glicko      0.6105     [0.591, 0.631]   0.6537   0.2319
2026-08-07 00:31:54,208 INFO [model]   no_odds                0.6148     [0.594, 0.635]   0.6625   0.2294
2026-08-07 00:31:54,366 INFO [model]   with_odds              0.6663     [0.646, 0.686]   0.7262   0.2096
2026-08-07 00:31:54,366 INFO [model] 
  Arm                    Acc − market         95% CI of diff   Beats mkt?
2026-08-07 00:31:54,366 INFO [model]   ------------------------------------------------------------------------
2026-08-07 00:31:54,367 INFO [model]   no_odds_no_glicko           -0.0664     [-0.0886, -0.0433]           no
2026-08-07 00:31:54,367 INFO [model]   no_odds                     -0.0621     [-0.0838, -0.0400]           no
2026-08-07 00:31:54,367 INFO [model]   with_odds                   -0.0106     [-0.0255, +0.0034]           no
2026-08-07 00:31:54,367 INFO [model] 
  Betting ladder — no_odds_no_glicko (calibrated, frozen thresholds):
2026-08-07 00:31:54,367 INFO [model]     Edge   Bets    Bet%    Win%     ROI%             ROI 95% CI
2026-08-07 00:31:54,367 INFO [model]   --------------------------------------------------------------
2026-08-07 00:31:54,367 INFO [model]       3%   1785   85.9%   38.1%    -8.80          [-14.6, -2.9]
2026-08-07 00:31:54,367 INFO [model]       5%   1606   77.3%   37.7%    -8.10          [-14.4, -1.8]
2026-08-07 00:31:54,367 INFO [model]       8%   1324   63.7%   36.1%    -9.48          [-16.5, -2.0]
2026-08-07 00:31:54,367 INFO [model]      10%   1149   55.3%   34.7%   -10.64          [-18.6, -2.7]
2026-08-07 00:31:54,367 INFO [model]      15%    754   36.3%   31.8%   -14.51          [-24.2, -4.6]
2026-08-07 00:31:54,367 INFO [model] 
  Betting ladder — no_odds (calibrated, frozen thresholds):
2026-08-07 00:31:54,367 INFO [model]     Edge   Bets    Bet%    Win%     ROI%             ROI 95% CI
2026-08-07 00:31:54,367 INFO [model]   --------------------------------------------------------------
2026-08-07 00:31:54,367 INFO [model]       3%   1777   85.6%   39.2%    -7.34          [-13.4, -1.2]
2026-08-07 00:31:54,367 INFO [model]       5%   1597   76.9%   38.8%    -6.71          [-13.3, -0.5]
2026-08-07 00:31:54,367 INFO [model]       8%   1299   62.5%   36.8%    -8.98          [-16.5, -1.9]
2026-08-07 00:31:54,367 INFO [model]      10%   1112   53.5%   35.8%    -8.98          [-16.8, -0.8]
2026-08-07 00:31:54,367 INFO [model]      15%    701   33.8%   33.8%   -11.18          [-20.2, -0.9]
2026-08-07 00:31:54,367 INFO [model] 
  Betting ladder — with_odds (calibrated, frozen thresholds):
2026-08-07 00:31:54,367 INFO [model]     Edge   Bets    Bet%    Win%     ROI%             ROI 95% CI
2026-08-07 00:31:54,367 INFO [model]   --------------------------------------------------------------
2026-08-07 00:31:54,367 INFO [model]       3%   1486   71.5%   52.0%    -6.58          [-11.4, -1.1]
2026-08-07 00:31:54,367 INFO [model]       5%   1181   56.9%   52.9%    -6.29          [-11.8, -0.4]
2026-08-07 00:31:54,367 INFO [model]       8%    773   37.2%   54.1%    -7.05          [-13.8, -0.4]
2026-08-07 00:31:54,367 INFO [model]      10%    555   26.7%   54.8%    -8.73          [-16.3, -1.4]
2026-08-07 00:31:54,367 INFO [model]      15%    211   10.2%   56.9%    -7.88          [-19.2, +3.6]
2026-08-07 00:31:54,413 INFO [model] 
  Saved 2518 per-fight eval predictions to /Users/rafeburns/Downloads/ALocks/alocks-backend/models/ufc/h2h/eval_predictions.csv
2026-08-07 00:31:54,420 INFO [model] 
  Saved evaluation results to /Users/rafeburns/Downloads/ALocks/alocks-backend/models/ufc/h2h/eval_results.json
2026-08-07 00:31:54,420 INFO [model] 
============================================================
2026-08-07 00:31:54,420 INFO [model] Walk-forward evaluation complete.
2026-08-07 00:31:54,420 INFO [model] ============================================================
2026-08-07 00:36:18,934 INFO [model] ============================================================
2026-08-07 00:36:18,935 INFO [model] UFC Fight Winner Prediction Pipeline v6  (2026-08-07 00:36)
2026-08-07 00:36:18,935 INFO [model] ============================================================
2026-08-07 00:36:18,935 INFO [model] Loading data from database...
2026-08-07 00:36:21,868 INFO [model]   Loaded 4562 fighters
2026-08-07 00:36:25,600 INFO [model]   Loaded 22064 fight-stat rows (11080 unique fights)
2026-08-07 00:36:25,600 INFO [model]   Loading per-round stats...
2026-08-07 00:36:29,681 INFO [model]   Loaded 56822 per-round stat rows
2026-08-07 00:36:29,815 INFO [model] Building features...
2026-08-07 00:36:30,000 INFO [model]   Computing defensive stats...
2026-08-07 00:36:31,191 INFO [model]   Computing Elo ratings...
2026-08-07 00:36:32,099 INFO [model]   Computing resume scores...
2026-08-07 00:36:32,308 INFO [model]   Loading Glicko rating snapshots from DB...
2026-08-07 00:36:33,478 INFO [model]   Loaded 21152 Glicko snapshots
2026-08-07 00:36:35,455 INFO [model]   Added 15 Glicko features
2026-08-07 00:36:35,455 INFO [model]   Computing Elo-adjusted stats...
2026-08-07 00:36:35,456 INFO [model]   Computing rolling career averages...
2026-08-07 00:37:51,238 INFO [model]   Computing streaks and career stats...
2026-08-07 00:37:52,773 INFO [model]   Computing composite features...
2026-08-07 00:37:52,779 INFO [model]   Computing round-by-round profiles...
2026-08-07 00:38:03,442 INFO [model]   Computing fighter style clusters (k=6)...
2026-08-07 00:38:03,853 INFO [model]     Fit on 22064 rows, assigned 22064 fighter-fights
2026-08-07 00:38:03,855 INFO [model]     Style 0 (414 fighter-fights): SigStr/5=12.4 TD/5=2.1 Sub/5=4.2 Ctrl/5=60.6 GndStr/5=4.1 top=ctrl_per5
2026-08-07 00:38:03,855 INFO [model]     Style 1 (3389 fighter-fights): SigStr/5=33.1 TD/5=0.3 Sub/5=0.2 Ctrl/5=36.1 GndStr/5=5.7 top=ctrl_per5
2026-08-07 00:38:03,855 INFO [model]     Style 2 (3879 fighter-fights): SigStr/5=17.1 TD/5=1.5 Sub/5=0.5 Ctrl/5=118.2 GndStr/5=7.6 top=ctrl_per5
2026-08-07 00:38:03,855 INFO [model]     Style 3 (262 fighter-fights): SigStr/5=77.3 TD/5=1.0 Sub/5=0.3 Ctrl/5=56.0 GndStr/5=40.1 top=sig_str_landed_per5
2026-08-07 00:38:03,856 INFO [model]     Style 4 (3336 fighter-fights): SigStr/5=16.8 TD/5=0.5 Sub/5=0.4 Ctrl/5=49.2 GndStr/5=2.7 top=ctrl_per5
2026-08-07 00:38:03,856 INFO [model]     Style 5 (10784 fighter-fights): SigStr/5=16.4 TD/5=0.5 Sub/5=0.3 Ctrl/5=44.3 GndStr/5=3.0 top=ctrl_per5
2026-08-07 00:38:03,947 INFO [model]   Style matchup features computed expanding-in-time (6x6, 21968 fighter-fights)
2026-08-07 00:38:04,365 INFO [model]   Feature matrix shape: (22064, 286)
2026-08-07 00:38:04,422 INFO [model] Building matchup feature matrix...
2026-08-07 00:38:04,554 INFO [model]   Loading odds from database...
2026-08-07 00:38:06,252 INFO [model]   Odds matched: 2784/10984 fights (25.3%)
2026-08-07 00:38:06,274 INFO [model]   Filtered to modern era (2015+): 6295 fights (dropped 4689 pre-2015)
2026-08-07 00:38:06,274 INFO [model]   Red win rate (modern): 0.557
2026-08-07 00:38:06,285 INFO [model]   Matchup matrix: 6295 fights, 239 candidate features
2026-08-07 00:38:06,285 INFO [model]   Red win rate: 0.557
2026-08-07 00:38:06,286 INFO [model]   Date range: 2015-01-03 to 2026-08-01
2026-08-07 00:38:06,290 INFO [model] ============================================================
2026-08-07 00:38:06,291 INFO [model] PHASE 1: Gradient Boosting (full)
2026-08-07 00:38:06,291 INFO [model] ============================================================
2026-08-07 00:38:06,357 INFO [model]   Feature selection: MI on 5036 training rows only
2026-08-07 00:38:09,094 INFO [model]   Top 30 features by mutual information:
2026-08-07 00:38:09,095 INFO [model]     diff_glicko_ctrl                                   0.0910
2026-08-07 00:38:09,095 INFO [model]     diff_glicko_subd                                   0.0821
2026-08-07 00:38:09,095 INFO [model]     diff_glicko_clinch                                 0.0808
2026-08-07 00:38:09,095 INFO [model]     diff_glicko_str_def                                0.0770
2026-08-07 00:38:09,095 INFO [model]     diff_glicko_dist                                   0.0765
2026-08-07 00:38:09,095 INFO [model]     diff_glicko_td                                     0.0760
2026-08-07 00:38:09,095 INFO [model]     diff_glicko_gnd                                    0.0758
2026-08-07 00:38:09,095 INFO [model]     diff_glicko_kod                                    0.0755
2026-08-07 00:38:09,095 INFO [model]     diff_glicko_durability                             0.0748
2026-08-07 00:38:09,095 INFO [model]     diff_glicko_pts                                    0.0713
2026-08-07 00:38:09,095 INFO [model]     diff_glicko_str_acc                                0.0710
2026-08-07 00:38:09,095 INFO [model]     diff_glicko_tdd                                    0.0659
2026-08-07 00:38:09,095 INFO [model]     diff_glicko_str_vol                                0.0603
2026-08-07 00:38:09,095 INFO [model]     red_glicko_kod                                     0.0379
2026-08-07 00:38:09,095 INFO [model]     red_glicko_dist                                    0.0346
2026-08-07 00:38:09,095 INFO [model]     blue_glicko_kod                                    0.0344
2026-08-07 00:38:09,095 INFO [model]     red_glicko_str_acc                                 0.0340
2026-08-07 00:38:09,095 INFO [model]     blue_glicko_gnd                                    0.0339
2026-08-07 00:38:09,095 INFO [model]     blue_glicko_dist                                   0.0335
2026-08-07 00:38:09,095 INFO [model]     red_glicko_str_def                                 0.0328
2026-08-07 00:38:09,095 INFO [model]     red_glicko_clinch                                  0.0307
2026-08-07 00:38:09,095 INFO [model]     red_glicko_td                                      0.0304
2026-08-07 00:38:09,095 INFO [model]     red_glicko_str_vol                                 0.0300
2026-08-07 00:38:09,095 INFO [model]     red_glicko_subd                                    0.0295
2026-08-07 00:38:09,095 INFO [model]     blue_glicko_str_acc                                0.0295
2026-08-07 00:38:09,095 INFO [model]     blue_glicko_ctrl                                   0.0294
2026-08-07 00:38:09,096 INFO [model]     red_glicko_ctrl                                    0.0268
2026-08-07 00:38:09,096 INFO [model]     blue_glicko_subd                                   0.0259
2026-08-07 00:38:09,096 INFO [model]     diff_age                                           0.0249
2026-08-07 00:38:09,096 INFO [model]     blue_glicko_tdd                                    0.0247
2026-08-07 00:38:09,096 INFO [model]   Selected 46 features (39 MI + 7 odds, from 239)
2026-08-07 00:38:09,099 INFO [model]   Train: 5036 (2015-01-03 to 2024-06-08)
2026-08-07 00:38:09,099 INFO [model]   Test:  1259 (2024-06-08 to 2026-08-01)
2026-08-07 00:38:09,099 INFO [model]   Train red win rate: 0.559 | Test: 0.546
2026-08-07 00:38:13,894 INFO [model]   Early stopping (chronological val, n=755): best_iter=168 val_logloss=0.5647
2026-08-07 00:38:23,860 INFO [model] 
  --- Gradient Boosting v3 Results ---
2026-08-07 00:38:23,971 INFO [model]   Baseline (majority): 0.5465
2026-08-07 00:38:23,971 INFO [model]   Accuracy:  0.7339 (+0.1875 vs baseline)
2026-08-07 00:38:23,972 INFO [model]   AUC-ROC:   0.8111
2026-08-07 00:38:23,972 INFO [model]   Log Loss:  0.5306
2026-08-07 00:38:24,201 INFO [model] 
              precision    recall  f1-score   support

   Blue wins       0.72      0.69      0.70       571
    Red wins       0.75      0.77      0.76       688

    accuracy                           0.73      1259
   macro avg       0.73      0.73      0.73      1259
weighted avg       0.73      0.73      0.73      1259

2026-08-07 00:38:24,495 INFO [model]   Computing feature importances...
2026-08-07 00:39:46,995 INFO [model]   Top 20 features by permutation importance:
2026-08-07 00:39:47,002 INFO [model]     diff_glicko_dist                                   0.0102
2026-08-07 00:39:47,002 INFO [model]     diff_age                                           0.0095
2026-08-07 00:39:47,002 INFO [model]     diff_glicko_str_vol                                0.0094
2026-08-07 00:39:47,002 INFO [model]     diff_glicko_str_def                                0.0089
2026-08-07 00:39:47,002 INFO [model]     diff_glicko_clinch                                 0.0052
2026-08-07 00:39:47,002 INFO [model]     diff_glicko_durability                             0.0037
2026-08-07 00:39:47,002 INFO [model]     odds_blue_prob                                     0.0029
2026-08-07 00:39:47,002 INFO [model]     red_glicko_pts                                     0.0023
2026-08-07 00:39:47,003 INFO [model]     red_glicko_str_acc                                 0.0020
2026-08-07 00:39:47,003 INFO [model]     diff_glicko_subd                                   0.0018
2026-08-07 00:39:47,003 INFO [model]     red_glicko_clinch                                  0.0018
2026-08-07 00:39:47,003 INFO [model]     blue_glicko_str_def                                0.0014
2026-08-07 00:39:47,003 INFO [model]     blue_glicko_td                                     0.0014
2026-08-07 00:39:47,003 INFO [model]     diff_glicko_tdd                                    0.0013
2026-08-07 00:39:47,003 INFO [model]     diff_recent_ctrl_per5                              0.0012
2026-08-07 00:39:47,003 INFO [model]     odds_diff                                          0.0010
2026-08-07 00:39:47,003 INFO [model]     elo_vs_odds                                        0.0010
2026-08-07 00:39:47,003 INFO [model]     diff_glicko_sub                                    0.0010
2026-08-07 00:39:47,004 INFO [model]     blue_glicko_gnd                                    0.0010
2026-08-07 00:39:47,004 INFO [model]     blue_glicko_ko                                     0.0009
2026-08-07 00:39:47,047 INFO [model]   Saved to /Users/rafeburns/Downloads/ALocks/alocks-backend/models/ufc/h2h/gbt_v3.pkl
2026-08-07 00:39:47,070 INFO [model] ============================================================
2026-08-07 00:39:47,070 INFO [model] PHASE 1: Gradient Boosting (odds-only)
2026-08-07 00:39:47,070 INFO [model] ============================================================
2026-08-07 00:39:47,247 INFO [model]   Filtered to 2784 fights with odds (from 6295)
2026-08-07 00:39:47,363 INFO [model]   Feature selection: MI on 2227 training rows only
2026-08-07 00:39:49,273 INFO [model]   Top 30 features by mutual information:
2026-08-07 00:39:49,273 INFO [model]     diff_glicko_dist                                   0.1306
2026-08-07 00:39:49,273 INFO [model]     diff_glicko_kod                                    0.1221
2026-08-07 00:39:49,273 INFO [model]     diff_glicko_str_def                                0.1113
2026-08-07 00:39:49,273 INFO [model]     diff_glicko_str_vol                                0.1111
2026-08-07 00:39:49,273 INFO [model]     diff_glicko_subd                                   0.1096
2026-08-07 00:39:49,273 INFO [model]     diff_glicko_gnd                                    0.1094
2026-08-07 00:39:49,273 INFO [model]     diff_glicko_clinch                                 0.0987
2026-08-07 00:39:49,273 INFO [model]     diff_glicko_ctrl                                   0.0986
2026-08-07 00:39:49,273 INFO [model]     diff_glicko_str_acc                                0.0982
2026-08-07 00:39:49,273 INFO [model]     diff_glicko_pts                                    0.0921
2026-08-07 00:39:49,273 INFO [model]     diff_glicko_td                                     0.0869
2026-08-07 00:39:49,273 INFO [model]     diff_glicko_tdd                                    0.0768
2026-08-07 00:39:49,273 INFO [model]     diff_glicko_durability                             0.0654
2026-08-07 00:39:49,273 INFO [model]     red_glicko_str_vol                                 0.0527
2026-08-07 00:39:49,273 INFO [model]     red_glicko_dist                                    0.0489
2026-08-07 00:39:49,273 INFO [model]     blue_glicko_str_def                                0.0484
2026-08-07 00:39:49,274 INFO [model]     blue_glicko_str_acc                                0.0454
2026-08-07 00:39:49,274 INFO [model]     blue_glicko_dist                                   0.0413
2026-08-07 00:39:49,274 INFO [model]     red_glicko_kod                                     0.0406
2026-08-07 00:39:49,274 INFO [model]     red_glicko_gnd                                     0.0397
2026-08-07 00:39:49,274 INFO [model]     blue_glicko_kod                                    0.0396
2026-08-07 00:39:49,274 INFO [model]     blue_glicko_td                                     0.0390
2026-08-07 00:39:49,274 INFO [model]     blue_glicko_tdd                                    0.0383
2026-08-07 00:39:49,274 INFO [model]     red_glicko_tdd                                     0.0372
2026-08-07 00:39:49,274 INFO [model]     diff_recent_won                                    0.0360
2026-08-07 00:39:49,274 INFO [model]     diff_age                                           0.0357
2026-08-07 00:39:49,274 INFO [model]     blue_glicko_subd                                   0.0351
2026-08-07 00:39:49,274 INFO [model]     red_glicko_pts                                     0.0351
2026-08-07 00:39:49,274 INFO [model]     red_glicko_str_def                                 0.0339
2026-08-07 00:39:49,274 INFO [model]     blue_glicko_str_vol                                0.0328
2026-08-07 00:39:49,274 INFO [model]   Selected 46 features (39 MI + 7 odds, from 239)
2026-08-07 00:39:49,278 INFO [model]   Train: 2227 (2020-06-13 to 2025-06-07)
2026-08-07 00:39:49,278 INFO [model]   Test:  557 (2025-06-07 to 2026-07-25)
2026-08-07 00:39:49,278 INFO [model]   Train red win rate: 0.561 | Test: 0.533
2026-08-07 00:39:54,665 INFO [model]   Early stopping (chronological val, n=334): best_iter=173 val_logloss=0.5099
2026-08-07 00:39:55,481 INFO [model] 
  --- Gradient Boosting v3 Results ---
2026-08-07 00:39:55,481 INFO [model]   Baseline (majority): 0.5332
2026-08-07 00:39:55,481 INFO [model]   Accuracy:  0.7594 (+0.2262 vs baseline)
2026-08-07 00:39:55,481 INFO [model]   AUC-ROC:   0.8201
2026-08-07 00:39:55,481 INFO [model]   Log Loss:  0.5210
2026-08-07 00:39:55,490 INFO [model] 
              precision    recall  f1-score   support

   Blue wins       0.76      0.71      0.73       260
    Red wins       0.76      0.80      0.78       297

    accuracy                           0.76       557
   macro avg       0.76      0.76      0.76       557
weighted avg       0.76      0.76      0.76       557

2026-08-07 00:39:55,490 INFO [model]   Computing feature importances...
2026-08-07 00:40:21,144 INFO [model]   Top 20 features by permutation importance:
2026-08-07 00:40:21,148 INFO [model]     diff_glicko_dist                                   0.0280
2026-08-07 00:40:21,148 INFO [model]     diff_glicko_str_def                                0.0212
2026-08-07 00:40:21,148 INFO [model]     diff_glicko_gnd                                    0.0108
2026-08-07 00:40:21,148 INFO [model]     diff_recent_won                                    0.0083
2026-08-07 00:40:21,148 INFO [model]     diff_glicko_clinch                                 0.0072
2026-08-07 00:40:21,149 INFO [model]     diff_glicko_durability                             0.0056
2026-08-07 00:40:21,149 INFO [model]     red_glicko_subd                                    0.0031
2026-08-07 00:40:21,149 INFO [model]     blue_glicko_str_vol                                0.0027
2026-08-07 00:40:21,149 INFO [model]     diff_avg_body_target_pct                           0.0025
2026-08-07 00:40:21,149 INFO [model]     diff_glicko_str_vol                                0.0022
2026-08-07 00:40:21,149 INFO [model]     blue_glicko_str_acc                                0.0022
2026-08-07 00:40:21,149 INFO [model]     blue_glicko_td                                     0.0022
2026-08-07 00:40:21,149 INFO [model]     odds_red_prob                                      0.0018
2026-08-07 00:40:21,149 INFO [model]     odds_blue_prob                                     0.0018
2026-08-07 00:40:21,149 INFO [model]     blue_glicko_str_def                                0.0016
2026-08-07 00:40:21,149 INFO [model]     red_glicko_tdd                                     0.0014
2026-08-07 00:40:21,149 INFO [model]     blue_glicko_subd                                   0.0014
2026-08-07 00:40:21,149 INFO [model]     blue_glicko_dist                                   0.0013
2026-08-07 00:40:21,149 INFO [model]     red_glicko_str_vol                                 0.0011
2026-08-07 00:40:21,149 INFO [model]     red_glicko_gnd                                     0.0011
2026-08-07 00:40:21,161 INFO [model]   Saved to /Users/rafeburns/Downloads/ALocks/alocks-backend/models/ufc/h2h/gbt_v3.pkl
2026-08-07 00:40:21,168 INFO [model] ============================================================
2026-08-07 00:40:21,168 INFO [model] PROBABILITY CALIBRATION
2026-08-07 00:40:21,168 INFO [model] ============================================================
2026-08-07 00:40:21,224 INFO [model]   Using Phase 1 GBT (trained on 80% data)
2026-08-07 00:40:21,225 INFO [model]   Platt/Isotonic calibration: 629 | Eval: 630
2026-08-07 00:40:21,225 INFO [model]   Eval period: 2025-07-12 to 2026-08-01
2026-08-07 00:40:21,225 INFO [model]   Features: 46
2026-08-07 00:40:21,316 INFO [model] 
  Generating Venn-Abers calibration data via 5-fold CV on training set...
2026-08-07 00:40:30,902 INFO [model]   Early stopping (chronological val, n=604): best_iter=158 val_logloss=0.5490
2026-08-07 00:40:32,268 INFO [model]     Fold 1: train=4028, val=1008
2026-08-07 00:40:40,959 INFO [model]   Early stopping (chronological val, n=604): best_iter=172 val_logloss=0.5494
2026-08-07 00:40:42,890 INFO [model]     Fold 2: train=4029, val=1007
2026-08-07 00:40:48,039 INFO [model]   Early stopping (chronological val, n=604): best_iter=165 val_logloss=0.5527
2026-08-07 00:40:48,672 INFO [model]     Fold 3: train=4029, val=1007
2026-08-07 00:40:53,248 INFO [model]   Early stopping (chronological val, n=604): best_iter=185 val_logloss=0.5552
2026-08-07 00:40:54,216 INFO [model]     Fold 4: train=4029, val=1007
2026-08-07 00:40:59,842 INFO [model]   Early stopping (chronological val, n=604): best_iter=162 val_logloss=0.5759
2026-08-07 00:41:00,870 INFO [model]     Fold 5: train=4029, val=1007
2026-08-07 00:41:00,870 INFO [model]   Venn-Abers calibration samples: 5036
2026-08-07 00:41:00,942 INFO [model]   VA interval widths — mean: 0.0073, median: 0.0043, p90: 0.0179
2026-08-07 00:41:00,947 INFO [model]   Isotonic (k-fold) fitted on 5036 out-of-fold samples
2026-08-07 00:41:00,948 INFO [model] 
  Method                        Acc     AUC  LogLoss   Brier
2026-08-07 00:41:00,948 INFO [model]   ----------------------------------------------------------
2026-08-07 00:41:00,958 INFO [model]   Raw (uncalibrated)         0.7286  0.8052   0.5396  0.1809
2026-08-07 00:41:00,964 INFO [model]   Platt scaling              0.7206  0.8052   0.5404  0.1815
2026-08-07 00:41:00,969 INFO [model]   Isotonic regression        0.7317  0.7998   0.5441  0.1810
2026-08-07 00:41:00,975 INFO [model]   Isotonic (k-fold)          0.7254  0.8047   0.5443  0.1816
2026-08-07 00:41:00,979 INFO [model]   Venn-Abers (k-fold)        0.7254  0.8049   0.5415  0.1815
2026-08-07 00:41:00,979 INFO [model] 
  Best calibration: Raw (uncalibrated) (Brier=0.1809)
2026-08-07 00:41:00,979 INFO [model] 
  Reliability Diagram (10 bins):
2026-08-07 00:41:00,980 INFO [model]            Bin  Predicted     Actual   Count      Gap
2026-08-07 00:41:00,980 INFO [model]   --------------------------------------------------
2026-08-07 00:41:00,980 INFO [model] 
  Raw (uncalibrated):
2026-08-07 00:41:00,982 INFO [model]        0.077 →    0.200  gap=0.123 ############
2026-08-07 00:41:00,982 INFO [model]        0.157 →    0.023  gap=0.134 #############
2026-08-07 00:41:00,982 INFO [model]        0.251 →    0.219  gap=0.032 ###
2026-08-07 00:41:00,982 INFO [model]        0.345 →    0.356  gap=0.011 #
2026-08-07 00:41:00,982 INFO [model]        0.452 →    0.402  gap=0.050 #####
2026-08-07 00:41:00,982 INFO [model]        0.551 →    0.522  gap=0.029 ##
2026-08-07 00:41:00,982 INFO [model]        0.649 →    0.676  gap=0.027 ##
2026-08-07 00:41:00,982 INFO [model]        0.754 →    0.742  gap=0.012 #
2026-08-07 00:41:00,982 INFO [model]        0.847 →    0.881  gap=0.034 ###
2026-08-07 00:41:00,982 INFO [model]        0.923 →    0.966  gap=0.043 ####
2026-08-07 00:41:00,983 INFO [model] 
  Platt scaling:
2026-08-07 00:41:00,983 INFO [model]        0.088 →    0.182  gap=0.094 #########
2026-08-07 00:41:00,983 INFO [model]        0.153 →    0.100  gap=0.053 #####
2026-08-07 00:41:00,983 INFO [model]        0.247 →    0.356  gap=0.109 ##########
2026-08-07 00:41:00,983 INFO [model]        0.353 →    0.278  gap=0.075 #######
2026-08-07 00:41:00,983 INFO [model]        0.453 →    0.467  gap=0.014 #
2026-08-07 00:41:00,984 INFO [model]        0.550 →    0.377  gap=0.173 #################
2026-08-07 00:41:00,984 INFO [model]        0.652 →    0.667  gap=0.015 #
2026-08-07 00:41:00,984 INFO [model]        0.752 →    0.710  gap=0.042 ####
2026-08-07 00:41:00,984 INFO [model]        0.852 →    0.812  gap=0.039 ###
2026-08-07 00:41:00,984 INFO [model]        0.917 →    0.914  gap=0.003 
2026-08-07 00:41:00,984 INFO [model] 
  Isotonic regression:
2026-08-07 00:41:00,984 INFO [model]        0.050 →    0.065  gap=0.015 #
2026-08-07 00:41:00,984 INFO [model]        0.152 →    0.132  gap=0.020 ##
2026-08-07 00:41:00,985 INFO [model]        0.237 →    0.188  gap=0.050 ####
2026-08-07 00:41:00,985 INFO [model]        0.386 →    0.384  gap=0.001 
2026-08-07 00:41:00,985 INFO [model]        0.483 →    0.382  gap=0.100 ##########
2026-08-07 00:41:00,985 INFO [model]        0.565 →    0.575  gap=0.010 #
2026-08-07 00:41:00,985 INFO [model]        0.683 →    0.767  gap=0.083 ########
2026-08-07 00:41:00,985 INFO [model]        0.784 →    0.667  gap=0.117 ###########
2026-08-07 00:41:00,985 INFO [model]        0.843 →    0.783  gap=0.060 ######
2026-08-07 00:41:00,985 INFO [model]        0.955 →    0.916  gap=0.039 ###
2026-08-07 00:41:00,985 INFO [model] 
  Isotonic (k-fold):
2026-08-07 00:41:00,986 INFO [model]        0.070 →    0.125  gap=0.055 #####
2026-08-07 00:41:00,986 INFO [model]        0.164 →    0.000  gap=0.164 ################
2026-08-07 00:41:00,986 INFO [model]        0.292 →    0.111  gap=0.181 ##################
2026-08-07 00:41:00,986 INFO [model]        0.334 →    0.333  gap=0.001 
2026-08-07 00:41:00,986 INFO [model]        0.451 →    0.364  gap=0.088 ########
2026-08-07 00:41:00,986 INFO [model]        0.510 →    0.453  gap=0.057 #####
2026-08-07 00:41:00,986 INFO [model]        0.661 →    0.653  gap=0.008 
2026-08-07 00:41:00,986 INFO [model]        0.768 →    0.690  gap=0.077 #######
2026-08-07 00:41:00,986 INFO [model]        0.847 →    0.866  gap=0.019 #
2026-08-07 00:41:00,986 INFO [model]        0.948 →    0.921  gap=0.027 ##
2026-08-07 00:41:00,986 INFO [model] 
  Venn-Abers (k-fold):
2026-08-07 00:41:00,987 INFO [model]        0.079 →    0.200  gap=0.121 ############
2026-08-07 00:41:00,987 INFO [model]        0.158 →    0.023  gap=0.136 #############
2026-08-07 00:41:00,987 INFO [model]        0.294 →    0.115  gap=0.179 #################
2026-08-07 00:41:00,988 INFO [model]        0.335 →    0.328  gap=0.006 
2026-08-07 00:41:00,988 INFO [model]        0.452 →    0.364  gap=0.088 ########
2026-08-07 00:41:00,988 INFO [model]        0.510 →    0.453  gap=0.057 #####
2026-08-07 00:41:00,988 INFO [model]        0.660 →    0.653  gap=0.007 
2026-08-07 00:41:00,988 INFO [model]        0.765 →    0.667  gap=0.099 #########
2026-08-07 00:41:00,988 INFO [model]        0.844 →    0.883  gap=0.039 ###
2026-08-07 00:41:00,988 INFO [model]        0.933 →    0.917  gap=0.016 #
2026-08-07 00:41:00,996 INFO [model] 
  Saved calibrated model to /Users/rafeburns/Downloads/ALocks/alocks-backend/models/ufc/h2h/calibrated_model.pkl
2026-08-07 00:41:00,999 INFO [model] ============================================================
2026-08-07 00:41:00,999 INFO [model] BETTING SIMULATION (VIG-ADJUSTED)
2026-08-07 00:41:00,999 INFO [model] ============================================================
2026-08-07 00:41:01,028 INFO [model]   Test fights with odds: 513
2026-08-07 00:41:01,030 INFO [model]   Test period: 2025-07-12 to 2026-07-25
2026-08-07 00:41:01,030 INFO [model]   Red win rate in test: 0.528
2026-08-07 00:41:01,032 INFO [model] 
  Average vig: 0.000
2026-08-07 00:41:01,033 INFO [model]   Market accuracy (fair): 0.6842
2026-08-07 00:41:01,033 INFO [model] 
────────────────────────────────────────────────────────────
2026-08-07 00:41:01,033 INFO [model]   Raw (uncalibrated)
2026-08-07 00:41:01,033 INFO [model] ────────────────────────────────────────────────────────────
2026-08-07 00:41:01,033 INFO [model] 
  Strategy 1: Flat $100 bet on model pick (every fight)
2026-08-07 00:41:01,034 INFO [model]     Bets: 513 | Wins: 378 (73.7%)
2026-08-07 00:41:01,034 INFO [model]     Profit: $7616.78 | Wagered: $51300 | ROI: +14.85%
2026-08-07 00:41:01,198 INFO [model] 
  Strategy 2: Value bets (edge > 3%, vig-adjusted, +EV only)
2026-08-07 00:41:01,198 INFO [model]     Bets: 436/513 | Wins: 279 (64.0%)
2026-08-07 00:41:01,198 INFO [model]     Profit: $9386.32 | Wagered: $43600 | ROI: +21.53%
2026-08-07 00:41:01,198 INFO [model]     Avg edge: 0.144
2026-08-07 00:41:01,198 INFO [model]     Avg EV: 1.302
2026-08-07 00:41:01,199 INFO [model]     Favorites: 226 bets, 184 wins (81.4%), P&L: $4341.32
2026-08-07 00:41:01,199 INFO [model]     Underdogs: 210 bets, 95 wins (45.2%), P&L: $5045.00
2026-08-07 00:41:01,323 INFO [model] 
  Strategy 2: Value bets (edge > 5%, vig-adjusted, +EV only)
2026-08-07 00:41:01,323 INFO [model]     Bets: 392/513 | Wins: 255 (65.1%)
2026-08-07 00:41:01,323 INFO [model]     Profit: $9281.09 | Wagered: $39200 | ROI: +23.68%
2026-08-07 00:41:01,324 INFO [model]     Avg edge: 0.155
2026-08-07 00:41:01,324 INFO [model]     Avg EV: 1.328
2026-08-07 00:41:01,324 INFO [model]     Favorites: 203 bets, 168 wins (82.8%), P&L: $4295.09
2026-08-07 00:41:01,324 INFO [model]     Underdogs: 189 bets, 87 wins (46.0%), P&L: $4986.00
2026-08-07 00:41:01,405 INFO [model] 
  Strategy 2: Value bets (edge > 8%, vig-adjusted, +EV only)
2026-08-07 00:41:01,405 INFO [model]     Bets: 326/513 | Wins: 219 (67.2%)
2026-08-07 00:41:01,406 INFO [model]     Profit: $9415.96 | Wagered: $32600 | ROI: +28.88%
2026-08-07 00:41:01,406 INFO [model]     Avg edge: 0.174
2026-08-07 00:41:01,406 INFO [model]     Avg EV: 1.370
2026-08-07 00:41:01,406 INFO [model]     Favorites: 175 bets, 143 wins (81.7%), P&L: $3654.96
2026-08-07 00:41:01,406 INFO [model]     Underdogs: 151 bets, 76 wins (50.3%), P&L: $5761.00
2026-08-07 00:41:01,464 INFO [model] 
  Strategy 2: Value bets (edge > 10%, vig-adjusted, +EV only)
2026-08-07 00:41:01,465 INFO [model]     Bets: 266/513 | Wins: 180 (67.7%)
2026-08-07 00:41:01,465 INFO [model]     Profit: $9293.66 | Wagered: $26600 | ROI: +34.94%
2026-08-07 00:41:01,465 INFO [model]     Avg edge: 0.192
2026-08-07 00:41:01,465 INFO [model]     Avg EV: 1.420
2026-08-07 00:41:01,465 INFO [model]     Favorites: 132 bets, 110 wins (83.3%), P&L: $3514.66
2026-08-07 00:41:01,465 INFO [model]     Underdogs: 134 bets, 70 wins (52.2%), P&L: $5779.00
2026-08-07 00:41:01,500 INFO [model] 
  Strategy 2: Value bets (edge > 15%, vig-adjusted, +EV only)
2026-08-07 00:41:01,500 INFO [model]     Bets: 159/513 | Wins: 109 (68.6%)
2026-08-07 00:41:01,500 INFO [model]     Profit: $6154.77 | Wagered: $15900 | ROI: +38.71%
2026-08-07 00:41:01,500 INFO [model]     Avg edge: 0.237
2026-08-07 00:41:01,500 INFO [model]     Avg EV: 1.516
2026-08-07 00:41:01,500 INFO [model]     Favorites: 77 bets, 65 wins (84.4%), P&L: $2696.77
2026-08-07 00:41:01,501 INFO [model]     Underdogs: 82 bets, 44 wins (53.7%), P&L: $3458.00
2026-08-07 00:41:01,501 INFO [model] 
  Strategy 3: Quarter-Kelly sizing (edge > 3%, vig-adjusted)
2026-08-07 00:41:01,502 INFO [model]     Bets placed: 436 | Wins: 279
2026-08-07 00:41:01,502 INFO [model]     Starting: $10,000.00 → Ending: $702,753.45
2026-08-07 00:41:01,502 INFO [model]     Return: +6927.53%
2026-08-07 00:41:01,502 INFO [model]     Max drawdown: 28.2%
2026-08-07 00:41:01,502 INFO [model] 
────────────────────────────────────────────────────────────
2026-08-07 00:41:01,502 INFO [model]   Platt scaling
2026-08-07 00:41:01,502 INFO [model] ────────────────────────────────────────────────────────────
2026-08-07 00:41:01,502 INFO [model] 
  Strategy 1: Flat $100 bet on model pick (every fight)
2026-08-07 00:41:01,502 INFO [model]     Bets: 513 | Wins: 374 (72.9%)
2026-08-07 00:41:01,503 INFO [model]     Profit: $6765.12 | Wagered: $51300 | ROI: +13.19%
2026-08-07 00:41:01,600 INFO [model] 
  Strategy 2: Value bets (edge > 3%, vig-adjusted, +EV only)
2026-08-07 00:41:01,600 INFO [model]     Bets: 451/513 | Wins: 308 (68.3%)
2026-08-07 00:41:01,600 INFO [model]     Profit: $9956.36 | Wagered: $45100 | ROI: +22.08%
2026-08-07 00:41:01,600 INFO [model]     Avg edge: 0.164
2026-08-07 00:41:01,601 INFO [model]     Avg EV: 1.299
2026-08-07 00:41:01,601 INFO [model]     Favorites: 282 bets, 224 wins (79.4%), P&L: $4261.36
2026-08-07 00:41:01,601 INFO [model]     Underdogs: 169 bets, 84 wins (49.7%), P&L: $5695.00
2026-08-07 00:41:01,694 INFO [model] 
  Strategy 2: Value bets (edge > 5%, vig-adjusted, +EV only)
2026-08-07 00:41:01,694 INFO [model]     Bets: 412/513 | Wins: 287 (69.7%)
2026-08-07 00:41:01,694 INFO [model]     Profit: $9665.31 | Wagered: $41200 | ROI: +23.46%
2026-08-07 00:41:01,694 INFO [model]     Avg edge: 0.176
2026-08-07 00:41:01,695 INFO [model]     Avg EV: 1.321
2026-08-07 00:41:01,695 INFO [model]     Favorites: 263 bets, 209 wins (79.5%), P&L: $4064.31
2026-08-07 00:41:01,695 INFO [model]     Underdogs: 149 bets, 78 wins (52.3%), P&L: $5601.00
2026-08-07 00:41:01,773 INFO [model] 
  Strategy 2: Value bets (edge > 8%, vig-adjusted, +EV only)
2026-08-07 00:41:01,773 INFO [model]     Bets: 341/513 | Wins: 245 (71.8%)
2026-08-07 00:41:01,773 INFO [model]     Profit: $8974.71 | Wagered: $34100 | ROI: +26.32%
2026-08-07 00:41:01,773 INFO [model]     Avg edge: 0.199
2026-08-07 00:41:01,773 INFO [model]     Avg EV: 1.365
2026-08-07 00:41:01,773 INFO [model]     Favorites: 222 bets, 180 wins (81.1%), P&L: $4078.71
2026-08-07 00:41:01,773 INFO [model]     Underdogs: 119 bets, 65 wins (54.6%), P&L: $4896.00
2026-08-07 00:41:01,841 INFO [model] 
  Strategy 2: Value bets (edge > 10%, vig-adjusted, +EV only)
2026-08-07 00:41:01,841 INFO [model]     Bets: 299/513 | Wins: 220 (73.6%)
2026-08-07 00:41:01,841 INFO [model]     Profit: $9263.93 | Wagered: $29900 | ROI: +30.98%
2026-08-07 00:41:01,841 INFO [model]     Avg edge: 0.214
2026-08-07 00:41:01,841 INFO [model]     Avg EV: 1.396
2026-08-07 00:41:01,842 INFO [model]     Favorites: 196 bets, 160 wins (81.6%), P&L: $4169.93
2026-08-07 00:41:01,842 INFO [model]     Underdogs: 103 bets, 60 wins (58.3%), P&L: $5094.00
2026-08-07 00:41:01,888 INFO [model] 
  Strategy 2: Value bets (edge > 15%, vig-adjusted, +EV only)
2026-08-07 00:41:01,888 INFO [model]     Bets: 209/513 | Wins: 154 (73.7%)
2026-08-07 00:41:01,888 INFO [model]     Profit: $7368.41 | Wagered: $20900 | ROI: +35.26%
2026-08-07 00:41:01,888 INFO [model]     Avg edge: 0.253
2026-08-07 00:41:01,888 INFO [model]     Avg EV: 1.483
2026-08-07 00:41:01,888 INFO [model]     Favorites: 132 bets, 108 wins (81.8%), P&L: $3462.41
2026-08-07 00:41:01,888 INFO [model]     Underdogs: 77 bets, 46 wins (59.7%), P&L: $3906.00
2026-08-07 00:41:01,888 INFO [model] 
  Strategy 3: Quarter-Kelly sizing (edge > 3%, vig-adjusted)
2026-08-07 00:41:01,890 INFO [model]     Bets placed: 451 | Wins: 308
2026-08-07 00:41:01,890 INFO [model]     Starting: $10,000.00 → Ending: $772,622.67
2026-08-07 00:41:01,890 INFO [model]     Return: +7626.23%
2026-08-07 00:41:01,890 INFO [model]     Max drawdown: 31.0%
2026-08-07 00:41:01,890 INFO [model] 
────────────────────────────────────────────────────────────
2026-08-07 00:41:01,890 INFO [model]   Isotonic regression
2026-08-07 00:41:01,890 INFO [model] ────────────────────────────────────────────────────────────
2026-08-07 00:41:01,890 INFO [model] 
  Strategy 1: Flat $100 bet on model pick (every fight)
2026-08-07 00:41:01,890 INFO [model]     Bets: 513 | Wins: 379 (73.9%)
2026-08-07 00:41:01,890 INFO [model]     Profit: $8247.40 | Wagered: $51300 | ROI: +16.08%
2026-08-07 00:41:01,989 INFO [model] 
  Strategy 2: Value bets (edge > 3%, vig-adjusted, +EV only)
2026-08-07 00:41:01,989 INFO [model]     Bets: 455/513 | Wins: 307 (67.5%)
2026-08-07 00:41:01,989 INFO [model]     Profit: $10382.13 | Wagered: $45500 | ROI: +22.82%
2026-08-07 00:41:01,989 INFO [model]     Avg edge: 0.172
2026-08-07 00:41:01,989 INFO [model]     Avg EV: 1.324
2026-08-07 00:41:01,990 INFO [model]     Favorites: 269 bets, 216 wins (80.3%), P&L: $3964.13
2026-08-07 00:41:01,990 INFO [model]     Underdogs: 186 bets, 91 wins (48.9%), P&L: $6418.00
2026-08-07 00:41:02,081 INFO [model] 
  Strategy 2: Value bets (edge > 5%, vig-adjusted, +EV only)
2026-08-07 00:41:02,081 INFO [model]     Bets: 418/513 | Wins: 287 (68.7%)
2026-08-07 00:41:02,081 INFO [model]     Profit: $10405.31 | Wagered: $41800 | ROI: +24.89%
2026-08-07 00:41:02,081 INFO [model]     Avg edge: 0.184
2026-08-07 00:41:02,081 INFO [model]     Avg EV: 1.346
2026-08-07 00:41:02,082 INFO [model]     Favorites: 248 bets, 201 wins (81.0%), P&L: $3961.31
2026-08-07 00:41:02,082 INFO [model]     Underdogs: 170 bets, 86 wins (50.6%), P&L: $6444.00
2026-08-07 00:41:02,161 INFO [model] 
  Strategy 2: Value bets (edge > 8%, vig-adjusted, +EV only)
2026-08-07 00:41:02,161 INFO [model]     Bets: 369/513 | Wins: 260 (70.5%)
2026-08-07 00:41:02,161 INFO [model]     Profit: $10794.99 | Wagered: $36900 | ROI: +29.25%
2026-08-07 00:41:02,161 INFO [model]     Avg edge: 0.200
2026-08-07 00:41:02,161 INFO [model]     Avg EV: 1.381
2026-08-07 00:41:02,161 INFO [model]     Favorites: 216 bets, 180 wins (83.3%), P&L: $4260.99
2026-08-07 00:41:02,161 INFO [model]     Underdogs: 153 bets, 80 wins (52.3%), P&L: $6534.00
2026-08-07 00:41:02,234 INFO [model] 
  Strategy 2: Value bets (edge > 10%, vig-adjusted, +EV only)
2026-08-07 00:41:02,234 INFO [model]     Bets: 336/513 | Wins: 242 (72.0%)
2026-08-07 00:41:02,234 INFO [model]     Profit: $10899.22 | Wagered: $33600 | ROI: +32.44%
2026-08-07 00:41:02,234 INFO [model]     Avg edge: 0.211
2026-08-07 00:41:02,234 INFO [model]     Avg EV: 1.402
2026-08-07 00:41:02,235 INFO [model]     Favorites: 199 bets, 166 wins (83.4%), P&L: $3875.22
2026-08-07 00:41:02,235 INFO [model]     Underdogs: 137 bets, 76 wins (55.5%), P&L: $7024.00
2026-08-07 00:41:02,288 INFO [model] 
  Strategy 2: Value bets (edge > 15%, vig-adjusted, +EV only)
2026-08-07 00:41:02,288 INFO [model]     Bets: 242/513 | Wins: 175 (72.3%)
2026-08-07 00:41:02,288 INFO [model]     Profit: $7690.86 | Wagered: $24200 | ROI: +31.78%
2026-08-07 00:41:02,288 INFO [model]     Avg edge: 0.244
2026-08-07 00:41:02,288 INFO [model]     Avg EV: 1.474
2026-08-07 00:41:02,289 INFO [model]     Favorites: 148 bets, 124 wins (83.8%), P&L: $3356.86
2026-08-07 00:41:02,289 INFO [model]     Underdogs: 94 bets, 51 wins (54.3%), P&L: $4334.00
2026-08-07 00:41:02,289 INFO [model] 
  Strategy 3: Quarter-Kelly sizing (edge > 3%, vig-adjusted)
2026-08-07 00:41:02,290 INFO [model]     Bets placed: 455 | Wins: 307
2026-08-07 00:41:02,291 INFO [model]     Starting: $10,000.00 → Ending: $1,156,785.83
2026-08-07 00:41:02,291 INFO [model]     Return: +11467.86%
2026-08-07 00:41:02,291 INFO [model]     Max drawdown: 22.1%
2026-08-07 00:41:02,291 INFO [model] 
────────────────────────────────────────────────────────────
2026-08-07 00:41:02,291 INFO [model]   Isotonic (k-fold)
2026-08-07 00:41:02,291 INFO [model] ────────────────────────────────────────────────────────────
2026-08-07 00:41:02,291 INFO [model] 
  Strategy 1: Flat $100 bet on model pick (every fight)
2026-08-07 00:41:02,291 INFO [model]     Bets: 513 | Wins: 372 (72.5%)
2026-08-07 00:41:02,291 INFO [model]     Profit: $6606.84 | Wagered: $51300 | ROI: +12.88%
2026-08-07 00:41:02,388 INFO [model] 
  Strategy 2: Value bets (edge > 3%, vig-adjusted, +EV only)
2026-08-07 00:41:02,389 INFO [model]     Bets: 435/513 | Wins: 280 (64.4%)
2026-08-07 00:41:02,389 INFO [model]     Profit: $8794.77 | Wagered: $43500 | ROI: +20.22%
2026-08-07 00:41:02,389 INFO [model]     Avg edge: 0.149
2026-08-07 00:41:02,389 INFO [model]     Avg EV: 1.300
2026-08-07 00:41:02,389 INFO [model]     Favorites: 234 bets, 191 wins (81.6%), P&L: $4532.77
2026-08-07 00:41:02,389 INFO [model]     Underdogs: 201 bets, 89 wins (44.3%), P&L: $4262.00
2026-08-07 00:41:02,476 INFO [model] 
  Strategy 2: Value bets (edge > 5%, vig-adjusted, +EV only)
2026-08-07 00:41:02,476 INFO [model]     Bets: 400/513 | Wins: 258 (64.5%)
2026-08-07 00:41:02,476 INFO [model]     Profit: $8428.36 | Wagered: $40000 | ROI: +21.07%
2026-08-07 00:41:02,476 INFO [model]     Avg edge: 0.158
2026-08-07 00:41:02,476 INFO [model]     Avg EV: 1.322
2026-08-07 00:41:02,476 INFO [model]     Favorites: 214 bets, 174 wins (81.3%), P&L: $3996.36
2026-08-07 00:41:02,477 INFO [model]     Underdogs: 186 bets, 84 wins (45.2%), P&L: $4432.00
2026-08-07 00:41:02,551 INFO [model] 
  Strategy 2: Value bets (edge > 8%, vig-adjusted, +EV only)
2026-08-07 00:41:02,551 INFO [model]     Bets: 325/513 | Wins: 219 (67.4%)
2026-08-07 00:41:02,551 INFO [model]     Profit: $8832.07 | Wagered: $32500 | ROI: +27.18%
2026-08-07 00:41:02,552 INFO [model]     Avg edge: 0.180
2026-08-07 00:41:02,552 INFO [model]     Avg EV: 1.368
2026-08-07 00:41:02,552 INFO [model]     Favorites: 179 bets, 147 wins (82.1%), P&L: $3744.07
2026-08-07 00:41:02,552 INFO [model]     Underdogs: 146 bets, 72 wins (49.3%), P&L: $5088.00
2026-08-07 00:41:02,613 INFO [model] 
  Strategy 2: Value bets (edge > 10%, vig-adjusted, +EV only)
2026-08-07 00:41:02,614 INFO [model]     Bets: 281/513 | Wins: 198 (70.5%)
2026-08-07 00:41:02,614 INFO [model]     Profit: $9752.97 | Wagered: $28100 | ROI: +34.71%
2026-08-07 00:41:02,614 INFO [model]     Avg edge: 0.194
2026-08-07 00:41:02,614 INFO [model]     Avg EV: 1.390
2026-08-07 00:41:02,614 INFO [model]     Favorites: 159 bets, 130 wins (81.8%), P&L: $3367.97
2026-08-07 00:41:02,614 INFO [model]     Underdogs: 122 bets, 68 wins (55.7%), P&L: $6385.00
2026-08-07 00:41:02,656 INFO [model] 
  Strategy 2: Value bets (edge > 15%, vig-adjusted, +EV only)
2026-08-07 00:41:02,656 INFO [model]     Bets: 176/513 | Wins: 125 (71.0%)
2026-08-07 00:41:02,656 INFO [model]     Profit: $6556.74 | Wagered: $17600 | ROI: +37.25%
2026-08-07 00:41:02,656 INFO [model]     Avg edge: 0.236
2026-08-07 00:41:02,656 INFO [model]     Avg EV: 1.482
2026-08-07 00:41:02,657 INFO [model]     Favorites: 94 bets, 78 wins (83.0%), P&L: $2600.74
2026-08-07 00:41:02,657 INFO [model]     Underdogs: 82 bets, 47 wins (57.3%), P&L: $3956.00
2026-08-07 00:41:02,657 INFO [model] 
  Strategy 3: Quarter-Kelly sizing (edge > 3%, vig-adjusted)
2026-08-07 00:41:02,658 INFO [model]     Bets placed: 435 | Wins: 280
2026-08-07 00:41:02,658 INFO [model]     Starting: $10,000.00 → Ending: $559,838.34
2026-08-07 00:41:02,658 INFO [model]     Return: +5498.38%
2026-08-07 00:41:02,658 INFO [model]     Max drawdown: 25.6%
2026-08-07 00:41:02,658 INFO [model] 
────────────────────────────────────────────────────────────
2026-08-07 00:41:02,658 INFO [model]   Venn-Abers (k-fold)
2026-08-07 00:41:02,658 INFO [model] ────────────────────────────────────────────────────────────
2026-08-07 00:41:02,658 INFO [model] 
  Strategy 1: Flat $100 bet on model pick (every fight)
2026-08-07 00:41:02,658 INFO [model]     Bets: 513 | Wins: 372 (72.5%)
2026-08-07 00:41:02,658 INFO [model]     Profit: $6606.84 | Wagered: $51300 | ROI: +12.88%
2026-08-07 00:41:02,754 INFO [model] 
  Strategy 2: Value bets (edge > 3%, vig-adjusted, +EV only)
2026-08-07 00:41:02,754 INFO [model]     Bets: 436/513 | Wins: 277 (63.5%)
2026-08-07 00:41:02,754 INFO [model]     Profit: $8335.09 | Wagered: $43600 | ROI: +19.12%
2026-08-07 00:41:02,754 INFO [model]     Avg edge: 0.144
2026-08-07 00:41:02,754 INFO [model]     Avg EV: 1.294
2026-08-07 00:41:02,754 INFO [model]     Favorites: 231 bets, 188 wins (81.4%), P&L: $4473.09
2026-08-07 00:41:02,755 INFO [model]     Underdogs: 205 bets, 89 wins (43.4%), P&L: $3862.00
2026-08-07 00:41:02,848 INFO [model] 
  Strategy 2: Value bets (edge > 5%, vig-adjusted, +EV only)
2026-08-07 00:41:02,848 INFO [model]     Bets: 395/513 | Wins: 254 (64.3%)
2026-08-07 00:41:02,848 INFO [model]     Profit: $8455.71 | Wagered: $39500 | ROI: +21.41%
2026-08-07 00:41:02,849 INFO [model]     Avg edge: 0.155
2026-08-07 00:41:02,849 INFO [model]     Avg EV: 1.320
2026-08-07 00:41:02,849 INFO [model]     Favorites: 209 bets, 170 wins (81.3%), P&L: $4023.71
2026-08-07 00:41:02,849 INFO [model]     Underdogs: 186 bets, 84 wins (45.2%), P&L: $4432.00
2026-08-07 00:41:02,922 INFO [model] 
  Strategy 2: Value bets (edge > 8%, vig-adjusted, +EV only)
2026-08-07 00:41:02,922 INFO [model]     Bets: 317/513 | Wins: 212 (66.9%)
2026-08-07 00:41:02,923 INFO [model]     Profit: $8746.27 | Wagered: $31700 | ROI: +27.59%
2026-08-07 00:41:02,923 INFO [model]     Avg edge: 0.177
2026-08-07 00:41:02,923 INFO [model]     Avg EV: 1.368
2026-08-07 00:41:02,923 INFO [model]     Favorites: 171 bets, 140 wins (81.9%), P&L: $3658.27
2026-08-07 00:41:02,923 INFO [model]     Underdogs: 146 bets, 72 wins (49.3%), P&L: $5088.00
2026-08-07 00:41:02,983 INFO [model] 
  Strategy 2: Value bets (edge > 10%, vig-adjusted, +EV only)
2026-08-07 00:41:02,983 INFO [model]     Bets: 271/513 | Wins: 189 (69.7%)
2026-08-07 00:41:02,983 INFO [model]     Profit: $9575.47 | Wagered: $27100 | ROI: +35.33%
2026-08-07 00:41:02,983 INFO [model]     Avg edge: 0.191
2026-08-07 00:41:02,983 INFO [model]     Avg EV: 1.392
2026-08-07 00:41:02,984 INFO [model]     Favorites: 149 bets, 121 wins (81.2%), P&L: $3190.47
2026-08-07 00:41:02,984 INFO [model]     Underdogs: 122 bets, 68 wins (55.7%), P&L: $6385.00
2026-08-07 00:41:03,020 INFO [model] 
  Strategy 2: Value bets (edge > 15%, vig-adjusted, +EV only)
2026-08-07 00:41:03,020 INFO [model]     Bets: 165/513 | Wins: 115 (69.7%)
2026-08-07 00:41:03,020 INFO [model]     Profit: $6332.06 | Wagered: $16500 | ROI: +38.38%
2026-08-07 00:41:03,021 INFO [model]     Avg edge: 0.234
2026-08-07 00:41:03,021 INFO [model]     Avg EV: 1.495
2026-08-07 00:41:03,021 INFO [model]     Favorites: 82 bets, 68 wins (82.9%), P&L: $2476.06
2026-08-07 00:41:03,021 INFO [model]     Underdogs: 83 bets, 47 wins (56.6%), P&L: $3856.00
2026-08-07 00:41:03,021 INFO [model] 
  Strategy 3: Quarter-Kelly sizing (edge > 3%, vig-adjusted)
2026-08-07 00:41:03,023 INFO [model]     Bets placed: 436 | Wins: 277
2026-08-07 00:41:03,023 INFO [model]     Starting: $10,000.00 → Ending: $522,377.31
2026-08-07 00:41:03,023 INFO [model]     Return: +5123.77%
2026-08-07 00:41:03,023 INFO [model]     Max drawdown: 25.7%
2026-08-07 00:41:03,023 INFO [model] 
────────────────────────────────────────────────────────────
2026-08-07 00:41:03,023 INFO [model]   Venn-Abers Interval-Filtered Strategies
2026-08-07 00:41:03,023 INFO [model] ────────────────────────────────────────────────────────────
2026-08-07 00:41:03,023 INFO [model]   VA interval widths — mean: 0.0077, median: 0.0043, p75: 0.0073, p90: 0.0196, max: 0.1287
2026-08-07 00:41:03,023 INFO [model] 
  --- VA Point Estimate Edge (>3%) + Interval Filter ---
2026-08-07 00:41:03,024 INFO [model]     interval        <0.5%:  219 bets, 113 wins (51.6%), $  +4128.41, ROI: +18.85%
2026-08-07 00:41:03,024 INFO [model]     interval        <1.0%:  356 bets, 208 wins (58.4%), $  +6514.56, ROI: +18.30%
2026-08-07 00:41:03,025 INFO [model]     interval        <2.0%:  398 bets, 246 wins (61.8%), $  +7504.07, ROI: +18.85%
2026-08-07 00:41:03,026 INFO [model]     interval        <5.0%:  427 bets, 269 wins (63.0%), $  +8142.02, ROI: +19.07%
2026-08-07 00:41:03,027 INFO [model]     interval       <10.0%:  433 bets, 275 wins (63.5%), $  +8308.17, ROI: +19.19%
2026-08-07 00:41:03,028 INFO [model]     interval    no filter:  436 bets, 277 wins (63.5%), $  +8335.09, ROI: +19.12%
2026-08-07 00:41:03,028 INFO [model] 
  --- Conservative Edge (va_prob_low) vs Point Estimate ---
2026-08-07 00:41:03,029 INFO [model] 
    Edge > 3%:
2026-08-07 00:41:03,029 INFO [model]       Point estimate:  436 bets, 277 wins (63.5%), $  +8335.09, ROI: +19.12%
2026-08-07 00:41:03,029 INFO [model]       Conservative:    427 bets, 273 wins (63.9%), $  +8372.84, ROI: +19.61%
2026-08-07 00:41:03,031 INFO [model] 
    Edge > 5%:
2026-08-07 00:41:03,031 INFO [model]       Point estimate:  395 bets, 254 wins (64.3%), $  +8455.71, ROI: +21.41%
2026-08-07 00:41:03,031 INFO [model]       Conservative:    393 bets, 253 wins (64.4%), $  +8533.49, ROI: +21.71%
2026-08-07 00:41:03,032 INFO [model] 
    Edge > 8%:
2026-08-07 00:41:03,032 INFO [model]       Point estimate:  317 bets, 212 wins (66.9%), $  +8746.27, ROI: +27.59%
2026-08-07 00:41:03,032 INFO [model]       Conservative:    316 bets, 211 wins (66.8%), $  +8506.27, ROI: +26.92%
2026-08-07 00:41:03,033 INFO [model] 
    Edge > 10%:
2026-08-07 00:41:03,033 INFO [model]       Point estimate:  271 bets, 189 wins (69.7%), $  +9575.47, ROI: +35.33%
2026-08-07 00:41:03,033 INFO [model]       Conservative:    270 bets, 188 wins (69.6%), $  +9516.65, ROI: +35.25%
2026-08-07 00:41:03,034 INFO [model] 
    Edge > 15%:
2026-08-07 00:41:03,034 INFO [model]       Point estimate:  165 bets, 115 wins (69.7%), $  +6332.06, ROI: +38.38%
2026-08-07 00:41:03,034 INFO [model]       Conservative:    157 bets, 110 wins (70.1%), $  +6482.38, ROI: +41.29%
2026-08-07 00:41:03,035 INFO [model] 
============================================================
2026-08-07 00:41:03,035 INFO [model] BETTING SUMMARY
2026-08-07 00:41:03,035 INFO [model] ============================================================
2026-08-07 00:41:03,035 INFO [model]   Test period: 2025-07-12 to 2026-07-25
2026-08-07 00:41:03,035 INFO [model]   Total fights with odds: 513
2026-08-07 00:41:03,035 INFO [model]   Market (vig-adjusted) accuracy: 0.6842
2026-08-07 00:41:03,036 INFO [model]   VA model accuracy: 0.7251
2026-08-07 00:41:03,036 INFO [model]   Best calibration method: Raw (uncalibrated)
2026-08-07 00:41:03,036 INFO [model]   Key insight: profitability requires finding +EV spots where
2026-08-07 00:41:03,036 INFO [model]   model_prob * decimal_odds > 1.0 (positive expected value)
2026-08-07 00:41:03,036 INFO [model] 
============================================================
2026-08-07 00:41:03,036 INFO [model] Pipeline v6 complete.
2026-08-07 00:41:03,036 INFO [model] ============================================================
2026-08-07 00:56:22,776 INFO [model] ============================================================
2026-08-07 00:56:22,777 INFO [model] UFC Fight Winner Prediction Pipeline v6  (2026-08-07 00:56)
2026-08-07 00:56:22,777 INFO [model] ============================================================
2026-08-07 00:56:22,777 INFO [model] Loading data from database...
2026-08-07 00:56:25,068 INFO [model]   Loaded 4562 fighters
2026-08-07 00:56:28,569 INFO [model]   Loaded 22064 fight-stat rows (11080 unique fights)
2026-08-07 00:56:28,570 INFO [model]   Loading per-round stats...
2026-08-07 00:56:32,320 INFO [model]   Loaded 56822 per-round stat rows
2026-08-07 00:56:32,431 INFO [model] 
  Recomputing Glicko snapshots in memory (fixed newcomer seed)...
2026-08-07 00:56:32,431 INFO [glicko_service]   Loading fight data...
2026-08-07 00:56:33,294 INFO [glicko_service]   Loaded 11488 fights
2026-08-07 00:56:33,294 INFO [glicko_service]   Loading per-round stats...
2026-08-07 00:56:37,032 INFO [glicko_service]   Loaded rounds for 11158 fights
2026-08-07 00:56:37,033 INFO [glicko_service]   Loading per-fight derived totals...
2026-08-07 00:56:39,827 INFO [glicko_service]   Loaded 22316 derived totals rows
2026-08-07 00:56:40,051 INFO [glicko_service]   Loaded 4562 fighters
2026-08-07 00:56:40,261 INFO [glicko_service]   Computing weight class baseline rates...
2026-08-07 00:56:40,320 INFO [glicko_service]     P4P: 1 rounds, KD=0.0000, SUB=0.0000, TD=0.0000, td15s_cap=10.0, ctrl15g_cap=10.0, gnp15g_cap=10.0
2026-08-07 00:56:40,320 INFO [glicko_service]     Flyweight: 1510 rounds, KD=0.0243, SUB=0.0742, TD=0.0910, td15s_cap=25.7, ctrl15g_cap=15.0, gnp15g_cap=79.0
2026-08-07 00:56:40,321 INFO [glicko_service]     Bantamweight: 2680 rounds, KD=0.0279, SUB=0.0689, TD=0.0854, td15s_cap=25.7, ctrl15g_cap=15.0, gnp15g_cap=84.0
2026-08-07 00:56:40,321 INFO [glicko_service]     Featherweight: 3025 rounds, KD=0.0275, SUB=0.0729, TD=0.0869, td15s_cap=26.5, ctrl15g_cap=15.0, gnp15g_cap=84.9
2026-08-07 00:56:40,322 INFO [glicko_service]     Lightweight: 4541 rounds, KD=0.0268, SUB=0.0900, TD=0.0918, td15s_cap=26.0, ctrl15g_cap=15.0, gnp15g_cap=77.1
2026-08-07 00:56:40,323 INFO [glicko_service]     Welterweight: 4241 rounds, KD=0.0308, SUB=0.0749, TD=0.0846, td15s_cap=28.1, ctrl15g_cap=15.0, gnp15g_cap=76.3
2026-08-07 00:56:40,323 INFO [glicko_service]     Middleweight: 3704 rounds, KD=0.0318, SUB=0.0807, TD=0.0793, td15s_cap=25.7, ctrl15g_cap=15.0, gnp15g_cap=94.7
2026-08-07 00:56:40,324 INFO [glicko_service]     Light Heavyweight: 2288 rounds, KD=0.0349, SUB=0.0551, TD=0.0722, td15s_cap=26.5, ctrl15g_cap=15.0, gnp15g_cap=106.5
2026-08-07 00:56:40,324 INFO [glicko_service]     Heavyweight: 2461 rounds, KD=0.0343, SUB=0.0616, TD=0.0628, td15s_cap=23.1, ctrl15g_cap=15.0, gnp15g_cap=103.6
2026-08-07 00:56:40,324 INFO [glicko_service]     P4P: 1 rounds, KD=0.0000, SUB=0.0000, TD=0.0000, td15s_cap=10.0, ctrl15g_cap=10.0, gnp15g_cap=10.0
2026-08-07 00:56:40,324 INFO [glicko_service]     Strawweight: 1311 rounds, KD=0.0090, SUB=0.0511, TD=0.0716, td15s_cap=23.4, ctrl15g_cap=15.0, gnp15g_cap=65.6
2026-08-07 00:56:40,325 INFO [glicko_service]     Flyweight: 884 rounds, KD=0.0089, SUB=0.0543, TD=0.0734, td15s_cap=22.2, ctrl15g_cap=15.0, gnp15g_cap=77.4
2026-08-07 00:56:40,325 INFO [glicko_service]     Bantamweight: 897 rounds, KD=0.0110, SUB=0.0543, TD=0.0688, td15s_cap=27.3, ctrl15g_cap=15.0, gnp15g_cap=79.1
2026-08-07 00:56:41,340 INFO [glicko_service]   Processed 25794 rounds
2026-08-07 00:56:41,364 INFO [model]   Computed 21152 snapshots
2026-08-07 00:56:41,370 INFO [model] Building features...
2026-08-07 00:56:41,555 INFO [model]   Computing defensive stats...
2026-08-07 00:56:42,723 INFO [model]   Computing Elo ratings...
2026-08-07 00:56:43,214 INFO [model]   Computing resume scores...
2026-08-07 00:56:43,395 INFO [model]   Using 21152 caller-supplied Glicko snapshots
2026-08-07 00:56:45,323 INFO [model]   Added 15 Glicko features
2026-08-07 00:56:45,324 INFO [model]   Computing Elo-adjusted stats...
2026-08-07 00:56:45,325 INFO [model]   Computing rolling career averages...
2026-08-07 00:57:08,178 INFO [model]   Computing streaks and career stats...
2026-08-07 00:57:09,398 INFO [model]   Computing composite features...
2026-08-07 00:57:09,402 INFO [model]   Computing round-by-round profiles...
2026-08-07 00:57:17,894 INFO [model]   Computing pre-UFC records...
2026-08-07 00:57:17,920 INFO [model]   Computing fighter style clusters (k=6)...
2026-08-07 00:57:18,280 INFO [model]     Fit on 22064 rows, assigned 22064 fighter-fights
2026-08-07 00:57:18,281 INFO [model]     Style 0 (10763 fighter-fights): SigStr/5=16.4 TD/5=0.5 Sub/5=0.3 Ctrl/5=44.3 GndStr/5=3.0 top=ctrl_per5
2026-08-07 00:57:18,281 INFO [model]     Style 1 (298 fighter-fights): SigStr/5=73.4 TD/5=0.9 Sub/5=0.3 Ctrl/5=58.9 GndStr/5=37.8 top=sig_str_landed_per5
2026-08-07 00:57:18,281 INFO [model]     Style 2 (3314 fighter-fights): SigStr/5=16.6 TD/5=0.5 Sub/5=0.5 Ctrl/5=49.2 GndStr/5=2.7 top=ctrl_per5
2026-08-07 00:57:18,282 INFO [model]     Style 3 (3425 fighter-fights): SigStr/5=32.8 TD/5=0.3 Sub/5=0.2 Ctrl/5=35.9 GndStr/5=5.5 top=ctrl_per5
2026-08-07 00:57:18,282 INFO [model]     Style 4 (369 fighter-fights): SigStr/5=12.4 TD/5=2.2 Sub/5=4.4 Ctrl/5=62.1 GndStr/5=4.1 top=ctrl_per5
2026-08-07 00:57:18,282 INFO [model]     Style 5 (3895 fighter-fights): SigStr/5=17.0 TD/5=1.5 Sub/5=0.5 Ctrl/5=118.0 GndStr/5=7.5 top=ctrl_per5
2026-08-07 00:57:18,418 INFO [model]   Style matchup features computed expanding-in-time (6x6, 21968 fighter-fights)
2026-08-07 00:57:18,645 INFO [model]   Feature matrix shape: (22064, 294)
2026-08-07 00:57:18,658 INFO [model] Building matchup feature matrix...
2026-08-07 00:57:18,747 INFO [model]   Loading odds from database...
2026-08-07 00:57:20,326 INFO [model]   Odds matched: 2784/10984 fights (25.3%)
2026-08-07 00:57:20,347 INFO [model]   Filtered to modern era (2015+): 6295 fights (dropped 4689 pre-2015)
2026-08-07 00:57:20,348 INFO [model]   Red win rate (modern): 0.557
2026-08-07 00:57:20,359 INFO [model]   Matchup matrix: 6295 fights, 245 candidate features
2026-08-07 00:57:20,359 INFO [model]   Red win rate: 0.557
2026-08-07 00:57:20,359 INFO [model]   Date range: 2015-01-03 to 2026-08-01
2026-08-07 00:57:20,375 INFO [model] 
  Style-cluster cutoff set to eval start: 2022-05-07
2026-08-07 00:57:20,376 INFO [model] Building features...
2026-08-07 00:57:20,559 INFO [model]   Computing defensive stats...
2026-08-07 00:57:21,702 INFO [model]   Computing Elo ratings...
2026-08-07 00:57:22,164 INFO [model]   Computing resume scores...
2026-08-07 00:57:22,333 INFO [model]   Using 21152 caller-supplied Glicko snapshots
2026-08-07 00:57:24,161 INFO [model]   Added 15 Glicko features
2026-08-07 00:57:24,162 INFO [model]   Computing Elo-adjusted stats...
2026-08-07 00:57:24,163 INFO [model]   Computing rolling career averages...
2026-08-07 00:57:48,077 INFO [model]   Computing streaks and career stats...
2026-08-07 00:57:49,300 INFO [model]   Computing composite features...
2026-08-07 00:57:49,305 INFO [model]   Computing round-by-round profiles...
2026-08-07 00:57:57,964 INFO [model]   Computing pre-UFC records...
2026-08-07 00:57:57,990 INFO [model]   Computing fighter style clusters (k=6)...
2026-08-07 00:57:58,281 INFO [model]     Fit on 17010 rows, assigned 22064 fighter-fights
2026-08-07 00:57:58,282 INFO [model]     Style 0 (3291 fighter-fights): SigStr/5=15.3 TD/5=0.6 Sub/5=0.5 Ctrl/5=50.7 GndStr/5=3.1 top=ctrl_per5
2026-08-07 00:57:58,282 INFO [model]     Style 1 (312 fighter-fights): SigStr/5=72.5 TD/5=1.0 Sub/5=0.3 Ctrl/5=54.8 GndStr/5=37.0 top=sig_str_landed_per5
2026-08-07 00:57:58,282 INFO [model]     Style 2 (4146 fighter-fights): SigStr/5=30.6 TD/5=0.3 Sub/5=0.2 Ctrl/5=33.5 GndStr/5=5.6 top=ctrl_per5
2026-08-07 00:57:58,282 INFO [model]     Style 3 (10275 fighter-fights): SigStr/5=15.1 TD/5=0.5 Sub/5=0.3 Ctrl/5=43.2 GndStr/5=3.1 top=ctrl_per5
2026-08-07 00:57:58,282 INFO [model]     Style 4 (3731 fighter-fights): SigStr/5=16.6 TD/5=1.5 Sub/5=0.6 Ctrl/5=114.1 GndStr/5=7.9 top=ctrl_per5
2026-08-07 00:57:58,282 INFO [model]     Style 5 (309 fighter-fights): SigStr/5=11.4 TD/5=2.3 Sub/5=4.7 Ctrl/5=55.6 GndStr/5=3.9 top=ctrl_per5
2026-08-07 00:57:58,329 INFO [model]   Style matchup features computed expanding-in-time (6x6, 21968 fighter-fights)
2026-08-07 00:57:58,551 INFO [model]   Feature matrix shape: (22064, 294)
2026-08-07 00:57:58,570 INFO [model] Building matchup feature matrix...
2026-08-07 00:57:58,704 INFO [model]   Loading odds from database...
2026-08-07 00:58:04,987 INFO [model]   Odds matched: 2784/10984 fights (25.3%)
2026-08-07 00:58:05,055 INFO [model]   Filtered to modern era (2015+): 6295 fights (dropped 4689 pre-2015)
2026-08-07 00:58:05,056 INFO [model]   Red win rate (modern): 0.557
2026-08-07 00:58:05,066 INFO [model]   Matchup matrix: 6295 fights, 245 candidate features
2026-08-07 00:58:05,066 INFO [model]   Red win rate: 0.557
2026-08-07 00:58:05,067 INFO [model]   Date range: 2015-01-03 to 2026-08-01
2026-08-07 00:58:05,090 INFO [model] ============================================================
2026-08-07 00:58:05,090 INFO [model] WALK-FORWARD EVALUATION
2026-08-07 00:58:05,090 INFO [model] ============================================================
2026-08-07 00:58:05,100 INFO [model]   6295 fights | 8 folds over the last 40% (2518 eval fights)
2026-08-07 00:58:05,100 INFO [model]   Hyperparameters are FIXED (not tuned per fold): {'max_depth': 3, 'learning_rate': 0.037, 'max_features': 0.65, 'min_samples_leaf': 32, 'l2_regularization': 4.4, 'max_bins': 128}
2026-08-07 00:58:05,100 INFO [model]   Those values came from an Optuna search that scored on a chronological
2026-08-07 00:58:05,100 INFO [model]   20% slice overlapping this eval window, so a residual selection optimism
2026-08-07 00:58:05,100 INFO [model]   remains. It is bounded and disclosed rather than hidden.
2026-08-07 00:58:05,100 INFO [model] 
------------------------------------------------------------
2026-08-07 00:58:05,100 INFO [model] ARM: with_odds  (245 candidate features)
2026-08-07 00:58:05,100 INFO [model] ------------------------------------------------------------
2026-08-07 00:58:09,660 INFO [model]   Early stopping (chronological val, n=481): best_iter=469 val_logloss=0.5331
2026-08-07 00:58:10,902 INFO [model]   Fold 1/8  train= 3777  test= 314  (2022-05-07 → 2022-10-22)  acc=0.7771  auc=0.8658  iter=469
2026-08-07 00:58:16,364 INFO [model]   Early stopping (chronological val, n=521): best_iter=451 val_logloss=0.5108
2026-08-07 00:58:17,724 INFO [model]   Fold 2/8  train= 4091  test= 315  (2022-10-23 → 2023-05-28)  acc=0.7841  auc=0.8517  iter=451
2026-08-07 00:58:26,259 INFO [model]   Early stopping (chronological val, n=561): best_iter=526 val_logloss=0.5057
2026-08-07 00:58:27,656 INFO [model]   Fold 3/8  train= 4406  test= 315  (2023-05-28 → 2023-11-11)  acc=0.7365  auc=0.8174  iter=526
2026-08-07 00:58:33,747 INFO [model]   Early stopping (chronological val, n=601): best_iter=438 val_logloss=0.4713
2026-08-07 00:58:34,979 INFO [model]   Fold 4/8  train= 4721  test= 315  (2023-11-11 → 2024-06-08)  acc=0.7206  auc=0.8301  iter=438
2026-08-07 00:58:39,997 INFO [model]   Early stopping (chronological val, n=642): best_iter=629 val_logloss=0.4617
2026-08-07 00:58:41,553 INFO [model]   Fold 5/8  train= 5036  test= 314  (2024-06-08 → 2024-11-23)  acc=0.7261  auc=0.8138  iter=629
2026-08-07 00:58:46,957 INFO [model]   Early stopping (chronological val, n=682): best_iter=894 val_logloss=0.4910
2026-08-07 00:58:49,431 INFO [model]   Fold 6/8  train= 5350  test= 315  (2024-11-23 → 2025-07-12)  acc=0.7079  auc=0.8000  iter=894
2026-08-07 00:58:55,309 INFO [model]   Early stopping (chronological val, n=722): best_iter=607 val_logloss=0.4846
2026-08-07 00:58:57,029 INFO [model]   Fold 7/8  train= 5665  test= 315  (2025-07-12 → 2026-01-24)  acc=0.7524  auc=0.8283  iter=607
2026-08-07 00:59:02,616 INFO [model]   Early stopping (chronological val, n=762): best_iter=732 val_logloss=0.5053
2026-08-07 00:59:04,183 INFO [model]   Fold 8/8  train= 5980  test= 315  (2026-01-24 → 2026-08-01)  acc=0.6635  auc=0.7223  iter=732
2026-08-07 00:59:04,232 INFO [model]   POOLED  n=2518  acc=0.7335 [0.7168, 0.7498]  auc=0.8151  brier=0.1745 (calibrated 0.1768)
2026-08-07 00:59:04,232 INFO [model] 
------------------------------------------------------------
2026-08-07 00:59:04,232 INFO [model] ARM: no_odds  (238 candidate features)
2026-08-07 00:59:04,232 INFO [model] ------------------------------------------------------------
2026-08-07 00:59:08,209 INFO [model]   Early stopping (chronological val, n=481): best_iter=353 val_logloss=0.5323
2026-08-07 00:59:09,163 INFO [model]     MarketAnchor: b=0.855 c=+0.027 on 400 priced rows (trusting 85% of disagreement)
2026-08-07 00:59:09,166 INFO [model]   Fold 1/8  train= 3777  test= 314  (2022-05-07 → 2022-10-22)  acc=0.8025  auc=0.8687  iter=353
2026-08-07 00:59:14,293 INFO [model]   Early stopping (chronological val, n=521): best_iter=525 val_logloss=0.5182
2026-08-07 00:59:15,726 INFO [model]     MarketAnchor: b=0.826 c=+0.018 on 468 priced rows (trusting 83% of disagreement)
2026-08-07 00:59:15,729 INFO [model]   Fold 2/8  train= 4091  test= 315  (2022-10-23 → 2023-05-28)  acc=0.7333  auc=0.8230  iter=525
2026-08-07 00:59:20,469 INFO [model]   Early stopping (chronological val, n=561): best_iter=551 val_logloss=0.5093
2026-08-07 00:59:21,606 INFO [model]     MarketAnchor: b=0.778 c=+0.049 on 532 priced rows (trusting 78% of disagreement)
2026-08-07 00:59:21,608 INFO [model]   Fold 3/8  train= 4406  test= 315  (2023-05-28 → 2023-11-11)  acc=0.7302  auc=0.8220  iter=551
2026-08-07 00:59:26,077 INFO [model]   Early stopping (chronological val, n=601): best_iter=517 val_logloss=0.4787
2026-08-07 00:59:27,436 INFO [model]     MarketAnchor: b=0.801 c=+0.062 on 580 priced rows (trusting 80% of disagreement)
2026-08-07 00:59:27,441 INFO [model]   Fold 4/8  train= 4721  test= 315  (2023-11-11 → 2024-06-08)  acc=0.7111  auc=0.7987  iter=517
2026-08-07 00:59:33,313 INFO [model]   Early stopping (chronological val, n=642): best_iter=775 val_logloss=0.4760
2026-08-07 00:59:35,454 INFO [model]     MarketAnchor: b=0.708 c=+0.009 on 624 priced rows (trusting 71% of disagreement)
2026-08-07 00:59:35,457 INFO [model]   Fold 5/8  train= 5036  test= 314  (2024-06-08 → 2024-11-23)  acc=0.7134  auc=0.7846  iter=775
2026-08-07 00:59:41,571 INFO [model]   Early stopping (chronological val, n=682): best_iter=748 val_logloss=0.5079
2026-08-07 00:59:43,687 INFO [model]     MarketAnchor: b=0.725 c=+0.030 on 661 priced rows (trusting 72% of disagreement)
2026-08-07 00:59:43,690 INFO [model]   Fold 6/8  train= 5350  test= 315  (2024-11-23 → 2025-07-12)  acc=0.6794  auc=0.7459  iter=748
2026-08-07 00:59:49,342 INFO [model]   Early stopping (chronological val, n=722): best_iter=496 val_logloss=0.5032
2026-08-07 00:59:50,789 INFO [model]     MarketAnchor: b=0.591 c=+0.020 on 722 priced rows (trusting 59% of disagreement)
2026-08-07 00:59:50,792 INFO [model]   Fold 7/8  train= 5665  test= 315  (2025-07-12 → 2026-01-24)  acc=0.7397  auc=0.8131  iter=496
2026-08-07 00:59:56,624 INFO [model]   Early stopping (chronological val, n=762): best_iter=726 val_logloss=0.5279
2026-08-07 00:59:58,153 INFO [model]     MarketAnchor: b=0.568 c=+0.048 on 762 priced rows (trusting 57% of disagreement)
2026-08-07 00:59:58,163 INFO [model]   Fold 8/8  train= 5980  test= 315  (2026-01-24 → 2026-08-01)  acc=0.5905  auc=0.6443  iter=726
2026-08-07 00:59:58,215 INFO [model]   POOLED  n=2518  acc=0.7125 [0.6942, 0.7303]  auc=0.7876  brier=0.1867 (calibrated 0.1888)
2026-08-07 00:59:58,215 INFO [model] 
------------------------------------------------------------
2026-08-07 00:59:58,215 INFO [model] ARM: no_odds_no_glicko  (193 candidate features)
2026-08-07 00:59:58,215 INFO [model] ------------------------------------------------------------
2026-08-07 01:00:02,236 INFO [model]   Early stopping (chronological val, n=481): best_iter=147 val_logloss=0.5685
2026-08-07 01:00:02,662 INFO [model]   Fold 1/8  train= 3777  test= 314  (2022-05-07 → 2022-10-22)  acc=0.7420  auc=0.8319  iter=147
2026-08-07 01:00:07,260 INFO [model]   Early stopping (chronological val, n=521): best_iter=699 val_logloss=0.5431
2026-08-07 01:00:09,103 INFO [model]   Fold 2/8  train= 4091  test= 315  (2022-10-23 → 2023-05-28)  acc=0.7270  auc=0.7782  iter=699
2026-08-07 01:00:13,437 INFO [model]   Early stopping (chronological val, n=561): best_iter=494 val_logloss=0.5395
2026-08-07 01:00:14,544 INFO [model]   Fold 3/8  train= 4406  test= 315  (2023-05-28 → 2023-11-11)  acc=0.6889  auc=0.7690  iter=494
2026-08-07 01:00:18,653 INFO [model]   Early stopping (chronological val, n=601): best_iter=295 val_logloss=0.5191
2026-08-07 01:00:19,365 INFO [model]   Fold 4/8  train= 4721  test= 315  (2023-11-11 → 2024-06-08)  acc=0.6952  auc=0.7709  iter=295
2026-08-07 01:00:23,922 INFO [model]   Early stopping (chronological val, n=642): best_iter=300 val_logloss=0.5263
2026-08-07 01:00:24,724 INFO [model]   Fold 5/8  train= 5036  test= 314  (2024-06-08 → 2024-11-23)  acc=0.7452  auc=0.8132  iter=300
2026-08-07 01:00:29,747 INFO [model]   Early stopping (chronological val, n=682): best_iter=237 val_logloss=0.5566
2026-08-07 01:00:30,439 INFO [model]   Fold 6/8  train= 5350  test= 315  (2024-11-23 → 2025-07-12)  acc=0.6921  auc=0.7670  iter=237
2026-08-07 01:00:35,101 INFO [model]   Early stopping (chronological val, n=722): best_iter=254 val_logloss=0.5623
2026-08-07 01:00:35,737 INFO [model]   Fold 7/8  train= 5665  test= 315  (2025-07-12 → 2026-01-24)  acc=0.7270  auc=0.8149  iter=254
2026-08-07 01:00:40,197 INFO [model]   Early stopping (chronological val, n=762): best_iter=299 val_logloss=0.5686
2026-08-07 01:00:40,845 INFO [model]   Fold 8/8  train= 5980  test= 315  (2026-01-24 → 2026-08-01)  acc=0.6540  auc=0.7135  iter=299
2026-08-07 01:00:40,890 INFO [model]   POOLED  n=2518  acc=0.7089 [0.6914, 0.7264]  auc=0.7818  brier=0.1898 (calibrated 0.1909)
2026-08-07 01:00:40,923 INFO [model] 
------------------------------------------------------------
2026-08-07 01:00:40,923 INFO [model] MARKET-ANCHORED ARM  (base = no_odds)
2026-08-07 01:00:40,923 INFO [model] ------------------------------------------------------------
2026-08-07 01:00:40,923 INFO [model]   b = fraction of the model's disagreement with the line that is trusted
2026-08-07 01:00:40,923 INFO [model]    Fold        b        c   n_fit
2026-08-07 01:00:40,923 INFO [model]   --------------------------------
2026-08-07 01:00:40,923 INFO [model]       1    0.855   +0.027     400
2026-08-07 01:00:40,923 INFO [model]       2    0.826   +0.018     468
2026-08-07 01:00:40,923 INFO [model]       3    0.778   +0.049     532
2026-08-07 01:00:40,923 INFO [model]       4    0.801   +0.062     580
2026-08-07 01:00:40,923 INFO [model]       5    0.708   +0.009     624
2026-08-07 01:00:40,923 INFO [model]       6    0.725   +0.030     661
2026-08-07 01:00:40,923 INFO [model]       7    0.591   +0.020     722
2026-08-07 01:00:40,923 INFO [model]       8    0.568   +0.048     762
2026-08-07 01:00:40,923 INFO [model]   mean b = 0.731
2026-08-07 01:00:40,923 INFO [model] 
------------------------------------------------------------
2026-08-07 01:00:40,924 INFO [model] MARKET COMPARISON (fights with odds)
2026-08-07 01:00:40,924 INFO [model] ------------------------------------------------------------
2026-08-07 01:00:40,967 INFO [model]   Eval fights with odds: 2077 (2022-05-07 → 2026-07-25)
2026-08-07 01:00:40,967 INFO [model]   Average vig: 0.000
2026-08-07 01:00:40,967 INFO [model] 
  Arm                       Acc             95% CI      AUC    Brier
2026-08-07 01:00:40,967 INFO [model]   ------------------------------------------------------------------
2026-08-07 01:00:40,967 INFO [model]   market only            0.6769     [0.657, 0.697]        —   0.2050
2026-08-07 01:00:41,119 INFO [model]   no_odds_no_glicko      0.7005     [0.680, 0.719]   0.7709   0.1939
2026-08-07 01:00:41,244 INFO [model]   no_odds                0.6962     [0.677, 0.716]   0.7671   0.1948
2026-08-07 01:00:41,371 INFO [model]   with_odds              0.7212     [0.702, 0.741]   0.8029   0.1795
2026-08-07 01:00:41,497 INFO [model]   market_anchored        0.7222     [0.703, 0.741]   0.8001   0.1822
2026-08-07 01:00:41,497 INFO [model] 
  Arm                    Acc − market         95% CI of diff   Beats mkt?
2026-08-07 01:00:41,497 INFO [model]   ------------------------------------------------------------------------
2026-08-07 01:00:41,497 INFO [model]   no_odds_no_glicko           +0.0236     [-0.0024, +0.0481]           no
2026-08-07 01:00:41,497 INFO [model]   no_odds                     +0.0193     [-0.0072, +0.0467]           no
2026-08-07 01:00:41,497 INFO [model]   with_odds                   +0.0443     [+0.0226, +0.0674]          YES
2026-08-07 01:00:41,497 INFO [model]   market_anchored             +0.0453     [+0.0221, +0.0693]          YES
2026-08-07 01:00:41,497 INFO [model] 
  Betting ladder — no_odds_no_glicko (calibrated, frozen thresholds):
2026-08-07 01:00:41,497 INFO [model]     Edge   Bets    Bet%    Win%     ROI%             ROI 95% CI
2026-08-07 01:00:41,497 INFO [model]   --------------------------------------------------------------
2026-08-07 01:00:41,497 INFO [model]       3%   1871   90.1%   60.4%    21.74         [+16.5, +27.1]
2026-08-07 01:00:41,497 INFO [model]       5%   1749   84.2%   60.8%    23.41         [+18.0, +29.1]
2026-08-07 01:00:41,497 INFO [model]       8%   1533   73.8%   61.8%    27.63         [+21.4, +33.6]
2026-08-07 01:00:41,497 INFO [model]      10%   1417   68.2%   62.0%    29.63         [+23.3, +36.4]
2026-08-07 01:00:41,497 INFO [model]      15%   1123   54.1%   62.1%    34.00         [+26.7, +41.3]
2026-08-07 01:00:41,497 INFO [model] 
  Betting ladder — no_odds (calibrated, frozen thresholds):
2026-08-07 01:00:41,497 INFO [model]     Edge   Bets    Bet%    Win%     ROI%             ROI 95% CI
2026-08-07 01:00:41,497 INFO [model]   --------------------------------------------------------------
2026-08-07 01:00:41,497 INFO [model]       3%   1904   91.7%   60.3%    25.02         [+19.6, +30.5]
2026-08-07 01:00:41,497 INFO [model]       5%   1819   87.6%   60.9%    27.01         [+21.2, +32.6]
2026-08-07 01:00:41,497 INFO [model]       8%   1669   80.4%   60.7%    28.20         [+22.4, +34.4]
2026-08-07 01:00:41,497 INFO [model]      10%   1580   76.1%   60.8%    29.58         [+23.2, +35.6]
2026-08-07 01:00:41,498 INFO [model]      15%   1341   64.6%   60.7%    33.46         [+25.6, +40.6]
2026-08-07 01:00:41,498 INFO [model] 
  Betting ladder — with_odds (calibrated, frozen thresholds):
2026-08-07 01:00:41,498 INFO [model]     Edge   Bets    Bet%    Win%     ROI%             ROI 95% CI
2026-08-07 01:00:41,498 INFO [model]   --------------------------------------------------------------
2026-08-07 01:00:41,498 INFO [model]       3%   1891   91.0%   66.6%    28.63         [+23.6, +33.8]
2026-08-07 01:00:41,498 INFO [model]       5%   1790   86.2%   67.2%    28.83         [+23.6, +34.1]
2026-08-07 01:00:41,498 INFO [model]       8%   1612   77.6%   68.4%    31.77         [+26.5, +37.2]
2026-08-07 01:00:41,498 INFO [model]      10%   1495   72.0%   69.2%    34.26         [+28.6, +40.0]
2026-08-07 01:00:41,498 INFO [model]      15%   1183   57.0%   70.0%    38.74         [+32.3, +45.4]
2026-08-07 01:00:41,498 INFO [model] 
  Betting ladder — market_anchored (calibrated, frozen thresholds):
2026-08-07 01:00:41,498 INFO [model]     Edge   Bets    Bet%    Win%     ROI%             ROI 95% CI
2026-08-07 01:00:41,498 INFO [model]   --------------------------------------------------------------
2026-08-07 01:00:41,498 INFO [model]       3%   1857   89.4%   60.6%    26.21         [+20.5, +32.0]
2026-08-07 01:00:41,498 INFO [model]       5%   1710   82.3%   60.8%    27.68         [+21.8, +33.8]
2026-08-07 01:00:41,498 INFO [model]       8%   1547   74.5%   61.3%    30.04         [+23.8, +36.2]
2026-08-07 01:00:41,498 INFO [model]      10%   1414   68.1%   61.4%    32.37         [+25.7, +38.8]
2026-08-07 01:00:41,498 INFO [model]      15%   1080   52.0%   63.7%    42.77         [+34.6, +50.7]
2026-08-07 01:00:41,524 INFO [model] 
  Saved 2518 per-fight eval predictions to /Users/rafeburns/Downloads/ALocks/alocks-backend/models/ufc/h2h/eval_predictions.csv
2026-08-07 01:00:41,528 INFO [model] 
  Saved evaluation results to /Users/rafeburns/Downloads/ALocks/alocks-backend/models/ufc/h2h/eval_results.json
2026-08-07 01:00:41,528 INFO [model] 
============================================================
2026-08-07 01:00:41,528 INFO [model] Walk-forward evaluation complete.
2026-08-07 01:00:41,528 INFO [model] ============================================================
2026-08-07 01:14:29,640 INFO [model] ============================================================
2026-08-07 01:14:29,641 INFO [model] UFC Fight Winner Prediction Pipeline v6  (2026-08-07 01:14)
2026-08-07 01:14:29,641 INFO [model] ============================================================
2026-08-07 01:14:29,641 INFO [model] Loading data from database...
2026-08-07 01:14:31,875 INFO [model]   Loaded 4562 fighters
2026-08-07 01:14:35,404 INFO [model]   Loaded 22064 fight-stat rows (11080 unique fights)
2026-08-07 01:14:35,404 INFO [model]   Loading per-round stats...
2026-08-07 01:14:39,134 INFO [model]   Loaded 56822 per-round stat rows
2026-08-07 01:14:39,418 INFO [model] 
  Recomputing Glicko snapshots in memory (fixed newcomer seed)...
2026-08-07 01:14:39,418 INFO [glicko_service]   Loading fight data...
2026-08-07 01:14:40,232 INFO [glicko_service]   Loaded 11488 fights
2026-08-07 01:14:40,232 INFO [glicko_service]   Loading per-round stats...
2026-08-07 01:14:43,696 INFO [glicko_service]   Loaded rounds for 11158 fights
2026-08-07 01:14:43,697 INFO [glicko_service]   Loading per-fight derived totals...
2026-08-07 01:14:46,441 INFO [glicko_service]   Loaded 22316 derived totals rows
2026-08-07 01:14:46,718 INFO [glicko_service]   Loaded 4562 fighters
2026-08-07 01:14:46,930 INFO [glicko_service]   Computing weight class baseline rates...
2026-08-07 01:14:46,999 INFO [glicko_service]     P4P: 1 rounds, KD=0.0000, SUB=0.0000, TD=0.0000, td15s_cap=10.0, ctrl15g_cap=10.0, gnp15g_cap=10.0
2026-08-07 01:14:46,999 INFO [glicko_service]     Flyweight: 1510 rounds, KD=0.0243, SUB=0.0742, TD=0.0910, td15s_cap=25.7, ctrl15g_cap=15.0, gnp15g_cap=79.0
2026-08-07 01:14:47,000 INFO [glicko_service]     Bantamweight: 2680 rounds, KD=0.0279, SUB=0.0689, TD=0.0854, td15s_cap=25.7, ctrl15g_cap=15.0, gnp15g_cap=84.0
2026-08-07 01:14:47,000 INFO [glicko_service]     Featherweight: 3025 rounds, KD=0.0275, SUB=0.0729, TD=0.0869, td15s_cap=26.5, ctrl15g_cap=15.0, gnp15g_cap=84.9
2026-08-07 01:14:47,001 INFO [glicko_service]     Lightweight: 4541 rounds, KD=0.0268, SUB=0.0900, TD=0.0918, td15s_cap=26.0, ctrl15g_cap=15.0, gnp15g_cap=77.1
2026-08-07 01:14:47,002 INFO [glicko_service]     Welterweight: 4241 rounds, KD=0.0308, SUB=0.0749, TD=0.0846, td15s_cap=28.1, ctrl15g_cap=15.0, gnp15g_cap=76.3
2026-08-07 01:14:47,002 INFO [glicko_service]     Middleweight: 3704 rounds, KD=0.0318, SUB=0.0807, TD=0.0793, td15s_cap=25.7, ctrl15g_cap=15.0, gnp15g_cap=94.7
2026-08-07 01:14:47,003 INFO [glicko_service]     Light Heavyweight: 2288 rounds, KD=0.0349, SUB=0.0551, TD=0.0722, td15s_cap=26.5, ctrl15g_cap=15.0, gnp15g_cap=106.5
2026-08-07 01:14:47,003 INFO [glicko_service]     Heavyweight: 2461 rounds, KD=0.0343, SUB=0.0616, TD=0.0628, td15s_cap=23.1, ctrl15g_cap=15.0, gnp15g_cap=103.6
2026-08-07 01:14:47,003 INFO [glicko_service]     P4P: 1 rounds, KD=0.0000, SUB=0.0000, TD=0.0000, td15s_cap=10.0, ctrl15g_cap=10.0, gnp15g_cap=10.0
2026-08-07 01:14:47,003 INFO [glicko_service]     Strawweight: 1311 rounds, KD=0.0090, SUB=0.0511, TD=0.0716, td15s_cap=23.4, ctrl15g_cap=15.0, gnp15g_cap=65.6
2026-08-07 01:14:47,003 INFO [glicko_service]     Flyweight: 884 rounds, KD=0.0089, SUB=0.0543, TD=0.0734, td15s_cap=22.2, ctrl15g_cap=15.0, gnp15g_cap=77.4
2026-08-07 01:14:47,003 INFO [glicko_service]     Bantamweight: 897 rounds, KD=0.0110, SUB=0.0543, TD=0.0688, td15s_cap=27.3, ctrl15g_cap=15.0, gnp15g_cap=79.1
2026-08-07 01:14:48,048 INFO [glicko_service]   Processed 25794 rounds
2026-08-07 01:14:48,072 INFO [model]   Computed 21152 snapshots
2026-08-07 01:14:48,084 INFO [model] Building features...
2026-08-07 01:14:48,257 INFO [model]   Computing defensive stats...
2026-08-07 01:14:49,347 INFO [model]   Computing Elo ratings...
2026-08-07 01:14:49,815 INFO [model]   Computing resume scores...
2026-08-07 01:14:49,996 INFO [model]   Using 21152 caller-supplied Glicko snapshots
2026-08-07 01:14:51,909 INFO [model]   Added 15 Glicko features
2026-08-07 01:14:51,909 INFO [model]   Computing Elo-adjusted stats...
2026-08-07 01:14:51,911 INFO [model]   Computing rolling career averages...
2026-08-07 01:15:15,196 INFO [model]   Computing streaks and career stats...
2026-08-07 01:15:16,493 INFO [model]   Computing composite features...
2026-08-07 01:15:16,498 INFO [model]   Computing round-by-round profiles...
2026-08-07 01:15:24,813 INFO [model]   Computing pre-UFC records...
2026-08-07 01:15:24,838 INFO [model]   Computing fighter style clusters (k=6)...
2026-08-07 01:15:25,208 INFO [model]     Fit on 22064 rows, assigned 22064 fighter-fights
2026-08-07 01:15:25,208 INFO [model]     Style 0 (3476 fighter-fights): SigStr/5=32.5 TD/5=0.3 Sub/5=0.2 Ctrl/5=35.8 GndStr/5=5.4 top=ctrl_per5
2026-08-07 01:15:25,209 INFO [model]     Style 1 (10778 fighter-fights): SigStr/5=16.3 TD/5=0.5 Sub/5=0.3 Ctrl/5=44.6 GndStr/5=3.0 top=ctrl_per5
2026-08-07 01:15:25,209 INFO [model]     Style 2 (308 fighter-fights): SigStr/5=72.2 TD/5=0.7 Sub/5=0.3 Ctrl/5=59.1 GndStr/5=35.8 top=sig_str_landed_per5
2026-08-07 01:15:25,209 INFO [model]     Style 3 (3315 fighter-fights): SigStr/5=16.6 TD/5=0.5 Sub/5=0.5 Ctrl/5=49.4 GndStr/5=2.7 top=ctrl_per5
2026-08-07 01:15:25,209 INFO [model]     Style 4 (322 fighter-fights): SigStr/5=12.7 TD/5=2.4 Sub/5=4.7 Ctrl/5=61.3 GndStr/5=4.2 top=ctrl_per5
2026-08-07 01:15:25,209 INFO [model]     Style 5 (3865 fighter-fights): SigStr/5=17.0 TD/5=1.5 Sub/5=0.5 Ctrl/5=117.9 GndStr/5=7.6 top=ctrl_per5
2026-08-07 01:15:25,272 INFO [model]   Style matchup features computed expanding-in-time (6x6, 21968 fighter-fights)
2026-08-07 01:15:25,495 INFO [model]   Feature matrix shape: (22064, 294)
2026-08-07 01:15:25,510 INFO [model] Building matchup feature matrix...
2026-08-07 01:15:25,596 INFO [model]   Loading odds from database...
2026-08-07 01:15:27,203 INFO [model]   Odds matched: 2784/10984 fights (25.3%)
2026-08-07 01:15:27,223 INFO [model]   Filtered to modern era (2015+): 6295 fights (dropped 4689 pre-2015)
2026-08-07 01:15:27,224 INFO [model]   Red win rate (modern): 0.556
2026-08-07 01:15:27,233 INFO [model]   Matchup matrix: 6295 fights, 245 candidate features
2026-08-07 01:15:27,234 INFO [model]   Red win rate: 0.556
2026-08-07 01:15:27,234 INFO [model]   Date range: 2015-01-03 to 2026-08-01
2026-08-07 01:15:27,253 INFO [model] 
  Style-cluster cutoff set to eval start: 2022-05-07
2026-08-07 01:15:27,253 INFO [model] Building features...
2026-08-07 01:15:27,426 INFO [model]   Computing defensive stats...
2026-08-07 01:15:28,647 INFO [model]   Computing Elo ratings...
2026-08-07 01:15:29,098 INFO [model]   Computing resume scores...
2026-08-07 01:15:29,231 INFO [model]   Using 21152 caller-supplied Glicko snapshots
2026-08-07 01:15:31,260 INFO [model]   Added 15 Glicko features
2026-08-07 01:15:31,261 INFO [model]   Computing Elo-adjusted stats...
2026-08-07 01:15:31,262 INFO [model]   Computing rolling career averages...
2026-08-07 01:15:55,268 INFO [model]   Computing streaks and career stats...
2026-08-07 01:15:56,523 INFO [model]   Computing composite features...
2026-08-07 01:15:56,528 INFO [model]   Computing round-by-round profiles...
2026-08-07 01:16:04,454 INFO [model]   Computing pre-UFC records...
2026-08-07 01:16:04,479 INFO [model]   Computing fighter style clusters (k=6)...
2026-08-07 01:16:04,778 INFO [model]     Fit on 17010 rows, assigned 22064 fighter-fights
2026-08-07 01:16:04,778 INFO [model]     Style 0 (293 fighter-fights): SigStr/5=11.4 TD/5=2.3 Sub/5=4.9 Ctrl/5=53.6 GndStr/5=3.8 top=ctrl_per5
2026-08-07 01:16:04,778 INFO [model]     Style 1 (3733 fighter-fights): SigStr/5=16.7 TD/5=1.5 Sub/5=0.6 Ctrl/5=113.4 GndStr/5=8.0 top=ctrl_per5
2026-08-07 01:16:04,778 INFO [model]     Style 2 (4165 fighter-fights): SigStr/5=30.5 TD/5=0.3 Sub/5=0.2 Ctrl/5=33.5 GndStr/5=5.6 top=ctrl_per5
2026-08-07 01:16:04,778 INFO [model]     Style 3 (10267 fighter-fights): SigStr/5=15.1 TD/5=0.5 Sub/5=0.3 Ctrl/5=43.4 GndStr/5=3.0 top=ctrl_per5
2026-08-07 01:16:04,778 INFO [model]     Style 4 (314 fighter-fights): SigStr/5=71.8 TD/5=0.8 Sub/5=0.3 Ctrl/5=55.4 GndStr/5=35.5 top=sig_str_landed_per5
2026-08-07 01:16:04,778 INFO [model]     Style 5 (3292 fighter-fights): SigStr/5=15.3 TD/5=0.6 Sub/5=0.5 Ctrl/5=51.0 GndStr/5=3.1 top=ctrl_per5
2026-08-07 01:16:04,824 INFO [model]   Style matchup features computed expanding-in-time (6x6, 21968 fighter-fights)
2026-08-07 01:16:05,030 INFO [model]   Feature matrix shape: (22064, 294)
2026-08-07 01:16:05,050 INFO [model] Building matchup feature matrix...
2026-08-07 01:16:05,136 INFO [model]   Loading odds from database...
2026-08-07 01:16:06,715 INFO [model]   Odds matched: 2784/10984 fights (25.3%)
2026-08-07 01:16:06,732 INFO [model]   Filtered to modern era (2015+): 6295 fights (dropped 4689 pre-2015)
2026-08-07 01:16:06,732 INFO [model]   Red win rate (modern): 0.556
2026-08-07 01:16:06,741 INFO [model]   Matchup matrix: 6295 fights, 245 candidate features
2026-08-07 01:16:06,741 INFO [model]   Red win rate: 0.556
2026-08-07 01:16:06,742 INFO [model]   Date range: 2015-01-03 to 2026-08-01
2026-08-07 01:16:06,747 INFO [model] ============================================================
2026-08-07 01:16:06,748 INFO [model] WALK-FORWARD EVALUATION
2026-08-07 01:16:06,748 INFO [model] ============================================================
2026-08-07 01:16:06,757 INFO [model]   6295 fights | 8 folds over the last 40% (2518 eval fights)
2026-08-07 01:16:06,758 INFO [model]   Hyperparameters are FIXED (not tuned per fold): {'max_depth': 3, 'learning_rate': 0.037, 'max_features': 0.65, 'min_samples_leaf': 32, 'l2_regularization': 4.4, 'max_bins': 128}
2026-08-07 01:16:06,758 INFO [model]   Those values came from an Optuna search that scored on a chronological
2026-08-07 01:16:06,758 INFO [model]   20% slice overlapping this eval window, so a residual selection optimism
2026-08-07 01:16:06,758 INFO [model]   remains. It is bounded and disclosed rather than hidden.
2026-08-07 01:16:06,758 INFO [model] 
------------------------------------------------------------
2026-08-07 01:16:06,758 INFO [model] ARM: with_odds  (245 candidate features)
2026-08-07 01:16:06,758 INFO [model] ------------------------------------------------------------
2026-08-07 01:16:10,994 INFO [model]   Early stopping (chronological val, n=481): best_iter=155 val_logloss=0.6634
2026-08-07 01:16:11,411 INFO [model]   Fold 1/8  train= 3777  test= 314  (2022-05-07 → 2022-10-22)  acc=0.6019  auc=0.6444  iter=155
2026-08-07 01:16:15,796 INFO [model]   Early stopping (chronological val, n=521): best_iter=173 val_logloss=0.6557
2026-08-07 01:16:17,852 INFO [model]   Fold 2/8  train= 4091  test= 315  (2022-10-23 → 2023-05-28)  acc=0.6635  auc=0.7374  iter=173
2026-08-07 01:16:26,842 INFO [model]   Early stopping (chronological val, n=561): best_iter=331 val_logloss=0.6555
2026-08-07 01:16:27,896 INFO [model]   Fold 3/8  train= 4406  test= 315  (2023-05-28 → 2023-11-11)  acc=0.5841  auc=0.6210  iter=331
2026-08-07 01:16:33,374 INFO [model]   Early stopping (chronological val, n=601): best_iter=163 val_logloss=0.6403
2026-08-07 01:16:34,157 INFO [model]   Fold 4/8  train= 4721  test= 315  (2023-11-11 → 2024-06-08)  acc=0.6540  auc=0.6948  iter=163
2026-08-07 01:16:39,424 INFO [model]   Early stopping (chronological val, n=642): best_iter=211 val_logloss=0.6188
2026-08-07 01:16:39,916 INFO [model]   Fold 5/8  train= 5036  test= 314  (2024-06-08 → 2024-11-23)  acc=0.6656  auc=0.7342  iter=211
2026-08-07 01:16:44,495 INFO [model]   Early stopping (chronological val, n=682): best_iter=142 val_logloss=0.6274
2026-08-07 01:16:44,806 INFO [model]   Fold 6/8  train= 5350  test= 315  (2024-11-23 → 2025-07-12)  acc=0.6698  auc=0.7404  iter=142
2026-08-07 01:16:49,923 INFO [model]   Early stopping (chronological val, n=722): best_iter=114 val_logloss=0.6246
2026-08-07 01:16:50,283 INFO [model]   Fold 7/8  train= 5665  test= 315  (2025-07-12 → 2026-01-24)  acc=0.6476  auc=0.7208  iter=114
2026-08-07 01:16:55,688 INFO [model]   Early stopping (chronological val, n=762): best_iter=70 val_logloss=0.6366
2026-08-07 01:16:55,932 INFO [model]   Fold 8/8  train= 5980  test= 315  (2026-01-24 → 2026-08-01)  acc=0.6825  auc=0.7574  iter=70
2026-08-07 01:16:55,979 INFO [model]   POOLED  n=2518  acc=0.6461 [0.6279, 0.6648]  auc=0.7052  brier=0.2164 (calibrated 0.2193)
2026-08-07 01:16:55,979 INFO [model] 
------------------------------------------------------------
2026-08-07 01:16:55,979 INFO [model] ARM: no_odds  (238 candidate features)
2026-08-07 01:16:55,979 INFO [model] ------------------------------------------------------------
2026-08-07 01:16:59,951 INFO [model]   Early stopping (chronological val, n=481): best_iter=138 val_logloss=0.6640
2026-08-07 01:17:00,283 INFO [model]     MarketAnchor: b=0.324 c=+0.035 on 400 priced rows (trusting 32% of disagreement)
2026-08-07 01:17:00,285 INFO [model]   Fold 1/8  train= 3777  test= 314  (2022-05-07 → 2022-10-22)  acc=0.6051  auc=0.6237  iter=138
2026-08-07 01:17:03,974 INFO [model]   Early stopping (chronological val, n=521): best_iter=288 val_logloss=0.6669
2026-08-07 01:17:04,567 INFO [model]     MarketAnchor: b=0.238 c=+0.087 on 468 priced rows (trusting 24% of disagreement)
2026-08-07 01:17:04,569 INFO [model]   Fold 2/8  train= 4091  test= 315  (2022-10-23 → 2023-05-28)  acc=0.6127  auc=0.6743  iter=288
2026-08-07 01:17:08,293 INFO [model]   Early stopping (chronological val, n=561): best_iter=186 val_logloss=0.6707
2026-08-07 01:17:08,856 INFO [model]     MarketAnchor: b=0.268 c=+0.068 on 532 priced rows (trusting 27% of disagreement)
2026-08-07 01:17:08,859 INFO [model]   Fold 3/8  train= 4406  test= 315  (2023-05-28 → 2023-11-11)  acc=0.5333  auc=0.5644  iter=186
2026-08-07 01:17:12,747 INFO [model]   Early stopping (chronological val, n=601): best_iter=138 val_logloss=0.6561
2026-08-07 01:17:13,041 INFO [model]     MarketAnchor: b=0.204 c=+0.088 on 580 priced rows (trusting 20% of disagreement)
2026-08-07 01:17:13,043 INFO [model]   Fold 4/8  train= 4721  test= 315  (2023-11-11 → 2024-06-08)  acc=0.5937  auc=0.6257  iter=138
2026-08-07 01:17:16,947 INFO [model]   Early stopping (chronological val, n=642): best_iter=110 val_logloss=0.6506
2026-08-07 01:17:17,208 INFO [model]     MarketAnchor: b=0.077 c=+0.053 on 624 priced rows (trusting 8% of disagreement)
2026-08-07 01:17:17,210 INFO [model]   Fold 5/8  train= 5036  test= 314  (2024-06-08 → 2024-11-23)  acc=0.6561  auc=0.6933  iter=110
2026-08-07 01:17:22,495 INFO [model]   Early stopping (chronological val, n=682): best_iter=287 val_logloss=0.6563
2026-08-07 01:17:23,317 INFO [model]     MarketAnchor: b=0.223 c=+0.058 on 661 priced rows (trusting 22% of disagreement)
2026-08-07 01:17:23,320 INFO [model]   Fold 6/8  train= 5350  test= 315  (2024-11-23 → 2025-07-12)  acc=0.6095  auc=0.6505  iter=287
2026-08-07 01:17:28,408 INFO [model]   Early stopping (chronological val, n=722): best_iter=85 val_logloss=0.6575
2026-08-07 01:17:28,681 INFO [model]     MarketAnchor: b=0.107 c=+0.091 on 722 priced rows (trusting 11% of disagreement)
2026-08-07 01:17:28,684 INFO [model]   Fold 7/8  train= 5665  test= 315  (2025-07-12 → 2026-01-24)  acc=0.6381  auc=0.6847  iter=85
2026-08-07 01:17:34,875 INFO [model]   Early stopping (chronological val, n=762): best_iter=122 val_logloss=0.6623
2026-08-07 01:17:35,431 INFO [model]     MarketAnchor: b=0.218 c=+0.095 on 762 priced rows (trusting 22% of disagreement)
2026-08-07 01:17:35,438 INFO [model]   Fold 8/8  train= 5980  test= 315  (2026-01-24 → 2026-08-01)  acc=0.6413  auc=0.7085  iter=122
2026-08-07 01:17:35,494 INFO [model]   POOLED  n=2518  acc=0.6112 [0.5929, 0.6299]  auc=0.6526  brier=0.2309 (calibrated 0.2334)
2026-08-07 01:17:35,494 INFO [model] 
------------------------------------------------------------
2026-08-07 01:17:35,494 INFO [model] ARM: no_odds_no_glicko  (193 candidate features)
2026-08-07 01:17:35,494 INFO [model] ------------------------------------------------------------
2026-08-07 01:17:39,362 INFO [model]   Early stopping (chronological val, n=481): best_iter=84 val_logloss=0.6736
2026-08-07 01:17:39,622 INFO [model]   Fold 1/8  train= 3777  test= 314  (2022-05-07 → 2022-10-22)  acc=0.5987  auc=0.6265  iter=84
2026-08-07 01:17:43,889 INFO [model]   Early stopping (chronological val, n=521): best_iter=109 val_logloss=0.6684
2026-08-07 01:17:44,229 INFO [model]   Fold 2/8  train= 4091  test= 315  (2022-10-23 → 2023-05-28)  acc=0.6286  auc=0.6883  iter=109
2026-08-07 01:17:48,414 INFO [model]   Early stopping (chronological val, n=561): best_iter=161 val_logloss=0.6768
2026-08-07 01:17:49,083 INFO [model]   Fold 3/8  train= 4406  test= 315  (2023-05-28 → 2023-11-11)  acc=0.5460  auc=0.5823  iter=161
2026-08-07 01:17:53,543 INFO [model]   Early stopping (chronological val, n=601): best_iter=185 val_logloss=0.6604
2026-08-07 01:17:53,928 INFO [model]   Fold 4/8  train= 4721  test= 315  (2023-11-11 → 2024-06-08)  acc=0.5714  auc=0.5981  iter=185
2026-08-07 01:17:58,103 INFO [model]   Early stopping (chronological val, n=642): best_iter=229 val_logloss=0.6440
2026-08-07 01:17:58,691 INFO [model]   Fold 5/8  train= 5036  test= 314  (2024-06-08 → 2024-11-23)  acc=0.6561  auc=0.6975  iter=229
2026-08-07 01:18:04,120 INFO [model]   Early stopping (chronological val, n=682): best_iter=559 val_logloss=0.6517
2026-08-07 01:18:05,636 INFO [model]   Fold 6/8  train= 5350  test= 315  (2024-11-23 → 2025-07-12)  acc=0.6190  auc=0.6427  iter=559
2026-08-07 01:18:12,101 INFO [model]   Early stopping (chronological val, n=722): best_iter=118 val_logloss=0.6575
2026-08-07 01:18:12,822 INFO [model]   Fold 7/8  train= 5665  test= 315  (2025-07-12 → 2026-01-24)  acc=0.6032  auc=0.6728  iter=118
2026-08-07 01:18:20,116 INFO [model]   Early stopping (chronological val, n=762): best_iter=115 val_logloss=0.6674
2026-08-07 01:18:20,787 INFO [model]   Fold 8/8  train= 5980  test= 315  (2026-01-24 → 2026-08-01)  acc=0.6254  auc=0.7073  iter=115
2026-08-07 01:18:20,838 INFO [model]   POOLED  n=2518  acc=0.6060 [0.5866, 0.6251]  auc=0.6526  brier=0.2318 (calibrated 0.2330)
2026-08-07 01:18:20,883 INFO [model] 
------------------------------------------------------------
2026-08-07 01:18:20,884 INFO [model] MARKET-ANCHORED ARM  (base = no_odds)
2026-08-07 01:18:20,884 INFO [model] ------------------------------------------------------------
2026-08-07 01:18:20,884 INFO [model]   b = fraction of the model's disagreement with the line that is trusted
2026-08-07 01:18:20,884 INFO [model]    Fold        b        c   n_fit
2026-08-07 01:18:20,884 INFO [model]   --------------------------------
2026-08-07 01:18:20,884 INFO [model]       1    0.324   +0.035     400
2026-08-07 01:18:20,884 INFO [model]       2    0.238   +0.087     468
2026-08-07 01:18:20,884 INFO [model]       3    0.268   +0.068     532
2026-08-07 01:18:20,884 INFO [model]       4    0.204   +0.088     580
2026-08-07 01:18:20,884 INFO [model]       5    0.077   +0.053     624
2026-08-07 01:18:20,884 INFO [model]       6    0.223   +0.058     661
2026-08-07 01:18:20,884 INFO [model]       7    0.107   +0.091     722
2026-08-07 01:18:20,884 INFO [model]       8    0.218   +0.095     762
2026-08-07 01:18:20,884 INFO [model]   mean b = 0.207
2026-08-07 01:18:20,884 INFO [model] 
------------------------------------------------------------
2026-08-07 01:18:20,884 INFO [model] MARKET COMPARISON (fights with odds)
2026-08-07 01:18:20,884 INFO [model] ------------------------------------------------------------
2026-08-07 01:18:20,931 INFO [model]   Eval fights with odds: 2077 (2022-05-07 → 2026-07-25)
2026-08-07 01:18:20,931 INFO [model]   Average vig: 0.000
2026-08-07 01:18:20,931 INFO [model] 
  Arm                       Acc             95% CI      AUC    Brier
2026-08-07 01:18:20,931 INFO [model]   ------------------------------------------------------------------
2026-08-07 01:18:20,931 INFO [model]   market only            0.6769     [0.657, 0.697]        —   0.2050
2026-08-07 01:18:21,090 INFO [model]   no_odds_no_glicko      0.6134     [0.592, 0.634]   0.6612   0.2302
2026-08-07 01:18:21,227 INFO [model]   no_odds                0.6211     [0.599, 0.642]   0.6656   0.2282
2026-08-07 01:18:21,344 INFO [model]   with_odds              0.6663     [0.646, 0.686]   0.7247   0.2103
2026-08-07 01:18:21,424 INFO [model]   market_anchored        0.6803     [0.660, 0.700]   0.7382   0.2063
2026-08-07 01:18:21,425 INFO [model] 
  Arm                    Acc − market         95% CI of diff   Beats mkt?
2026-08-07 01:18:21,425 INFO [model]   ------------------------------------------------------------------------
2026-08-07 01:18:21,425 INFO [model]   no_odds_no_glicko           -0.0636     [-0.0867, -0.0400]           no
2026-08-07 01:18:21,425 INFO [model]   no_odds                     -0.0558     [-0.0775, -0.0337]           no
2026-08-07 01:18:21,425 INFO [model]   with_odds                   -0.0106     [-0.0255, +0.0043]           no
2026-08-07 01:18:21,425 INFO [model]   market_anchored             +0.0034     [-0.0058, +0.0125]           no
2026-08-07 01:18:21,425 INFO [model] 
  Betting ladder — no_odds_no_glicko (calibrated, frozen thresholds):
2026-08-07 01:18:21,425 INFO [model]     Edge   Bets    Bet%    Win%     ROI%             ROI 95% CI
2026-08-07 01:18:21,425 INFO [model]   --------------------------------------------------------------
2026-08-07 01:18:21,425 INFO [model]       3%   1776   85.5%   38.9%    -6.63          [-12.5, -0.7]
2026-08-07 01:18:21,425 INFO [model]       5%   1583   76.2%   37.7%    -8.17          [-14.5, -1.5]
2026-08-07 01:18:21,425 INFO [model]       8%   1282   61.7%   36.0%    -9.32          [-16.6, -1.7]
2026-08-07 01:18:21,425 INFO [model]      10%   1106   53.2%   36.0%    -7.79          [-15.6, +0.2]
2026-08-07 01:18:21,425 INFO [model]      15%    713   34.3%   34.9%    -9.18          [-19.5, +1.1]
2026-08-07 01:18:21,425 INFO [model] 
  Betting ladder — no_odds (calibrated, frozen thresholds):
2026-08-07 01:18:21,425 INFO [model]     Edge   Bets    Bet%    Win%     ROI%             ROI 95% CI
2026-08-07 01:18:21,425 INFO [model]   --------------------------------------------------------------
2026-08-07 01:18:21,425 INFO [model]       3%   1766   85.0%   39.6%    -5.85          [-12.1, +0.6]
2026-08-07 01:18:21,425 INFO [model]       5%   1564   75.3%   38.7%    -7.80          [-14.1, -1.5]
2026-08-07 01:18:21,425 INFO [model]       8%   1245   59.9%   36.3%   -10.56          [-17.7, -3.2]
2026-08-07 01:18:21,425 INFO [model]      10%   1087   52.3%   35.1%   -11.33          [-18.8, -3.4]
2026-08-07 01:18:21,425 INFO [model]      15%    703   33.8%   33.7%   -10.65          [-20.4, -0.7]
2026-08-07 01:18:21,425 INFO [model] 
  Betting ladder — with_odds (calibrated, frozen thresholds):
2026-08-07 01:18:21,425 INFO [model]     Edge   Bets    Bet%    Win%     ROI%             ROI 95% CI
2026-08-07 01:18:21,425 INFO [model]   --------------------------------------------------------------
2026-08-07 01:18:21,425 INFO [model]       3%   1523   73.3%   52.6%    -5.72          [-10.7, -0.4]
2026-08-07 01:18:21,425 INFO [model]       5%   1226   59.0%   53.6%    -4.30          [-10.3, +1.6]
2026-08-07 01:18:21,426 INFO [model]       8%    824   39.7%   52.1%    -7.56          [-14.2, -0.8]
2026-08-07 01:18:21,426 INFO [model]      10%    574   27.6%   51.7%    -9.11          [-17.2, -0.8]
2026-08-07 01:18:21,426 INFO [model]      15%    219   10.5%   48.9%   -12.54          [-25.7, +1.0]
2026-08-07 01:18:21,426 INFO [model] 
  Betting ladder — market_anchored (calibrated, frozen thresholds):
2026-08-07 01:18:21,426 INFO [model]     Edge   Bets    Bet%    Win%     ROI%             ROI 95% CI
2026-08-07 01:18:21,426 INFO [model]   --------------------------------------------------------------
2026-08-07 01:18:21,426 INFO [model]       3%    791   38.1%   39.7%    -9.14          [-17.7, +0.2]
2026-08-07 01:18:21,426 INFO [model]       5%    361   17.4%   42.1%    -5.22          [-18.0, +7.8]
2026-08-07 01:18:21,426 INFO [model]       8%     95    4.6%   37.9%   -17.41          [-39.9, +5.7]
2026-08-07 01:18:21,426 INFO [model]      10%     24    1.2%   41.7%   -25.76         [-63.8, +16.2]
2026-08-07 01:18:21,426 INFO [model]      15%      8    0.4%   62.5%    -0.31                    n/a
2026-08-07 01:18:21,462 INFO [model] 
  Saved 2518 per-fight eval predictions to /Users/rafeburns/Downloads/ALocks/alocks-backend/models/ufc/h2h/eval_predictions.csv
2026-08-07 01:18:21,468 INFO [model] 
  Saved evaluation results to /Users/rafeburns/Downloads/ALocks/alocks-backend/models/ufc/h2h/eval_results.json
2026-08-07 01:18:21,468 INFO [model] 
============================================================
2026-08-07 01:18:21,468 INFO [model] Walk-forward evaluation complete.
2026-08-07 01:18:21,468 INFO [model] ============================================================
2026-08-09 21:38:58,489 INFO [model] ============================================================
2026-08-09 21:38:58,491 INFO [model] UFC Fight Winner Prediction Pipeline v6  (2026-08-09 21:38)
2026-08-09 21:38:58,491 INFO [model] ============================================================
2026-08-09 21:38:58,491 INFO [model] Loading data from database...
2026-08-09 21:39:01,240 INFO [model]   Loaded 4564 fighters
2026-08-09 21:39:31,024 INFO [model]   Loaded 22084 fight-stat rows (11090 unique fights)
2026-08-09 21:39:31,025 INFO [model]   Loading per-round stats...
2026-08-09 21:39:59,040 INFO [model]   Loaded 57328 per-round stat rows
2026-08-09 21:39:59,202 INFO [model] 
  Recomputing Glicko snapshots in memory (fixed newcomer seed)...
2026-08-09 21:39:59,203 INFO [glicko_service]   Loading fight data...
2026-08-09 21:40:02,031 INFO [glicko_service]   Loaded 11499 fights
2026-08-09 21:40:02,031 INFO [glicko_service]   Loading per-round stats...
2026-08-09 21:40:29,300 INFO [glicko_service]   Loaded rounds for 11169 fights
2026-08-09 21:40:29,301 INFO [glicko_service]   Loading per-fight derived totals...
2026-08-09 21:40:50,697 INFO [glicko_service]   Loaded 22338 derived totals rows
2026-08-09 21:40:51,544 INFO [glicko_service]   Loaded 4564 fighters
2026-08-09 21:40:51,831 INFO [glicko_service]   Computing weight class baseline rates...
2026-08-09 21:40:51,923 INFO [glicko_service]     P4P: 1 rounds, KD=0.0000, SUB=0.0000, TD=0.0000, td15s_cap=10.0, ctrl15g_cap=10.0, gnp15g_cap=10.0
2026-08-09 21:40:51,923 INFO [glicko_service]     Flyweight: 1579 rounds, KD=0.0232, SUB=0.0709, TD=0.0870, td15s_cap=25.7, ctrl15g_cap=15.0, gnp15g_cap=79.0
2026-08-09 21:40:51,924 INFO [glicko_service]     Bantamweight: 2703 rounds, KD=0.0277, SUB=0.0683, TD=0.0846, td15s_cap=25.7, ctrl15g_cap=15.0, gnp15g_cap=84.0
2026-08-09 21:40:51,925 INFO [glicko_service]     Featherweight: 3071 rounds, KD=0.0272, SUB=0.0718, TD=0.0856, td15s_cap=26.5, ctrl15g_cap=15.0, gnp15g_cap=84.9
2026-08-09 21:40:51,926 INFO [glicko_service]     Lightweight: 4541 rounds, KD=0.0268, SUB=0.0901, TD=0.0919, td15s_cap=25.7, ctrl15g_cap=15.0, gnp15g_cap=77.0
2026-08-09 21:40:51,927 INFO [glicko_service]     Welterweight: 4264 rounds, KD=0.0307, SUB=0.0745, TD=0.0842, td15s_cap=28.1, ctrl15g_cap=15.0, gnp15g_cap=76.4
2026-08-09 21:40:51,928 INFO [glicko_service]     Middleweight: 3727 rounds, KD=0.0316, SUB=0.0802, TD=0.0788, td15s_cap=25.7, ctrl15g_cap=15.0, gnp15g_cap=94.7
2026-08-09 21:40:51,929 INFO [glicko_service]     Light Heavyweight: 2288 rounds, KD=0.0350, SUB=0.0551, TD=0.0722, td15s_cap=26.3, ctrl15g_cap=15.0, gnp15g_cap=106.5
2026-08-09 21:40:51,929 INFO [glicko_service]     Heavyweight: 2484 rounds, KD=0.0342, SUB=0.0612, TD=0.0623, td15s_cap=23.1, ctrl15g_cap=15.0, gnp15g_cap=103.6
2026-08-09 21:40:51,929 INFO [glicko_service]     P4P: 1 rounds, KD=0.0000, SUB=0.0000, TD=0.0000, td15s_cap=10.0, ctrl15g_cap=10.0, gnp15g_cap=10.0
2026-08-09 21:40:51,930 INFO [glicko_service]     Strawweight: 1311 rounds, KD=0.0090, SUB=0.0511, TD=0.0718, td15s_cap=23.4, ctrl15g_cap=15.0, gnp15g_cap=64.7
2026-08-09 21:40:51,930 INFO [glicko_service]     Flyweight: 930 rounds, KD=0.0084, SUB=0.0519, TD=0.0700, td15s_cap=22.2, ctrl15g_cap=15.0, gnp15g_cap=77.1
2026-08-09 21:40:51,930 INFO [glicko_service]     Bantamweight: 897 rounds, KD=0.0110, SUB=0.0543, TD=0.0688, td15s_cap=27.3, ctrl15g_cap=15.0, gnp15g_cap=79.1
2026-08-09 21:40:53,487 INFO [glicko_service]   Processed 26024 rounds
2026-08-09 21:40:53,515 INFO [model]   Computed 21172 snapshots
2026-08-09 21:40:53,529 INFO [model] Building features...
2026-08-09 21:40:53,917 INFO [model]   Computing defensive stats...
2026-08-09 21:40:55,810 INFO [model]   Computing Elo ratings...
2026-08-09 21:40:56,541 INFO [model]   Computing resume scores...
2026-08-09 21:40:56,759 INFO [model]   Using 21172 caller-supplied Glicko snapshots
2026-08-09 21:40:59,572 INFO [model]   Added 15 Glicko features
2026-08-09 21:40:59,572 INFO [model]   Computing Elo-adjusted stats...
2026-08-09 21:40:59,574 INFO [model]   Computing rolling career averages...
2026-08-09 21:41:36,351 INFO [model]   Computing streaks and career stats...
2026-08-09 21:41:38,366 INFO [model]   Computing composite features...
2026-08-09 21:41:38,373 INFO [model]   Computing round-by-round profiles...
2026-08-09 21:41:50,812 INFO [model]   Computing age curve features...
2026-08-09 21:41:50,816 INFO [model]   Computing damage accumulation...
2026-08-09 21:41:52,730 INFO [model]   Computing weight-class movement...
2026-08-09 21:41:53,039 INFO [model]   Computing pre-UFC records...
2026-08-09 21:41:53,075 INFO [model]   Computing age-relative performance residuals...
2026-08-09 21:41:53,215 INFO [model]   Computing fighter style clusters (k=6)...
2026-08-09 21:41:53,716 INFO [model]     Fit on 22084 rows, assigned 22084 fighter-fights
2026-08-09 21:41:53,718 INFO [model]     Style 0 (10765 fighter-fights): SigStr/5=16.4 TD/5=0.5 Sub/5=0.3 Ctrl/5=44.3 GndStr/5=3.0 top=ctrl_per5
2026-08-09 21:41:53,718 INFO [model]     Style 1 (3333 fighter-fights): SigStr/5=16.7 TD/5=0.5 Sub/5=0.5 Ctrl/5=49.3 GndStr/5=2.7 top=ctrl_per5
2026-08-09 21:41:53,718 INFO [model]     Style 2 (3449 fighter-fights): SigStr/5=32.7 TD/5=0.3 Sub/5=0.2 Ctrl/5=36.0 GndStr/5=5.5 top=ctrl_per5
2026-08-09 21:41:53,719 INFO [model]     Style 3 (346 fighter-fights): SigStr/5=12.5 TD/5=2.2 Sub/5=4.5 Ctrl/5=61.5 GndStr/5=4.2 top=ctrl_per5
2026-08-09 21:41:53,719 INFO [model]     Style 4 (296 fighter-fights): SigStr/5=74.2 TD/5=0.9 Sub/5=0.3 Ctrl/5=57.5 GndStr/5=38.4 top=sig_str_landed_per5
2026-08-09 21:41:53,719 INFO [model]     Style 5 (3895 fighter-fights): SigStr/5=17.0 TD/5=1.5 Sub/5=0.5 Ctrl/5=118.0 GndStr/5=7.5 top=ctrl_per5
2026-08-09 21:41:53,954 INFO [model]   Style matchup features computed expanding-in-time (6x6, 21988 fighter-fights)
2026-08-09 21:41:54,292 INFO [model]   Feature matrix shape: (22084, 330)
2026-08-09 21:41:54,311 INFO [model] Building matchup feature matrix...
2026-08-09 21:41:54,451 INFO [model]   Loading odds from database...
2026-08-09 21:41:56,716 INFO [model]   Odds matched: 2790/10994 fights (25.4%)
2026-08-09 21:41:56,744 INFO [model]   Filtered to modern era (2015+): 6305 fights (dropped 4689 pre-2015)
2026-08-09 21:41:56,745 INFO [model]   Red win rate (modern): 0.557
2026-08-09 21:41:56,760 INFO [model]   Matchup matrix: 6305 fights, 280 candidate features
2026-08-09 21:41:56,760 INFO [model]   Red win rate: 0.557
2026-08-09 21:41:56,761 INFO [model]   Date range: 2015-01-03 to 2026-08-08
2026-08-09 21:41:56,787 INFO [model] 
  Style-cluster cutoff set to eval start: 2022-05-07
2026-08-09 21:41:56,788 INFO [model] Building features...
2026-08-09 21:41:57,172 INFO [model]   Computing defensive stats...
2026-08-09 21:41:59,222 INFO [model]   Computing Elo ratings...
2026-08-09 21:41:59,948 INFO [model]   Computing resume scores...
2026-08-09 21:42:00,213 INFO [model]   Using 21172 caller-supplied Glicko snapshots
2026-08-09 21:42:03,002 INFO [model]   Added 15 Glicko features
2026-08-09 21:42:03,002 INFO [model]   Computing Elo-adjusted stats...
2026-08-09 21:42:03,004 INFO [model]   Computing rolling career averages...
2026-08-09 21:42:38,506 INFO [model]   Computing streaks and career stats...
2026-08-09 21:42:40,448 INFO [model]   Computing composite features...
2026-08-09 21:42:40,455 INFO [model]   Computing round-by-round profiles...
2026-08-09 21:42:52,951 INFO [model]   Computing age curve features...
2026-08-09 21:42:52,956 INFO [model]   Computing damage accumulation...
2026-08-09 21:42:54,952 INFO [model]   Computing weight-class movement...
2026-08-09 21:42:55,257 INFO [model]   Computing pre-UFC records...
2026-08-09 21:42:55,294 INFO [model]   Computing age-relative performance residuals...
2026-08-09 21:42:55,436 INFO [model]   Computing fighter style clusters (k=6)...
2026-08-09 21:42:55,767 INFO [model]     Fit on 17010 rows, assigned 22084 fighter-fights
2026-08-09 21:42:55,767 INFO [model]     Style 0 (3298 fighter-fights): SigStr/5=15.3 TD/5=0.6 Sub/5=0.5 Ctrl/5=50.7 GndStr/5=3.1 top=ctrl_per5
2026-08-09 21:42:55,768 INFO [model]     Style 1 (10240 fighter-fights): SigStr/5=15.1 TD/5=0.5 Sub/5=0.3 Ctrl/5=43.3 GndStr/5=3.1 top=ctrl_per5
2026-08-09 21:42:55,768 INFO [model]     Style 2 (317 fighter-fights): SigStr/5=72.7 TD/5=1.0 Sub/5=0.3 Ctrl/5=54.1 GndStr/5=37.1 top=sig_str_landed_per5
2026-08-09 21:42:55,768 INFO [model]     Style 3 (291 fighter-fights): SigStr/5=11.6 TD/5=2.3 Sub/5=4.9 Ctrl/5=56.1 GndStr/5=3.9 top=ctrl_per5
2026-08-09 21:42:55,768 INFO [model]     Style 4 (3744 fighter-fights): SigStr/5=16.6 TD/5=1.5 Sub/5=0.6 Ctrl/5=113.9 GndStr/5=7.9 top=ctrl_per5
2026-08-09 21:42:55,768 INFO [model]     Style 5 (4194 fighter-fights): SigStr/5=30.5 TD/5=0.3 Sub/5=0.2 Ctrl/5=33.4 GndStr/5=5.6 top=ctrl_per5
2026-08-09 21:42:55,898 INFO [model]   Style matchup features computed expanding-in-time (6x6, 21988 fighter-fights)
2026-08-09 21:42:56,283 INFO [model]   Feature matrix shape: (22084, 330)
2026-08-09 21:42:56,307 INFO [model] Building matchup feature matrix...
2026-08-09 21:42:56,446 INFO [model]   Loading odds from database...
2026-08-09 21:42:58,698 INFO [model]   Odds matched: 2790/10994 fights (25.4%)
2026-08-09 21:42:58,727 INFO [model]   Filtered to modern era (2015+): 6305 fights (dropped 4689 pre-2015)
2026-08-09 21:42:58,727 INFO [model]   Red win rate (modern): 0.557
2026-08-09 21:42:58,742 INFO [model]   Matchup matrix: 6305 fights, 280 candidate features
2026-08-09 21:42:58,743 INFO [model]   Red win rate: 0.557
2026-08-09 21:42:58,744 INFO [model]   Date range: 2015-01-03 to 2026-08-08
2026-08-09 21:42:58,750 INFO [model] ============================================================
2026-08-09 21:42:58,750 INFO [model] WALK-FORWARD EVALUATION
2026-08-09 21:42:58,750 INFO [model] ============================================================
2026-08-09 21:42:58,766 INFO [model]   6305 fights | 8 folds over the last 40% (2522 eval fights)
2026-08-09 21:42:58,766 INFO [model]   Hyperparameters are FIXED (not tuned per fold): {'max_depth': 3, 'learning_rate': 0.037, 'max_features': 0.65, 'min_samples_leaf': 32, 'l2_regularization': 4.4, 'max_bins': 128}
2026-08-09 21:42:58,766 INFO [model]   Those values came from an Optuna search that scored on a chronological
2026-08-09 21:42:58,766 INFO [model]   20% slice overlapping this eval window, so a residual selection optimism
2026-08-09 21:42:58,766 INFO [model]   remains. It is bounded and disclosed rather than hidden.
2026-08-09 21:42:58,766 INFO [model] 
------------------------------------------------------------
2026-08-09 21:42:58,766 INFO [model] ARM: with_odds  (280 candidate features)
2026-08-09 21:42:58,766 INFO [model] ------------------------------------------------------------
2026-08-09 21:43:03,970 INFO [model]   Early stopping (chronological val, n=482): best_iter=58 val_logloss=0.6712
2026-08-09 21:43:04,181 INFO [model]   Fold 1/8  train= 3783  test= 315  (2022-05-07 → 2022-10-23)  acc=0.6444  auc=0.6649  iter=58
2026-08-09 21:43:09,461 INFO [model]   Early stopping (chronological val, n=522): best_iter=125 val_logloss=0.6632
2026-08-09 21:43:09,769 INFO [model]   Fold 2/8  train= 4098  test= 315  (2022-10-23 → 2023-06-03)  acc=0.6127  auc=0.7097  iter=125
2026-08-09 21:43:15,769 INFO [model]   Early stopping (chronological val, n=562): best_iter=208 val_logloss=0.6454
2026-08-09 21:43:16,293 INFO [model]   Fold 3/8  train= 4413  test= 315  (2023-06-03 → 2023-11-11)  acc=0.6063  auc=0.6248  iter=208
2026-08-09 21:43:22,318 INFO [model]   Early stopping (chronological val, n=602): best_iter=225 val_logloss=0.6372
2026-08-09 21:43:22,839 INFO [model]   Fold 4/8  train= 4728  test= 316  (2023-11-11 → 2024-06-15)  acc=0.6519  auc=0.6924  iter=225
2026-08-09 21:43:29,433 INFO [model]   Early stopping (chronological val, n=643): best_iter=284 val_logloss=0.6182
2026-08-09 21:43:30,108 INFO [model]   Fold 5/8  train= 5044  test= 315  (2024-06-15 → 2024-12-07)  acc=0.6984  auc=0.7512  iter=284
2026-08-09 21:43:37,177 INFO [model]   Early stopping (chronological val, n=683): best_iter=168 val_logloss=0.6245
2026-08-09 21:43:37,598 INFO [model]   Fold 6/8  train= 5359  test= 315  (2024-12-07 → 2025-07-19)  acc=0.6730  auc=0.7376  iter=168
2026-08-09 21:43:44,581 INFO [model]   Early stopping (chronological val, n=723): best_iter=176 val_logloss=0.6241
2026-08-09 21:43:45,039 INFO [model]   Fold 7/8  train= 5674  test= 315  (2025-07-19 → 2026-01-24)  acc=0.6413  auc=0.7153  iter=176
2026-08-09 21:43:52,310 INFO [model]   Early stopping (chronological val, n=763): best_iter=122 val_logloss=0.6384
2026-08-09 21:43:52,643 INFO [model]   Fold 8/8  train= 5989  test= 316  (2026-01-31 → 2026-08-08)  acc=0.6962  auc=0.7542  iter=122
2026-08-09 21:43:52,714 INFO [model]   POOLED  n=2522  acc=0.6531 [0.6340, 0.6725]  auc=0.7061  brier=0.2163 (calibrated 0.2185)
2026-08-09 21:43:52,714 INFO [model] 
------------------------------------------------------------
2026-08-09 21:43:52,714 INFO [model] ARM: no_odds  (273 candidate features)
2026-08-09 21:43:52,714 INFO [model] ------------------------------------------------------------
2026-08-09 21:43:58,025 INFO [model]   Early stopping (chronological val, n=482): best_iter=57 val_logloss=0.6722
2026-08-09 21:43:58,177 INFO [model]     MarketAnchor: b=0.335 c=+0.047 on 400 priced rows (trusting 34% of disagreement)
2026-08-09 21:43:58,183 INFO [model]   Fold 1/8  train= 3783  test= 315  (2022-05-07 → 2022-10-23)  acc=0.6095  auc=0.6463  iter=57
2026-08-09 21:44:03,484 INFO [model]   Early stopping (chronological val, n=522): best_iter=145 val_logloss=0.6752
2026-08-09 21:44:03,820 INFO [model]     MarketAnchor: b=0.300 c=+0.091 on 465 priced rows (trusting 30% of disagreement)
2026-08-09 21:44:03,826 INFO [model]   Fold 2/8  train= 4098  test= 315  (2022-10-23 → 2023-06-03)  acc=0.5778  auc=0.6404  iter=145
2026-08-09 21:44:09,850 INFO [model]   Early stopping (chronological val, n=562): best_iter=169 val_logloss=0.6671
2026-08-09 21:44:10,229 INFO [model]     MarketAnchor: b=0.287 c=+0.078 on 529 priced rows (trusting 29% of disagreement)
2026-08-09 21:44:10,234 INFO [model]   Fold 3/8  train= 4413  test= 315  (2023-06-03 → 2023-11-11)  acc=0.5365  auc=0.5644  iter=169
2026-08-09 21:44:15,927 INFO [model]   Early stopping (chronological val, n=602): best_iter=75 val_logloss=0.6656
2026-08-09 21:44:16,153 INFO [model]     MarketAnchor: b=0.160 c=+0.090 on 586 priced rows (trusting 16% of disagreement)
2026-08-09 21:44:16,160 INFO [model]   Fold 4/8  train= 4728  test= 316  (2023-11-11 → 2024-06-15)  acc=0.6108  auc=0.6216  iter=75
2026-08-09 21:44:22,774 INFO [model]   Early stopping (chronological val, n=643): best_iter=353 val_logloss=0.6448
2026-08-09 21:44:23,838 INFO [model]     MarketAnchor: b=0.196 c=+0.027 on 625 priced rows (trusting 20% of disagreement)
2026-08-09 21:44:23,845 INFO [model]   Fold 5/8  train= 5044  test= 315  (2024-06-15 → 2024-12-07)  acc=0.6762  auc=0.7222  iter=353
2026-08-09 21:44:32,457 INFO [model]   Early stopping (chronological val, n=683): best_iter=385 val_logloss=0.6569
2026-08-09 21:44:33,338 INFO [model]     MarketAnchor: b=0.187 c=+0.047 on 664 priced rows (trusting 19% of disagreement)
2026-08-09 21:44:33,344 INFO [model]   Fold 6/8  train= 5359  test= 315  (2024-12-07 → 2025-07-19)  acc=0.6159  auc=0.6422  iter=385
2026-08-09 21:44:40,137 INFO [model]   Early stopping (chronological val, n=723): best_iter=168 val_logloss=0.6594
2026-08-09 21:44:40,595 INFO [model]     MarketAnchor: b=0.050 c=+0.093 on 724 priced rows (trusting 5% of disagreement)
2026-08-09 21:44:40,600 INFO [model]   Fold 7/8  train= 5674  test= 315  (2025-07-19 → 2026-01-24)  acc=0.6063  auc=0.6628  iter=168
2026-08-09 21:44:47,980 INFO [model]   Early stopping (chronological val, n=763): best_iter=137 val_logloss=0.6669
2026-08-09 21:44:48,500 INFO [model]     MarketAnchor: b=0.198 c=+0.099 on 765 priced rows (trusting 20% of disagreement)
2026-08-09 21:44:48,505 INFO [model]   Fold 8/8  train= 5989  test= 316  (2026-01-31 → 2026-08-08)  acc=0.6456  auc=0.7003  iter=137
2026-08-09 21:44:48,584 INFO [model]   POOLED  n=2522  acc=0.6098 [0.5908, 0.6289]  auc=0.6516  brier=0.2318 (calibrated 0.2351)
2026-08-09 21:44:48,585 INFO [model] 
------------------------------------------------------------
2026-08-09 21:44:48,585 INFO [model] ARM: no_odds_no_glicko  (228 candidate features)
2026-08-09 21:44:48,585 INFO [model] ------------------------------------------------------------
2026-08-09 21:44:53,380 INFO [model]   Early stopping (chronological val, n=482): best_iter=92 val_logloss=0.6647
2026-08-09 21:44:53,607 INFO [model]   Fold 1/8  train= 3783  test= 315  (2022-05-07 → 2022-10-23)  acc=0.6032  auc=0.6514  iter=92
2026-08-09 21:44:58,278 INFO [model]   Early stopping (chronological val, n=522): best_iter=66 val_logloss=0.6702
2026-08-09 21:44:58,471 INFO [model]   Fold 2/8  train= 4098  test= 315  (2022-10-23 → 2023-06-03)  acc=0.6127  auc=0.6598  iter=66
2026-08-09 21:45:04,189 INFO [model]   Early stopping (chronological val, n=562): best_iter=305 val_logloss=0.6641
2026-08-09 21:45:04,806 INFO [model]   Fold 3/8  train= 4413  test= 315  (2023-06-03 → 2023-11-11)  acc=0.5905  auc=0.6016  iter=305
2026-08-09 21:45:09,847 INFO [model]   Early stopping (chronological val, n=602): best_iter=98 val_logloss=0.6584
2026-08-09 21:45:10,097 INFO [model]   Fold 4/8  train= 4728  test= 316  (2023-11-11 → 2024-06-15)  acc=0.5981  auc=0.6120  iter=98
2026-08-09 21:45:15,898 INFO [model]   Early stopping (chronological val, n=643): best_iter=297 val_logloss=0.6482
2026-08-09 21:45:16,660 INFO [model]   Fold 5/8  train= 5044  test= 315  (2024-06-15 → 2024-12-07)  acc=0.6413  auc=0.6820  iter=297
2026-08-09 21:45:22,491 INFO [model]   Early stopping (chronological val, n=683): best_iter=113 val_logloss=0.6588
2026-08-09 21:45:22,775 INFO [model]   Fold 6/8  train= 5359  test= 315  (2024-12-07 → 2025-07-19)  acc=0.6095  auc=0.6599  iter=113
2026-08-09 21:45:29,087 INFO [model]   Early stopping (chronological val, n=723): best_iter=126 val_logloss=0.6563
2026-08-09 21:45:29,425 INFO [model]   Fold 7/8  train= 5674  test= 315  (2025-07-19 → 2026-01-24)  acc=0.5873  auc=0.6655  iter=126
2026-08-09 21:45:36,035 INFO [model]   Early stopping (chronological val, n=763): best_iter=137 val_logloss=0.6624
2026-08-09 21:45:36,413 INFO [model]   Fold 8/8  train= 5989  test= 316  (2026-01-31 → 2026-08-08)  acc=0.6456  auc=0.7146  iter=137
2026-08-09 21:45:36,486 INFO [model]   POOLED  n=2522  acc=0.6110 [0.5904, 0.6297]  auc=0.6558  brier=0.2298 (calibrated 0.2315)
2026-08-09 21:45:36,549 INFO [model] 
------------------------------------------------------------
2026-08-09 21:45:36,550 INFO [model] MARKET-ANCHORED ARM  (base = no_odds)
2026-08-09 21:45:36,550 INFO [model] ------------------------------------------------------------
2026-08-09 21:45:36,550 INFO [model]   b = fraction of the model's disagreement with the line that is trusted
2026-08-09 21:45:36,550 INFO [model]    Fold        b        c   n_fit
2026-08-09 21:45:36,550 INFO [model]   --------------------------------
2026-08-09 21:45:36,550 INFO [model]       1    0.335   +0.047     400
2026-08-09 21:45:36,550 INFO [model]       2    0.300   +0.091     465
2026-08-09 21:45:36,550 INFO [model]       3    0.287   +0.078     529
2026-08-09 21:45:36,550 INFO [model]       4    0.160   +0.090     586
2026-08-09 21:45:36,550 INFO [model]       5    0.196   +0.027     625
2026-08-09 21:45:36,550 INFO [model]       6    0.187   +0.047     664
2026-08-09 21:45:36,550 INFO [model]       7    0.050   +0.093     724
2026-08-09 21:45:36,550 INFO [model]       8    0.198   +0.099     765
2026-08-09 21:45:36,550 INFO [model]   mean b = 0.214
2026-08-09 21:45:36,551 INFO [model] 
------------------------------------------------------------
2026-08-09 21:45:36,551 INFO [model] MARKET COMPARISON (fights with odds)
2026-08-09 21:45:36,551 INFO [model] ------------------------------------------------------------
2026-08-09 21:45:36,628 INFO [model]   Eval fights with odds: 2077 (2022-05-07 → 2026-08-08)
2026-08-09 21:45:36,629 INFO [model]   Average vig: 0.000
2026-08-09 21:45:36,629 INFO [model] 
  Arm                       Acc             95% CI      AUC    Brier
2026-08-09 21:45:36,629 INFO [model]   ------------------------------------------------------------------
2026-08-09 21:45:36,629 INFO [model]   market only            0.6784     [0.658, 0.698]        —   0.2049
2026-08-09 21:45:36,808 INFO [model]   no_odds_no_glicko      0.6201     [0.599, 0.640]   0.6661   0.2274
2026-08-09 21:45:36,968 INFO [model]   no_odds                0.6182     [0.598, 0.639]   0.6617   0.2298
2026-08-09 21:45:37,101 INFO [model]   with_odds              0.6688     [0.649, 0.689]   0.7237   0.2107
2026-08-09 21:45:37,187 INFO [model]   market_anchored        0.6846     [0.665, 0.704]   0.7369   0.2070
2026-08-09 21:45:37,187 INFO [model] 
  Arm                    Acc − market         95% CI of diff   Beats mkt?
2026-08-09 21:45:37,187 INFO [model]   ------------------------------------------------------------------------
2026-08-09 21:45:37,187 INFO [model]   no_odds_no_glicko           -0.0583     [-0.0809, -0.0351]           no
2026-08-09 21:45:37,187 INFO [model]   no_odds                     -0.0602     [-0.0823, -0.0376]           no
2026-08-09 21:45:37,187 INFO [model]   with_odds                   -0.0096     [-0.0246, +0.0053]           no
2026-08-09 21:45:37,187 INFO [model]   market_anchored             +0.0063     [-0.0024, +0.0149]           no
2026-08-09 21:45:37,187 INFO [model] 
  Betting ladder — no_odds_no_glicko (calibrated, frozen thresholds):
2026-08-09 21:45:37,187 INFO [model]     Edge   Bets    Bet%    Win%     ROI%             ROI 95% CI
2026-08-09 21:45:37,187 INFO [model]   --------------------------------------------------------------
2026-08-09 21:45:37,187 INFO [model]       3%   1753   84.4%   39.1%    -7.34          [-13.3, -1.4]
2026-08-09 21:45:37,187 INFO [model]       5%   1558   75.0%   38.8%    -6.87          [-13.7, -0.2]
2026-08-09 21:45:37,188 INFO [model]       8%   1263   60.8%   37.1%    -7.82          [-15.5, -0.3]
2026-08-09 21:45:37,188 INFO [model]      10%   1095   52.7%   35.4%    -9.55          [-17.6, -1.3]
2026-08-09 21:45:37,188 INFO [model]      15%    724   34.9%   33.4%   -10.97          [-20.8, -0.7]
2026-08-09 21:45:37,188 INFO [model] 
  Betting ladder — no_odds (calibrated, frozen thresholds):
2026-08-09 21:45:37,188 INFO [model]     Edge   Bets    Bet%    Win%     ROI%             ROI 95% CI
2026-08-09 21:45:37,188 INFO [model]   --------------------------------------------------------------
2026-08-09 21:45:37,188 INFO [model]       3%   1799   86.6%   39.2%    -7.96          [-14.2, -1.6]
2026-08-09 21:45:37,189 INFO [model]       5%   1589   76.5%   38.5%    -7.98          [-14.1, -1.2]
2026-08-09 21:45:37,189 INFO [model]       8%   1286   61.9%   36.5%    -9.71          [-16.8, -2.4]
2026-08-09 21:45:37,189 INFO [model]      10%   1115   53.7%   36.2%    -8.58          [-16.6, -0.8]
2026-08-09 21:45:37,189 INFO [model]      15%    735   35.4%   32.1%   -14.25          [-24.0, -4.1]
2026-08-09 21:45:37,189 INFO [model] 
  Betting ladder — with_odds (calibrated, frozen thresholds):
2026-08-09 21:45:37,189 INFO [model]     Edge   Bets    Bet%    Win%     ROI%             ROI 95% CI
2026-08-09 21:45:37,189 INFO [model]   --------------------------------------------------------------
2026-08-09 21:45:37,189 INFO [model]       3%   1523   73.3%   53.2%    -5.11           [-9.9, +0.1]
2026-08-09 21:45:37,189 INFO [model]       5%   1191   57.3%   53.7%    -6.01          [-11.5, -0.3]
2026-08-09 21:45:37,189 INFO [model]       8%    776   37.4%   52.6%    -7.03          [-14.0, +0.3]
2026-08-09 21:45:37,189 INFO [model]      10%    557   26.8%   51.7%    -9.31          [-17.4, -1.5]
2026-08-09 21:45:37,189 INFO [model]      15%    207   10.0%   50.7%    -7.17          [-20.2, +6.3]
2026-08-09 21:45:37,189 INFO [model] 
  Betting ladder — market_anchored (calibrated, frozen thresholds):
2026-08-09 21:45:37,189 INFO [model]     Edge   Bets    Bet%    Win%     ROI%             ROI 95% CI
2026-08-09 21:45:37,189 INFO [model]   --------------------------------------------------------------
2026-08-09 21:45:37,190 INFO [model]       3%    829   39.9%   38.1%   -10.97          [-19.0, -2.2]
2026-08-09 21:45:37,190 INFO [model]       5%    387   18.6%   40.6%    -7.86          [-20.4, +4.4]
2026-08-09 21:45:37,190 INFO [model]       8%    103    5.0%   44.7%     0.49         [-22.5, +25.6]
2026-08-09 21:45:37,190 INFO [model]      10%     36    1.7%   50.0%    -0.98         [-34.3, +33.9]
2026-08-09 21:45:37,190 INFO [model]      15%      6    0.3%   33.3%   -42.68                    n/a
2026-08-09 21:45:37,228 INFO [model] 
  Saved 2522 per-fight eval predictions to /Users/rafeburns/Downloads/ALocks/alocks-backend/models/ufc/h2h/eval_predictions.csv
2026-08-09 21:45:37,234 INFO [model] 
  Saved evaluation results to /Users/rafeburns/Downloads/ALocks/alocks-backend/models/ufc/h2h/eval_results.json
2026-08-09 21:45:37,234 INFO [model] 
============================================================
2026-08-09 21:45:37,234 INFO [model] Walk-forward evaluation complete.
2026-08-09 21:45:37,234 INFO [model] ============================================================
2026-08-10 17:41:10,801 INFO [model] ============================================================
2026-08-10 17:41:10,803 INFO [model] UFC Fight Winner Prediction Pipeline v6  (2026-08-10 17:41)
2026-08-10 17:41:10,803 INFO [model] ============================================================
2026-08-10 17:41:10,803 INFO [model] Loading data from database...
2026-08-10 17:41:13,343 INFO [model]   Loaded 4564 fighters
2026-08-10 17:41:16,675 INFO [model]   Loaded 22084 fight-stat rows (11090 unique fights)
2026-08-10 17:41:16,676 INFO [model]   Loading per-round stats...
2026-08-10 17:41:20,759 INFO [model]   Loaded 57328 per-round stat rows
2026-08-10 17:41:20,902 INFO [model] 
  Recomputing Glicko snapshots in memory (fixed newcomer seed)...
2026-08-10 17:41:20,902 INFO [glicko_service]   Loading fight data...
2026-08-10 17:41:21,916 INFO [glicko_service]   Loaded 11499 fights
2026-08-10 17:41:21,916 INFO [glicko_service]   Loading per-round stats...
2026-08-10 17:41:24,955 INFO [glicko_service]   Loaded rounds for 11169 fights
2026-08-10 17:41:24,955 INFO [glicko_service]   Loading per-fight derived totals...
2026-08-10 17:41:27,430 INFO [glicko_service]   Loaded 22338 derived totals rows
2026-08-10 17:41:27,727 INFO [glicko_service]   Loaded 4564 fighters
2026-08-10 17:41:27,997 INFO [glicko_service]   Computing weight class baseline rates...
2026-08-10 17:41:28,084 INFO [glicko_service]     P4P: 1 rounds, KD=0.0000, SUB=0.0000, TD=0.0000, td15s_cap=10.0, ctrl15g_cap=10.0, gnp15g_cap=10.0
2026-08-10 17:41:28,084 INFO [glicko_service]     Flyweight: 1579 rounds, KD=0.0232, SUB=0.0709, TD=0.0870, td15s_cap=25.7, ctrl15g_cap=15.0, gnp15g_cap=79.0
2026-08-10 17:41:28,085 INFO [glicko_service]     Bantamweight: 2703 rounds, KD=0.0277, SUB=0.0683, TD=0.0846, td15s_cap=25.7, ctrl15g_cap=15.0, gnp15g_cap=84.0
2026-08-10 17:41:28,086 INFO [glicko_service]     Featherweight: 3071 rounds, KD=0.0272, SUB=0.0718, TD=0.0856, td15s_cap=26.5, ctrl15g_cap=15.0, gnp15g_cap=84.9
2026-08-10 17:41:28,087 INFO [glicko_service]     Lightweight: 4541 rounds, KD=0.0268, SUB=0.0901, TD=0.0919, td15s_cap=25.7, ctrl15g_cap=15.0, gnp15g_cap=77.0
2026-08-10 17:41:28,089 INFO [glicko_service]     Welterweight: 4264 rounds, KD=0.0307, SUB=0.0745, TD=0.0842, td15s_cap=28.1, ctrl15g_cap=15.0, gnp15g_cap=76.4
2026-08-10 17:41:28,090 INFO [glicko_service]     Middleweight: 3727 rounds, KD=0.0316, SUB=0.0802, TD=0.0788, td15s_cap=25.7, ctrl15g_cap=15.0, gnp15g_cap=94.7
2026-08-10 17:41:28,090 INFO [glicko_service]     Light Heavyweight: 2288 rounds, KD=0.0350, SUB=0.0551, TD=0.0722, td15s_cap=26.3, ctrl15g_cap=15.0, gnp15g_cap=106.5
2026-08-10 17:41:28,091 INFO [glicko_service]     Heavyweight: 2484 rounds, KD=0.0342, SUB=0.0612, TD=0.0623, td15s_cap=23.1, ctrl15g_cap=15.0, gnp15g_cap=103.6
2026-08-10 17:41:28,091 INFO [glicko_service]     P4P: 1 rounds, KD=0.0000, SUB=0.0000, TD=0.0000, td15s_cap=10.0, ctrl15g_cap=10.0, gnp15g_cap=10.0
2026-08-10 17:41:28,091 INFO [glicko_service]     Strawweight: 1311 rounds, KD=0.0090, SUB=0.0511, TD=0.0718, td15s_cap=23.4, ctrl15g_cap=15.0, gnp15g_cap=64.7
2026-08-10 17:41:28,091 INFO [glicko_service]     Flyweight: 930 rounds, KD=0.0084, SUB=0.0519, TD=0.0700, td15s_cap=22.2, ctrl15g_cap=15.0, gnp15g_cap=77.1
2026-08-10 17:41:28,091 INFO [glicko_service]     Bantamweight: 897 rounds, KD=0.0110, SUB=0.0543, TD=0.0688, td15s_cap=27.3, ctrl15g_cap=15.0, gnp15g_cap=79.1
2026-08-10 17:41:29,675 INFO [glicko_service]   Processed 26024 rounds
2026-08-10 17:41:29,701 INFO [model]   Computed 21172 snapshots
2026-08-10 17:41:29,713 INFO [model] Building features...
2026-08-10 17:41:30,096 INFO [model]   Computing defensive stats...
2026-08-10 17:41:32,021 INFO [model]   Computing Elo ratings...
2026-08-10 17:41:32,742 INFO [model]   Computing resume scores...
2026-08-10 17:41:32,958 INFO [model]   Using 21172 caller-supplied Glicko snapshots
2026-08-10 17:41:35,754 INFO [model]   Added 15 Glicko features
2026-08-10 17:41:35,754 INFO [model]   Computing Elo-adjusted stats...
2026-08-10 17:41:35,756 INFO [model]   Computing rolling career averages...
2026-08-10 17:42:54,140 INFO [model]   Computing streaks and career stats...
2026-08-10 17:42:56,646 INFO [model]   Computing composite features...
2026-08-10 17:42:56,658 INFO [model]   Computing round-by-round profiles...
2026-08-10 17:43:11,198 INFO [model]   Computing age curve features...
2026-08-10 17:43:11,204 INFO [model]   Computing damage accumulation...
2026-08-10 17:45:16,942 INFO [model] ============================================================
2026-08-10 17:45:16,942 INFO [model] UFC Fight Winner Prediction Pipeline v6  (2026-08-10 17:45)
2026-08-10 17:45:16,942 INFO [model] ============================================================
2026-08-10 17:45:16,942 INFO [model] Loading data from database...
2026-08-10 17:45:19,812 INFO [model]   Loaded 4564 fighters
2026-08-10 17:45:23,489 INFO [model]   Loaded 22084 fight-stat rows (11090 unique fights)
2026-08-10 17:45:23,489 INFO [model]   Loading per-round stats...
2026-08-10 17:45:28,281 INFO [model]   Loaded 57328 per-round stat rows
2026-08-10 17:45:28,439 INFO [model] 
  Recomputing Glicko snapshots in memory (fixed newcomer seed)...
2026-08-10 17:45:28,439 INFO [glicko_service]   Loading fight data...
2026-08-10 17:45:29,551 INFO [glicko_service]   Loaded 11499 fights
2026-08-10 17:45:29,551 INFO [glicko_service]   Loading per-round stats...
2026-08-10 17:45:33,375 INFO [glicko_service]   Loaded rounds for 11169 fights
2026-08-10 17:45:33,375 INFO [glicko_service]   Loading per-fight derived totals...
2026-08-10 17:45:36,433 INFO [glicko_service]   Loaded 22338 derived totals rows
2026-08-10 17:45:36,800 INFO [glicko_service]   Loaded 4564 fighters
2026-08-10 17:45:37,076 INFO [glicko_service]   Computing weight class baseline rates...
2026-08-10 17:45:37,169 INFO [glicko_service]     P4P: 1 rounds, KD=0.0000, SUB=0.0000, TD=0.0000, td15s_cap=10.0, ctrl15g_cap=10.0, gnp15g_cap=10.0
2026-08-10 17:45:37,169 INFO [glicko_service]     Flyweight: 1579 rounds, KD=0.0232, SUB=0.0709, TD=0.0870, td15s_cap=25.7, ctrl15g_cap=15.0, gnp15g_cap=79.0
2026-08-10 17:45:37,170 INFO [glicko_service]     Bantamweight: 2703 rounds, KD=0.0277, SUB=0.0683, TD=0.0846, td15s_cap=25.7, ctrl15g_cap=15.0, gnp15g_cap=84.0
2026-08-10 17:45:37,171 INFO [glicko_service]     Featherweight: 3071 rounds, KD=0.0272, SUB=0.0718, TD=0.0856, td15s_cap=26.5, ctrl15g_cap=15.0, gnp15g_cap=84.9
2026-08-10 17:45:37,172 INFO [glicko_service]     Lightweight: 4541 rounds, KD=0.0268, SUB=0.0901, TD=0.0919, td15s_cap=25.7, ctrl15g_cap=15.0, gnp15g_cap=77.0
2026-08-10 17:45:37,173 INFO [glicko_service]     Welterweight: 4264 rounds, KD=0.0307, SUB=0.0745, TD=0.0842, td15s_cap=28.1, ctrl15g_cap=15.0, gnp15g_cap=76.4
2026-08-10 17:45:37,174 INFO [glicko_service]     Middleweight: 3727 rounds, KD=0.0316, SUB=0.0802, TD=0.0788, td15s_cap=25.7, ctrl15g_cap=15.0, gnp15g_cap=94.7
2026-08-10 17:45:37,175 INFO [glicko_service]     Light Heavyweight: 2288 rounds, KD=0.0350, SUB=0.0551, TD=0.0722, td15s_cap=26.3, ctrl15g_cap=15.0, gnp15g_cap=106.5
2026-08-10 17:45:37,175 INFO [glicko_service]     Heavyweight: 2484 rounds, KD=0.0342, SUB=0.0612, TD=0.0623, td15s_cap=23.1, ctrl15g_cap=15.0, gnp15g_cap=103.6
2026-08-10 17:45:37,175 INFO [glicko_service]     P4P: 1 rounds, KD=0.0000, SUB=0.0000, TD=0.0000, td15s_cap=10.0, ctrl15g_cap=10.0, gnp15g_cap=10.0
2026-08-10 17:45:37,176 INFO [glicko_service]     Strawweight: 1311 rounds, KD=0.0090, SUB=0.0511, TD=0.0718, td15s_cap=23.4, ctrl15g_cap=15.0, gnp15g_cap=64.7
2026-08-10 17:45:37,176 INFO [glicko_service]     Flyweight: 930 rounds, KD=0.0084, SUB=0.0519, TD=0.0700, td15s_cap=22.2, ctrl15g_cap=15.0, gnp15g_cap=77.1
2026-08-10 17:45:37,177 INFO [glicko_service]     Bantamweight: 897 rounds, KD=0.0110, SUB=0.0543, TD=0.0688, td15s_cap=27.3, ctrl15g_cap=15.0, gnp15g_cap=79.1
2026-08-10 17:45:38,799 INFO [glicko_service]   Processed 26024 rounds
2026-08-10 17:45:38,829 INFO [model]   Computed 21172 snapshots
2026-08-10 17:45:38,841 INFO [model] Building features...
2026-08-10 17:45:39,227 INFO [model]   Computing defensive stats...
2026-08-10 17:45:41,119 INFO [model]   Computing Elo ratings...
2026-08-10 17:45:41,847 INFO [model]   Computing resume scores...
2026-08-10 17:45:42,063 INFO [model]   Using 21172 caller-supplied Glicko snapshots
2026-08-10 17:45:44,866 INFO [model]   Added 15 Glicko features
2026-08-10 17:45:44,866 INFO [model]   Computing Elo-adjusted stats...
2026-08-10 17:45:44,868 INFO [model]   Computing rolling career averages...
2026-08-10 17:46:20,288 INFO [model]   Computing streaks and career stats...
2026-08-10 17:46:22,306 INFO [model]   Computing composite features...
2026-08-10 17:46:22,315 INFO [model]   Computing round-by-round profiles...
2026-08-10 17:46:34,842 INFO [model]   Computing age curve features...
2026-08-10 17:46:34,845 INFO [model]   Computing damage accumulation...
2026-08-10 17:46:36,775 INFO [model]   Computing weight-class movement...
2026-08-10 17:46:37,086 INFO [model]   Computing pre-UFC records...
2026-08-10 17:46:37,124 INFO [model]   Computing age-relative performance residuals...
2026-08-10 17:46:37,264 INFO [model]   Computing fighter style clusters (k=6)...
2026-08-10 17:46:37,765 INFO [model]     Fit on 22084 rows, assigned 22084 fighter-fights
2026-08-10 17:46:37,766 INFO [model]     Style 0 (3453 fighter-fights): SigStr/5=32.7 TD/5=0.3 Sub/5=0.2 Ctrl/5=36.1 GndStr/5=5.5 top=ctrl_per5
2026-08-10 17:46:37,767 INFO [model]     Style 1 (10765 fighter-fights): SigStr/5=16.4 TD/5=0.5 Sub/5=0.3 Ctrl/5=44.2 GndStr/5=3.0 top=ctrl_per5
2026-08-10 17:46:37,767 INFO [model]     Style 2 (3327 fighter-fights): SigStr/5=16.6 TD/5=0.5 Sub/5=0.5 Ctrl/5=49.1 GndStr/5=2.7 top=ctrl_per5
2026-08-10 17:46:37,767 INFO [model]     Style 3 (3919 fighter-fights): SigStr/5=16.9 TD/5=1.5 Sub/5=0.5 Ctrl/5=117.9 GndStr/5=7.5 top=ctrl_per5
2026-08-10 17:46:37,767 INFO [model]     Style 4 (319 fighter-fights): SigStr/5=12.6 TD/5=2.3 Sub/5=4.7 Ctrl/5=62.4 GndStr/5=4.1 top=ctrl_per5
2026-08-10 17:46:37,767 INFO [model]     Style 5 (301 fighter-fights): SigStr/5=74.1 TD/5=1.0 Sub/5=0.3 Ctrl/5=58.1 GndStr/5=38.4 top=sig_str_landed_per5
2026-08-10 17:46:37,906 INFO [model]   Style matchup features computed expanding-in-time (6x6, 21988 fighter-fights)
2026-08-10 17:46:38,244 INFO [model]   Feature matrix shape: (22084, 330)
2026-08-10 17:46:38,265 INFO [model] Building matchup feature matrix...
2026-08-10 17:46:38,414 INFO [model]   Loading odds from database...
2026-08-10 17:46:40,629 INFO [model]   Odds matched: 2790/10994 fights (25.4%)
2026-08-10 17:46:40,657 INFO [model]   Filtered to modern era (2015+): 6305 fights (dropped 4689 pre-2015)
2026-08-10 17:46:40,657 INFO [model]   Red win rate (modern): 0.557
2026-08-10 17:46:40,671 INFO [model]   Matchup matrix: 6305 fights, 280 candidate features
2026-08-10 17:46:40,671 INFO [model]   Red win rate: 0.557
2026-08-10 17:46:40,672 INFO [model]   Date range: 2015-01-03 to 2026-08-08
2026-08-10 17:46:40,702 INFO [model] 
  Style-cluster cutoff set to eval start: 2022-05-07
2026-08-10 17:46:40,702 INFO [model] Building features...
2026-08-10 17:46:41,085 INFO [model]   Computing defensive stats...
2026-08-10 17:46:43,083 INFO [model]   Computing Elo ratings...
2026-08-10 17:46:43,802 INFO [model]   Computing resume scores...
2026-08-10 17:46:44,064 INFO [model]   Using 21172 caller-supplied Glicko snapshots
2026-08-10 17:46:46,884 INFO [model]   Added 15 Glicko features
2026-08-10 17:46:46,884 INFO [model]   Computing Elo-adjusted stats...
2026-08-10 17:46:46,886 INFO [model]   Computing rolling career averages...
2026-08-10 17:47:22,496 INFO [model]   Computing streaks and career stats...
2026-08-10 17:47:24,454 INFO [model]   Computing composite features...
2026-08-10 17:47:24,461 INFO [model]   Computing round-by-round profiles...
2026-08-10 17:47:37,554 INFO [model]   Computing age curve features...
2026-08-10 17:47:37,558 INFO [model]   Computing damage accumulation...
2026-08-10 17:47:39,562 INFO [model]   Computing weight-class movement...
2026-08-10 17:47:39,867 INFO [model]   Computing pre-UFC records...
2026-08-10 17:47:39,904 INFO [model]   Computing age-relative performance residuals...
2026-08-10 17:47:40,057 INFO [model]   Computing fighter style clusters (k=6)...
2026-08-10 17:47:40,432 INFO [model]     Fit on 17010 rows, assigned 22084 fighter-fights
2026-08-10 17:47:40,433 INFO [model]     Style 0 (301 fighter-fights): SigStr/5=11.9 TD/5=2.2 Sub/5=4.8 Ctrl/5=56.0 GndStr/5=4.0 top=ctrl_per5
2026-08-10 17:47:40,434 INFO [model]     Style 1 (10487 fighter-fights): SigStr/5=15.3 TD/5=0.5 Sub/5=0.3 Ctrl/5=42.8 GndStr/5=3.1 top=ctrl_per5
2026-08-10 17:47:40,434 INFO [model]     Style 2 (3372 fighter-fights): SigStr/5=15.4 TD/5=0.6 Sub/5=0.5 Ctrl/5=50.0 GndStr/5=3.0 top=ctrl_per5
2026-08-10 17:47:40,434 INFO [model]     Style 3 (3891 fighter-fights): SigStr/5=31.8 TD/5=0.3 Sub/5=0.2 Ctrl/5=34.3 GndStr/5=6.1 top=ctrl_per5
2026-08-10 17:47:40,434 INFO [model]     Style 4 (3774 fighter-fights): SigStr/5=16.5 TD/5=1.5 Sub/5=0.6 Ctrl/5=113.9 GndStr/5=7.8 top=ctrl_per5
2026-08-10 17:47:40,435 INFO [model]     Style 5 (259 fighter-fights): SigStr/5=76.2 TD/5=1.2 Sub/5=0.3 Ctrl/5=53.8 GndStr/5=41.5 top=sig_str_landed_per5
2026-08-10 17:47:40,553 INFO [model]   Style matchup features computed expanding-in-time (6x6, 21988 fighter-fights)
2026-08-10 17:47:40,915 INFO [model]   Feature matrix shape: (22084, 330)
2026-08-10 17:47:40,943 INFO [model] Building matchup feature matrix...
2026-08-10 17:47:41,091 INFO [model]   Loading odds from database...
2026-08-10 17:47:43,386 INFO [model]   Odds matched: 2790/10994 fights (25.4%)
2026-08-10 17:47:43,417 INFO [model]   Filtered to modern era (2015+): 6305 fights (dropped 4689 pre-2015)
2026-08-10 17:47:43,417 INFO [model]   Red win rate (modern): 0.557
2026-08-10 17:47:43,432 INFO [model]   Matchup matrix: 6305 fights, 280 candidate features
2026-08-10 17:47:43,433 INFO [model]   Red win rate: 0.557
2026-08-10 17:47:43,433 INFO [model]   Date range: 2015-01-03 to 2026-08-08
2026-08-10 17:47:43,444 INFO [model] ============================================================
2026-08-10 17:47:43,444 INFO [model] WALK-FORWARD EVALUATION
2026-08-10 17:47:43,444 INFO [model] ============================================================
2026-08-10 17:47:43,460 INFO [model]   6305 fights | 8 folds over the last 40% (2522 eval fights)
2026-08-10 17:47:43,460 INFO [model]   Hyperparameters are FIXED (not tuned per fold): {'max_depth': 3, 'learning_rate': 0.037, 'max_features': 0.65, 'min_samples_leaf': 32, 'l2_regularization': 4.4, 'max_bins': 128}
2026-08-10 17:47:43,460 INFO [model]   Those values came from an Optuna search that scored on a chronological
2026-08-10 17:47:43,460 INFO [model]   20% slice overlapping this eval window, so a residual selection optimism
2026-08-10 17:47:43,460 INFO [model]   remains. It is bounded and disclosed rather than hidden.
2026-08-10 17:47:43,460 INFO [model] 
------------------------------------------------------------
2026-08-10 17:47:43,460 INFO [model] ARM: with_odds  (280 candidate features)
2026-08-10 17:47:43,460 INFO [model] ------------------------------------------------------------
2026-08-10 17:47:48,534 INFO [model]   Early stopping (chronological val, n=482): best_iter=62 val_logloss=0.6715
2026-08-10 17:47:48,731 INFO [model]   Fold 1/8  train= 3783  test= 315  (2022-05-07 → 2022-10-23)  acc=0.6571  auc=0.6653  iter=62
2026-08-10 17:47:54,117 INFO [model]   Early stopping (chronological val, n=522): best_iter=132 val_logloss=0.6625
2026-08-10 17:47:54,442 INFO [model]   Fold 2/8  train= 4098  test= 315  (2022-10-23 → 2023-06-03)  acc=0.6159  auc=0.7093  iter=132
2026-08-10 17:47:59,731 INFO [model]   Early stopping (chronological val, n=562): best_iter=214 val_logloss=0.6466
2026-08-10 17:48:00,243 INFO [model]   Fold 3/8  train= 4413  test= 315  (2023-06-03 → 2023-11-11)  acc=0.6000  auc=0.6288  iter=214
2026-08-10 17:48:06,019 INFO [model]   Early stopping (chronological val, n=602): best_iter=217 val_logloss=0.6362
2026-08-10 17:48:06,655 INFO [model]   Fold 4/8  train= 4728  test= 316  (2023-11-11 → 2024-06-15)  acc=0.6456  auc=0.6929  iter=217
2026-08-10 17:48:12,896 INFO [model]   Early stopping (chronological val, n=643): best_iter=235 val_logloss=0.6179
2026-08-10 17:48:13,432 INFO [model]   Fold 5/8  train= 5044  test= 315  (2024-06-15 → 2024-12-07)  acc=0.6952  auc=0.7532  iter=235
2026-08-10 17:48:19,940 INFO [model]   Early stopping (chronological val, n=683): best_iter=246 val_logloss=0.6234
2026-08-10 17:48:20,467 INFO [model]   Fold 6/8  train= 5359  test= 315  (2024-12-07 → 2025-07-19)  acc=0.6730  auc=0.7353  iter=246
2026-08-10 17:48:27,229 INFO [model]   Early stopping (chronological val, n=723): best_iter=178 val_logloss=0.6243
2026-08-10 17:48:27,657 INFO [model]   Fold 7/8  train= 5674  test= 315  (2025-07-19 → 2026-01-24)  acc=0.6476  auc=0.7176  iter=178
2026-08-10 17:48:34,325 INFO [model]   Early stopping (chronological val, n=763): best_iter=99 val_logloss=0.6374
2026-08-10 17:48:34,780 INFO [model]   Fold 8/8  train= 5989  test= 316  (2026-01-31 → 2026-08-08)  acc=0.6835  auc=0.7567  iter=99
2026-08-10 17:48:34,845 INFO [model]   POOLED  n=2522  acc=0.6523 [0.6328, 0.6709]  auc=0.7069  brier=0.2159 (calibrated 0.2186)
2026-08-10 17:48:34,846 INFO [model] 
------------------------------------------------------------
2026-08-10 17:48:34,846 INFO [model] ARM: no_odds  (273 candidate features)
2026-08-10 17:48:34,846 INFO [model] ------------------------------------------------------------
2026-08-10 17:48:39,492 INFO [model]   Early stopping (chronological val, n=482): best_iter=64 val_logloss=0.6718
2026-08-10 17:48:39,677 INFO [model]     MarketAnchor: b=0.365 c=+0.045 on 400 priced rows (trusting 36% of disagreement)
2026-08-10 17:48:39,683 INFO [model]   Fold 1/8  train= 3783  test= 315  (2022-05-07 → 2022-10-23)  acc=0.6159  auc=0.6513  iter=64
2026-08-10 17:48:44,648 INFO [model]   Early stopping (chronological val, n=522): best_iter=125 val_logloss=0.6742
2026-08-10 17:48:44,912 INFO [model]     MarketAnchor: b=0.343 c=+0.086 on 465 priced rows (trusting 34% of disagreement)
2026-08-10 17:48:44,918 INFO [model]   Fold 2/8  train= 4098  test= 315  (2022-10-23 → 2023-06-03)  acc=0.5714  auc=0.6413  iter=125
2026-08-10 17:48:50,110 INFO [model]   Early stopping (chronological val, n=562): best_iter=147 val_logloss=0.6674
2026-08-10 17:48:50,511 INFO [model]     MarketAnchor: b=0.293 c=+0.081 on 529 priced rows (trusting 29% of disagreement)
2026-08-10 17:48:50,518 INFO [model]   Fold 3/8  train= 4413  test= 315  (2023-06-03 → 2023-11-11)  acc=0.5492  auc=0.5664  iter=147
2026-08-10 17:48:56,028 INFO [model]   Early stopping (chronological val, n=602): best_iter=90 val_logloss=0.6645
2026-08-10 17:48:56,397 INFO [model]     MarketAnchor: b=0.150 c=+0.090 on 586 priced rows (trusting 15% of disagreement)
2026-08-10 17:48:56,401 INFO [model]   Fold 4/8  train= 4728  test= 316  (2023-11-11 → 2024-06-15)  acc=0.6013  auc=0.6183  iter=90
2026-08-10 17:49:02,452 INFO [model]   Early stopping (chronological val, n=643): best_iter=320 val_logloss=0.6453
2026-08-10 17:49:03,123 INFO [model]     MarketAnchor: b=0.173 c=+0.029 on 625 priced rows (trusting 17% of disagreement)
2026-08-10 17:49:03,127 INFO [model]   Fold 5/8  train= 5044  test= 315  (2024-06-15 → 2024-12-07)  acc=0.6698  auc=0.7174  iter=320
2026-08-10 17:49:09,711 INFO [model]   Early stopping (chronological val, n=683): best_iter=295 val_logloss=0.6565
2026-08-10 17:49:10,392 INFO [model]     MarketAnchor: b=0.175 c=+0.046 on 664 priced rows (trusting 18% of disagreement)
2026-08-10 17:49:10,399 INFO [model]   Fold 6/8  train= 5359  test= 315  (2024-12-07 → 2025-07-19)  acc=0.6000  auc=0.6530  iter=295
2026-08-10 17:49:16,983 INFO [model]   Early stopping (chronological val, n=723): best_iter=159 val_logloss=0.6596
2026-08-10 17:49:17,630 INFO [model]     MarketAnchor: b=0.085 c=+0.089 on 724 priced rows (trusting 8% of disagreement)
2026-08-10 17:49:17,636 INFO [model]   Fold 7/8  train= 5674  test= 315  (2025-07-19 → 2026-01-24)  acc=0.5905  auc=0.6651  iter=159
2026-08-10 17:49:24,232 INFO [model]   Early stopping (chronological val, n=763): best_iter=108 val_logloss=0.6668
2026-08-10 17:49:24,511 INFO [model]     MarketAnchor: b=0.228 c=+0.097 on 765 priced rows (trusting 23% of disagreement)
2026-08-10 17:49:24,516 INFO [model]   Fold 8/8  train= 5989  test= 316  (2026-01-31 → 2026-08-08)  acc=0.6361  auc=0.6999  iter=108
2026-08-10 17:49:24,589 INFO [model]   POOLED  n=2522  acc=0.6043 [0.5848, 0.6237]  auc=0.6526  brier=0.2317 (calibrated 0.2355)
2026-08-10 17:49:24,590 INFO [model] 
------------------------------------------------------------
2026-08-10 17:49:24,590 INFO [model] ARM: no_odds_no_glicko  (228 candidate features)
2026-08-10 17:49:24,590 INFO [model] ------------------------------------------------------------
2026-08-10 17:49:29,157 INFO [model]   Early stopping (chronological val, n=482): best_iter=67 val_logloss=0.6652
2026-08-10 17:49:29,327 INFO [model]   Fold 1/8  train= 3783  test= 315  (2022-05-07 → 2022-10-23)  acc=0.6190  auc=0.6558  iter=67
2026-08-10 17:49:33,683 INFO [model]   Early stopping (chronological val, n=522): best_iter=69 val_logloss=0.6692
2026-08-10 17:49:33,863 INFO [model]   Fold 2/8  train= 4098  test= 315  (2022-10-23 → 2023-06-03)  acc=0.6000  auc=0.6559  iter=69
2026-08-10 17:49:39,376 INFO [model]   Early stopping (chronological val, n=562): best_iter=320 val_logloss=0.6641
2026-08-10 17:49:39,958 INFO [model]   Fold 3/8  train= 4413  test= 315  (2023-06-03 → 2023-11-11)  acc=0.5905  auc=0.6012  iter=320
2026-08-10 17:49:44,704 INFO [model]   Early stopping (chronological val, n=602): best_iter=101 val_logloss=0.6590
2026-08-10 17:49:44,950 INFO [model]   Fold 4/8  train= 4728  test= 316  (2023-11-11 → 2024-06-15)  acc=0.6013  auc=0.6159  iter=101
2026-08-10 17:49:50,083 INFO [model]   Early stopping (chronological val, n=643): best_iter=176 val_logloss=0.6476
2026-08-10 17:49:50,466 INFO [model]   Fold 5/8  train= 5044  test= 315  (2024-06-15 → 2024-12-07)  acc=0.6381  auc=0.6866  iter=176
2026-08-10 17:49:55,829 INFO [model]   Early stopping (chronological val, n=683): best_iter=140 val_logloss=0.6573
2026-08-10 17:49:56,143 INFO [model]   Fold 6/8  train= 5359  test= 315  (2024-12-07 → 2025-07-19)  acc=0.6222  auc=0.6558  iter=140
2026-08-10 17:50:02,193 INFO [model]   Early stopping (chronological val, n=723): best_iter=139 val_logloss=0.6564
2026-08-10 17:50:02,525 INFO [model]   Fold 7/8  train= 5674  test= 315  (2025-07-19 → 2026-01-24)  acc=0.5905  auc=0.6640  iter=139
2026-08-10 17:50:09,187 INFO [model]   Early stopping (chronological val, n=763): best_iter=137 val_logloss=0.6625
2026-08-10 17:50:09,745 INFO [model]   Fold 8/8  train= 5989  test= 316  (2026-01-31 → 2026-08-08)  acc=0.6519  auc=0.7181  iter=137
2026-08-10 17:50:09,815 INFO [model]   POOLED  n=2522  acc=0.6142 [0.5940, 0.6340]  auc=0.6568  brier=0.2299 (calibrated 0.2310)
2026-08-10 17:50:09,815 INFO [model] 
------------------------------------------------------------
2026-08-10 17:50:09,815 INFO [model] ARM: simulator (competing risks over Glicko)
2026-08-10 17:50:09,815 INFO [model] ------------------------------------------------------------
2026-08-10 17:50:13,526 INFO [model]   Fold 1/8  train= 3783  test= 315  sims=5000  b_dec=+0.218
2026-08-10 17:50:17,104 INFO [model]   Fold 2/8  train= 4098  test= 315  sims=5000  b_dec=+0.212
2026-08-10 17:50:20,657 INFO [model]   Fold 3/8  train= 4413  test= 315  sims=5000  b_dec=+0.207
2026-08-10 17:50:24,181 INFO [model]   Fold 4/8  train= 4728  test= 316  sims=5000  b_dec=+0.207
2026-08-10 17:50:27,712 INFO [model]   Fold 5/8  train= 5044  test= 315  sims=5000  b_dec=+0.190
2026-08-10 17:50:31,247 INFO [model]   Fold 6/8  train= 5359  test= 315  sims=5000  b_dec=+0.192
2026-08-10 17:50:34,735 INFO [model]   Fold 7/8  train= 5674  test= 315  sims=5000  b_dec=+0.194
2026-08-10 17:50:38,690 INFO [model]   Fold 8/8  train= 5989  test= 316  sims=5000  b_dec=+0.186
2026-08-10 17:50:38,755 INFO [model] 
  METHOD (scored on realised outcomes — no market exists for this)
2026-08-10 17:50:38,756 INFO [model]     log loss   1.0165  vs base rate 1.0234
2026-08-10 17:50:38,756 INFO [model]     accuracy   0.4881
2026-08-10 17:50:38,756 INFO [model]     class     Brier     base
2026-08-10 17:50:38,756 INFO [model]     KO       0.2207   0.2231
2026-08-10 17:50:38,756 INFO [model]     SUB      0.1437   0.1453
2026-08-10 17:50:38,756 INFO [model]     DEC      0.2512   0.2503
2026-08-10 17:50:38,756 INFO [model]     predicted mix [0.334 0.183 0.483]  actual [0.335 0.176 0.489]
2026-08-10 17:50:38,799 INFO [model] 
------------------------------------------------------------
2026-08-10 17:50:38,799 INFO [model] MARKET-ANCHORED ARM  (base = no_odds)
2026-08-10 17:50:38,799 INFO [model] ------------------------------------------------------------
2026-08-10 17:50:38,799 INFO [model]   b = fraction of the model's disagreement with the line that is trusted
2026-08-10 17:50:38,799 INFO [model]    Fold        b        c   n_fit
2026-08-10 17:50:38,799 INFO [model]   --------------------------------
2026-08-10 17:50:38,799 INFO [model]       1    0.365   +0.045     400
2026-08-10 17:50:38,799 INFO [model]       2    0.343   +0.086     465
2026-08-10 17:50:38,799 INFO [model]       3    0.293   +0.081     529
2026-08-10 17:50:38,799 INFO [model]       4    0.150   +0.090     586
2026-08-10 17:50:38,799 INFO [model]       5    0.173   +0.029     625
2026-08-10 17:50:38,800 INFO [model]       6    0.175   +0.046     664
2026-08-10 17:50:38,800 INFO [model]       7    0.085   +0.089     724
2026-08-10 17:50:38,800 INFO [model]       8    0.228   +0.097     765
2026-08-10 17:50:38,800 INFO [model]   mean b = 0.227
2026-08-10 17:50:38,800 INFO [model] 
------------------------------------------------------------
2026-08-10 17:50:38,800 INFO [model] MARKET COMPARISON (fights with odds)
2026-08-10 17:50:38,800 INFO [model] ------------------------------------------------------------
2026-08-10 17:50:38,857 INFO [model]   Eval fights with odds: 2077 (2022-05-07 → 2026-08-08)
2026-08-10 17:50:38,857 INFO [model]   Average vig: 0.000
2026-08-10 17:50:38,857 INFO [model] 
  Arm                       Acc             95% CI      AUC    Brier
2026-08-10 17:50:38,857 INFO [model]   ------------------------------------------------------------------
2026-08-10 17:50:38,857 INFO [model]   market only            0.6784     [0.658, 0.698]        —   0.2049
2026-08-10 17:50:39,017 INFO [model]   no_odds_no_glicko      0.6230     [0.603, 0.643]   0.6667   0.2276
2026-08-10 17:50:39,173 INFO [model]   no_odds                0.6110     [0.591, 0.631]   0.6637   0.2296
2026-08-10 17:50:39,336 INFO [model]   simulator              0.5879     [0.566, 0.610]   0.6190   0.2364
2026-08-10 17:50:39,470 INFO [model]   with_odds              0.6707     [0.651, 0.691]   0.7249   0.2102
2026-08-10 17:50:39,561 INFO [model]   market_anchored        0.6789     [0.659, 0.699]   0.7362   0.2073
2026-08-10 17:50:39,561 INFO [model] 
  Arm                    Acc − market         95% CI of diff   Beats mkt?
2026-08-10 17:50:39,561 INFO [model]   ------------------------------------------------------------------------
2026-08-10 17:50:39,561 INFO [model]   no_odds_no_glicko           -0.0554     [-0.0775, -0.0332]           no
2026-08-10 17:50:39,561 INFO [model]   no_odds                     -0.0674     [-0.0900, -0.0453]           no
2026-08-10 17:50:39,561 INFO [model]   simulator                   -0.0905     [-0.1146, -0.0659]           no
2026-08-10 17:50:39,561 INFO [model]   with_odds                   -0.0077     [-0.0226, +0.0072]           no
2026-08-10 17:50:39,562 INFO [model]   market_anchored             +0.0005     [-0.0091, +0.0096]           no
2026-08-10 17:50:39,562 INFO [model] 
  Betting ladder — no_odds_no_glicko (calibrated, frozen thresholds):
2026-08-10 17:50:39,562 INFO [model]     Edge   Bets    Bet%    Win%     ROI%             ROI 95% CI
2026-08-10 17:50:39,562 INFO [model]   --------------------------------------------------------------
2026-08-10 17:50:39,562 INFO [model]       3%   1788   86.1%   40.7%    -5.48          [-11.8, +0.1]
2026-08-10 17:50:39,562 INFO [model]       5%   1565   75.3%   39.8%    -5.55          [-11.9, +1.2]
2026-08-10 17:50:39,562 INFO [model]       8%   1275   61.4%   37.7%    -7.08          [-14.5, +0.4]
2026-08-10 17:50:39,562 INFO [model]      10%   1097   52.8%   36.6%    -7.92          [-16.1, +0.1]
2026-08-10 17:50:39,562 INFO [model]      15%    713   34.3%   35.2%    -8.55          [-18.7, +1.8]
2026-08-10 17:50:39,562 INFO [model] 
  Betting ladder — no_odds (calibrated, frozen thresholds):
2026-08-10 17:50:39,562 INFO [model]     Edge   Bets    Bet%    Win%     ROI%             ROI 95% CI
2026-08-10 17:50:39,562 INFO [model]   --------------------------------------------------------------
2026-08-10 17:50:39,562 INFO [model]       3%   1764   84.9%   39.8%    -6.73          [-12.8, -0.8]
2026-08-10 17:50:39,562 INFO [model]       5%   1563   75.3%   38.9%    -6.45          [-13.1, -0.0]
2026-08-10 17:50:39,562 INFO [model]       8%   1288   62.0%   36.3%    -9.40          [-17.1, -2.7]
2026-08-10 17:50:39,562 INFO [model]      10%   1110   53.4%   34.8%   -10.02          [-17.9, -2.5]
2026-08-10 17:50:39,562 INFO [model]      15%    722   34.8%   31.4%   -14.79          [-24.8, -4.6]
2026-08-10 17:50:39,562 INFO [model] 
  Betting ladder — simulator (calibrated, frozen thresholds):
2026-08-10 17:50:39,562 INFO [model]     Edge   Bets    Bet%    Win%     ROI%             ROI 95% CI
2026-08-10 17:50:39,562 INFO [model]   --------------------------------------------------------------
2026-08-10 17:50:39,562 INFO [model]       3%   1797   86.5%   33.0%   -12.86          [-18.9, -6.6]
2026-08-10 17:50:39,562 INFO [model]       5%   1634   78.7%   31.6%   -13.89          [-20.8, -7.3]
2026-08-10 17:50:39,562 INFO [model]       8%   1346   64.8%   29.3%   -15.91          [-23.5, -8.5]
2026-08-10 17:50:39,562 INFO [model]      10%   1187   57.1%   28.0%   -17.62          [-25.4, -9.0]
2026-08-10 17:50:39,562 INFO [model]      15%    793   38.2%   26.0%   -17.96          [-28.0, -7.5]
2026-08-10 17:50:39,562 INFO [model] 
  Betting ladder — with_odds (calibrated, frozen thresholds):
2026-08-10 17:50:39,562 INFO [model]     Edge   Bets    Bet%    Win%     ROI%             ROI 95% CI
2026-08-10 17:50:39,563 INFO [model]   --------------------------------------------------------------
2026-08-10 17:50:39,563 INFO [model]       3%   1506   72.5%   52.7%    -6.03          [-11.0, -1.0]
2026-08-10 17:50:39,563 INFO [model]       5%   1208   58.2%   53.2%    -4.50          [-10.2, +1.3]
2026-08-10 17:50:39,563 INFO [model]       8%    771   37.1%   53.8%    -4.78          [-11.5, +2.3]
2026-08-10 17:50:39,563 INFO [model]      10%    547   26.3%   53.9%    -3.54          [-12.0, +5.1]
2026-08-10 17:50:39,563 INFO [model]      15%    207   10.0%   51.7%   -12.57          [-25.6, +0.2]
2026-08-10 17:50:39,563 INFO [model] 
  Betting ladder — market_anchored (calibrated, frozen thresholds):
2026-08-10 17:50:39,563 INFO [model]     Edge   Bets    Bet%    Win%     ROI%             ROI 95% CI
2026-08-10 17:50:39,563 INFO [model]   --------------------------------------------------------------
2026-08-10 17:50:39,563 INFO [model]       3%    840   40.4%   39.2%    -7.31          [-16.4, +1.5]
2026-08-10 17:50:39,563 INFO [model]       5%    379   18.2%   37.7%   -13.15          [-25.9, -0.1]
2026-08-10 17:50:39,563 INFO [model]       8%    127    6.1%   37.0%   -14.72          [-34.3, +7.0]
2026-08-10 17:50:39,563 INFO [model]      10%     57    2.7%   38.6%   -13.41         [-41.3, +14.9]
2026-08-10 17:50:39,563 INFO [model]      15%      6    0.3%   16.7%   -73.23                    n/a
2026-08-10 17:50:39,606 INFO [model] 
  Saved 2522 per-fight eval predictions to /Users/rafeburns/Downloads/ALocks/alocks-backend/models/ufc/h2h/eval_predictions.csv
2026-08-10 17:50:39,617 INFO [model] 
  Saved evaluation results to /Users/rafeburns/Downloads/ALocks/alocks-backend/models/ufc/h2h/eval_results.json
2026-08-10 17:50:39,617 INFO [model] 
============================================================
2026-08-10 17:50:39,617 INFO [model] Walk-forward evaluation complete.
2026-08-10 17:50:39,617 INFO [model] ============================================================
2026-09-05 06:29:13,788 INFO [model] ============================================================
2026-09-05 06:29:13,789 INFO [model] UFC Fight Winner Prediction Pipeline v6  (2026-09-05 06:29)
2026-09-05 06:29:13,789 INFO [model] ============================================================
2026-09-05 06:29:13,789 INFO [model] Loading data from database...
2026-09-05 06:29:13,924 INFO [model]   Loaded 4616 fighters
2026-09-05 06:29:15,157 INFO [model]   Loaded 22197 fight-stat rows (11147 unique fights)
2026-09-05 06:29:15,157 INFO [model]   Loading per-round stats...
2026-09-05 06:29:16,622 INFO [model]   Loaded 59640 per-round stat rows
2026-09-05 06:29:16,741 INFO [model] 
  Recomputing Glicko snapshots in memory (fixed newcomer seed)...
2026-09-05 06:29:16,741 INFO [glicko_service]   Loading fight data...
2026-09-05 06:29:16,925 INFO [glicko_service]   Loaded 11562 fights
2026-09-05 06:29:16,925 INFO [glicko_service]   Loading per-round stats...
2026-09-05 06:29:18,175 INFO [glicko_service]   Loaded rounds for 11232 fights
2026-09-05 06:29:18,175 INFO [glicko_service]   Loading per-fight derived totals...
2026-09-05 06:29:19,024 INFO [glicko_service]   Loaded 22464 derived totals rows
2026-09-05 06:29:19,062 INFO [glicko_service]   Loaded 4616 fighters
2026-09-05 06:29:19,184 INFO [glicko_service]   Computing weight class baseline rates...
2026-09-05 06:29:19,239 INFO [glicko_service]     P4P: 1 rounds, KD=0.0000, SUB=0.0000, TD=0.0000, td15s_cap=10.0, ctrl15g_cap=10.0, gnp15g_cap=10.0
2026-09-05 06:29:19,239 INFO [glicko_service]     Flyweight: 1650 rounds, KD=0.0224, SUB=0.0686, TD=0.0839, td15s_cap=25.7, ctrl15g_cap=15.0, gnp15g_cap=79.1
2026-09-05 06:29:19,240 INFO [glicko_service]     Bantamweight: 2847 rounds, KD=0.0266, SUB=0.0654, TD=0.0808, td15s_cap=25.7, ctrl15g_cap=15.0, gnp15g_cap=84.0
2026-09-05 06:29:19,240 INFO [glicko_service]     Featherweight: 3282 rounds, KD=0.0257, SUB=0.0675, TD=0.0804, td15s_cap=26.9, ctrl15g_cap=15.0, gnp15g_cap=84.9
2026-09-05 06:29:19,241 INFO [glicko_service]     Lightweight: 4754 rounds, KD=0.0258, SUB=0.0862, TD=0.0880, td15s_cap=25.7, ctrl15g_cap=15.0, gnp15g_cap=77.1
2026-09-05 06:29:19,242 INFO [glicko_service]     Welterweight: 4313 rounds, KD=0.0304, SUB=0.0738, TD=0.0836, td15s_cap=28.1, ctrl15g_cap=15.0, gnp15g_cap=76.6
2026-09-05 06:29:19,242 INFO [glicko_service]     Middleweight: 3888 rounds, KD=0.0305, SUB=0.0771, TD=0.0759, td15s_cap=25.7, ctrl15g_cap=15.0, gnp15g_cap=94.7
2026-09-05 06:29:19,242 INFO [glicko_service]     Light Heavyweight: 2382 rounds, KD=0.0341, SUB=0.0529, TD=0.0696, td15s_cap=26.3, ctrl15g_cap=15.0, gnp15g_cap=106.6
2026-09-05 06:29:19,243 INFO [glicko_service]     Heavyweight: 2555 rounds, KD=0.0335, SUB=0.0597, TD=0.0607, td15s_cap=23.1, ctrl15g_cap=15.0, gnp15g_cap=102.9
2026-09-05 06:29:19,243 INFO [glicko_service]     P4P: 1 rounds, KD=0.0000, SUB=0.0000, TD=0.0000, td15s_cap=10.0, ctrl15g_cap=10.0, gnp15g_cap=10.0
2026-09-05 06:29:19,243 INFO [glicko_service]     Strawweight: 1337 rounds, KD=0.0091, SUB=0.0507, TD=0.0717, td15s_cap=23.4, ctrl15g_cap=15.0, gnp15g_cap=64.7
2026-09-05 06:29:19,243 INFO [glicko_service]     Flyweight: 977 rounds, KD=0.0082, SUB=0.0499, TD=0.0667, td15s_cap=22.2, ctrl15g_cap=15.0, gnp15g_cap=77.1
2026-09-05 06:29:19,243 INFO [glicko_service]     Bantamweight: 943 rounds, KD=0.0104, SUB=0.0517, TD=0.0654, td15s_cap=27.3, ctrl15g_cap=15.0, gnp15g_cap=79.1
2026-09-05 06:29:20,258 INFO [glicko_service]   Processed 27019 rounds
2026-09-05 06:29:20,279 INFO [model]   Computed 21284 snapshots
2026-09-05 06:29:20,289 INFO [model] Building features...
2026-09-05 06:29:20,534 INFO [model]   Computing defensive stats...
2026-09-05 06:29:21,774 INFO [model]   Computing Elo ratings...
2026-09-05 06:29:22,239 INFO [model]   Computing resume scores...
2026-09-05 06:29:22,383 INFO [model]   Using 21284 caller-supplied Glicko snapshots
2026-09-05 06:29:24,250 INFO [model]   Added 15 Glicko features
2026-09-05 06:29:24,250 INFO [model]   Computing Elo-adjusted stats...
2026-09-05 06:29:24,251 INFO [model]   Computing rolling career averages...
2026-09-05 06:29:48,130 INFO [model]   Computing streaks and career stats...
2026-09-05 06:29:49,422 INFO [model]   Computing composite features...
2026-09-05 06:29:49,426 INFO [model]   Computing round-by-round profiles...
2026-09-05 06:29:57,134 INFO [model]   Computing age curve features...
2026-09-05 06:29:57,137 INFO [model]   Computing damage accumulation...
2026-09-05 06:29:58,379 INFO [model]   Computing weight-class movement...
2026-09-05 06:29:58,579 INFO [model]   Computing pre-UFC records...
2026-09-05 06:29:58,605 INFO [model]   Computing age-relative performance residuals...
2026-09-05 06:29:58,704 INFO [model]   Computing fighter style clusters (k=6)...
2026-09-05 06:29:59,149 INFO [model]     Fit on 22197 rows, assigned 22197 fighter-fights
2026-09-05 06:29:59,150 INFO [model]     Style 0 (3470 fighter-fights): SigStr/5=32.6 TD/5=0.3 Sub/5=0.2 Ctrl/5=35.9 GndStr/5=5.4 top=ctrl_per5
2026-09-05 06:29:59,150 INFO [model]     Style 1 (454 fighter-fights): SigStr/5=12.1 TD/5=2.0 Sub/5=4.0 Ctrl/5=59.9 GndStr/5=4.0 top=ctrl_per5
2026-09-05 06:29:59,150 INFO [model]     Style 2 (311 fighter-fights): SigStr/5=72.8 TD/5=0.8 Sub/5=0.3 Ctrl/5=58.7 GndStr/5=36.5 top=sig_str_landed_per5
2026-09-05 06:29:59,150 INFO [model]     Style 3 (10781 fighter-fights): SigStr/5=16.4 TD/5=0.5 Sub/5=0.3 Ctrl/5=44.5 GndStr/5=3.0 top=ctrl_per5
2026-09-05 06:29:59,150 INFO [model]     Style 4 (3316 fighter-fights): SigStr/5=16.8 TD/5=0.5 Sub/5=0.4 Ctrl/5=49.5 GndStr/5=2.7 top=ctrl_per5
2026-09-05 06:29:59,150 INFO [model]     Style 5 (3865 fighter-fights): SigStr/5=17.1 TD/5=1.5 Sub/5=0.5 Ctrl/5=118.2 GndStr/5=7.6 top=ctrl_per5
2026-09-05 06:29:59,264 INFO [model]   Style matchup features computed expanding-in-time (6x6, 22100 fighter-fights)
2026-09-05 06:29:59,489 INFO [model]   Feature matrix shape: (22197, 330)
2026-09-05 06:29:59,506 INFO [model] Building matchup feature matrix...
2026-09-05 06:29:59,607 INFO [model]   Loading odds from database...
2026-09-05 06:30:00,593 INFO [model]   Odds matched: 2827/11050 fights (25.6%)
2026-09-05 06:30:00,615 INFO [model]   Filtered to modern era (2015+): 6361 fights (dropped 4689 pre-2015)
2026-09-05 06:30:00,615 INFO [model]   Red win rate (modern): 0.556
2026-09-05 06:30:00,625 INFO [model]   Matchup matrix: 6361 fights, 280 candidate features
2026-09-05 06:30:00,625 INFO [model]   Red win rate: 0.556
2026-09-05 06:30:00,625 INFO [model]   Date range: 2015-01-03 to 2026-08-29
2026-09-05 06:30:00,651 INFO [model] 
  Style-cluster cutoff set to eval start: 2022-06-04
2026-09-05 06:30:00,651 INFO [model] Building features...
2026-09-05 06:30:00,911 INFO [model]   Computing defensive stats...
2026-09-05 06:30:02,281 INFO [model]   Computing Elo ratings...
2026-09-05 06:30:02,738 INFO [model]   Computing resume scores...
2026-09-05 06:30:02,881 INFO [model]   Using 21284 caller-supplied Glicko snapshots
2026-09-05 06:30:04,725 INFO [model]   Added 15 Glicko features
2026-09-05 06:30:04,726 INFO [model]   Computing Elo-adjusted stats...
2026-09-05 06:30:04,727 INFO [model]   Computing rolling career averages...
2026-09-05 06:30:27,604 INFO [model]   Computing streaks and career stats...
2026-09-05 06:30:28,818 INFO [model]   Computing composite features...
2026-09-05 06:30:28,822 INFO [model]   Computing round-by-round profiles...
2026-09-05 06:30:37,884 INFO [model]   Computing age curve features...
2026-09-05 06:30:37,887 INFO [model]   Computing damage accumulation...
2026-09-05 06:30:39,299 INFO [model]   Computing weight-class movement...
2026-09-05 06:30:39,546 INFO [model]   Computing pre-UFC records...
2026-09-05 06:30:39,578 INFO [model]   Computing age-relative performance residuals...
2026-09-05 06:30:39,718 INFO [model]   Computing fighter style clusters (k=6)...
2026-09-05 06:30:40,520 INFO [model]     Fit on 17081 rows, assigned 22197 fighter-fights
2026-09-05 06:30:40,522 INFO [model]     Style 0 (4216 fighter-fights): SigStr/5=30.4 TD/5=0.3 Sub/5=0.2 Ctrl/5=33.5 GndStr/5=5.6 top=ctrl_per5
2026-09-05 06:30:40,522 INFO [model]     Style 1 (3721 fighter-fights): SigStr/5=16.7 TD/5=1.5 Sub/5=0.6 Ctrl/5=113.9 GndStr/5=8.1 top=ctrl_per5
2026-09-05 06:30:40,522 INFO [model]     Style 2 (3328 fighter-fights): SigStr/5=15.3 TD/5=0.6 Sub/5=0.5 Ctrl/5=50.5 GndStr/5=3.0 top=ctrl_per5
2026-09-05 06:30:40,522 INFO [model]     Style 3 (10291 fighter-fights): SigStr/5=15.2 TD/5=0.5 Sub/5=0.3 Ctrl/5=43.7 GndStr/5=3.1 top=ctrl_per5
2026-09-05 06:30:40,522 INFO [model]     Style 4 (323 fighter-fights): SigStr/5=11.4 TD/5=2.2 Sub/5=4.6 Ctrl/5=55.4 GndStr/5=3.9 top=ctrl_per5
2026-09-05 06:30:40,522 INFO [model]     Style 5 (318 fighter-fights): SigStr/5=72.6 TD/5=0.9 Sub/5=0.3 Ctrl/5=55.2 GndStr/5=36.4 top=sig_str_landed_per5
2026-09-05 06:30:40,580 INFO [model]   Style matchup features computed expanding-in-time (6x6, 22100 fighter-fights)
2026-09-05 06:30:40,832 INFO [model]   Feature matrix shape: (22197, 330)
2026-09-05 06:30:40,863 INFO [model] Building matchup feature matrix...
2026-09-05 06:30:40,991 INFO [model]   Loading odds from database...
2026-09-05 06:30:42,098 INFO [model]   Odds matched: 2827/11050 fights (25.6%)
2026-09-05 06:30:42,118 INFO [model]   Filtered to modern era (2015+): 6361 fights (dropped 4689 pre-2015)
2026-09-05 06:30:42,119 INFO [model]   Red win rate (modern): 0.556
2026-09-05 06:30:42,129 INFO [model]   Matchup matrix: 6361 fights, 280 candidate features
2026-09-05 06:30:42,130 INFO [model]   Red win rate: 0.556
2026-09-05 06:30:42,130 INFO [model]   Date range: 2015-01-03 to 2026-08-29
2026-09-05 06:30:42,138 INFO [model] ============================================================
2026-09-05 06:30:42,138 INFO [model] WALK-FORWARD EVALUATION
2026-09-05 06:30:42,138 INFO [model] ============================================================
2026-09-05 06:30:42,149 INFO [model]   6361 fights | 8 folds over the last 40% (2545 eval fights)
2026-09-05 06:30:42,149 INFO [model]   Hyperparameters are FIXED (not tuned per fold): {'max_depth': 3, 'learning_rate': 0.037, 'max_features': 0.65, 'min_samples_leaf': 32, 'l2_regularization': 4.4, 'max_bins': 128}
2026-09-05 06:30:42,149 INFO [model]   Those values came from an Optuna search that scored on a chronological
2026-09-05 06:30:42,149 INFO [model]   20% slice overlapping this eval window, so a residual selection optimism
2026-09-05 06:30:42,149 INFO [model]   remains. It is bounded and disclosed rather than hidden.
2026-09-05 06:30:42,149 INFO [model] 
------------------------------------------------------------
2026-09-05 06:30:42,149 INFO [model] ARM: with_odds  (280 candidate features)
2026-09-05 06:30:42,149 INFO [model] ------------------------------------------------------------
2026-09-05 06:30:45,647 INFO [model]   Early stopping (chronological val, n=486): best_iter=78 val_logloss=0.6652
2026-09-05 06:30:45,853 INFO [model]   Fold 1/8  train= 3816  test= 318  (2022-06-04 → 2022-11-12)  acc=0.6226  auc=0.6821  iter=78
2026-09-05 06:30:50,312 INFO [model]   Early stopping (chronological val, n=526): best_iter=299 val_logloss=0.6622
2026-09-05 06:30:50,908 INFO [model]   Fold 2/8  train= 4134  test= 318  (2022-11-12 → 2023-06-24)  acc=0.6352  auc=0.6855  iter=299
2026-09-05 06:30:57,319 INFO [model]   Early stopping (chronological val, n=567): best_iter=318 val_logloss=0.6516
2026-09-05 06:30:58,060 INFO [model]   Fold 3/8  train= 4452  test= 318  (2023-06-24 → 2023-12-16)  acc=0.6509  auc=0.6827  iter=318
2026-09-05 06:31:02,459 INFO [model]   Early stopping (chronological val, n=608): best_iter=119 val_logloss=0.6530
2026-09-05 06:31:02,824 INFO [model]   Fold 4/8  train= 4770  test= 318  (2023-12-16 → 2024-07-13)  acc=0.6541  auc=0.6960  iter=119
2026-09-05 06:31:08,688 INFO [model]   Early stopping (chronological val, n=648): best_iter=292 val_logloss=0.6186
2026-09-05 06:31:09,467 INFO [model]   Fold 5/8  train= 5088  test= 318  (2024-07-20 → 2025-02-01)  acc=0.7138  auc=0.7286  iter=292
2026-09-05 06:31:14,538 INFO [model]   Early stopping (chronological val, n=689): best_iter=201 val_logloss=0.6204
2026-09-05 06:31:14,968 INFO [model]   Fold 6/8  train= 5406  test= 318  (2025-02-01 → 2025-08-12)  acc=0.6887  auc=0.7487  iter=201
2026-09-05 06:31:19,786 INFO [model]   Early stopping (chronological val, n=729): best_iter=145 val_logloss=0.6269
2026-09-05 06:31:20,179 INFO [model]   Fold 7/8  train= 5724  test= 318  (2025-08-12 → 2026-02-28)  acc=0.6604  auc=0.7492  iter=145
2026-09-05 06:31:25,855 INFO [model]   Early stopping (chronological val, n=770): best_iter=123 val_logloss=0.6381
2026-09-05 06:31:26,225 INFO [model]   Fold 8/8  train= 6042  test= 319  (2026-03-07 → 2026-08-29)  acc=0.6583  auc=0.7132  iter=123
2026-09-05 06:31:26,268 INFO [model]   POOLED  n=2545  acc=0.6605 [0.6424, 0.6794]  auc=0.7119  brier=0.2148 (calibrated 0.2178)
2026-09-05 06:31:26,268 INFO [model] 
------------------------------------------------------------
2026-09-05 06:31:26,268 INFO [model] ARM: no_odds  (273 candidate features)
2026-09-05 06:31:26,268 INFO [model] ------------------------------------------------------------
2026-09-05 06:31:30,482 INFO [model]   Early stopping (chronological val, n=486): best_iter=74 val_logloss=0.6653
2026-09-05 06:31:30,706 INFO [model]     MarketAnchor: b=0.353 c=+0.042 on 415 priced rows (trusting 35% of disagreement)
2026-09-05 06:31:30,709 INFO [model]   Fold 1/8  train= 3816  test= 318  (2022-06-04 → 2022-11-12)  acc=0.6038  auc=0.6701  iter=74
2026-09-05 06:31:35,036 INFO [model]   Early stopping (chronological val, n=526): best_iter=316 val_logloss=0.6685
2026-09-05 06:31:35,578 INFO [model]     MarketAnchor: b=0.491 c=+0.077 on 482 priced rows (trusting 49% of disagreement)
2026-09-05 06:31:35,581 INFO [model]   Fold 2/8  train= 4134  test= 318  (2022-11-12 → 2023-06-24)  acc=0.5912  auc=0.6456  iter=316
2026-09-05 06:31:39,518 INFO [model]   Early stopping (chronological val, n=567): best_iter=132 val_logloss=0.6699
2026-09-05 06:31:39,878 INFO [model]     MarketAnchor: b=0.378 c=+0.099 on 535 priced rows (trusting 38% of disagreement)
2026-09-05 06:31:39,881 INFO [model]   Fold 3/8  train= 4452  test= 318  (2023-06-24 → 2023-12-16)  acc=0.5786  auc=0.6299  iter=132
2026-09-05 06:31:44,121 INFO [model]   Early stopping (chronological val, n=608): best_iter=102 val_logloss=0.6660
2026-09-05 06:31:44,429 INFO [model]     MarketAnchor: b=0.223 c=+0.066 on 596 priced rows (trusting 22% of disagreement)
2026-09-05 06:31:44,432 INFO [model]   Fold 4/8  train= 4770  test= 318  (2023-12-16 → 2024-07-13)  acc=0.6164  auc=0.6450  iter=102
2026-09-05 06:31:49,493 INFO [model]   Early stopping (chronological val, n=648): best_iter=197 val_logloss=0.6502
2026-09-05 06:31:50,402 INFO [model]     MarketAnchor: b=0.182 c=-0.015 on 634 priced rows (trusting 18% of disagreement)
2026-09-05 06:31:50,405 INFO [model]   Fold 5/8  train= 5088  test= 318  (2024-07-20 → 2025-02-01)  acc=0.6478  auc=0.6762  iter=197
2026-09-05 06:31:55,705 INFO [model]   Early stopping (chronological val, n=689): best_iter=158 val_logloss=0.6505
2026-09-05 06:31:56,193 INFO [model]     MarketAnchor: b=0.106 c=+0.046 on 685 priced rows (trusting 11% of disagreement)
2026-09-05 06:31:56,196 INFO [model]   Fold 6/8  train= 5406  test= 318  (2025-02-01 → 2025-08-12)  acc=0.6478  auc=0.6949  iter=158
2026-09-05 06:32:01,765 INFO [model]   Early stopping (chronological val, n=729): best_iter=119 val_logloss=0.6593
2026-09-05 06:32:02,122 INFO [model]     MarketAnchor: b=0.151 c=+0.091 on 731 priced rows (trusting 15% of disagreement)
2026-09-05 06:32:02,125 INFO [model]   Fold 7/8  train= 5724  test= 318  (2025-08-12 → 2026-02-28)  acc=0.6447  auc=0.7258  iter=119
2026-09-05 06:32:07,538 INFO [model]   Early stopping (chronological val, n=770): best_iter=216 val_logloss=0.6600
2026-09-05 06:32:08,029 INFO [model]     MarketAnchor: b=0.326 c=+0.060 on 770 priced rows (trusting 33% of disagreement)
2026-09-05 06:32:08,032 INFO [model]   Fold 8/8  train= 6042  test= 319  (2026-03-07 → 2026-08-29)  acc=0.6301  auc=0.6770  iter=216
2026-09-05 06:32:08,070 INFO [model]   POOLED  n=2545  acc=0.6200 [0.6008, 0.6393]  auc=0.6709  brier=0.2276 (calibrated 0.2289)
2026-09-05 06:32:08,070 INFO [model] 
------------------------------------------------------------
2026-09-05 06:32:08,070 INFO [model] ARM: no_odds_no_glicko  (228 candidate features)
2026-09-05 06:32:08,070 INFO [model] ------------------------------------------------------------
2026-09-05 06:32:11,311 INFO [model]   Early stopping (chronological val, n=486): best_iter=202 val_logloss=0.6629
2026-09-05 06:32:11,777 INFO [model]   Fold 1/8  train= 3816  test= 318  (2022-06-04 → 2022-11-12)  acc=0.6478  auc=0.6731  iter=202
2026-09-05 06:32:15,795 INFO [model]   Early stopping (chronological val, n=526): best_iter=523 val_logloss=0.6615
2026-09-05 06:32:17,079 INFO [model]   Fold 2/8  train= 4134  test= 318  (2022-11-12 → 2023-06-24)  acc=0.5786  auc=0.6297  iter=523
2026-09-05 06:32:21,270 INFO [model]   Early stopping (chronological val, n=567): best_iter=90 val_logloss=0.6743
2026-09-05 06:32:21,535 INFO [model]   Fold 3/8  train= 4452  test= 318  (2023-06-24 → 2023-12-16)  acc=0.5472  auc=0.6132  iter=90
2026-09-05 06:32:26,026 INFO [model]   Early stopping (chronological val, n=608): best_iter=172 val_logloss=0.6704
2026-09-05 06:32:26,487 INFO [model]   Fold 4/8  train= 4770  test= 318  (2023-12-16 → 2024-07-13)  acc=0.5629  auc=0.6141  iter=172
2026-09-05 06:32:31,194 INFO [model]   Early stopping (chronological val, n=648): best_iter=146 val_logloss=0.6532
2026-09-05 06:32:31,611 INFO [model]   Fold 5/8  train= 5088  test= 318  (2024-07-20 → 2025-02-01)  acc=0.6478  auc=0.6752  iter=146
2026-09-05 06:32:36,381 INFO [model]   Early stopping (chronological val, n=689): best_iter=123 val_logloss=0.6582
2026-09-05 06:32:36,782 INFO [model]   Fold 6/8  train= 5406  test= 318  (2025-02-01 → 2025-08-12)  acc=0.6509  auc=0.6878  iter=123
2026-09-05 06:32:41,151 INFO [model]   Early stopping (chronological val, n=729): best_iter=150 val_logloss=0.6612
2026-09-05 06:32:41,473 INFO [model]   Fold 7/8  train= 5724  test= 318  (2025-08-12 → 2026-02-28)  acc=0.6195  auc=0.6933  iter=150
2026-09-05 06:32:45,866 INFO [model]   Early stopping (chronological val, n=770): best_iter=195 val_logloss=0.6634
2026-09-05 06:32:46,257 INFO [model]   Fold 8/8  train= 6042  test= 319  (2026-03-07 → 2026-08-29)  acc=0.6113  auc=0.6528  iter=195
2026-09-05 06:32:46,299 INFO [model]   POOLED  n=2545  acc=0.6083 [0.5886, 0.6263]  auc=0.6547  brier=0.2315 (calibrated 0.2328)
2026-09-05 06:32:46,300 INFO [model] 
------------------------------------------------------------
2026-09-05 06:32:46,300 INFO [model] ARM: simulator (competing risks over Glicko)
2026-09-05 06:32:46,300 INFO [model] ------------------------------------------------------------
2026-09-05 06:32:48,843 INFO [model]   Fold 1/8  train= 3816  test= 318  sims=5000  b_dec=+0.227
2026-09-05 06:32:51,337 INFO [model]   Fold 2/8  train= 4134  test= 318  sims=5000  b_dec=+0.221
2026-09-05 06:32:53,849 INFO [model]   Fold 3/8  train= 4452  test= 318  sims=5000  b_dec=+0.213
2026-09-05 06:32:56,475 INFO [model]   Fold 4/8  train= 4770  test= 318  sims=5000  b_dec=+0.208
2026-09-05 06:32:59,019 INFO [model]   Fold 5/8  train= 5088  test= 318  sims=5000  b_dec=+0.189
2026-09-05 06:33:01,448 INFO [model]   Fold 6/8  train= 5406  test= 318  sims=5000  b_dec=+0.196
2026-09-05 06:33:03,858 INFO [model]   Fold 7/8  train= 5724  test= 318  sims=5000  b_dec=+0.203
2026-09-05 06:33:06,235 INFO [model]   Fold 8/8  train= 6042  test= 319  sims=5000  b_dec=+0.189
2026-09-05 06:33:06,269 INFO [model] 
  METHOD (scored on realised outcomes — no market exists for this)
2026-09-05 06:33:06,269 INFO [model]     log loss   1.0155  vs base rate 1.0255
2026-09-05 06:33:06,269 INFO [model]     accuracy   0.4872
2026-09-05 06:33:06,269 INFO [model]     class     Brier     base
2026-09-05 06:33:06,269 INFO [model]     KO       0.2219   0.2245
2026-09-05 06:33:06,269 INFO [model]     SUB      0.1433   0.1456
2026-09-05 06:33:06,269 INFO [model]     DEC      0.2502   0.2504
2026-09-05 06:33:06,269 INFO [model]     predicted mix [0.335 0.178 0.487]  actual [0.339 0.177 0.484]
2026-09-05 06:33:06,294 INFO [model] 
------------------------------------------------------------
2026-09-05 06:33:06,294 INFO [model] MARKET-ANCHORED ARM  (base = no_odds)
2026-09-05 06:33:06,294 INFO [model] ------------------------------------------------------------
2026-09-05 06:33:06,295 INFO [model]   b = fraction of the model's disagreement with the line that is trusted
2026-09-05 06:33:06,295 INFO [model]    Fold        b        c   n_fit
2026-09-05 06:33:06,295 INFO [model]   --------------------------------
2026-09-05 06:33:06,295 INFO [model]       1    0.353   +0.042     415
2026-09-05 06:33:06,295 INFO [model]       2    0.491   +0.077     482
2026-09-05 06:33:06,295 INFO [model]       3    0.378   +0.099     535
2026-09-05 06:33:06,295 INFO [model]       4    0.223   +0.066     596
2026-09-05 06:33:06,295 INFO [model]       5    0.182   -0.015     634
2026-09-05 06:33:06,295 INFO [model]       6    0.106   +0.046     685
2026-09-05 06:33:06,295 INFO [model]       7    0.151   +0.091     731
2026-09-05 06:33:06,295 INFO [model]       8    0.326   +0.060     770
2026-09-05 06:33:06,295 INFO [model]   mean b = 0.276
2026-09-05 06:33:06,295 INFO [model] 
------------------------------------------------------------
2026-09-05 06:33:06,295 INFO [model] MARKET COMPARISON (fights with odds)
2026-09-05 06:33:06,295 INFO [model] ------------------------------------------------------------
2026-09-05 06:33:06,325 INFO [model]   Eval fights with odds: 2082 (2022-06-04 → 2026-08-29)
2026-09-05 06:33:06,326 INFO [model]   Average vig: 0.000
2026-09-05 06:33:06,326 INFO [model] 
  Arm                       Acc             95% CI      AUC    Brier
2026-09-05 06:33:06,326 INFO [model]   ------------------------------------------------------------------
2026-09-05 06:33:06,326 INFO [model]   market only            0.6772     [0.658, 0.698]        —   0.2055
2026-09-05 06:33:06,432 INFO [model]   no_odds_no_glicko      0.6134     [0.592, 0.634]   0.6641   0.2298
2026-09-05 06:33:06,536 INFO [model]   no_odds                0.6263     [0.606, 0.648]   0.6815   0.2252
2026-09-05 06:33:06,644 INFO [model]   simulator              0.5874     [0.566, 0.608]   0.6263   0.2371
2026-09-05 06:33:06,730 INFO [model]   with_odds              0.6772     [0.657, 0.698]   0.7285   0.2091
2026-09-05 06:33:06,792 INFO [model]   market_anchored        0.6830     [0.663, 0.703]   0.7388   0.2066
2026-09-05 06:33:06,792 INFO [model] 
  Arm                    Acc − market         95% CI of diff   Beats mkt?
2026-09-05 06:33:06,792 INFO [model]   ------------------------------------------------------------------------
2026-09-05 06:33:06,792 INFO [model]   no_odds_no_glicko           -0.0639     [-0.0865, -0.0413]           no
2026-09-05 06:33:06,792 INFO [model]   no_odds                     -0.0509     [-0.0735, -0.0288]           no
2026-09-05 06:33:06,792 INFO [model]   simulator                   -0.0898     [-0.1138, -0.0663]           no
2026-09-05 06:33:06,792 INFO [model]   with_odds                   +0.0000     [-0.0149, +0.0154]           no
2026-09-05 06:33:06,792 INFO [model]   market_anchored             +0.0058     [-0.0043, +0.0163]           no
2026-09-05 06:33:06,792 INFO [model] 
  Betting ladder — no_odds_no_glicko (calibrated, frozen thresholds):
2026-09-05 06:33:06,792 INFO [model]     Edge   Bets    Bet%    Win%     ROI%             ROI 95% CI
2026-09-05 06:33:06,792 INFO [model]   --------------------------------------------------------------
2026-09-05 06:33:06,792 INFO [model]       3%   1782   85.6%   38.6%    -6.64          [-12.5, -0.6]
2026-09-05 06:33:06,792 INFO [model]       5%   1590   76.4%   38.4%    -4.82          [-11.4, +2.1]
2026-09-05 06:33:06,792 INFO [model]       8%   1290   62.0%   37.1%    -4.92          [-12.7, +2.7]
2026-09-05 06:33:06,792 INFO [model]      10%   1113   53.5%   35.4%    -7.09          [-14.9, +1.3]
2026-09-05 06:33:06,792 INFO [model]      15%    730   35.1%   34.0%    -3.78          [-14.3, +7.6]
2026-09-05 06:33:06,792 INFO [model] 
  Betting ladder — no_odds (calibrated, frozen thresholds):
2026-09-05 06:33:06,793 INFO [model]     Edge   Bets    Bet%    Win%     ROI%             ROI 95% CI
2026-09-05 06:33:06,793 INFO [model]   --------------------------------------------------------------
2026-09-05 06:33:06,793 INFO [model]       3%   1790   86.0%   41.7%    -3.27           [-9.7, +2.6]
2026-09-05 06:33:06,793 INFO [model]       5%   1595   76.6%   40.9%    -4.04          [-10.4, +2.2]
2026-09-05 06:33:06,793 INFO [model]       8%   1307   62.8%   39.5%    -5.32          [-12.7, +2.2]
2026-09-05 06:33:06,793 INFO [model]      10%   1113   53.5%   39.3%    -4.69          [-12.9, +3.2]
2026-09-05 06:33:06,793 INFO [model]      15%    718   34.5%   38.2%    -2.85          [-13.1, +8.0]
2026-09-05 06:33:06,793 INFO [model] 
  Betting ladder — simulator (calibrated, frozen thresholds):
2026-09-05 06:33:06,793 INFO [model]     Edge   Bets    Bet%    Win%     ROI%             ROI 95% CI
2026-09-05 06:33:06,793 INFO [model]   --------------------------------------------------------------
2026-09-05 06:33:06,793 INFO [model]       3%   1814   87.1%   32.2%   -11.29          [-17.5, -4.7]
2026-09-05 06:33:06,793 INFO [model]       5%   1633   78.4%   30.5%   -12.95          [-19.7, -6.0]
2026-09-05 06:33:06,793 INFO [model]       8%   1362   65.4%   29.2%   -12.25          [-20.4, -4.4]
2026-09-05 06:33:06,793 INFO [model]      10%   1212   58.2%   27.8%   -14.23          [-22.1, -5.7]
2026-09-05 06:33:06,793 INFO [model]      15%    818   39.3%   24.3%   -17.50          [-28.2, -6.7]
2026-09-05 06:33:06,793 INFO [model] 
  Betting ladder — with_odds (calibrated, frozen thresholds):
2026-09-05 06:33:06,793 INFO [model]     Edge   Bets    Bet%    Win%     ROI%             ROI 95% CI
2026-09-05 06:33:06,793 INFO [model]   --------------------------------------------------------------
2026-09-05 06:33:06,793 INFO [model]       3%   1475   70.8%   50.7%    -6.06          [-11.6, -0.6]
2026-09-05 06:33:06,793 INFO [model]       5%   1189   57.1%   51.9%    -4.04          [-10.3, +2.0]
2026-09-05 06:33:06,793 INFO [model]       8%    820   39.4%   51.5%    -2.63          [-10.3, +4.8]
2026-09-05 06:33:06,793 INFO [model]      10%    621   29.8%   52.0%    -1.85          [-10.3, +6.7]
2026-09-05 06:33:06,793 INFO [model]      15%    271   13.0%   52.0%     1.03         [-11.3, +14.2]
2026-09-05 06:33:06,793 INFO [model] 
  Betting ladder — market_anchored (calibrated, frozen thresholds):
2026-09-05 06:33:06,793 INFO [model]     Edge   Bets    Bet%    Win%     ROI%             ROI 95% CI
2026-09-05 06:33:06,793 INFO [model]   --------------------------------------------------------------
2026-09-05 06:33:06,793 INFO [model]       3%    910   43.7%   43.2%    -4.01          [-12.2, +4.0]
2026-09-05 06:33:06,793 INFO [model]       5%    538   25.8%   43.9%    -4.65          [-14.8, +5.5]
2026-09-05 06:33:06,793 INFO [model]       8%    244   11.7%   48.8%     4.16         [-11.0, +19.6]
2026-09-05 06:33:06,793 INFO [model]      10%    148    7.1%   52.0%    11.42          [-8.2, +31.9]
2026-09-05 06:33:06,793 INFO [model]      15%     29    1.4%   55.2%     3.45         [-35.0, +42.8]
2026-09-05 06:33:06,822 INFO [model] 
  Saved 2545 per-fight eval predictions to /Users/rafeburns/Downloads/ALocks/alocks-backend/models/ufc/h2h/eval_predictions.csv
2026-09-05 06:33:06,829 INFO [model] 
  Saved evaluation results to /Users/rafeburns/Downloads/ALocks/alocks-backend/models/ufc/h2h/eval_results.json
2026-09-05 06:33:06,829 INFO [model] 
============================================================
2026-09-05 06:33:06,829 INFO [model] Walk-forward evaluation complete.
2026-09-05 06:33:06,829 INFO [model] ============================================================
2026-09-05 06:36:58,210 INFO [model] ============================================================
2026-09-05 06:36:58,211 INFO [model] UFC Fight Winner Prediction Pipeline v6  (2026-09-05 06:36)
2026-09-05 06:36:58,211 INFO [model] ============================================================
2026-09-05 06:36:58,211 INFO [model] Loading data from database...
2026-09-05 06:36:58,313 INFO [model]   Loaded 4616 fighters
2026-09-05 06:36:59,523 INFO [model]   Loaded 22197 fight-stat rows (11147 unique fights)
2026-09-05 06:36:59,523 INFO [model]   Loading per-round stats...
2026-09-05 06:37:01,032 INFO [model]   Loaded 59640 per-round stat rows
2026-09-05 06:37:01,149 INFO [model] 
  Recomputing Glicko snapshots in memory (fixed newcomer seed)...
2026-09-05 06:37:01,149 INFO [glicko_service]   Loading fight data...
2026-09-05 06:37:01,360 INFO [glicko_service]   Loaded 11562 fights
2026-09-05 06:37:01,360 INFO [glicko_service]   Loading per-round stats...
2026-09-05 06:37:02,695 INFO [glicko_service]   Loaded rounds for 11232 fights
2026-09-05 06:37:02,695 INFO [glicko_service]   Loading per-fight derived totals...
2026-09-05 06:37:03,562 INFO [glicko_service]   Loaded 22464 derived totals rows
2026-09-05 06:37:03,599 INFO [glicko_service]   Loaded 4616 fighters
2026-09-05 06:37:03,743 INFO [glicko_service]   Computing weight class baseline rates...
2026-09-05 06:37:03,803 INFO [glicko_service]     P4P: 1 rounds, KD=0.0000, SUB=0.0000, TD=0.0000, td15s_cap=10.0, ctrl15g_cap=10.0, gnp15g_cap=10.0
2026-09-05 06:37:03,804 INFO [glicko_service]     Flyweight: 1650 rounds, KD=0.0224, SUB=0.0686, TD=0.0839, td15s_cap=25.7, ctrl15g_cap=15.0, gnp15g_cap=79.1
2026-09-05 06:37:03,804 INFO [glicko_service]     Bantamweight: 2847 rounds, KD=0.0266, SUB=0.0654, TD=0.0808, td15s_cap=25.7, ctrl15g_cap=15.0, gnp15g_cap=84.0
2026-09-05 06:37:03,805 INFO [glicko_service]     Featherweight: 3282 rounds, KD=0.0257, SUB=0.0675, TD=0.0804, td15s_cap=26.9, ctrl15g_cap=15.0, gnp15g_cap=84.9
2026-09-05 06:37:03,806 INFO [glicko_service]     Lightweight: 4754 rounds, KD=0.0258, SUB=0.0862, TD=0.0880, td15s_cap=25.7, ctrl15g_cap=15.0, gnp15g_cap=77.1
2026-09-05 06:37:03,806 INFO [glicko_service]     Welterweight: 4313 rounds, KD=0.0304, SUB=0.0738, TD=0.0836, td15s_cap=28.1, ctrl15g_cap=15.0, gnp15g_cap=76.6
2026-09-05 06:37:03,807 INFO [glicko_service]     Middleweight: 3888 rounds, KD=0.0305, SUB=0.0771, TD=0.0759, td15s_cap=25.7, ctrl15g_cap=15.0, gnp15g_cap=94.7
2026-09-05 06:37:03,807 INFO [glicko_service]     Light Heavyweight: 2382 rounds, KD=0.0341, SUB=0.0529, TD=0.0696, td15s_cap=26.3, ctrl15g_cap=15.0, gnp15g_cap=106.6
2026-09-05 06:37:03,807 INFO [glicko_service]     Heavyweight: 2555 rounds, KD=0.0335, SUB=0.0597, TD=0.0607, td15s_cap=23.1, ctrl15g_cap=15.0, gnp15g_cap=102.9
2026-09-05 06:37:03,807 INFO [glicko_service]     P4P: 1 rounds, KD=0.0000, SUB=0.0000, TD=0.0000, td15s_cap=10.0, ctrl15g_cap=10.0, gnp15g_cap=10.0
2026-09-05 06:37:03,808 INFO [glicko_service]     Strawweight: 1337 rounds, KD=0.0091, SUB=0.0507, TD=0.0717, td15s_cap=23.4, ctrl15g_cap=15.0, gnp15g_cap=64.7
2026-09-05 06:37:03,808 INFO [glicko_service]     Flyweight: 977 rounds, KD=0.0082, SUB=0.0499, TD=0.0667, td15s_cap=22.2, ctrl15g_cap=15.0, gnp15g_cap=77.1
2026-09-05 06:37:03,808 INFO [glicko_service]     Bantamweight: 943 rounds, KD=0.0104, SUB=0.0517, TD=0.0654, td15s_cap=27.3, ctrl15g_cap=15.0, gnp15g_cap=79.1
2026-09-05 06:37:04,916 INFO [glicko_service]   Processed 27019 rounds
2026-09-05 06:37:04,939 INFO [model]   Computed 21284 snapshots
2026-09-05 06:37:04,951 INFO [model] Building features...
2026-09-05 06:37:05,205 INFO [model]   Computing defensive stats...
2026-09-05 06:37:06,506 INFO [model]   Computing Elo ratings...
2026-09-05 06:37:06,999 INFO [model]   Computing resume scores...
2026-09-05 06:37:07,153 INFO [model]   Using 21284 caller-supplied Glicko snapshots
2026-09-05 06:37:09,687 INFO [model]   Added 15 Glicko features  + 4 confidence features
2026-09-05 06:37:09,687 INFO [model]   Computing Elo-adjusted stats...
2026-09-05 06:37:09,688 INFO [model]   Computing rolling career averages...
2026-09-05 06:37:33,192 INFO [model]   Computing streaks and career stats...
2026-09-05 06:37:34,460 INFO [model]   Computing composite features...
2026-09-05 06:37:34,464 INFO [model]   Computing round-by-round profiles...
2026-09-05 06:37:42,327 INFO [model]   Computing age curve features...
2026-09-05 06:37:42,329 INFO [model]   Computing damage accumulation...
2026-09-05 06:37:43,614 INFO [model]   Computing weight-class movement...
2026-09-05 06:37:43,811 INFO [model]   Computing pre-UFC records...
2026-09-05 06:37:43,836 INFO [model]   Computing age-relative performance residuals...
2026-09-05 06:37:43,929 INFO [model]   Computing fighter style clusters (k=6)...
2026-09-05 06:37:44,373 INFO [model]     Fit on 22197 rows, assigned 22197 fighter-fights
2026-09-05 06:37:44,374 INFO [model]     Style 0 (10810 fighter-fights): SigStr/5=16.4 TD/5=0.5 Sub/5=0.3 Ctrl/5=44.3 GndStr/5=3.0 top=ctrl_per5
2026-09-05 06:37:44,374 INFO [model]     Style 1 (3928 fighter-fights): SigStr/5=17.0 TD/5=1.5 Sub/5=0.5 Ctrl/5=117.9 GndStr/5=7.5 top=ctrl_per5
2026-09-05 06:37:44,374 INFO [model]     Style 2 (3456 fighter-fights): SigStr/5=32.8 TD/5=0.3 Sub/5=0.2 Ctrl/5=35.9 GndStr/5=5.5 top=ctrl_per5
2026-09-05 06:37:44,374 INFO [model]     Style 3 (3348 fighter-fights): SigStr/5=16.7 TD/5=0.5 Sub/5=0.5 Ctrl/5=49.4 GndStr/5=2.7 top=ctrl_per5
2026-09-05 06:37:44,374 INFO [model]     Style 4 (352 fighter-fights): SigStr/5=12.4 TD/5=2.2 Sub/5=4.5 Ctrl/5=60.5 GndStr/5=4.1 top=ctrl_per5
2026-09-05 06:37:44,375 INFO [model]     Style 5 (303 fighter-fights): SigStr/5=73.5 TD/5=1.0 Sub/5=0.3 Ctrl/5=58.6 GndStr/5=37.8 top=sig_str_landed_per5
2026-09-05 06:37:44,481 INFO [model]   Style matchup features computed expanding-in-time (6x6, 22100 fighter-fights)
2026-09-05 06:37:44,713 INFO [model]   Feature matrix shape: (22197, 334)
2026-09-05 06:37:44,730 INFO [model] Building matchup feature matrix...
2026-09-05 06:37:44,832 INFO [model]   Loading odds from database...
2026-09-05 06:37:45,838 INFO [model]   Odds matched: 2827/11050 fights (25.6%)
2026-09-05 06:37:45,857 INFO [model]   Filtered to modern era (2015+): 6361 fights (dropped 4689 pre-2015)
2026-09-05 06:37:45,857 INFO [model]   Red win rate (modern): 0.556
2026-09-05 06:37:45,868 INFO [model]   Matchup matrix: 6361 fights, 292 candidate features
2026-09-05 06:37:45,868 INFO [model]   Red win rate: 0.556
2026-09-05 06:37:45,868 INFO [model]   Date range: 2015-01-03 to 2026-08-29
2026-09-05 06:37:45,891 INFO [model] 
  Style-cluster cutoff set to eval start: 2022-06-04
2026-09-05 06:37:45,891 INFO [model] Building features...
2026-09-05 06:37:46,129 INFO [model]   Computing defensive stats...
2026-09-05 06:37:47,514 INFO [model]   Computing Elo ratings...
2026-09-05 06:37:47,975 INFO [model]   Computing resume scores...
2026-09-05 06:37:48,113 INFO [model]   Using 21284 caller-supplied Glicko snapshots
2026-09-05 06:37:51,764 INFO [model]   Added 15 Glicko features  + 4 confidence features
2026-09-05 06:37:51,766 INFO [model]   Computing Elo-adjusted stats...
2026-09-05 06:37:51,768 INFO [model]   Computing rolling career averages...
2026-09-05 06:38:17,133 INFO [model]   Computing streaks and career stats...
2026-09-05 06:38:18,795 INFO [model]   Computing composite features...
2026-09-05 06:38:18,801 INFO [model]   Computing round-by-round profiles...
2026-09-05 06:38:27,404 INFO [model]   Computing age curve features...
2026-09-05 06:38:27,408 INFO [model]   Computing damage accumulation...
2026-09-05 06:38:28,659 INFO [model]   Computing weight-class movement...
2026-09-05 06:38:28,847 INFO [model]   Computing pre-UFC records...
2026-09-05 06:38:28,872 INFO [model]   Computing age-relative performance residuals...
2026-09-05 06:38:28,964 INFO [model]   Computing fighter style clusters (k=6)...
2026-09-05 06:38:29,278 INFO [model]     Fit on 17081 rows, assigned 22197 fighter-fights
2026-09-05 06:38:29,279 INFO [model]     Style 0 (4188 fighter-fights): SigStr/5=30.6 TD/5=0.3 Sub/5=0.2 Ctrl/5=33.7 GndStr/5=5.7 top=ctrl_per5
2026-09-05 06:38:29,279 INFO [model]     Style 1 (3331 fighter-fights): SigStr/5=15.4 TD/5=0.6 Sub/5=0.5 Ctrl/5=50.4 GndStr/5=3.0 top=ctrl_per5
2026-09-05 06:38:29,279 INFO [model]     Style 2 (299 fighter-fights): SigStr/5=11.6 TD/5=2.3 Sub/5=4.8 Ctrl/5=54.2 GndStr/5=3.8 top=ctrl_per5
2026-09-05 06:38:29,279 INFO [model]     Style 3 (3761 fighter-fights): SigStr/5=16.6 TD/5=1.5 Sub/5=0.6 Ctrl/5=114.0 GndStr/5=7.9 top=ctrl_per5
2026-09-05 06:38:29,279 INFO [model]     Style 4 (10296 fighter-fights): SigStr/5=15.2 TD/5=0.5 Sub/5=0.3 Ctrl/5=43.3 GndStr/5=3.1 top=ctrl_per5
2026-09-05 06:38:29,279 INFO [model]     Style 5 (322 fighter-fights): SigStr/5=72.4 TD/5=1.1 Sub/5=0.3 Ctrl/5=54.6 GndStr/5=36.8 top=sig_str_landed_per5
2026-09-05 06:38:29,323 INFO [model]   Style matchup features computed expanding-in-time (6x6, 22100 fighter-fights)
2026-09-05 06:38:29,536 INFO [model]   Feature matrix shape: (22197, 334)
2026-09-05 06:38:29,556 INFO [model] Building matchup feature matrix...
2026-09-05 06:38:29,660 INFO [model]   Loading odds from database...
2026-09-05 06:38:30,659 INFO [model]   Odds matched: 2827/11050 fights (25.6%)
2026-09-05 06:38:30,678 INFO [model]   Filtered to modern era (2015+): 6361 fights (dropped 4689 pre-2015)
2026-09-05 06:38:30,678 INFO [model]   Red win rate (modern): 0.556
2026-09-05 06:38:30,689 INFO [model]   Matchup matrix: 6361 fights, 292 candidate features
2026-09-05 06:38:30,689 INFO [model]   Red win rate: 0.556
2026-09-05 06:38:30,690 INFO [model]   Date range: 2015-01-03 to 2026-08-29
2026-09-05 06:38:30,697 INFO [model] ============================================================
2026-09-05 06:38:30,697 INFO [model] WALK-FORWARD EVALUATION
2026-09-05 06:38:30,697 INFO [model] ============================================================
2026-09-05 06:38:30,707 INFO [model]   6361 fights | 8 folds over the last 40% (2545 eval fights)
2026-09-05 06:38:30,707 INFO [model]   Hyperparameters are FIXED (not tuned per fold): {'max_depth': 3, 'learning_rate': 0.037, 'max_features': 0.65, 'min_samples_leaf': 32, 'l2_regularization': 4.4, 'max_bins': 128}
2026-09-05 06:38:30,707 INFO [model]   Those values came from an Optuna search that scored on a chronological
2026-09-05 06:38:30,707 INFO [model]   20% slice overlapping this eval window, so a residual selection optimism
2026-09-05 06:38:30,707 INFO [model]   remains. It is bounded and disclosed rather than hidden.
2026-09-05 06:38:30,707 INFO [model] 
------------------------------------------------------------
2026-09-05 06:38:30,707 INFO [model] ARM: with_odds  (292 candidate features)
2026-09-05 06:38:30,708 INFO [model] ------------------------------------------------------------
2026-09-05 06:38:34,203 INFO [model]   Early stopping (chronological val, n=486): best_iter=76 val_logloss=0.6652
2026-09-05 06:38:34,392 INFO [model]   Fold 1/8  train= 3816  test= 318  (2022-06-04 → 2022-11-12)  acc=0.6352  auc=0.6864  iter=76
2026-09-05 06:38:38,332 INFO [model]   Early stopping (chronological val, n=526): best_iter=122 val_logloss=0.6642
2026-09-05 06:38:38,616 INFO [model]   Fold 2/8  train= 4134  test= 318  (2022-11-12 → 2023-06-24)  acc=0.6101  auc=0.6711  iter=122
2026-09-05 06:38:42,621 INFO [model]   Early stopping (chronological val, n=567): best_iter=210 val_logloss=0.6508
2026-09-05 06:38:43,038 INFO [model]   Fold 3/8  train= 4452  test= 318  (2023-06-24 → 2023-12-16)  acc=0.6572  auc=0.6829  iter=210
2026-09-05 06:38:47,481 INFO [model]   Early stopping (chronological val, n=608): best_iter=150 val_logloss=0.6487
2026-09-05 06:38:47,804 INFO [model]   Fold 4/8  train= 4770  test= 318  (2023-12-16 → 2024-07-13)  acc=0.6415  auc=0.6912  iter=150
2026-09-05 06:38:52,196 INFO [model]   Early stopping (chronological val, n=648): best_iter=257 val_logloss=0.6132
2026-09-05 06:38:52,687 INFO [model]   Fold 5/8  train= 5088  test= 318  (2024-07-20 → 2025-02-01)  acc=0.7138  auc=0.7359  iter=257
2026-09-05 06:38:57,769 INFO [model]   Early stopping (chronological val, n=689): best_iter=222 val_logloss=0.6194
2026-09-05 06:38:58,223 INFO [model]   Fold 6/8  train= 5406  test= 318  (2025-02-01 → 2025-08-12)  acc=0.6887  auc=0.7557  iter=222
2026-09-05 06:39:03,048 INFO [model]   Early stopping (chronological val, n=729): best_iter=179 val_logloss=0.6202
2026-09-05 06:39:03,479 INFO [model]   Fold 7/8  train= 5724  test= 318  (2025-08-12 → 2026-02-28)  acc=0.6667  auc=0.7443  iter=179
2026-09-05 06:39:09,189 INFO [model]   Early stopping (chronological val, n=770): best_iter=82 val_logloss=0.6342
2026-09-05 06:39:09,454 INFO [model]   Fold 8/8  train= 6042  test= 319  (2026-03-07 → 2026-08-29)  acc=0.6646  auc=0.7119  iter=82
2026-09-05 06:39:09,493 INFO [model]   POOLED  n=2545  acc=0.6597 [0.6412, 0.6778]  auc=0.7112  brier=0.2151 (calibrated 0.2174)
2026-09-05 06:39:09,494 INFO [model] 
------------------------------------------------------------
2026-09-05 06:39:09,494 INFO [model] ARM: no_odds  (285 candidate features)
2026-09-05 06:39:09,494 INFO [model] ------------------------------------------------------------
2026-09-05 06:39:13,746 INFO [model]   Early stopping (chronological val, n=486): best_iter=74 val_logloss=0.6645
2026-09-05 06:39:13,973 INFO [model]     MarketAnchor: b=0.381 c=+0.041 on 415 priced rows (trusting 38% of disagreement)
2026-09-05 06:39:13,975 INFO [model]   Fold 1/8  train= 3816  test= 318  (2022-06-04 → 2022-11-12)  acc=0.6069  auc=0.6761  iter=74
2026-09-05 06:39:18,663 INFO [model]   Early stopping (chronological val, n=526): best_iter=376 val_logloss=0.6697
2026-09-05 06:39:19,609 INFO [model]     MarketAnchor: b=0.399 c=+0.082 on 482 priced rows (trusting 40% of disagreement)
2026-09-05 06:39:19,612 INFO [model]   Fold 2/8  train= 4134  test= 318  (2022-11-12 → 2023-06-24)  acc=0.5692  auc=0.6187  iter=376
2026-09-05 06:39:24,284 INFO [model]   Early stopping (chronological val, n=567): best_iter=151 val_logloss=0.6691
2026-09-05 06:39:24,704 INFO [model]     MarketAnchor: b=0.444 c=+0.105 on 535 priced rows (trusting 44% of disagreement)
2026-09-05 06:39:24,707 INFO [model]   Fold 3/8  train= 4452  test= 318  (2023-06-24 → 2023-12-16)  acc=0.5943  auc=0.6285  iter=151
2026-09-05 06:39:29,615 INFO [model]   Early stopping (chronological val, n=608): best_iter=105 val_logloss=0.6648
2026-09-05 06:39:29,922 INFO [model]     MarketAnchor: b=0.390 c=+0.060 on 596 priced rows (trusting 39% of disagreement)
2026-09-05 06:39:29,924 INFO [model]   Fold 4/8  train= 4770  test= 318  (2023-12-16 → 2024-07-13)  acc=0.6038  auc=0.6356  iter=105
2026-09-05 06:39:35,103 INFO [model]   Early stopping (chronological val, n=648): best_iter=262 val_logloss=0.6446
2026-09-05 06:39:35,844 INFO [model]     MarketAnchor: b=0.181 c=-0.017 on 634 priced rows (trusting 18% of disagreement)
2026-09-05 06:39:35,847 INFO [model]   Fold 5/8  train= 5088  test= 318  (2024-07-20 → 2025-02-01)  acc=0.6478  auc=0.6702  iter=262
2026-09-05 06:39:41,282 INFO [model]   Early stopping (chronological val, n=689): best_iter=171 val_logloss=0.6508
2026-09-05 06:39:41,771 INFO [model]     MarketAnchor: b=0.133 c=+0.043 on 685 priced rows (trusting 13% of disagreement)
2026-09-05 06:39:41,774 INFO [model]   Fold 6/8  train= 5406  test= 318  (2025-02-01 → 2025-08-12)  acc=0.6541  auc=0.6929  iter=171
2026-09-05 06:39:47,421 INFO [model]   Early stopping (chronological val, n=729): best_iter=171 val_logloss=0.6543
2026-09-05 06:39:47,911 INFO [model]     MarketAnchor: b=0.149 c=+0.093 on 731 priced rows (trusting 15% of disagreement)
2026-09-05 06:39:47,914 INFO [model]   Fold 7/8  train= 5724  test= 318  (2025-08-12 → 2026-02-28)  acc=0.6226  auc=0.7144  iter=171
2026-09-05 06:39:53,770 INFO [model]   Early stopping (chronological val, n=770): best_iter=137 val_logloss=0.6565
2026-09-05 06:39:54,172 INFO [model]     MarketAnchor: b=0.246 c=+0.064 on 770 priced rows (trusting 25% of disagreement)
2026-09-05 06:39:54,175 INFO [model]   Fold 8/8  train= 6042  test= 319  (2026-03-07 → 2026-08-29)  acc=0.6458  auc=0.6699  iter=137
2026-09-05 06:39:54,218 INFO [model]   POOLED  n=2545  acc=0.6181 [0.5992, 0.6366]  auc=0.6636  brier=0.2289 (calibrated 0.2309)
2026-09-05 06:39:54,218 INFO [model] 
------------------------------------------------------------
2026-09-05 06:39:54,218 INFO [model] ARM: no_odds_no_glicko  (228 candidate features)
2026-09-05 06:39:54,218 INFO [model] ------------------------------------------------------------
2026-09-05 06:39:58,212 INFO [model]   Early stopping (chronological val, n=486): best_iter=193 val_logloss=0.6617
2026-09-05 06:39:58,705 INFO [model]   Fold 1/8  train= 3816  test= 318  (2022-06-04 → 2022-11-12)  acc=0.6509  auc=0.6793  iter=193
2026-09-05 06:40:02,564 INFO [model]   Early stopping (chronological val, n=526): best_iter=493 val_logloss=0.6648
2026-09-05 06:40:03,475 INFO [model]   Fold 2/8  train= 4134  test= 318  (2022-11-12 → 2023-06-24)  acc=0.5786  auc=0.6259  iter=493
2026-09-05 06:40:07,050 INFO [model]   Early stopping (chronological val, n=567): best_iter=130 val_logloss=0.6746
2026-09-05 06:40:07,298 INFO [model]   Fold 3/8  train= 4452  test= 318  (2023-06-24 → 2023-12-16)  acc=0.5755  auc=0.6182  iter=130
2026-09-05 06:40:11,278 INFO [model]   Early stopping (chronological val, n=608): best_iter=105 val_logloss=0.6709
2026-09-05 06:40:11,577 INFO [model]   Fold 4/8  train= 4770  test= 318  (2023-12-16 → 2024-07-13)  acc=0.5975  auc=0.6247  iter=105
2026-09-05 06:40:16,156 INFO [model]   Early stopping (chronological val, n=648): best_iter=141 val_logloss=0.6536
2026-09-05 06:40:16,549 INFO [model]   Fold 5/8  train= 5088  test= 318  (2024-07-20 → 2025-02-01)  acc=0.6572  auc=0.6778  iter=141
2026-09-05 06:40:21,349 INFO [model]   Early stopping (chronological val, n=689): best_iter=102 val_logloss=0.6591
2026-09-05 06:40:21,651 INFO [model]   Fold 6/8  train= 5406  test= 318  (2025-02-01 → 2025-08-12)  acc=0.6132  auc=0.6752  iter=102
2026-09-05 06:40:26,759 INFO [model]   Early stopping (chronological val, n=729): best_iter=167 val_logloss=0.6611
2026-09-05 06:40:27,251 INFO [model]   Fold 7/8  train= 5724  test= 318  (2025-08-12 → 2026-02-28)  acc=0.6038  auc=0.6879  iter=167
2026-09-05 06:40:33,568 INFO [model]   Early stopping (chronological val, n=770): best_iter=146 val_logloss=0.6639
2026-09-05 06:40:33,955 INFO [model]   Fold 8/8  train= 6042  test= 319  (2026-03-07 → 2026-08-29)  acc=0.6144  auc=0.6543  iter=146
2026-09-05 06:40:34,001 INFO [model]   POOLED  n=2545  acc=0.6114 [0.5921, 0.6299]  auc=0.6551  brier=0.2311 (calibrated 0.2321)
2026-09-05 06:40:34,001 INFO [model] 
------------------------------------------------------------
2026-09-05 06:40:34,001 INFO [model] ARM: simulator (competing risks over Glicko)
2026-09-05 06:40:34,001 INFO [model] ------------------------------------------------------------
2026-09-05 06:40:36,557 INFO [model]   Fold 1/8  train= 3816  test= 318  sims=5000  b_dec=+0.227
2026-09-05 06:40:38,979 INFO [model]   Fold 2/8  train= 4134  test= 318  sims=5000  b_dec=+0.221
2026-09-05 06:40:41,276 INFO [model]   Fold 3/8  train= 4452  test= 318  sims=5000  b_dec=+0.213
2026-09-05 06:40:43,698 INFO [model]   Fold 4/8  train= 4770  test= 318  sims=5000  b_dec=+0.208
2026-09-05 06:40:46,036 INFO [model]   Fold 5/8  train= 5088  test= 318  sims=5000  b_dec=+0.189
2026-09-05 06:40:48,391 INFO [model]   Fold 6/8  train= 5406  test= 318  sims=5000  b_dec=+0.196
2026-09-05 06:40:51,562 INFO [model]   Fold 7/8  train= 5724  test= 318  sims=5000  b_dec=+0.203
2026-09-05 06:40:54,076 INFO [model]   Fold 8/8  train= 6042  test= 319  sims=5000  b_dec=+0.189
2026-09-05 06:40:54,114 INFO [model] 
  METHOD (scored on realised outcomes — no market exists for this)
2026-09-05 06:40:54,114 INFO [model]     log loss   1.0155  vs base rate 1.0255
2026-09-05 06:40:54,114 INFO [model]     accuracy   0.4872
2026-09-05 06:40:54,114 INFO [model]     class     Brier     base
2026-09-05 06:40:54,114 INFO [model]     KO       0.2219   0.2245
2026-09-05 06:40:54,114 INFO [model]     SUB      0.1433   0.1456
2026-09-05 06:40:54,114 INFO [model]     DEC      0.2502   0.2504
2026-09-05 06:40:54,115 INFO [model]     predicted mix [0.335 0.178 0.487]  actual [0.339 0.177 0.484]
2026-09-05 06:40:54,142 INFO [model] 
------------------------------------------------------------
2026-09-05 06:40:54,142 INFO [model] MARKET-ANCHORED ARM  (base = no_odds)
2026-09-05 06:40:54,142 INFO [model] ------------------------------------------------------------
2026-09-05 06:40:54,142 INFO [model]   b = fraction of the model's disagreement with the line that is trusted
2026-09-05 06:40:54,142 INFO [model]    Fold        b        c   n_fit
2026-09-05 06:40:54,142 INFO [model]   --------------------------------
2026-09-05 06:40:54,142 INFO [model]       1    0.381   +0.041     415
2026-09-05 06:40:54,142 INFO [model]       2    0.399   +0.082     482
2026-09-05 06:40:54,142 INFO [model]       3    0.444   +0.105     535
2026-09-05 06:40:54,142 INFO [model]       4    0.390   +0.060     596
2026-09-05 06:40:54,142 INFO [model]       5    0.181   -0.017     634
2026-09-05 06:40:54,142 INFO [model]       6    0.133   +0.043     685
2026-09-05 06:40:54,142 INFO [model]       7    0.149   +0.093     731
2026-09-05 06:40:54,142 INFO [model]       8    0.246   +0.064     770
2026-09-05 06:40:54,142 INFO [model]   mean b = 0.290
2026-09-05 06:40:54,142 INFO [model] 
------------------------------------------------------------
2026-09-05 06:40:54,142 INFO [model] MARKET COMPARISON (fights with odds)
2026-09-05 06:40:54,142 INFO [model] ------------------------------------------------------------
2026-09-05 06:40:54,177 INFO [model]   Eval fights with odds: 2082 (2022-06-04 → 2026-08-29)
2026-09-05 06:40:54,177 INFO [model]   Average vig: 0.000
2026-09-05 06:40:54,178 INFO [model] 
  Arm                       Acc             95% CI      AUC    Brier  corr(mkt)   partial
2026-09-05 06:40:54,178 INFO [model]   ----------------------------------------------------------------------------------------
2026-09-05 06:40:54,178 INFO [model]   market only            0.6772     [0.658, 0.698]        —   0.2055      1.000     1.000
2026-09-05 06:40:54,289 INFO [model]   no_odds_no_glicko      0.6143     [0.594, 0.636]   0.6641   0.2295      0.532     0.484
2026-09-05 06:40:54,400 INFO [model]   no_odds                0.6244     [0.603, 0.646]   0.6724   0.2270      0.568     0.522
2026-09-05 06:40:54,512 INFO [model]   simulator              0.5874     [0.566, 0.608]   0.6263   0.2371      0.516     0.480
2026-09-05 06:40:54,602 INFO [model]   with_odds              0.6744     [0.654, 0.695]   0.7273   0.2097      0.821     0.792
2026-09-05 06:40:54,671 INFO [model]   market_anchored        0.6835     [0.663, 0.704]   0.7361   0.2076      0.951     0.941
2026-09-05 06:40:54,671 INFO [model] 
  Arm                    Acc − market         95% CI of diff   Beats mkt?
2026-09-05 06:40:54,671 INFO [model]   ------------------------------------------------------------------------
2026-09-05 06:40:54,671 INFO [model]   no_odds_no_glicko           -0.0629     [-0.0850, -0.0403]           no
2026-09-05 06:40:54,671 INFO [model]   no_odds                     -0.0528     [-0.0754, -0.0298]           no
2026-09-05 06:40:54,671 INFO [model]   simulator                   -0.0898     [-0.1138, -0.0663]           no
2026-09-05 06:40:54,672 INFO [model]   with_odds                   -0.0029     [-0.0173, +0.0120]           no
2026-09-05 06:40:54,672 INFO [model]   market_anchored             +0.0062     [-0.0038, +0.0163]           no
2026-09-05 06:40:54,672 INFO [model] 
  Betting ladder — no_odds_no_glicko (calibrated, frozen thresholds):
2026-09-05 06:40:54,672 INFO [model]     Edge   Bets    Bet%    Win%     ROI%             ROI 95% CI
2026-09-05 06:40:54,672 INFO [model]   --------------------------------------------------------------
2026-09-05 06:40:54,672 INFO [model]       3%   1741   83.6%   39.2%    -5.06          [-11.2, +1.4]
2026-09-05 06:40:54,672 INFO [model]       5%   1545   74.2%   38.4%    -5.15          [-11.7, +1.8]
2026-09-05 06:40:54,672 INFO [model]       8%   1258   60.4%   36.9%    -5.93          [-13.3, +1.8]
2026-09-05 06:40:54,672 INFO [model]      10%   1089   52.3%   35.8%    -6.40          [-14.7, +2.2]
2026-09-05 06:40:54,672 INFO [model]      15%    711   34.1%   33.2%    -7.41          [-18.2, +3.2]
2026-09-05 06:40:54,672 INFO [model] 
  Betting ladder — no_odds (calibrated, frozen thresholds):
2026-09-05 06:40:54,672 INFO [model]     Edge   Bets    Bet%    Win%     ROI%             ROI 95% CI
2026-09-05 06:40:54,672 INFO [model]   --------------------------------------------------------------
2026-09-05 06:40:54,672 INFO [model]       3%   1779   85.4%   39.6%    -7.71          [-14.0, -1.3]
2026-09-05 06:40:54,672 INFO [model]       5%   1612   77.4%   39.1%    -7.92          [-14.1, -1.6]
2026-09-05 06:40:54,672 INFO [model]       8%   1307   62.8%   38.7%    -6.34          [-13.1, +1.0]
2026-09-05 06:40:54,672 INFO [model]      10%   1113   53.5%   38.7%    -4.78          [-12.8, +3.2]
2026-09-05 06:40:54,672 INFO [model]      15%    703   33.8%   36.8%    -5.60          [-16.0, +5.1]
2026-09-05 06:40:54,672 INFO [model] 
  Betting ladder — simulator (calibrated, frozen thresholds):
2026-09-05 06:40:54,672 INFO [model]     Edge   Bets    Bet%    Win%     ROI%             ROI 95% CI
2026-09-05 06:40:54,672 INFO [model]   --------------------------------------------------------------
2026-09-05 06:40:54,672 INFO [model]       3%   1814   87.1%   32.2%   -11.29          [-17.5, -4.7]
2026-09-05 06:40:54,672 INFO [model]       5%   1633   78.4%   30.5%   -12.95          [-19.7, -6.0]
2026-09-05 06:40:54,672 INFO [model]       8%   1362   65.4%   29.2%   -12.25          [-20.4, -4.4]
2026-09-05 06:40:54,672 INFO [model]      10%   1212   58.2%   27.8%   -14.23          [-22.1, -5.7]
2026-09-05 06:40:54,672 INFO [model]      15%    818   39.3%   24.3%   -17.50          [-28.2, -6.7]
2026-09-05 06:40:54,672 INFO [model] 
  Betting ladder — with_odds (calibrated, frozen thresholds):
2026-09-05 06:40:54,672 INFO [model]     Edge   Bets    Bet%    Win%     ROI%             ROI 95% CI
2026-09-05 06:40:54,672 INFO [model]   --------------------------------------------------------------
2026-09-05 06:40:54,672 INFO [model]       3%   1479   71.0%   50.8%    -6.32          [-11.4, -0.8]
2026-09-05 06:40:54,672 INFO [model]       5%   1210   58.1%   51.3%    -6.63          [-12.4, -0.6]
2026-09-05 06:40:54,672 INFO [model]       8%    805   38.7%   52.5%    -3.05          [-10.3, +4.5]
2026-09-05 06:40:54,672 INFO [model]      10%    613   29.4%   52.4%    -1.93          [-11.1, +7.3]
2026-09-05 06:40:54,673 INFO [model]      15%    241   11.6%   56.4%     6.79          [-7.1, +20.6]
2026-09-05 06:40:54,673 INFO [model] 
  Betting ladder — market_anchored (calibrated, frozen thresholds):
2026-09-05 06:40:54,673 INFO [model]     Edge   Bets    Bet%    Win%     ROI%             ROI 95% CI
2026-09-05 06:40:54,673 INFO [model]   --------------------------------------------------------------
2026-09-05 06:40:54,673 INFO [model]       3%    978   47.0%   41.2%    -6.86          [-14.3, +1.1]
2026-09-05 06:40:54,673 INFO [model]       5%    561   26.9%   44.0%    -0.35         [-10.7, +10.1]
2026-09-05 06:40:54,673 INFO [model]       8%    250   12.0%   42.8%    -8.67          [-23.1, +6.4]
2026-09-05 06:40:54,673 INFO [model]      10%    155    7.4%   42.6%   -13.18          [-30.2, +5.5]
2026-09-05 06:40:54,673 INFO [model]      15%     31    1.5%   54.8%    -7.45         [-39.7, +23.0]
2026-09-05 06:40:54,706 INFO [model] 
  Saved 2545 per-fight eval predictions to /Users/rafeburns/Downloads/ALocks/alocks-backend/models/ufc/h2h/eval_predictions.csv
2026-09-05 06:40:54,717 INFO [model] 
  Saved evaluation results to /Users/rafeburns/Downloads/ALocks/alocks-backend/models/ufc/h2h/eval_results.json
2026-09-05 06:40:54,717 INFO [model] 
============================================================
2026-09-05 06:40:54,717 INFO [model] Walk-forward evaluation complete.
2026-09-05 06:40:54,717 INFO [model] ============================================================
2026-09-05 06:48:52,278 INFO [model] ============================================================
2026-09-05 06:48:52,280 INFO [model] UFC Fight Winner Prediction Pipeline v6  (2026-09-05 06:48)
2026-09-05 06:48:52,280 INFO [model] ============================================================
2026-09-05 06:48:52,280 INFO [model] Loading data from database...
2026-09-05 06:48:52,440 INFO [model]   Loaded 4616 fighters
2026-09-05 06:48:53,716 INFO [model]   Loaded 22197 fight-stat rows (11147 unique fights)
2026-09-05 06:48:53,717 INFO [model]   Loading per-round stats...
2026-09-05 06:48:55,189 INFO [model]   Loaded 59640 per-round stat rows
2026-09-05 06:48:55,297 INFO [model] 
  Recomputing Glicko snapshots in memory (fixed newcomer seed)...
2026-09-05 06:48:55,297 INFO [glicko_service]   Loading fight data...
2026-09-05 06:48:55,439 INFO [glicko_service]   Loaded 11562 fights
2026-09-05 06:48:55,439 INFO [glicko_service]   Loading per-round stats...
2026-09-05 06:48:56,694 INFO [glicko_service]   Loaded rounds for 11232 fights
2026-09-05 06:48:56,694 INFO [glicko_service]   Loading per-fight derived totals...
2026-09-05 06:48:57,491 INFO [glicko_service]   Loaded 22464 derived totals rows
2026-09-05 06:48:57,529 INFO [glicko_service]   Loaded 4616 fighters
2026-09-05 06:48:57,644 INFO [glicko_service]   Computing weight class baseline rates...
2026-09-05 06:48:57,700 INFO [glicko_service]     P4P: 1 rounds, KD=0.0000, SUB=0.0000, TD=0.0000, td15s_cap=10.0, ctrl15g_cap=10.0, gnp15g_cap=10.0
2026-09-05 06:48:57,701 INFO [glicko_service]     Flyweight: 1650 rounds, KD=0.0224, SUB=0.0686, TD=0.0839, td15s_cap=25.7, ctrl15g_cap=15.0, gnp15g_cap=79.1
2026-09-05 06:48:57,701 INFO [glicko_service]     Bantamweight: 2847 rounds, KD=0.0266, SUB=0.0654, TD=0.0808, td15s_cap=25.7, ctrl15g_cap=15.0, gnp15g_cap=84.0
2026-09-05 06:48:57,702 INFO [glicko_service]     Featherweight: 3282 rounds, KD=0.0257, SUB=0.0675, TD=0.0804, td15s_cap=26.9, ctrl15g_cap=15.0, gnp15g_cap=84.9
2026-09-05 06:48:57,703 INFO [glicko_service]     Lightweight: 4754 rounds, KD=0.0258, SUB=0.0862, TD=0.0880, td15s_cap=25.7, ctrl15g_cap=15.0, gnp15g_cap=77.1
2026-09-05 06:48:57,703 INFO [glicko_service]     Welterweight: 4313 rounds, KD=0.0304, SUB=0.0738, TD=0.0836, td15s_cap=28.1, ctrl15g_cap=15.0, gnp15g_cap=76.6
2026-09-05 06:48:57,704 INFO [glicko_service]     Middleweight: 3888 rounds, KD=0.0305, SUB=0.0771, TD=0.0759, td15s_cap=25.7, ctrl15g_cap=15.0, gnp15g_cap=94.7
2026-09-05 06:48:57,704 INFO [glicko_service]     Light Heavyweight: 2382 rounds, KD=0.0341, SUB=0.0529, TD=0.0696, td15s_cap=26.3, ctrl15g_cap=15.0, gnp15g_cap=106.6
2026-09-05 06:48:57,704 INFO [glicko_service]     Heavyweight: 2555 rounds, KD=0.0335, SUB=0.0597, TD=0.0607, td15s_cap=23.1, ctrl15g_cap=15.0, gnp15g_cap=102.9
2026-09-05 06:48:57,704 INFO [glicko_service]     P4P: 1 rounds, KD=0.0000, SUB=0.0000, TD=0.0000, td15s_cap=10.0, ctrl15g_cap=10.0, gnp15g_cap=10.0
2026-09-05 06:48:57,705 INFO [glicko_service]     Strawweight: 1337 rounds, KD=0.0091, SUB=0.0507, TD=0.0717, td15s_cap=23.4, ctrl15g_cap=15.0, gnp15g_cap=64.7
2026-09-05 06:48:57,705 INFO [glicko_service]     Flyweight: 977 rounds, KD=0.0082, SUB=0.0499, TD=0.0667, td15s_cap=22.2, ctrl15g_cap=15.0, gnp15g_cap=77.1
2026-09-05 06:48:57,705 INFO [glicko_service]     Bantamweight: 943 rounds, KD=0.0104, SUB=0.0517, TD=0.0654, td15s_cap=27.3, ctrl15g_cap=15.0, gnp15g_cap=79.1
2026-09-05 06:48:58,773 INFO [glicko_service]   Processed 27019 rounds
2026-09-05 06:48:58,794 INFO [model]   Computed 21284 snapshots
2026-09-05 06:48:58,803 INFO [model] Building features...
2026-09-05 06:48:59,040 INFO [model]   Computing defensive stats...
2026-09-05 06:49:00,389 INFO [model]   Computing Elo ratings...
2026-09-05 06:49:00,859 INFO [model]   Computing resume scores...
2026-09-05 06:49:00,999 INFO [model]   Using 21284 caller-supplied Glicko snapshots
2026-09-05 06:49:03,400 INFO [model]   Added 15 Glicko features  + 4 confidence features
2026-09-05 06:49:03,400 INFO [model]   Computing Elo-adjusted stats...
2026-09-05 06:49:03,401 INFO [model]   Computing rolling career averages...
2026-09-05 06:49:26,807 INFO [model]   Computing streaks and career stats...
2026-09-05 06:49:28,036 INFO [model]   Computing composite features...
2026-09-05 06:49:28,040 INFO [model]   Computing round-by-round profiles...
2026-09-05 06:49:36,355 INFO [model]   Computing age curve features...
2026-09-05 06:49:36,358 INFO [model]   Computing damage accumulation...
2026-09-05 06:49:37,674 INFO [model]   Computing weight-class movement...
2026-09-05 06:49:37,942 INFO [model]   Computing pre-UFC records...
2026-09-05 06:49:37,967 INFO [model]   Computing age-relative performance residuals...
2026-09-05 06:49:38,061 INFO [model]   Computing fighter style clusters (k=6)...
2026-09-05 06:49:38,443 INFO [model]     Fit on 22197 rows, assigned 22197 fighter-fights
2026-09-05 06:49:38,444 INFO [model]     Style 0 (10793 fighter-fights): SigStr/5=16.4 TD/5=0.5 Sub/5=0.3 Ctrl/5=44.5 GndStr/5=3.0 top=ctrl_per5
2026-09-05 06:49:38,444 INFO [model]     Style 1 (306 fighter-fights): SigStr/5=72.9 TD/5=0.8 Sub/5=0.3 Ctrl/5=59.0 GndStr/5=36.8 top=sig_str_landed_per5
2026-09-05 06:49:38,444 INFO [model]     Style 2 (3869 fighter-fights): SigStr/5=17.1 TD/5=1.5 Sub/5=0.5 Ctrl/5=118.1 GndStr/5=7.6 top=ctrl_per5
2026-09-05 06:49:38,445 INFO [model]     Style 3 (3421 fighter-fights): SigStr/5=32.7 TD/5=0.3 Sub/5=0.2 Ctrl/5=35.8 GndStr/5=5.5 top=ctrl_per5
2026-09-05 06:49:38,445 INFO [model]     Style 4 (3318 fighter-fights): SigStr/5=16.9 TD/5=0.5 Sub/5=0.4 Ctrl/5=49.7 GndStr/5=2.7 top=ctrl_per5
2026-09-05 06:49:38,445 INFO [model]     Style 5 (490 fighter-fights): SigStr/5=11.9 TD/5=1.8 Sub/5=3.9 Ctrl/5=58.3 GndStr/5=3.9 top=ctrl_per5
2026-09-05 06:49:38,498 INFO [model]   Style matchup features computed expanding-in-time (6x6, 22100 fighter-fights)
2026-09-05 06:49:38,742 INFO [model]   Feature matrix shape: (22197, 334)
2026-09-05 06:49:38,759 INFO [model] Building matchup feature matrix...
2026-09-05 06:49:38,866 INFO [model]   Loading odds from database...
2026-09-05 06:49:39,938 INFO [model]   Odds matched: 2827/11050 fights (25.6%)
2026-09-05 06:49:39,958 INFO [model]   Filtered to modern era (2015+): 6361 fights (dropped 4689 pre-2015)
2026-09-05 06:49:39,958 INFO [model]   Red win rate (modern): 0.556
2026-09-05 06:49:39,969 INFO [model]   Matchup matrix: 6361 fights, 292 candidate features
2026-09-05 06:49:39,969 INFO [model]   Red win rate: 0.556
2026-09-05 06:49:39,970 INFO [model]   Date range: 2015-01-03 to 2026-08-29
2026-09-05 06:49:39,992 INFO [model] 
  Style-cluster cutoff set to eval start: 2022-06-04
2026-09-05 06:49:39,992 INFO [model] Building features...
2026-09-05 06:49:40,244 INFO [model]   Computing defensive stats...
2026-09-05 06:49:41,764 INFO [model]   Computing Elo ratings...
2026-09-05 06:49:42,243 INFO [model]   Computing resume scores...
2026-09-05 06:49:42,390 INFO [model]   Using 21284 caller-supplied Glicko snapshots
2026-09-05 06:49:44,856 INFO [model]   Added 15 Glicko features  + 4 confidence features
2026-09-05 06:49:44,857 INFO [model]   Computing Elo-adjusted stats...
2026-09-05 06:49:44,858 INFO [model]   Computing rolling career averages...
2026-09-05 06:50:08,189 INFO [model]   Computing streaks and career stats...
2026-09-05 06:50:09,494 INFO [model]   Computing composite features...
2026-09-05 06:50:09,498 INFO [model]   Computing round-by-round profiles...
2026-09-05 06:50:17,507 INFO [model]   Computing age curve features...
2026-09-05 06:50:17,510 INFO [model]   Computing damage accumulation...
2026-09-05 06:50:18,732 INFO [model]   Computing weight-class movement...
2026-09-05 06:50:18,922 INFO [model]   Computing pre-UFC records...
2026-09-05 06:50:18,945 INFO [model]   Computing age-relative performance residuals...
2026-09-05 06:50:19,034 INFO [model]   Computing fighter style clusters (k=6)...
2026-09-05 06:50:19,328 INFO [model]     Fit on 17081 rows, assigned 22197 fighter-fights
2026-09-05 06:50:19,329 INFO [model]     Style 0 (3706 fighter-fights): SigStr/5=16.8 TD/5=1.5 Sub/5=0.5 Ctrl/5=113.8 GndStr/5=8.1 top=ctrl_per5
2026-09-05 06:50:19,329 INFO [model]     Style 1 (10298 fighter-fights): SigStr/5=15.2 TD/5=0.5 Sub/5=0.3 Ctrl/5=43.6 GndStr/5=3.1 top=ctrl_per5
2026-09-05 06:50:19,329 INFO [model]     Style 2 (367 fighter-fights): SigStr/5=11.3 TD/5=2.0 Sub/5=4.3 Ctrl/5=55.7 GndStr/5=3.7 top=ctrl_per5
2026-09-05 06:50:19,329 INFO [model]     Style 3 (319 fighter-fights): SigStr/5=72.2 TD/5=0.8 Sub/5=0.3 Ctrl/5=55.2 GndStr/5=36.2 top=sig_str_landed_per5
2026-09-05 06:50:19,329 INFO [model]     Style 4 (3303 fighter-fights): SigStr/5=15.4 TD/5=0.6 Sub/5=0.5 Ctrl/5=50.8 GndStr/5=3.1 top=ctrl_per5
2026-09-05 06:50:19,329 INFO [model]     Style 5 (4204 fighter-fights): SigStr/5=30.5 TD/5=0.3 Sub/5=0.2 Ctrl/5=33.5 GndStr/5=5.6 top=ctrl_per5
2026-09-05 06:50:19,443 INFO [model]   Style matchup features computed expanding-in-time (6x6, 22100 fighter-fights)
2026-09-05 06:50:19,656 INFO [model]   Feature matrix shape: (22197, 334)
2026-09-05 06:50:19,674 INFO [model] Building matchup feature matrix...
2026-09-05 06:50:19,772 INFO [model]   Loading odds from database...
2026-09-05 06:50:20,779 INFO [model]   Odds matched: 2827/11050 fights (25.6%)
2026-09-05 06:50:20,797 INFO [model]   Filtered to modern era (2015+): 6361 fights (dropped 4689 pre-2015)
2026-09-05 06:50:20,797 INFO [model]   Red win rate (modern): 0.556
2026-09-05 06:50:20,807 INFO [model]   Matchup matrix: 6361 fights, 292 candidate features
2026-09-05 06:50:20,808 INFO [model]   Red win rate: 0.556
2026-09-05 06:50:20,808 INFO [model]   Date range: 2015-01-03 to 2026-08-29
2026-09-05 06:50:20,813 INFO [model] ============================================================
2026-09-05 06:50:20,813 INFO [model] WALK-FORWARD EVALUATION
2026-09-05 06:50:20,813 INFO [model] ============================================================
2026-09-05 06:50:20,823 INFO [model]   6361 fights | 8 folds over the last 40% (2545 eval fights)
2026-09-05 06:50:20,823 INFO [model]   Hyperparameters are FIXED (not tuned per fold): {'max_depth': 3, 'learning_rate': 0.037, 'max_features': 0.65, 'min_samples_leaf': 32, 'l2_regularization': 4.4, 'max_bins': 128}
2026-09-05 06:50:20,823 INFO [model]   Those values came from an Optuna search that scored on a chronological
2026-09-05 06:50:20,823 INFO [model]   20% slice overlapping this eval window, so a residual selection optimism
2026-09-05 06:50:20,823 INFO [model]   remains. It is bounded and disclosed rather than hidden.
2026-09-05 06:50:20,823 INFO [model] 
------------------------------------------------------------
2026-09-05 06:50:20,823 INFO [model] ARM: with_odds  (292 candidate features)
2026-09-05 06:50:20,824 INFO [model] ------------------------------------------------------------
2026-09-05 06:50:24,918 INFO [model]   Early stopping (chronological val, n=486): best_iter=86 val_logloss=0.6651
2026-09-05 06:50:25,180 INFO [model]   Fold 1/8  train= 3816  test= 318  (2022-06-04 → 2022-11-12)  acc=0.6321  auc=0.6877  iter=86
2026-09-05 06:50:29,929 INFO [model]   Early stopping (chronological val, n=526): best_iter=237 val_logloss=0.6623
2026-09-05 06:50:30,520 INFO [model]   Fold 2/8  train= 4134  test= 318  (2022-11-12 → 2023-06-24)  acc=0.6164  auc=0.6729  iter=237
2026-09-05 06:50:37,185 INFO [model]   Early stopping (chronological val, n=567): best_iter=179 val_logloss=0.6508
2026-09-05 06:50:37,855 INFO [model]   Fold 3/8  train= 4452  test= 318  (2023-06-24 → 2023-12-16)  acc=0.6541  auc=0.6844  iter=179
2026-09-05 06:50:42,567 INFO [model]   Early stopping (chronological val, n=608): best_iter=175 val_logloss=0.6492
2026-09-05 06:50:42,922 INFO [model]   Fold 4/8  train= 4770  test= 318  (2023-12-16 → 2024-07-13)  acc=0.6541  auc=0.6968  iter=175
2026-09-05 06:50:48,972 INFO [model]   Early stopping (chronological val, n=648): best_iter=254 val_logloss=0.6127
2026-09-05 06:50:50,681 INFO [model]   Fold 5/8  train= 5088  test= 318  (2024-07-20 → 2025-02-01)  acc=0.7170  auc=0.7363  iter=254
2026-09-05 06:50:56,417 INFO [model]   Early stopping (chronological val, n=689): best_iter=326 val_logloss=0.6184
2026-09-05 06:50:57,222 INFO [model]   Fold 6/8  train= 5406  test= 318  (2025-02-01 → 2025-08-12)  acc=0.6950  auc=0.7574  iter=326
2026-09-05 06:51:02,257 INFO [model]   Early stopping (chronological val, n=729): best_iter=180 val_logloss=0.6196
2026-09-05 06:51:02,705 INFO [model]   Fold 7/8  train= 5724  test= 318  (2025-08-12 → 2026-02-28)  acc=0.6761  auc=0.7495  iter=180
2026-09-05 06:51:08,317 INFO [model]   Early stopping (chronological val, n=770): best_iter=82 val_logloss=0.6349
2026-09-05 06:51:08,577 INFO [model]   Fold 8/8  train= 6042  test= 319  (2026-03-07 → 2026-08-29)  acc=0.6583  auc=0.7110  iter=82
2026-09-05 06:51:08,621 INFO [model]   POOLED  n=2545  acc=0.6629 [0.6448, 0.6809]  auc=0.7129  brier=0.2145 (calibrated 0.2159)
2026-09-05 06:51:08,622 INFO [model] 
------------------------------------------------------------
2026-09-05 06:51:08,632 INFO [model] ARM: no_odds  (285 candidate features)
2026-09-05 06:51:08,632 INFO [model] ------------------------------------------------------------
2026-09-05 06:51:13,251 INFO [model]   Early stopping (chronological val, n=486): best_iter=90 val_logloss=0.6641
2026-09-05 06:51:13,517 INFO [model]     MarketAnchor: b=0.441 c=+0.036 on 415 priced rows (trusting 44% of disagreement)
2026-09-05 06:51:13,519 INFO [model]   Fold 1/8  train= 3816  test= 318  (2022-06-04 → 2022-11-12)  acc=0.6101  auc=0.6797  iter=90
2026-09-05 06:51:18,138 INFO [model]   Early stopping (chronological val, n=526): best_iter=210 val_logloss=0.6703
2026-09-05 06:51:18,695 INFO [model]     MarketAnchor: b=0.392 c=+0.091 on 482 priced rows (trusting 39% of disagreement)
2026-09-05 06:51:18,697 INFO [model]   Fold 2/8  train= 4134  test= 318  (2022-11-12 → 2023-06-24)  acc=0.5786  auc=0.6259  iter=210
2026-09-05 06:51:23,440 INFO [model]   Early stopping (chronological val, n=567): best_iter=139 val_logloss=0.6680
2026-09-05 06:51:23,822 INFO [model]     MarketAnchor: b=0.432 c=+0.104 on 535 priced rows (trusting 43% of disagreement)
2026-09-05 06:51:23,826 INFO [model]   Fold 3/8  train= 4452  test= 318  (2023-06-24 → 2023-12-16)  acc=0.5943  auc=0.6201  iter=139
2026-09-05 06:51:28,444 INFO [model]   Early stopping (chronological val, n=608): best_iter=120 val_logloss=0.6665
2026-09-05 06:51:28,711 INFO [model]     MarketAnchor: b=0.354 c=+0.065 on 596 priced rows (trusting 35% of disagreement)
2026-09-05 06:51:28,713 INFO [model]   Fold 4/8  train= 4770  test= 318  (2023-12-16 → 2024-07-13)  acc=0.5660  auc=0.6302  iter=120
2026-09-05 06:51:33,077 INFO [model]   Early stopping (chronological val, n=648): best_iter=208 val_logloss=0.6437
2026-09-05 06:51:33,528 INFO [model]     MarketAnchor: b=0.239 c=-0.020 on 634 priced rows (trusting 24% of disagreement)
2026-09-05 06:51:33,531 INFO [model]   Fold 5/8  train= 5088  test= 318  (2024-07-20 → 2025-02-01)  acc=0.6509  auc=0.6726  iter=208
2026-09-05 06:51:38,661 INFO [model]   Early stopping (chronological val, n=689): best_iter=240 val_logloss=0.6502
2026-09-05 06:51:39,311 INFO [model]     MarketAnchor: b=0.174 c=+0.038 on 685 priced rows (trusting 17% of disagreement)
2026-09-05 06:51:39,314 INFO [model]   Fold 6/8  train= 5406  test= 318  (2025-02-01 → 2025-08-12)  acc=0.6447  auc=0.6947  iter=240
2026-09-05 06:51:45,000 INFO [model]   Early stopping (chronological val, n=729): best_iter=187 val_logloss=0.6543
2026-09-05 06:51:45,538 INFO [model]     MarketAnchor: b=0.121 c=+0.096 on 731 priced rows (trusting 12% of disagreement)
2026-09-05 06:51:45,541 INFO [model]   Fold 7/8  train= 5724  test= 318  (2025-08-12 → 2026-02-28)  acc=0.6226  auc=0.7145  iter=187
2026-09-05 06:51:50,883 INFO [model]   Early stopping (chronological val, n=770): best_iter=208 val_logloss=0.6566
2026-09-05 06:51:51,288 INFO [model]     MarketAnchor: b=0.298 c=+0.065 on 770 priced rows (trusting 30% of disagreement)
2026-09-05 06:51:51,290 INFO [model]   Fold 8/8  train= 6042  test= 319  (2026-03-07 → 2026-08-29)  acc=0.6426  auc=0.6738  iter=208
2026-09-05 06:51:51,330 INFO [model]   POOLED  n=2545  acc=0.6138 [0.5941, 0.6322]  auc=0.6649  brier=0.2284 (calibrated 0.2288)
2026-09-05 06:51:51,330 INFO [model] 
------------------------------------------------------------
2026-09-05 06:51:51,330 INFO [model] ARM: no_odds_no_glicko  (228 candidate features)
2026-09-05 06:51:51,330 INFO [model] ------------------------------------------------------------
2026-09-05 06:51:54,617 INFO [model]   Early stopping (chronological val, n=486): best_iter=222 val_logloss=0.6623
2026-09-05 06:51:55,028 INFO [model]   Fold 1/8  train= 3816  test= 318  (2022-06-04 → 2022-11-12)  acc=0.6572  auc=0.6822  iter=222
2026-09-05 06:51:58,748 INFO [model]   Early stopping (chronological val, n=526): best_iter=352 val_logloss=0.6629
2026-09-05 06:51:59,612 INFO [model]   Fold 2/8  train= 4134  test= 318  (2022-11-12 → 2023-06-24)  acc=0.5692  auc=0.6318  iter=352
2026-09-05 06:52:03,882 INFO [model]   Early stopping (chronological val, n=567): best_iter=107 val_logloss=0.6744
2026-09-05 06:52:04,194 INFO [model]   Fold 3/8  train= 4452  test= 318  (2023-06-24 → 2023-12-16)  acc=0.5629  auc=0.6186  iter=107
2026-09-05 06:52:08,618 INFO [model]   Early stopping (chronological val, n=608): best_iter=157 val_logloss=0.6707
2026-09-05 06:52:09,049 INFO [model]   Fold 4/8  train= 4770  test= 318  (2023-12-16 → 2024-07-13)  acc=0.5849  auc=0.6195  iter=157
2026-09-05 06:52:12,963 INFO [model]   Early stopping (chronological val, n=648): best_iter=146 val_logloss=0.6530
2026-09-05 06:52:13,255 INFO [model]   Fold 5/8  train= 5088  test= 318  (2024-07-20 → 2025-02-01)  acc=0.6572  auc=0.6792  iter=146
2026-09-05 06:52:17,430 INFO [model]   Early stopping (chronological val, n=689): best_iter=131 val_logloss=0.6570
2026-09-05 06:52:17,699 INFO [model]   Fold 6/8  train= 5406  test= 318  (2025-02-01 → 2025-08-12)  acc=0.6352  auc=0.6838  iter=131
2026-09-05 06:52:22,590 INFO [model]   Early stopping (chronological val, n=729): best_iter=178 val_logloss=0.6608
2026-09-05 06:52:23,076 INFO [model]   Fold 7/8  train= 5724  test= 318  (2025-08-12 → 2026-02-28)  acc=0.6132  auc=0.6940  iter=178
2026-09-05 06:52:28,200 INFO [model]   Early stopping (chronological val, n=770): best_iter=137 val_logloss=0.6625
2026-09-05 06:52:28,588 INFO [model]   Fold 8/8  train= 6042  test= 319  (2026-03-07 → 2026-08-29)  acc=0.6301  auc=0.6601  iter=137
2026-09-05 06:52:28,632 INFO [model]   POOLED  n=2545  acc=0.6138 [0.5945, 0.6322]  auc=0.6582  brier=0.2306 (calibrated 0.2319)
2026-09-05 06:52:28,632 INFO [model] 
------------------------------------------------------------
2026-09-05 06:52:28,632 INFO [model] ARM: simulator (competing risks over Glicko)
2026-09-05 06:52:28,632 INFO [model] ------------------------------------------------------------
2026-09-05 06:52:31,192 INFO [model]   Fold 1/8  train= 3816  test= 318  sims=5000  b_dec=+0.227
2026-09-05 06:52:33,525 INFO [model]   Fold 2/8  train= 4134  test= 318  sims=5000  b_dec=+0.221
2026-09-05 06:52:35,920 INFO [model]   Fold 3/8  train= 4452  test= 318  sims=5000  b_dec=+0.213
2026-09-05 06:52:38,247 INFO [model]   Fold 4/8  train= 4770  test= 318  sims=5000  b_dec=+0.208
2026-09-05 06:52:40,617 INFO [model]   Fold 5/8  train= 5088  test= 318  sims=5000  b_dec=+0.189
2026-09-05 06:52:43,077 INFO [model]   Fold 6/8  train= 5406  test= 318  sims=5000  b_dec=+0.196
2026-09-05 06:52:45,541 INFO [model]   Fold 7/8  train= 5724  test= 318  sims=5000  b_dec=+0.203
2026-09-05 06:52:47,985 INFO [model]   Fold 8/8  train= 6042  test= 319  sims=5000  b_dec=+0.189
2026-09-05 06:52:48,023 INFO [model] 
  METHOD (scored on realised outcomes — no market exists for this)
2026-09-05 06:52:48,023 INFO [model]     log loss   1.0155  vs base rate 1.0255
2026-09-05 06:52:48,023 INFO [model]     accuracy   0.4872
2026-09-05 06:52:48,023 INFO [model]     class     Brier     base
2026-09-05 06:52:48,023 INFO [model]     KO       0.2219   0.2245
2026-09-05 06:52:48,023 INFO [model]     SUB      0.1433   0.1456
2026-09-05 06:52:48,023 INFO [model]     DEC      0.2502   0.2504
2026-09-05 06:52:48,024 INFO [model]     predicted mix [0.335 0.178 0.487]  actual [0.339 0.177 0.484]
2026-09-05 06:52:48,024 INFO [model] 
------------------------------------------------------------
2026-09-05 06:52:48,024 INFO [model] ARM: decorrelated (market-decorrelation penalty)
2026-09-05 06:52:48,024 INFO [model] ------------------------------------------------------------
2026-09-05 06:52:53,044 INFO [model]   Fold 1/8  train= 3816  test= 318  gamma=1.0  inner_roi=+2.45%
2026-09-05 06:52:57,650 INFO [model]   Fold 2/8  train= 4134  test= 318  gamma=0.0  inner_roi=+1.98%
2026-09-05 06:53:02,519 INFO [model]   Fold 3/8  train= 4452  test= 318  gamma=0.0  inner_roi=+5.38%
2026-09-05 06:53:07,825 INFO [model]   Fold 4/8  train= 4770  test= 318  gamma=1.0  inner_roi=+2.98%
2026-09-05 06:53:13,417 INFO [model]   Fold 5/8  train= 5088  test= 318  gamma=0.25 inner_roi=-5.17%
2026-09-05 06:53:19,022 INFO [model]   Fold 6/8  train= 5406  test= 318  gamma=0.0  inner_roi=+3.20%
2026-09-05 06:53:25,468 INFO [model]   Fold 7/8  train= 5724  test= 318  gamma=0.0  inner_roi=+7.16%
2026-09-05 06:53:32,908 INFO [model]   Fold 8/8  train= 6042  test= 319  gamma=0.0  inner_roi=+12.35%
2026-09-05 06:53:32,941 INFO [model]   gamma per fold: [1.0, 0.0, 0.0, 1.0, 0.25, 0.0, 0.0, 0.0]
2026-09-05 06:53:32,968 INFO [model] 
------------------------------------------------------------
2026-09-05 06:53:32,968 INFO [model] MARKET-ANCHORED ARM  (base = no_odds)
2026-09-05 06:53:32,968 INFO [model] ------------------------------------------------------------
2026-09-05 06:53:32,968 INFO [model]   b = fraction of the model's disagreement with the line that is trusted
2026-09-05 06:53:32,968 INFO [model]    Fold        b        c   n_fit
2026-09-05 06:53:32,968 INFO [model]   --------------------------------
2026-09-05 06:53:32,968 INFO [model]       1    0.441   +0.036     415
2026-09-05 06:53:32,968 INFO [model]       2    0.392   +0.091     482
2026-09-05 06:53:32,968 INFO [model]       3    0.432   +0.104     535
2026-09-05 06:53:32,968 INFO [model]       4    0.354   +0.065     596
2026-09-05 06:53:32,968 INFO [model]       5    0.239   -0.020     634
2026-09-05 06:53:32,968 INFO [model]       6    0.174   +0.038     685
2026-09-05 06:53:32,968 INFO [model]       7    0.121   +0.096     731
2026-09-05 06:53:32,968 INFO [model]       8    0.298   +0.065     770
2026-09-05 06:53:32,968 INFO [model]   mean b = 0.306
2026-09-05 06:53:32,968 INFO [model] 
------------------------------------------------------------
2026-09-05 06:53:32,968 INFO [model] MARKET COMPARISON (fights with odds)
2026-09-05 06:53:32,968 INFO [model] ------------------------------------------------------------
2026-09-05 06:53:33,001 INFO [model]   Eval fights with odds: 2082 (2022-06-04 → 2026-08-29)
2026-09-05 06:53:33,001 INFO [model]   Average vig: 0.000
2026-09-05 06:53:33,001 INFO [model] 
  Arm                       Acc             95% CI      AUC    Brier  corr(mkt)   partial
2026-09-05 06:53:33,001 INFO [model]   ----------------------------------------------------------------------------------------
2026-09-05 06:53:33,001 INFO [model]   market only            0.6772     [0.658, 0.698]        —   0.2055      1.000     1.000
2026-09-05 06:53:33,118 INFO [model]   no_odds_no_glicko      0.6148     [0.594, 0.635]   0.6673   0.2290      0.529     0.482
2026-09-05 06:53:33,230 INFO [model]   no_odds                0.6206     [0.598, 0.642]   0.6740   0.2265      0.567     0.515
2026-09-05 06:53:33,344 INFO [model]   simulator              0.5874     [0.566, 0.608]   0.6263   0.2371      0.516     0.480
2026-09-05 06:53:33,437 INFO [model]   with_odds              0.6787     [0.659, 0.698]   0.7291   0.2090      0.824     0.794
2026-09-05 06:53:33,506 INFO [model]   market_anchored        0.6787     [0.659, 0.698]   0.7378   0.2067      0.950     0.940
2026-09-05 06:53:33,626 INFO [model]   decorrelated           0.6484     [0.627, 0.670]   0.6785   0.2498      0.550     0.510
2026-09-05 06:53:33,626 INFO [model] 
  Arm                    Acc − market         95% CI of diff   Beats mkt?
2026-09-05 06:53:33,626 INFO [model]   ------------------------------------------------------------------------
2026-09-05 06:53:33,626 INFO [model]   no_odds_no_glicko           -0.0624     [-0.0855, -0.0399]           no
2026-09-05 06:53:33,626 INFO [model]   no_odds                     -0.0567     [-0.0797, -0.0346]           no
2026-09-05 06:53:33,626 INFO [model]   simulator                   -0.0898     [-0.1138, -0.0663]           no
2026-09-05 06:53:33,626 INFO [model]   with_odds                   +0.0014     [-0.0130, +0.0159]           no
2026-09-05 06:53:33,626 INFO [model]   market_anchored             +0.0014     [-0.0086, +0.0125]           no
2026-09-05 06:53:33,626 INFO [model]   decorrelated                -0.0288     [-0.0495, -0.0096]           no
2026-09-05 06:53:33,626 INFO [model] 
  Betting ladder — no_odds_no_glicko (calibrated, frozen thresholds):
2026-09-05 06:53:33,626 INFO [model]     Edge   Bets    Bet%    Win%     ROI%             ROI 95% CI
2026-09-05 06:53:33,626 INFO [model]   --------------------------------------------------------------
2026-09-05 06:53:33,626 INFO [model]       3%   1768   84.9%   39.3%    -5.64          [-11.7, +0.8]
2026-09-05 06:53:33,626 INFO [model]       5%   1568   75.3%   38.5%    -5.22          [-11.9, +1.7]
2026-09-05 06:53:33,627 INFO [model]       8%   1282   61.6%   37.3%    -5.37          [-12.6, +2.4]
2026-09-05 06:53:33,627 INFO [model]      10%   1108   53.2%   35.7%    -7.44          [-15.6, +0.5]
2026-09-05 06:53:33,627 INFO [model]      15%    691   33.2%   33.9%    -4.69          [-15.9, +6.4]
2026-09-05 06:53:33,627 INFO [model] 
  Betting ladder — no_odds (calibrated, frozen thresholds):
2026-09-05 06:53:33,627 INFO [model]     Edge   Bets    Bet%    Win%     ROI%             ROI 95% CI
2026-09-05 06:53:33,627 INFO [model]   --------------------------------------------------------------
2026-09-05 06:53:33,627 INFO [model]       3%   1780   85.5%   40.6%    -4.45          [-10.3, +1.8]
2026-09-05 06:53:33,627 INFO [model]       5%   1586   76.2%   39.3%    -5.64          [-12.1, +1.0]
2026-09-05 06:53:33,627 INFO [model]       8%   1288   61.9%   38.4%    -5.75          [-12.8, +1.7]
2026-09-05 06:53:33,627 INFO [model]      10%   1110   53.3%   38.1%    -4.15          [-11.9, +4.4]
2026-09-05 06:53:33,627 INFO [model]      15%    715   34.3%   37.3%    -2.17          [-13.3, +8.3]
2026-09-05 06:53:33,627 INFO [model] 
  Betting ladder — simulator (calibrated, frozen thresholds):
2026-09-05 06:53:33,627 INFO [model]     Edge   Bets    Bet%    Win%     ROI%             ROI 95% CI
2026-09-05 06:53:33,627 INFO [model]   --------------------------------------------------------------
2026-09-05 06:53:33,627 INFO [model]       3%   1814   87.1%   32.2%   -11.29          [-17.5, -4.7]
2026-09-05 06:53:33,627 INFO [model]       5%   1633   78.4%   30.5%   -12.95          [-19.7, -6.0]
2026-09-05 06:53:33,627 INFO [model]       8%   1362   65.4%   29.2%   -12.25          [-20.4, -4.4]
2026-09-05 06:53:33,627 INFO [model]      10%   1212   58.2%   27.8%   -14.23          [-22.1, -5.7]
2026-09-05 06:53:33,627 INFO [model]      15%    818   39.3%   24.3%   -17.50          [-28.2, -6.7]
2026-09-05 06:53:33,627 INFO [model] 
  Betting ladder — with_odds (calibrated, frozen thresholds):
2026-09-05 06:53:33,627 INFO [model]     Edge   Bets    Bet%    Win%     ROI%             ROI 95% CI
2026-09-05 06:53:33,627 INFO [model]   --------------------------------------------------------------
2026-09-05 06:53:33,627 INFO [model]       3%   1516   72.8%   52.9%    -3.30           [-8.7, +2.1]
2026-09-05 06:53:33,627 INFO [model]       5%   1197   57.5%   54.1%    -0.46           [-6.6, +5.8]
2026-09-05 06:53:33,627 INFO [model]       8%    784   37.7%   54.5%     2.09          [-5.8, +10.1]
2026-09-05 06:53:33,627 INFO [model]      10%    584   28.0%   55.5%     3.96          [-5.1, +12.6]
2026-09-05 06:53:33,627 INFO [model]      15%    249   12.0%   55.4%     4.30          [-9.4, +18.0]
2026-09-05 06:53:33,627 INFO [model] 
  Betting ladder — market_anchored (calibrated, frozen thresholds):
2026-09-05 06:53:33,627 INFO [model]     Edge   Bets    Bet%    Win%     ROI%             ROI 95% CI
2026-09-05 06:53:33,627 INFO [model]   --------------------------------------------------------------
2026-09-05 06:53:33,627 INFO [model]       3%   1067   51.2%   42.1%    -3.14          [-10.9, +4.9]
2026-09-05 06:53:33,627 INFO [model]       5%    603   29.0%   44.8%     2.11          [-8.3, +12.6]
2026-09-05 06:53:33,627 INFO [model]       8%    271   13.0%   45.8%     0.83         [-13.5, +15.7]
2026-09-05 06:53:33,627 INFO [model]      10%    158    7.6%   46.2%    -3.28         [-21.3, +16.4]
2026-09-05 06:53:33,627 INFO [model]      15%     28    1.3%   64.3%    10.49         [-26.1, +45.9]
2026-09-05 06:53:33,627 INFO [model] 
  Betting ladder — decorrelated (calibrated, frozen thresholds):
2026-09-05 06:53:33,627 INFO [model]     Edge   Bets    Bet%    Win%     ROI%             ROI 95% CI
2026-09-05 06:53:33,627 INFO [model]   --------------------------------------------------------------
2026-09-05 06:53:33,627 INFO [model]       3%   1866   89.6%   58.5%    -1.37           [-5.9, +3.0]
2026-09-05 06:53:33,628 INFO [model]       5%   1733   83.2%   58.6%    -1.68           [-6.2, +2.8]
2026-09-05 06:53:33,628 INFO [model]       8%   1536   73.8%   59.5%    -0.00           [-4.5, +4.7]
2026-09-05 06:53:33,628 INFO [model]      10%   1401   67.3%   60.2%     0.56           [-4.1, +5.4]
2026-09-05 06:53:33,628 INFO [model]      15%   1025   49.2%   60.5%     2.31           [-3.5, +8.5]
2026-09-05 06:53:33,660 INFO [model] 
  Saved 2545 per-fight eval predictions to /Users/rafeburns/Downloads/ALocks/alocks-backend/models/ufc/h2h/eval_predictions.csv
2026-09-05 06:53:33,668 INFO [model] 
  Saved evaluation results to /Users/rafeburns/Downloads/ALocks/alocks-backend/models/ufc/h2h/eval_results.json
2026-09-05 06:53:33,668 INFO [model] 
============================================================
2026-09-05 06:53:33,668 INFO [model] Walk-forward evaluation complete.
2026-09-05 06:53:33,668 INFO [model] ============================================================
2026-09-05 07:35:18,902 INFO [model] ============================================================
2026-09-05 07:35:18,903 INFO [model] TRAINING MLP FOR SERVING (gamma=0.0)
2026-09-05 07:35:18,903 INFO [model] ============================================================
2026-09-05 07:35:18,903 INFO [glicko_service]   Loading fight data...
2026-09-05 07:35:19,208 INFO [glicko_service]   Loaded 11562 fights
2026-09-05 07:35:19,209 INFO [glicko_service]   Loading per-round stats...
2026-09-05 07:35:21,135 INFO [glicko_service]   Loaded rounds for 11232 fights
2026-09-05 07:35:21,135 INFO [glicko_service]   Loading per-fight derived totals...
2026-09-05 07:35:22,022 INFO [glicko_service]   Loaded 22464 derived totals rows
2026-09-05 07:35:22,066 INFO [glicko_service]   Loaded 4616 fighters
2026-09-05 07:35:22,190 INFO [glicko_service]   Computing weight class baseline rates...
2026-09-05 07:35:22,250 INFO [glicko_service]     P4P: 1 rounds, KD=0.0000, SUB=0.0000, TD=0.0000, td15s_cap=10.0, ctrl15g_cap=10.0, gnp15g_cap=10.0
2026-09-05 07:35:22,250 INFO [glicko_service]     Flyweight: 1650 rounds, KD=0.0224, SUB=0.0686, TD=0.0839, td15s_cap=25.7, ctrl15g_cap=15.0, gnp15g_cap=79.1
2026-09-05 07:35:22,251 INFO [glicko_service]     Bantamweight: 2847 rounds, KD=0.0266, SUB=0.0654, TD=0.0808, td15s_cap=25.7, ctrl15g_cap=15.0, gnp15g_cap=84.0
2026-09-05 07:35:22,251 INFO [glicko_service]     Featherweight: 3282 rounds, KD=0.0257, SUB=0.0675, TD=0.0804, td15s_cap=26.9, ctrl15g_cap=15.0, gnp15g_cap=84.9
2026-09-05 07:35:22,252 INFO [glicko_service]     Lightweight: 4754 rounds, KD=0.0258, SUB=0.0862, TD=0.0880, td15s_cap=25.7, ctrl15g_cap=15.0, gnp15g_cap=77.1
2026-09-05 07:35:22,253 INFO [glicko_service]     Welterweight: 4313 rounds, KD=0.0304, SUB=0.0738, TD=0.0836, td15s_cap=28.1, ctrl15g_cap=15.0, gnp15g_cap=76.6
2026-09-05 07:35:22,254 INFO [glicko_service]     Middleweight: 3888 rounds, KD=0.0305, SUB=0.0771, TD=0.0759, td15s_cap=25.7, ctrl15g_cap=15.0, gnp15g_cap=94.7
2026-09-05 07:35:22,254 INFO [glicko_service]     Light Heavyweight: 2382 rounds, KD=0.0341, SUB=0.0529, TD=0.0696, td15s_cap=26.3, ctrl15g_cap=15.0, gnp15g_cap=106.6
2026-09-05 07:35:22,254 INFO [glicko_service]     Heavyweight: 2555 rounds, KD=0.0335, SUB=0.0597, TD=0.0607, td15s_cap=23.1, ctrl15g_cap=15.0, gnp15g_cap=102.9
2026-09-05 07:35:22,254 INFO [glicko_service]     P4P: 1 rounds, KD=0.0000, SUB=0.0000, TD=0.0000, td15s_cap=10.0, ctrl15g_cap=10.0, gnp15g_cap=10.0
2026-09-05 07:35:22,255 INFO [glicko_service]     Strawweight: 1337 rounds, KD=0.0091, SUB=0.0507, TD=0.0717, td15s_cap=23.4, ctrl15g_cap=15.0, gnp15g_cap=64.7
2026-09-05 07:35:22,255 INFO [glicko_service]     Flyweight: 977 rounds, KD=0.0082, SUB=0.0499, TD=0.0667, td15s_cap=22.2, ctrl15g_cap=15.0, gnp15g_cap=77.1
2026-09-05 07:35:22,255 INFO [glicko_service]     Bantamweight: 943 rounds, KD=0.0104, SUB=0.0517, TD=0.0654, td15s_cap=27.3, ctrl15g_cap=15.0, gnp15g_cap=79.1
2026-09-05 07:35:23,427 INFO [glicko_service]   Processed 27019 rounds
2026-09-05 07:35:23,447 INFO [model]   Recomputed 21284 Glicko snapshots (fixed newcomer seed)
2026-09-05 07:35:23,447 INFO [model] Loading data from database...
2026-09-05 07:35:23,491 INFO [model]   Loaded 4616 fighters
2026-09-05 07:35:25,042 INFO [model]   Loaded 22197 fight-stat rows (11147 unique fights)
2026-09-05 07:35:25,042 INFO [model]   Loading per-round stats...
2026-09-05 07:35:26,899 INFO [model]   Loaded 59640 per-round stat rows
2026-09-05 07:35:27,023 INFO [model] Building features...
2026-09-05 07:35:27,264 INFO [model]   Computing defensive stats...
2026-09-05 07:35:28,619 INFO [model]   Computing Elo ratings...
2026-09-05 07:35:29,077 INFO [model]   Computing resume scores...
2026-09-05 07:35:29,215 INFO [model]   Using 21284 caller-supplied Glicko snapshots
2026-09-05 07:35:31,659 INFO [model]   Added 15 Glicko features  + 4 confidence features
2026-09-05 07:35:31,659 INFO [model]   Computing Elo-adjusted stats...
2026-09-05 07:35:31,660 INFO [model]   Computing rolling career averages...
2026-09-05 07:35:58,098 INFO [model]   Computing streaks and career stats...
2026-09-05 07:35:59,317 INFO [model]   Computing composite features...
2026-09-05 07:35:59,321 INFO [model]   Computing round-by-round profiles...
2026-09-05 07:36:07,422 INFO [model]   Computing age curve features...
2026-09-05 07:36:07,424 INFO [model]   Computing damage accumulation...
2026-09-05 07:36:08,700 INFO [model]   Computing weight-class movement...
2026-09-05 07:36:08,891 INFO [model]   Computing pre-UFC records...
2026-09-05 07:36:08,915 INFO [model]   Computing age-relative performance residuals...
2026-09-05 07:36:09,005 INFO [model]   Computing fighter style clusters (k=6)...
2026-09-05 07:36:09,421 INFO [model]     Fit on 22197 rows, assigned 22197 fighter-fights
2026-09-05 07:36:09,422 INFO [model]     Style 0 (3308 fighter-fights): SigStr/5=16.9 TD/5=0.5 Sub/5=0.4 Ctrl/5=49.4 GndStr/5=2.7 top=ctrl_per5
2026-09-05 07:36:09,422 INFO [model]     Style 1 (3847 fighter-fights): SigStr/5=17.2 TD/5=1.5 Sub/5=0.5 Ctrl/5=118.2 GndStr/5=7.7 top=ctrl_per5
2026-09-05 07:36:09,423 INFO [model]     Style 2 (10791 fighter-fights): SigStr/5=16.4 TD/5=0.5 Sub/5=0.3 Ctrl/5=44.7 GndStr/5=3.0 top=ctrl_per5
2026-09-05 07:36:09,423 INFO [model]     Style 3 (310 fighter-fights): SigStr/5=71.8 TD/5=0.7 Sub/5=0.3 Ctrl/5=59.3 GndStr/5=34.9 top=sig_str_landed_per5
2026-09-05 07:36:09,423 INFO [model]     Style 4 (3462 fighter-fights): SigStr/5=32.6 TD/5=0.3 Sub/5=0.2 Ctrl/5=35.8 GndStr/5=5.5 top=ctrl_per5
2026-09-05 07:36:09,423 INFO [model]     Style 5 (479 fighter-fights): SigStr/5=12.0 TD/5=1.9 Sub/5=3.9 Ctrl/5=59.0 GndStr/5=4.0 top=ctrl_per5
2026-09-05 07:36:09,474 INFO [model]   Style matchup features computed expanding-in-time (6x6, 22100 fighter-fights)
2026-09-05 07:36:09,704 INFO [model]   Feature matrix shape: (22197, 334)
2026-09-05 07:36:09,720 INFO [model] Building matchup feature matrix...
2026-09-05 07:36:09,825 INFO [model]   Loading odds from database...
2026-09-05 07:36:10,843 INFO [model]   Odds matched: 2827/11050 fights (25.6%)
2026-09-05 07:36:10,862 INFO [model]   Filtered to modern era (2015+): 6361 fights (dropped 4689 pre-2015)
2026-09-05 07:36:10,863 INFO [model]   Red win rate (modern): 0.556
2026-09-05 07:36:10,873 INFO [model]   Matchup matrix: 6361 fights, 292 candidate features
2026-09-05 07:36:10,873 INFO [model]   Red win rate: 0.556
2026-09-05 07:36:10,874 INFO [model]   Date range: 2015-01-03 to 2026-08-29
2026-09-05 07:36:10,894 INFO [model] Building features...
2026-09-05 07:36:11,134 INFO [model]   Computing defensive stats...
2026-09-05 07:36:13,519 INFO [model]   Computing Elo ratings...
2026-09-05 07:36:14,067 INFO [model]   Computing resume scores...
2026-09-05 07:36:14,224 INFO [model]   Using 21284 caller-supplied Glicko snapshots
2026-09-05 07:36:17,275 INFO [model]   Added 15 Glicko features  + 4 confidence features
2026-09-05 07:36:17,275 INFO [model]   Computing Elo-adjusted stats...
2026-09-05 07:36:17,277 INFO [model]   Computing rolling career averages...
2026-09-05 07:36:43,132 INFO [model]   Computing streaks and career stats...
2026-09-05 07:36:44,578 INFO [model]   Computing composite features...
2026-09-05 07:36:44,583 INFO [model]   Computing round-by-round profiles...
2026-09-05 07:36:53,802 INFO [model]   Computing age curve features...
2026-09-05 07:36:53,805 INFO [model]   Computing damage accumulation...
2026-09-05 07:36:55,409 INFO [model]   Computing weight-class movement...
2026-09-05 07:36:55,709 INFO [model]   Computing pre-UFC records...
2026-09-05 07:36:55,734 INFO [model]   Computing age-relative performance residuals...
2026-09-05 07:36:55,971 INFO [model]   Computing fighter style clusters (k=6)...
2026-09-05 07:36:56,437 INFO [model]     Fit on 17081 rows, assigned 22197 fighter-fights
2026-09-05 07:36:56,437 INFO [model]     Style 0 (318 fighter-fights): SigStr/5=71.2 TD/5=0.7 Sub/5=0.3 Ctrl/5=55.7 GndStr/5=34.6 top=sig_str_landed_per5
2026-09-05 07:36:56,437 INFO [model]     Style 1 (10305 fighter-fights): SigStr/5=15.1 TD/5=0.5 Sub/5=0.3 Ctrl/5=43.7 GndStr/5=3.1 top=ctrl_per5
2026-09-05 07:36:56,437 INFO [model]     Style 2 (3313 fighter-fights): SigStr/5=15.3 TD/5=0.6 Sub/5=0.5 Ctrl/5=50.7 GndStr/5=3.0 top=ctrl_per5
2026-09-05 07:36:56,437 INFO [model]     Style 3 (356 fighter-fights): SigStr/5=11.1 TD/5=2.1 Sub/5=4.4 Ctrl/5=56.0 GndStr/5=3.8 top=ctrl_per5
2026-09-05 07:36:56,437 INFO [model]     Style 4 (4210 fighter-fights): SigStr/5=30.4 TD/5=0.3 Sub/5=0.2 Ctrl/5=33.6 GndStr/5=5.6 top=ctrl_per5
2026-09-05 07:36:56,438 INFO [model]     Style 5 (3695 fighter-fights): SigStr/5=16.8 TD/5=1.5 Sub/5=0.6 Ctrl/5=113.8 GndStr/5=8.1 top=ctrl_per5
2026-09-05 07:36:56,505 INFO [model]   Style matchup features computed expanding-in-time (6x6, 22100 fighter-fights)
2026-09-05 07:36:56,823 INFO [model]   Feature matrix shape: (22197, 334)
2026-09-05 07:36:56,859 INFO [model] Building matchup feature matrix...
2026-09-05 07:36:57,100 INFO [model]   Loading odds from database...
2026-09-05 07:36:58,729 INFO [model]   Odds matched: 2827/11050 fights (25.6%)
2026-09-05 07:36:58,750 INFO [model]   Filtered to modern era (2015+): 6361 fights (dropped 4689 pre-2015)
2026-09-05 07:36:58,750 INFO [model]   Red win rate (modern): 0.556
2026-09-05 07:36:58,761 INFO [model]   Matchup matrix: 6361 fights, 292 candidate features
2026-09-05 07:36:58,761 INFO [model]   Red win rate: 0.556
2026-09-05 07:36:58,762 INFO [model]   Date range: 2015-01-03 to 2026-08-29
2026-09-05 07:36:58,838 INFO [model]   Feature selection: MI on 5406 training rows only
2026-09-05 07:37:01,545 INFO [model]   Top 30 features by mutual information:
2026-09-05 07:37:01,545 INFO [model]     diff_age                                           0.0287
2026-09-05 07:37:01,545 INFO [model]     diff_recent_was_finished                           0.0237
2026-09-05 07:37:01,545 INFO [model]     diff_recent_ctrl_per5                              0.0230
2026-09-05 07:37:01,545 INFO [model]     diff_recent_opp_ctrl_per5                          0.0213
2026-09-05 07:37:01,545 INFO [model]     diff_avg_opp_kd_per5                               0.0201
2026-09-05 07:37:01,545 INFO [model]     diff_age_x_log_layoff                              0.0192
2026-09-05 07:37:01,545 INFO [model]     diff_last3_defense_composite                       0.0189
2026-09-05 07:37:01,545 INFO [model]     red_career_win_pct                                 0.0180
2026-09-05 07:37:01,546 INFO [model]     diff_age_sq                                        0.0176
2026-09-05 07:37:01,546 INFO [model]     diff_last3_ko_win                                  0.0169
2026-09-05 07:37:01,546 INFO [model]     diff_recent_leg_landed_per5                        0.0144
2026-09-05 07:37:01,546 INFO [model]     diff_avg_opp_ctrl_per5                             0.0143
2026-09-05 07:37:01,546 INFO [model]     red_glicko_kod                                     0.0139
2026-09-05 07:37:01,546 INFO [model]     fight_div_bantamweight                             0.0138
2026-09-05 07:37:01,546 INFO [model]     diff_avg_kd_per5                                   0.0134
2026-09-05 07:37:01,546 INFO [model]     diff_career_knockdowns_absorbed                    0.0133
2026-09-05 07:37:01,546 INFO [model]     diff_avg_opp_sig_str_landed_per5                   0.0133
2026-09-05 07:37:01,546 INFO [model]     blue_career_win_pct                                0.0128
2026-09-05 07:37:01,546 INFO [model]     diff_recent_output_trend                           0.0125
2026-09-05 07:37:01,546 INFO [model]     diff_pre_ufc_losses                                0.0125
2026-09-05 07:37:01,546 INFO [model]     diff_glicko_td                                     0.0123
2026-09-05 07:37:01,546 INFO [model]     diff_avg_won                                       0.0114
2026-09-05 07:37:01,546 INFO [model]     blue_glicko_meta_rounds_seen                       0.0114
2026-09-05 07:37:01,546 INFO [model]     diff_avg_grappling_composite                       0.0113
2026-09-05 07:37:01,546 INFO [model]     diff_avg_ctrl_per5                                 0.0111
2026-09-05 07:37:01,546 INFO [model]     diff_recent_elo_adj_sub_att_per5                   0.0111
2026-09-05 07:37:01,546 INFO [model]     diff_glicko_str_acc                                0.0111
2026-09-05 07:37:01,546 INFO [model]     diff_glicko_meta_rounds_seen                       0.0110
2026-09-05 07:37:01,546 INFO [model]     diff_recent_elo_adj_td_landed_per5                 0.0107
2026-09-05 07:37:01,546 INFO [model]     diff_moved_down                                    0.0106
2026-09-05 07:37:01,546 INFO [model]   Selected 46 features (39 MI + 7 odds, from 292)
2026-09-05 07:37:01,547 INFO [model]   Train 5406 (2015-01-03 to 2025-02-01)
2026-09-05 07:37:01,547 INFO [model]   Early-stopping holdout 955 (NOT a performance estimate)
2026-09-05 07:37:01,547 INFO [model]   Features: 46
2026-09-05 07:37:02,800 INFO [model]   Holdout acc=0.6859 brier=0.2074 (early-stopping set; optimistic)
2026-09-05 07:37:02,803 INFO [model]   Saved to /Users/rafeburns/Downloads/ALocks/alocks-backend/models/ufc/h2h/mlp_v1.pkl
2026-09-05 20:24:34,023 INFO [model] ============================================================
2026-09-05 20:24:34,024 INFO [model] GENERATING PREDICTIONS FOR ALL FIGHTS
2026-09-05 20:24:34,024 INFO [model] ============================================================
2026-09-05 20:24:34,034 INFO [model]   Loaded MLP from /Users/rafeburns/Downloads/ALocks/alocks-backend/models/ufc/h2h/mlp_v1.pkl (46 features, gamma=0.0)
2026-09-05 20:24:34,034 INFO [model] Loading data from database...
2026-09-05 20:24:34,338 INFO [model]   Loaded 4616 fighters
2026-09-05 20:24:35,701 INFO [model]   Loaded 22197 fight-stat rows (11147 unique fights)
2026-09-05 20:24:35,702 INFO [model]   Loading per-round stats...
2026-09-05 20:24:37,190 INFO [model]   Loaded 59640 per-round stat rows
2026-09-05 20:24:37,297 INFO [model] Building features...
2026-09-05 20:24:37,550 INFO [model]   Computing defensive stats...
2026-09-05 20:24:38,991 INFO [model]   Computing Elo ratings...
2026-09-05 20:24:39,499 INFO [model]   Computing resume scores...
2026-09-05 20:24:39,640 INFO [model]   Loading Glicko rating snapshots from DB...
2026-09-05 20:24:39,946 INFO [model]   Loaded 21230 Glicko snapshots
2026-09-05 20:24:42,283 INFO [model]   Added 15 Glicko features  (no confidence metadata in these snapshots)
2026-09-05 20:24:42,283 INFO [model]   Computing Elo-adjusted stats...
2026-09-05 20:24:42,284 INFO [model]   Computing rolling career averages...
2026-09-05 20:25:06,894 INFO [model]   Computing streaks and career stats...
2026-09-05 20:25:08,199 INFO [model]   Computing composite features...
2026-09-05 20:25:08,203 INFO [model]   Computing round-by-round profiles...
2026-09-05 20:25:17,027 INFO [model]   Computing age curve features...
2026-09-05 20:25:17,030 INFO [model]   Computing damage accumulation...
2026-09-05 20:25:18,455 INFO [model]   Computing weight-class movement...
2026-09-05 20:25:18,662 INFO [model]   Computing pre-UFC records...
2026-09-05 20:25:18,686 INFO [model]   Computing age-relative performance residuals...
2026-09-05 20:25:18,781 INFO [model]   Computing fighter style clusters (k=6)...
2026-09-05 20:25:19,178 INFO [model]     Fit on 22197 rows, assigned 22197 fighter-fights
2026-09-05 20:25:19,179 INFO [model]     Style 0 (3940 fighter-fights): SigStr/5=17.0 TD/5=1.5 Sub/5=0.5 Ctrl/5=117.4 GndStr/5=7.5 top=ctrl_per5
2026-09-05 20:25:19,179 INFO [model]     Style 1 (3492 fighter-fights): SigStr/5=32.6 TD/5=0.3 Sub/5=0.2 Ctrl/5=36.1 GndStr/5=5.4 top=ctrl_per5
2026-09-05 20:25:19,179 INFO [model]     Style 2 (10804 fighter-fights): SigStr/5=16.4 TD/5=0.5 Sub/5=0.3 Ctrl/5=44.4 GndStr/5=3.0 top=ctrl_per5
2026-09-05 20:25:19,179 INFO [model]     Style 3 (308 fighter-fights): SigStr/5=72.2 TD/5=0.8 Sub/5=0.3 Ctrl/5=59.3 GndStr/5=36.1 top=sig_str_landed_per5
2026-09-05 20:25:19,179 INFO [model]     Style 4 (324 fighter-fights): SigStr/5=12.7 TD/5=2.3 Sub/5=4.6 Ctrl/5=61.6 GndStr/5=4.2 top=ctrl_per5
2026-09-05 20:25:19,179 INFO [model]     Style 5 (3329 fighter-fights): SigStr/5=16.6 TD/5=0.5 Sub/5=0.5 Ctrl/5=49.3 GndStr/5=2.7 top=ctrl_per5
2026-09-05 20:25:19,244 INFO [model]   Style matchup features computed expanding-in-time (6x6, 22100 fighter-fights)
2026-09-05 20:25:19,503 INFO [model]   Feature matrix shape: (22197, 334)
2026-09-05 20:25:19,632 INFO [model]   Built latest feature snapshots for 3815 fighters
2026-09-05 20:25:20,453 INFO [model]   Added 245 upcoming fights using latest fighter features
2026-09-05 20:25:20,453 INFO [model]   Loading odds for predictions...
2026-09-05 20:25:21,532 INFO [model]   Odds matched: 2872/11295 fights (25.4%)
2026-09-05 20:25:21,557 INFO [model]   Using raw GBT probabilities for 11295 predictions
2026-09-05 20:25:21,557 INFO [model]   (Calibrated model saved separately for future picks page)
2026-09-05 20:25:22,087 INFO [model] Computing SHAP values...
2026-09-05 20:26:41,310 INFO [model]   SHAP values shape: (11295, 46)
2026-09-05 20:26:42,054 INFO [model]   Cleared ufc_fight_shap_values
2026-09-05 20:26:42,068 INFO [model]   Cleared ufc_fight_predictions
2026-09-05 20:26:55,656 INFO [model] Stored 11295 fight predictions, 225900 SHAP values
2026-09-06 06:18:36,681 INFO [model] ============================================================
2026-09-06 06:18:36,682 INFO [model] TRAINING MLP FOR SERVING (gamma=0.0)
2026-09-06 06:18:36,682 INFO [model] ============================================================
2026-09-06 06:18:36,682 INFO [glicko_service]   Loading fight data...
2026-09-06 06:18:36,973 INFO [glicko_service]   Loaded 11564 fights
2026-09-06 06:18:36,973 INFO [glicko_service]   Loading per-round stats...
2026-09-06 06:18:38,463 INFO [glicko_service]   Loaded rounds for 11232 fights
2026-09-06 06:18:38,463 INFO [glicko_service]   Loading per-fight derived totals...
2026-09-06 06:18:39,363 INFO [glicko_service]   Loaded 22464 derived totals rows
2026-09-06 06:18:39,406 INFO [glicko_service]   Loaded 4616 fighters
2026-09-06 06:18:39,540 INFO [glicko_service]   Computing weight class baseline rates...
2026-09-06 06:18:39,598 INFO [glicko_service]     P4P: 1 rounds, KD=0.0000, SUB=0.0000, TD=0.0000, td15s_cap=10.0, ctrl15g_cap=10.0, gnp15g_cap=10.0
2026-09-06 06:18:39,598 INFO [glicko_service]     Flyweight: 1650 rounds, KD=0.0224, SUB=0.0692, TD=0.0841, td15s_cap=25.7, ctrl15g_cap=15.0, gnp15g_cap=79.1
2026-09-06 06:18:39,599 INFO [glicko_service]     Bantamweight: 2847 rounds, KD=0.0266, SUB=0.0654, TD=0.0808, td15s_cap=25.7, ctrl15g_cap=15.0, gnp15g_cap=84.0
2026-09-06 06:18:39,599 INFO [glicko_service]     Featherweight: 3282 rounds, KD=0.0258, SUB=0.0677, TD=0.0810, td15s_cap=26.9, ctrl15g_cap=15.0, gnp15g_cap=85.1
2026-09-06 06:18:39,600 INFO [glicko_service]     Lightweight: 4754 rounds, KD=0.0259, SUB=0.0862, TD=0.0880, td15s_cap=25.7, ctrl15g_cap=15.0, gnp15g_cap=77.1
2026-09-06 06:18:39,601 INFO [glicko_service]     Welterweight: 4313 rounds, KD=0.0304, SUB=0.0738, TD=0.0837, td15s_cap=28.1, ctrl15g_cap=15.0, gnp15g_cap=77.6
2026-09-06 06:18:39,601 INFO [glicko_service]     Middleweight: 3888 rounds, KD=0.0305, SUB=0.0772, TD=0.0760, td15s_cap=25.7, ctrl15g_cap=15.0, gnp15g_cap=94.7
2026-09-06 06:18:39,602 INFO [glicko_service]     Light Heavyweight: 2382 rounds, KD=0.0341, SUB=0.0530, TD=0.0697, td15s_cap=26.3, ctrl15g_cap=15.0, gnp15g_cap=106.6
2026-09-06 06:18:39,602 INFO [glicko_service]     Heavyweight: 2555 rounds, KD=0.0335, SUB=0.0598, TD=0.0610, td15s_cap=23.1, ctrl15g_cap=15.0, gnp15g_cap=103.8
2026-09-06 06:18:39,602 INFO [glicko_service]     P4P: 1 rounds, KD=0.0000, SUB=0.0000, TD=0.0000, td15s_cap=10.0, ctrl15g_cap=10.0, gnp15g_cap=10.0
2026-09-06 06:18:39,602 INFO [glicko_service]     Strawweight: 1337 rounds, KD=0.0092, SUB=0.0509, TD=0.0717, td15s_cap=23.4, ctrl15g_cap=15.0, gnp15g_cap=64.7
2026-09-06 06:18:39,602 INFO [glicko_service]     Flyweight: 977 rounds, KD=0.0082, SUB=0.0499, TD=0.0667, td15s_cap=22.2, ctrl15g_cap=15.0, gnp15g_cap=77.1
2026-09-06 06:18:39,603 INFO [glicko_service]     Bantamweight: 943 rounds, KD=0.0104, SUB=0.0520, TD=0.0659, td15s_cap=27.3, ctrl15g_cap=15.0, gnp15g_cap=78.8
2026-09-06 06:18:41,058 INFO [glicko_service]   Processed 27341 rounds
2026-09-06 06:18:41,176 INFO [model]   Recomputed 21312 Glicko snapshots (fixed newcomer seed)
2026-09-06 06:18:41,176 INFO [model] Loading data from database...
2026-09-06 06:18:41,234 INFO [model]   Loaded 4616 fighters
2026-09-06 06:18:42,655 INFO [model]   Loaded 22225 fight-stat rows (11161 unique fights)
2026-09-06 06:18:42,658 INFO [model]   Loading per-round stats...
2026-09-06 06:18:44,353 INFO [model]   Loaded 59640 per-round stat rows
2026-09-06 06:18:44,478 INFO [model] Building features...
2026-09-06 06:18:44,731 INFO [model]   Computing defensive stats...
2026-09-06 06:18:46,195 INFO [model]   Computing Elo ratings...
2026-09-06 06:18:46,700 INFO [model]   Computing resume scores...
2026-09-06 06:18:46,842 INFO [model]   Using 21312 caller-supplied Glicko snapshots
2026-09-06 06:18:49,272 INFO [model]   Added 15 Glicko features  + 4 confidence features
2026-09-06 06:18:49,273 INFO [model]   Computing Elo-adjusted stats...
2026-09-06 06:18:49,274 INFO [model]   Computing rolling career averages...
2026-09-06 06:19:15,011 INFO [model]   Computing streaks and career stats...
2026-09-06 06:19:16,518 INFO [model]   Computing composite features...
2026-09-06 06:19:16,523 INFO [model]   Computing round-by-round profiles...
2026-09-06 06:19:25,139 INFO [model]   Computing age curve features...
2026-09-06 06:19:25,142 INFO [model]   Computing damage accumulation...
2026-09-06 06:19:26,472 INFO [model]   Computing weight-class movement...
2026-09-06 06:19:26,668 INFO [model]   Computing pre-UFC records...
2026-09-06 06:19:26,692 INFO [model]   Computing age-relative performance residuals...
2026-09-06 06:19:26,786 INFO [model]   Computing fighter style clusters (k=6)...
2026-09-06 06:19:27,196 INFO [model]     Fit on 22225 rows, assigned 22225 fighter-fights
2026-09-06 06:19:27,197 INFO [model]     Style 0 (3324 fighter-fights): SigStr/5=16.6 TD/5=0.5 Sub/5=0.5 Ctrl/5=49.4 GndStr/5=2.7 top=ctrl_per5
2026-09-06 06:19:27,197 INFO [model]     Style 1 (10788 fighter-fights): SigStr/5=16.4 TD/5=0.5 Sub/5=0.3 Ctrl/5=44.5 GndStr/5=3.0 top=ctrl_per5
2026-09-06 06:19:27,197 INFO [model]     Style 2 (377 fighter-fights): SigStr/5=12.4 TD/5=2.2 Sub/5=4.3 Ctrl/5=62.6 GndStr/5=4.1 top=ctrl_per5
2026-09-06 06:19:27,197 INFO [model]     Style 3 (317 fighter-fights): SigStr/5=72.3 TD/5=0.7 Sub/5=0.3 Ctrl/5=58.6 GndStr/5=35.2 top=sig_str_landed_per5
2026-09-06 06:19:27,198 INFO [model]     Style 4 (3519 fighter-fights): SigStr/5=32.4 TD/5=0.3 Sub/5=0.2 Ctrl/5=36.0 GndStr/5=5.4 top=ctrl_per5
2026-09-06 06:19:27,198 INFO [model]     Style 5 (3900 fighter-fights): SigStr/5=17.1 TD/5=1.5 Sub/5=0.5 Ctrl/5=117.7 GndStr/5=7.6 top=ctrl_per5
2026-09-06 06:19:27,257 INFO [model]   Style matchup features computed expanding-in-time (6x6, 22128 fighter-fights)
2026-09-06 06:19:27,509 INFO [model]   Feature matrix shape: (22225, 334)
2026-09-06 06:19:27,527 INFO [model] Building matchup feature matrix...
2026-09-06 06:19:27,641 INFO [model]   Loading odds from database...
2026-09-06 06:19:28,744 INFO [model]   Odds matched: 2837/11064 fights (25.6%)
2026-09-06 06:19:28,765 INFO [model]   Filtered to modern era (2015+): 6375 fights (dropped 4689 pre-2015)
2026-09-06 06:19:28,765 INFO [model]   Red win rate (modern): 0.556
2026-09-06 06:19:28,776 INFO [model]   Matchup matrix: 6375 fights, 292 candidate features
2026-09-06 06:19:28,777 INFO [model]   Red win rate: 0.556
2026-09-06 06:19:28,777 INFO [model]   Date range: 2015-01-03 to 2026-09-05
2026-09-06 06:19:28,804 INFO [model] Building features...
2026-09-06 06:19:29,117 INFO [model]   Computing defensive stats...
2026-09-06 06:19:30,749 INFO [model]   Computing Elo ratings...
2026-09-06 06:19:31,246 INFO [model]   Computing resume scores...
2026-09-06 06:19:31,398 INFO [model]   Using 21312 caller-supplied Glicko snapshots
2026-09-06 06:19:34,065 INFO [model]   Added 15 Glicko features  + 4 confidence features
2026-09-06 06:19:34,065 INFO [model]   Computing Elo-adjusted stats...
2026-09-06 06:19:34,067 INFO [model]   Computing rolling career averages...
2026-09-06 06:19:59,687 INFO [model]   Computing streaks and career stats...
2026-09-06 06:20:01,180 INFO [model]   Computing composite features...
2026-09-06 06:20:01,184 INFO [model]   Computing round-by-round profiles...
2026-09-06 06:20:09,386 INFO [model]   Computing age curve features...
2026-09-06 06:20:09,389 INFO [model]   Computing damage accumulation...
2026-09-06 06:20:10,674 INFO [model]   Computing weight-class movement...
2026-09-06 06:20:11,029 INFO [model]   Computing pre-UFC records...
2026-09-06 06:20:11,055 INFO [model]   Computing age-relative performance residuals...
2026-09-06 06:20:11,157 INFO [model]   Computing fighter style clusters (k=6)...
2026-09-06 06:20:11,514 INFO [model]     Fit on 17109 rows, assigned 22225 fighter-fights
2026-09-06 06:20:11,514 INFO [model]     Style 0 (4214 fighter-fights): SigStr/5=30.5 TD/5=0.3 Sub/5=0.2 Ctrl/5=33.6 GndStr/5=5.6 top=ctrl_per5
2026-09-06 06:20:11,515 INFO [model]     Style 1 (309 fighter-fights): SigStr/5=11.7 TD/5=2.2 Sub/5=4.7 Ctrl/5=56.1 GndStr/5=3.9 top=ctrl_per5
2026-09-06 06:20:11,515 INFO [model]     Style 2 (10319 fighter-fights): SigStr/5=15.1 TD/5=0.5 Sub/5=0.3 Ctrl/5=43.5 GndStr/5=3.1 top=ctrl_per5
2026-09-06 06:20:11,515 INFO [model]     Style 3 (3736 fighter-fights): SigStr/5=16.7 TD/5=1.5 Sub/5=0.6 Ctrl/5=113.8 GndStr/5=8.0 top=ctrl_per5
2026-09-06 06:20:11,515 INFO [model]     Style 4 (317 fighter-fights): SigStr/5=71.9 TD/5=0.8 Sub/5=0.3 Ctrl/5=55.1 GndStr/5=35.6 top=sig_str_landed_per5
2026-09-06 06:20:11,515 INFO [model]     Style 5 (3330 fighter-fights): SigStr/5=15.4 TD/5=0.6 Sub/5=0.5 Ctrl/5=50.7 GndStr/5=3.0 top=ctrl_per5
2026-09-06 06:20:11,563 INFO [model]   Style matchup features computed expanding-in-time (6x6, 22128 fighter-fights)
2026-09-06 06:20:11,813 INFO [model]   Feature matrix shape: (22225, 334)
2026-09-06 06:20:11,839 INFO [model] Building matchup feature matrix...
2026-09-06 06:20:11,949 INFO [model]   Loading odds from database...
2026-09-06 06:20:13,231 INFO [model]   Odds matched: 2837/11064 fights (25.6%)
2026-09-06 06:20:13,251 INFO [model]   Filtered to modern era (2015+): 6375 fights (dropped 4689 pre-2015)
2026-09-06 06:20:13,251 INFO [model]   Red win rate (modern): 0.556
2026-09-06 06:20:13,262 INFO [model]   Matchup matrix: 6375 fights, 292 candidate features
2026-09-06 06:20:13,262 INFO [model]   Red win rate: 0.556
2026-09-06 06:20:13,263 INFO [model]   Date range: 2015-01-03 to 2026-09-05
2026-09-06 06:20:13,333 INFO [model]   Feature selection: MI on 5418 training rows only
2026-09-06 06:20:16,359 INFO [model]   Top 30 features by mutual information:
2026-09-06 06:20:16,360 INFO [model]     diff_age                                           0.0276
2026-09-06 06:20:16,360 INFO [model]     diff_age_x_log_layoff                              0.0228
2026-09-06 06:20:16,360 INFO [model]     diff_avg_finished_opp                              0.0220
2026-09-06 06:20:16,360 INFO [model]     diff_last3_defense_composite                       0.0214
2026-09-06 06:20:16,360 INFO [model]     diff_recent_ctrl_per5                              0.0212
2026-09-06 06:20:16,360 INFO [model]     blue_glicko_meta_rounds_seen                       0.0189
2026-09-06 06:20:16,360 INFO [model]     diff_age_sq                                        0.0185
2026-09-06 06:20:16,360 INFO [model]     diff_career_knockdowns_absorbed                    0.0175
2026-09-06 06:20:16,360 INFO [model]     diff_years_past_peak                               0.0167
2026-09-06 06:20:16,360 INFO [model]     fight_div_featherweight                            0.0163
2026-09-06 06:20:16,360 INFO [model]     diff_recent_distance_landed_per5                   0.0153
2026-09-06 06:20:16,360 INFO [model]     diff_avg_opp_ctrl_per5                             0.0149
2026-09-06 06:20:16,360 INFO [model]     red_career_win_pct                                 0.0145
2026-09-06 06:20:16,360 INFO [model]     diff_recent_r1_sig_str                             0.0138
2026-09-06 06:20:16,360 INFO [model]     diff_glicko_str_acc                                0.0138
2026-09-06 06:20:16,360 INFO [model]     diff_style_1                                       0.0137
2026-09-06 06:20:16,360 INFO [model]     diff_avg_sig_str_def                               0.0134
2026-09-06 06:20:16,360 INFO [model]     blue_glicko_meta_fights_seen                       0.0131
2026-09-06 06:20:16,360 INFO [model]     diff_recent_finishing_composite                    0.0131
2026-09-06 06:20:16,360 INFO [model]     diff_recent_elo_adj_td_landed_per5                 0.0129
2026-09-06 06:20:16,360 INFO [model]     diff_divisions_fought_count                        0.0128
2026-09-06 06:20:16,360 INFO [model]     diff_years_to_peak                                 0.0128
2026-09-06 06:20:16,360 INFO [model]     diff_last3_opp_sig_str_landed_per5                 0.0120
2026-09-06 06:20:16,360 INFO [model]     fight_is_five_round                                0.0117
2026-09-06 06:20:16,360 INFO [model]     fight_div_bantamweight                             0.0113
2026-09-06 06:20:16,360 INFO [model]     diff_recent_opp_ctrl_per5                          0.0105
2026-09-06 06:20:16,360 INFO [model]     diff_glicko_subd                                   0.0104
2026-09-06 06:20:16,360 INFO [model]     blue_glicko_ko                                     0.0103
2026-09-06 06:20:16,360 INFO [model]     diff_recent_elo_adj_sub_att_per5                   0.0102
2026-09-06 06:20:16,360 INFO [model]     diff_log_days_since_last                           0.0101
2026-09-06 06:20:16,360 INFO [model]   Selected 46 features (39 MI + 7 odds, from 292)
2026-09-06 06:20:16,362 INFO [model]   Train 5418 (2015-01-03 to 2025-02-08)
2026-09-06 06:20:16,362 INFO [model]   Early-stopping holdout 957 (NOT a performance estimate)
2026-09-06 06:20:16,362 INFO [model]   Features: 46
2026-09-06 06:20:17,647 INFO [model]   Holdout acc=0.6740 brier=0.2066 (early-stopping set; optimistic)
2026-09-06 06:20:17,650 INFO [model]   Saved to /Users/rafeburns/Downloads/ALocks/alocks-backend/models/ufc/h2h/mlp_v1.pkl
2026-09-06 06:20:34,312 INFO [model] ============================================================
2026-09-06 06:20:34,312 INFO [model] GENERATING PREDICTIONS FOR ALL FIGHTS
2026-09-06 06:20:34,312 INFO [model] ============================================================
2026-09-06 06:20:34,321 INFO [model]   Loaded MLP from /Users/rafeburns/Downloads/ALocks/alocks-backend/models/ufc/h2h/mlp_v1.pkl (46 features, gamma=0.0)
2026-09-06 06:20:34,321 INFO [model] Loading data from database...
2026-09-06 06:20:34,498 INFO [model]   Loaded 4616 fighters
2026-09-06 06:20:35,950 INFO [model]   Loaded 22225 fight-stat rows (11161 unique fights)
2026-09-06 06:20:35,950 INFO [model]   Loading per-round stats...
2026-09-06 06:20:37,823 INFO [model]   Loaded 59640 per-round stat rows
2026-09-06 06:20:37,944 INFO [model] Building features...
2026-09-06 06:20:38,205 INFO [model]   Computing defensive stats...
2026-09-06 06:20:39,884 INFO [model]   Computing Elo ratings...
2026-09-06 06:20:40,377 INFO [model]   Computing resume scores...
2026-09-06 06:20:40,523 INFO [model]   Loading Glicko rating snapshots from DB...
2026-09-06 06:20:40,850 INFO [model]   Loaded 21312 Glicko snapshots
2026-09-06 06:20:43,546 INFO [model]   Added 15 Glicko features  (no confidence metadata in these snapshots)
2026-09-06 06:20:43,546 INFO [model]   Computing Elo-adjusted stats...
2026-09-06 06:20:43,548 INFO [model]   Computing rolling career averages...
2026-09-06 06:21:14,604 INFO [model]   Computing streaks and career stats...
2026-09-06 06:21:16,126 INFO [model]   Computing composite features...
2026-09-06 06:21:16,130 INFO [model]   Computing round-by-round profiles...
2026-09-06 06:21:25,594 INFO [model]   Computing age curve features...
2026-09-06 06:21:25,598 INFO [model]   Computing damage accumulation...
2026-09-06 06:21:27,105 INFO [model]   Computing weight-class movement...
2026-09-06 06:21:27,332 INFO [model]   Computing pre-UFC records...
2026-09-06 06:21:27,360 INFO [model]   Computing age-relative performance residuals...
2026-09-06 06:21:27,469 INFO [model]   Computing fighter style clusters (k=6)...
2026-09-06 06:21:28,020 INFO [model]     Fit on 22225 rows, assigned 22225 fighter-fights
2026-09-06 06:21:28,022 INFO [model]     Style 0 (320 fighter-fights): SigStr/5=72.3 TD/5=0.7 Sub/5=0.3 Ctrl/5=58.0 GndStr/5=35.2 top=sig_str_landed_per5
2026-09-06 06:21:28,022 INFO [model]     Style 1 (3277 fighter-fights): SigStr/5=16.9 TD/5=0.5 Sub/5=0.4 Ctrl/5=49.6 GndStr/5=2.8 top=ctrl_per5
2026-09-06 06:21:28,023 INFO [model]     Style 2 (457 fighter-fights): SigStr/5=11.8 TD/5=2.0 Sub/5=4.0 Ctrl/5=60.4 GndStr/5=3.9 top=ctrl_per5
2026-09-06 06:21:28,023 INFO [model]     Style 3 (10814 fighter-fights): SigStr/5=16.3 TD/5=0.5 Sub/5=0.3 Ctrl/5=44.8 GndStr/5=3.0 top=ctrl_per5
2026-09-06 06:21:28,023 INFO [model]     Style 4 (3825 fighter-fights): SigStr/5=17.2 TD/5=1.5 Sub/5=0.5 Ctrl/5=118.5 GndStr/5=7.7 top=ctrl_per5
2026-09-06 06:21:28,023 INFO [model]     Style 5 (3532 fighter-fights): SigStr/5=32.3 TD/5=0.3 Sub/5=0.2 Ctrl/5=35.8 GndStr/5=5.4 top=ctrl_per5
2026-09-06 06:21:28,084 INFO [model]   Style matchup features computed expanding-in-time (6x6, 22128 fighter-fights)
2026-09-06 06:21:28,384 INFO [model]   Feature matrix shape: (22225, 334)
2026-09-06 06:21:28,552 INFO [model]   Built latest feature snapshots for 3820 fighters
2026-09-06 06:21:29,457 INFO [model]   Added 237 upcoming fights using latest fighter features
2026-09-06 06:21:29,457 INFO [model]   Loading odds for predictions...
2026-09-06 06:21:30,609 INFO [model]   Odds matched: 2875/11301 fights (25.4%)
2026-09-06 06:21:30,635 INFO [model]   Using raw MLP probabilities for 11301 predictions (uncalibrated)
2026-09-06 06:21:31,100 INFO [model] Computing SHAP values...
2026-09-06 06:23:14,554 INFO [model]   SHAP values shape: (11301, 46)
2026-09-06 06:23:15,235 INFO [model]   Cleared ufc_fight_shap_values
2026-09-06 06:23:15,247 INFO [model]   Cleared ufc_fight_predictions
2026-09-06 06:23:30,809 INFO [model] Stored 11301 fight predictions, 226020 SHAP values
2026-09-06 06:24:22,225 INFO [method_model] ============================================================
2026-09-06 06:24:22,225 INFO [method_model] GENERATING METHOD PREDICTIONS FOR ALL FIGHTS
2026-09-06 06:24:22,226 INFO [method_model] ============================================================
2026-09-06 06:24:22,348 INFO [model] Loading data from database...
2026-09-06 06:24:22,460 INFO [model]   Loaded 4616 fighters
2026-09-06 06:24:23,960 INFO [model]   Loaded 22225 fight-stat rows (11161 unique fights)
2026-09-06 06:24:23,960 INFO [model]   Loading per-round stats...
2026-09-06 06:24:25,729 INFO [model]   Loaded 59640 per-round stat rows
2026-09-06 06:24:25,849 INFO [model] Building features...
2026-09-06 06:24:26,104 INFO [model]   Computing defensive stats...
2026-09-06 06:24:27,705 INFO [model]   Computing Elo ratings...
2026-09-06 06:24:28,197 INFO [model]   Computing resume scores...
2026-09-06 06:24:28,343 INFO [model]   Loading Glicko rating snapshots from DB...
2026-09-06 06:24:28,683 INFO [model]   Loaded 21312 Glicko snapshots
2026-09-06 06:24:31,229 INFO [model]   Added 15 Glicko features  (no confidence metadata in these snapshots)
2026-09-06 06:24:31,229 INFO [model]   Computing Elo-adjusted stats...
2026-09-06 06:24:31,231 INFO [model]   Computing rolling career averages...
2026-09-06 06:24:58,451 INFO [model]   Computing streaks and career stats...
2026-09-06 06:24:59,968 INFO [model]   Computing composite features...
2026-09-06 06:24:59,972 INFO [model]   Computing round-by-round profiles...
2026-09-06 06:25:09,765 INFO [model]   Computing age curve features...
2026-09-06 06:25:09,768 INFO [model]   Computing damage accumulation...
2026-09-06 06:25:11,230 INFO [model]   Computing weight-class movement...
2026-09-06 06:25:11,442 INFO [model]   Computing pre-UFC records...
2026-09-06 06:25:11,467 INFO [model]   Computing age-relative performance residuals...
2026-09-06 06:25:11,574 INFO [model]   Computing fighter style clusters (k=6)...
2026-09-06 06:25:12,060 INFO [model]     Fit on 22225 rows, assigned 22225 fighter-fights
2026-09-06 06:25:12,062 INFO [model]     Style 0 (10841 fighter-fights): SigStr/5=16.4 TD/5=0.5 Sub/5=0.3 Ctrl/5=44.3 GndStr/5=3.0 top=ctrl_per5
2026-09-06 06:25:12,062 INFO [model]     Style 1 (3934 fighter-fights): SigStr/5=16.9 TD/5=1.5 Sub/5=0.5 Ctrl/5=117.9 GndStr/5=7.5 top=ctrl_per5
2026-09-06 06:25:12,062 INFO [model]     Style 2 (300 fighter-fights): SigStr/5=74.2 TD/5=1.0 Sub/5=0.3 Ctrl/5=59.0 GndStr/5=38.5 top=sig_str_landed_per5
2026-09-06 06:25:12,062 INFO [model]     Style 3 (3491 fighter-fights): SigStr/5=32.7 TD/5=0.3 Sub/5=0.2 Ctrl/5=36.0 GndStr/5=5.5 top=ctrl_per5
2026-09-06 06:25:12,062 INFO [model]     Style 4 (3341 fighter-fights): SigStr/5=16.6 TD/5=0.5 Sub/5=0.5 Ctrl/5=49.6 GndStr/5=2.7 top=ctrl_per5
2026-09-06 06:25:12,062 INFO [model]     Style 5 (318 fighter-fights): SigStr/5=12.7 TD/5=2.4 Sub/5=4.7 Ctrl/5=61.4 GndStr/5=4.2 top=ctrl_per5
2026-09-06 06:25:12,458 INFO [model]   Style matchup features computed expanding-in-time (6x6, 22128 fighter-fights)
2026-09-06 06:25:13,124 INFO [model]   Feature matrix shape: (22225, 334)
2026-09-06 06:25:13,251 INFO [method_model] Building method-specific features...
2026-09-06 06:25:18,234 INFO [method_model]   Computing per-method Elo ratings...
2026-09-06 06:25:19,343 INFO [method_model]   Method features added. Shape: (22225, 357)
2026-09-06 06:25:21,149 INFO [method_model]   Ensemble blend weights: KO=0.0, Sub=0.9, Dec=0.9
2026-09-06 06:25:21,149 INFO [method_model]   Generated predictions for 11064 fights
2026-09-06 06:25:21,992 INFO [method_model]   Stored 11064 method predictions
2026-09-06 17:22:00,488 INFO [model] ============================================================
2026-09-06 17:22:00,488 INFO [model] UFC Fight Winner Prediction Pipeline v6  (2026-09-06 17:22)
2026-09-06 17:22:00,488 INFO [model] ============================================================
2026-09-06 17:22:00,488 INFO [model] Loading data from database...
2026-09-06 17:22:02,667 INFO [model]   Loaded 4616 fighters
2026-09-06 17:22:06,700 INFO [model]   Loaded 22225 fight-stat rows (11161 unique fights)
2026-09-06 17:22:06,700 INFO [model]   Loading per-round stats...
2026-09-06 17:22:10,877 INFO [model]   Loaded 59640 per-round stat rows
2026-09-06 17:22:10,987 INFO [model] 
  Recomputing Glicko snapshots in memory (fixed newcomer seed)...
2026-09-06 17:22:10,987 INFO [glicko_service]   Loading fight data...
2026-09-06 17:22:11,830 INFO [glicko_service]   Loaded 11564 fights
2026-09-06 17:22:11,830 INFO [glicko_service]   Loading per-round stats...
2026-09-06 17:22:15,954 INFO [glicko_service]   Loaded rounds for 11232 fights
2026-09-06 17:22:15,954 INFO [glicko_service]   Loading per-fight derived totals...
2026-09-06 17:22:18,891 INFO [glicko_service]   Loaded 22464 derived totals rows
2026-09-06 17:22:19,088 INFO [glicko_service]   Loaded 4616 fighters
2026-09-06 17:22:19,369 INFO [glicko_service]   Computing weight class baseline rates...
2026-09-06 17:22:19,445 INFO [glicko_service]     P4P: 1 rounds, KD=0.0000, SUB=0.0000, TD=0.0000, td15s_cap=10.0, ctrl15g_cap=10.0, gnp15g_cap=10.0
2026-09-06 17:22:19,445 INFO [glicko_service]     Flyweight: 1650 rounds, KD=0.0224, SUB=0.0692, TD=0.0841, td15s_cap=25.7, ctrl15g_cap=15.0, gnp15g_cap=79.1
2026-09-06 17:22:19,446 INFO [glicko_service]     Bantamweight: 2847 rounds, KD=0.0266, SUB=0.0654, TD=0.0808, td15s_cap=25.7, ctrl15g_cap=15.0, gnp15g_cap=84.0
2026-09-06 17:22:19,447 INFO [glicko_service]     Featherweight: 3282 rounds, KD=0.0258, SUB=0.0677, TD=0.0810, td15s_cap=26.9, ctrl15g_cap=15.0, gnp15g_cap=85.1
2026-09-06 17:22:19,448 INFO [glicko_service]     Lightweight: 4754 rounds, KD=0.0259, SUB=0.0862, TD=0.0880, td15s_cap=25.7, ctrl15g_cap=15.0, gnp15g_cap=77.1
2026-09-06 17:22:19,449 INFO [glicko_service]     Welterweight: 4313 rounds, KD=0.0304, SUB=0.0738, TD=0.0837, td15s_cap=28.1, ctrl15g_cap=15.0, gnp15g_cap=77.6
2026-09-06 17:22:19,450 INFO [glicko_service]     Middleweight: 3888 rounds, KD=0.0305, SUB=0.0772, TD=0.0760, td15s_cap=25.7, ctrl15g_cap=15.0, gnp15g_cap=94.7
2026-09-06 17:22:19,451 INFO [glicko_service]     Light Heavyweight: 2382 rounds, KD=0.0341, SUB=0.0530, TD=0.0697, td15s_cap=26.3, ctrl15g_cap=15.0, gnp15g_cap=106.6
2026-09-06 17:22:19,452 INFO [glicko_service]     Heavyweight: 2555 rounds, KD=0.0335, SUB=0.0598, TD=0.0610, td15s_cap=23.1, ctrl15g_cap=15.0, gnp15g_cap=103.8
2026-09-06 17:22:19,452 INFO [glicko_service]     P4P: 1 rounds, KD=0.0000, SUB=0.0000, TD=0.0000, td15s_cap=10.0, ctrl15g_cap=10.0, gnp15g_cap=10.0
2026-09-06 17:22:19,452 INFO [glicko_service]     Strawweight: 1337 rounds, KD=0.0092, SUB=0.0509, TD=0.0717, td15s_cap=23.4, ctrl15g_cap=15.0, gnp15g_cap=64.7
2026-09-06 17:22:19,452 INFO [glicko_service]     Flyweight: 977 rounds, KD=0.0082, SUB=0.0499, TD=0.0667, td15s_cap=22.2, ctrl15g_cap=15.0, gnp15g_cap=77.1
2026-09-06 17:22:19,452 INFO [glicko_service]     Bantamweight: 943 rounds, KD=0.0104, SUB=0.0520, TD=0.0659, td15s_cap=27.3, ctrl15g_cap=15.0, gnp15g_cap=78.8
2026-09-06 17:22:20,685 INFO [glicko_service]   Processed 27341 rounds
2026-09-06 17:22:20,708 INFO [model]   Computed 21312 snapshots
2026-09-06 17:22:20,718 INFO [model] Building features...
2026-09-06 17:22:20,986 INFO [model]   Computing defensive stats...
2026-09-06 17:22:22,430 INFO [model]   Computing Elo ratings...
2026-09-06 17:22:22,939 INFO [model]   Computing resume scores...
2026-09-06 17:22:23,097 INFO [model]   Using 21312 caller-supplied Glicko snapshots
2026-09-06 17:22:25,805 INFO [model]   Added 15 Glicko features  + 4 confidence features
2026-09-06 17:22:25,805 INFO [model]   Computing Elo-adjusted stats...
2026-09-06 17:22:25,807 INFO [model]   Computing rolling career averages...
2026-09-06 17:22:50,840 INFO [model]   Computing streaks and career stats...
2026-09-06 17:22:52,118 INFO [model]   Computing composite features...
2026-09-06 17:22:52,122 INFO [model]   Computing round-by-round profiles...
2026-09-06 17:23:00,410 INFO [model]   Computing age curve features...
2026-09-06 17:23:00,413 INFO [model]   Computing damage accumulation...
2026-09-06 17:23:01,820 INFO [model]   Computing weight-class movement...
2026-09-06 17:23:02,077 INFO [model]   Computing pre-UFC records...
2026-09-06 17:23:02,102 INFO [model]   Computing age-relative performance residuals...
2026-09-06 17:23:02,197 INFO [model]   Computing fighter style clusters (k=6)...
2026-09-06 17:23:02,585 INFO [model]     Fit on 22225 rows, assigned 22225 fighter-fights
2026-09-06 17:23:02,586 INFO [model]     Style 0 (3330 fighter-fights): SigStr/5=16.7 TD/5=0.5 Sub/5=0.5 Ctrl/5=49.4 GndStr/5=2.7 top=ctrl_per5
2026-09-06 17:23:02,586 INFO [model]     Style 1 (3900 fighter-fights): SigStr/5=17.1 TD/5=1.5 Sub/5=0.5 Ctrl/5=117.8 GndStr/5=7.6 top=ctrl_per5
2026-09-06 17:23:02,586 INFO [model]     Style 2 (10804 fighter-fights): SigStr/5=16.4 TD/5=0.5 Sub/5=0.3 Ctrl/5=44.5 GndStr/5=3.0 top=ctrl_per5
2026-09-06 17:23:02,586 INFO [model]     Style 3 (3504 fighter-fights): SigStr/5=32.5 TD/5=0.3 Sub/5=0.2 Ctrl/5=36.0 GndStr/5=5.4 top=ctrl_per5
2026-09-06 17:23:02,586 INFO [model]     Style 4 (312 fighter-fights): SigStr/5=72.2 TD/5=0.7 Sub/5=0.3 Ctrl/5=58.9 GndStr/5=35.5 top=sig_str_landed_per5
2026-09-06 17:23:02,586 INFO [model]     Style 5 (375 fighter-fights): SigStr/5=12.3 TD/5=2.2 Sub/5=4.3 Ctrl/5=61.5 GndStr/5=4.2 top=ctrl_per5
2026-09-06 17:23:02,653 INFO [model]   Style matchup features computed expanding-in-time (6x6, 22128 fighter-fights)
2026-09-06 17:23:02,914 INFO [model]   Feature matrix shape: (22225, 334)
2026-09-06 17:23:02,930 INFO [model] Building matchup feature matrix...
2026-09-06 17:23:03,041 INFO [model]   Loading odds from database...
2026-09-06 17:23:04,694 INFO [model]   Odds matched: 2837/11064 fights (25.6%)
2026-09-06 17:23:04,715 INFO [model]   Filtered to modern era (2015+): 6375 fights (dropped 4689 pre-2015)
2026-09-06 17:23:04,715 INFO [model]   Red win rate (modern): 0.556
2026-09-06 17:23:04,726 INFO [model]   Matchup matrix: 6375 fights, 292 candidate features
2026-09-06 17:23:04,726 INFO [model]   Red win rate: 0.556
2026-09-06 17:23:04,727 INFO [model]   Date range: 2015-01-03 to 2026-09-05
2026-09-06 17:23:04,749 INFO [model] 
  Style-cluster cutoff set to eval start: 2022-06-09
2026-09-06 17:23:04,749 INFO [model] Building features...
2026-09-06 17:23:05,005 INFO [model]   Computing defensive stats...
2026-09-06 17:23:06,444 INFO [model]   Computing Elo ratings...
2026-09-06 17:23:06,917 INFO [model]   Computing resume scores...
2026-09-06 17:23:07,062 INFO [model]   Using 21312 caller-supplied Glicko snapshots
2026-09-06 17:23:09,563 INFO [model]   Added 15 Glicko features  + 4 confidence features
2026-09-06 17:23:09,563 INFO [model]   Computing Elo-adjusted stats...
2026-09-06 17:23:09,565 INFO [model]   Computing rolling career averages...
2026-09-06 17:23:34,143 INFO [model]   Computing streaks and career stats...
2026-09-06 17:23:35,535 INFO [model]   Computing composite features...
2026-09-06 17:23:35,540 INFO [model]   Computing round-by-round profiles...
2026-09-06 17:23:44,650 INFO [model]   Computing age curve features...
2026-09-06 17:23:44,653 INFO [model]   Computing damage accumulation...
2026-09-06 17:23:45,945 INFO [model]   Computing weight-class movement...
2026-09-06 17:23:46,144 INFO [model]   Computing pre-UFC records...
2026-09-06 17:23:46,169 INFO [model]   Computing age-relative performance residuals...
2026-09-06 17:23:46,263 INFO [model]   Computing fighter style clusters (k=6)...
2026-09-06 17:23:46,558 INFO [model]     Fit on 17109 rows, assigned 22225 fighter-fights
2026-09-06 17:23:46,559 INFO [model]     Style 0 (10325 fighter-fights): SigStr/5=15.2 TD/5=0.5 Sub/5=0.3 Ctrl/5=43.5 GndStr/5=3.1 top=ctrl_per5
2026-09-06 17:23:46,559 INFO [model]     Style 1 (3340 fighter-fights): SigStr/5=15.4 TD/5=0.6 Sub/5=0.5 Ctrl/5=50.6 GndStr/5=3.1 top=ctrl_per5
2026-09-06 17:23:46,559 INFO [model]     Style 2 (319 fighter-fights): SigStr/5=71.7 TD/5=0.8 Sub/5=0.3 Ctrl/5=55.5 GndStr/5=35.4 top=sig_str_landed_per5
2026-09-06 17:23:46,559 INFO [model]     Style 3 (314 fighter-fights): SigStr/5=11.4 TD/5=2.3 Sub/5=4.7 Ctrl/5=54.7 GndStr/5=4.0 top=ctrl_per5
2026-09-06 17:23:46,559 INFO [model]     Style 4 (3728 fighter-fights): SigStr/5=16.7 TD/5=1.5 Sub/5=0.6 Ctrl/5=114.0 GndStr/5=8.1 top=ctrl_per5
2026-09-06 17:23:46,559 INFO [model]     Style 5 (4199 fighter-fights): SigStr/5=30.5 TD/5=0.3 Sub/5=0.2 Ctrl/5=33.6 GndStr/5=5.7 top=ctrl_per5
2026-09-06 17:23:46,614 INFO [model]   Style matchup features computed expanding-in-time (6x6, 22128 fighter-fights)
2026-09-06 17:23:46,865 INFO [model]   Feature matrix shape: (22225, 334)
2026-09-06 17:23:46,885 INFO [model] Building matchup feature matrix...
2026-09-06 17:23:47,032 INFO [model]   Loading odds from database...
2026-09-06 17:23:48,707 INFO [model]   Odds matched: 2837/11064 fights (25.6%)
2026-09-06 17:23:48,727 INFO [model]   Filtered to modern era (2015+): 6375 fights (dropped 4689 pre-2015)
2026-09-06 17:23:48,727 INFO [model]   Red win rate (modern): 0.556
2026-09-06 17:23:48,738 INFO [model]   Matchup matrix: 6375 fights, 292 candidate features
2026-09-06 17:23:48,738 INFO [model]   Red win rate: 0.556
2026-09-06 17:23:48,739 INFO [model]   Date range: 2015-01-03 to 2026-09-05
2026-09-06 17:23:48,745 INFO [model] ============================================================
2026-09-06 17:23:48,745 INFO [model] WALK-FORWARD EVALUATION
2026-09-06 17:23:48,745 INFO [model] ============================================================
2026-09-06 17:23:48,755 INFO [model]   6375 fights | 8 folds over the last 40% (2550 eval fights)
2026-09-06 17:23:48,755 INFO [model]   Hyperparameters are FIXED (not tuned per fold): {'max_depth': 3, 'learning_rate': 0.037, 'max_features': 0.65, 'min_samples_leaf': 32, 'l2_regularization': 4.4, 'max_bins': 128}
2026-09-06 17:23:48,755 INFO [model]   Those values came from an Optuna search that scored on a chronological
2026-09-06 17:23:48,755 INFO [model]   20% slice overlapping this eval window, so a residual selection optimism
2026-09-06 17:23:48,755 INFO [model]   remains. It is bounded and disclosed rather than hidden.
2026-09-06 17:23:48,755 INFO [model] 
------------------------------------------------------------
2026-09-06 17:23:48,755 INFO [model] ARM: with_odds  (292 candidate features)
2026-09-06 17:23:48,755 INFO [model] ------------------------------------------------------------
2026-09-06 17:23:53,278 INFO [model]   Early stopping (chronological val, n=487): best_iter=329 val_logloss=0.6657
2026-09-06 17:23:54,125 INFO [model]   Fold 1/8  train= 3825  test= 318  (2022-06-09 → 2022-11-19)  acc=0.6006  auc=0.6838  iter=329
2026-09-06 17:23:59,128 INFO [model]   Early stopping (chronological val, n=528): best_iter=129 val_logloss=0.6640
2026-09-06 17:23:59,791 INFO [model]   Fold 2/8  train= 4143  test= 319  (2022-11-19 → 2023-07-01)  acc=0.5987  auc=0.6838  iter=129
2026-09-06 17:24:05,223 INFO [model]   Early stopping (chronological val, n=568): best_iter=295 val_logloss=0.6557
2026-09-06 17:24:05,998 INFO [model]   Fold 3/8  train= 4462  test= 319  (2023-07-01 → 2023-12-16)  acc=0.6207  auc=0.6665  iter=295
2026-09-06 17:24:10,732 INFO [model]   Early stopping (chronological val, n=609): best_iter=146 val_logloss=0.6463
2026-09-06 17:24:11,148 INFO [model]   Fold 4/8  train= 4781  test= 319  (2024-01-13 → 2024-07-27)  acc=0.6332  auc=0.6862  iter=146
2026-09-06 17:24:16,779 INFO [model]   Early stopping (chronological val, n=650): best_iter=464 val_logloss=0.6164
2026-09-06 17:24:17,963 INFO [model]   Fold 5/8  train= 5100  test= 318  (2024-07-27 → 2025-02-08)  acc=0.7075  auc=0.7371  iter=464
2026-09-06 17:24:23,710 INFO [model]   Early stopping (chronological val, n=690): best_iter=246 val_logloss=0.6202
2026-09-06 17:24:24,444 INFO [model]   Fold 6/8  train= 5418  test= 319  (2025-02-08 → 2025-08-16)  acc=0.6803  auc=0.7442  iter=246
2026-09-06 17:24:30,562 INFO [model]   Early stopping (chronological val, n=731): best_iter=125 val_logloss=0.6258
2026-09-06 17:24:30,950 INFO [model]   Fold 7/8  train= 5737  test= 319  (2025-08-16 → 2026-03-14)  acc=0.6520  auc=0.7375  iter=125
2026-09-06 17:24:40,963 INFO [model]   Early stopping (chronological val, n=772): best_iter=213 val_logloss=0.6330
2026-09-06 17:24:41,718 INFO [model]   Fold 8/8  train= 6056  test= 319  (2026-03-14 → 2026-09-05)  acc=0.6708  auc=0.7088  iter=213
2026-09-06 17:24:41,768 INFO [model]   POOLED  n=2550  acc=0.6455 [0.6267, 0.6643]  auc=0.7073  brier=0.2162 (calibrated 0.2193)
2026-09-06 17:24:41,768 INFO [model] 
------------------------------------------------------------
2026-09-06 17:24:41,768 INFO [model] ARM: no_odds  (285 candidate features)
2026-09-06 17:24:41,768 INFO [model] ------------------------------------------------------------
2026-09-06 17:24:47,184 INFO [model]   Early stopping (chronological val, n=487): best_iter=107 val_logloss=0.6676
2026-09-06 17:24:47,527 INFO [model]     MarketAnchor: b=0.320 c=+0.047 on 415 priced rows (trusting 32% of disagreement)
2026-09-06 17:24:47,530 INFO [model]   Fold 1/8  train= 3825  test= 318  (2022-06-09 → 2022-11-19)  acc=0.5912  auc=0.6642  iter=107
2026-09-06 17:24:52,806 INFO [model]   Early stopping (chronological val, n=528): best_iter=119 val_logloss=0.6715
2026-09-06 17:24:53,219 INFO [model]     MarketAnchor: b=0.508 c=+0.089 on 487 priced rows (trusting 51% of disagreement)
2026-09-06 17:24:53,222 INFO [model]   Fold 2/8  train= 4143  test= 319  (2022-11-19 → 2023-07-01)  acc=0.5831  auc=0.6387  iter=119
2026-09-06 17:24:58,521 INFO [model]   Early stopping (chronological val, n=568): best_iter=186 val_logloss=0.6697
2026-09-06 17:24:59,001 INFO [model]     MarketAnchor: b=0.430 c=+0.082 on 537 priced rows (trusting 43% of disagreement)
2026-09-06 17:24:59,004 INFO [model]   Fold 3/8  train= 4462  test= 319  (2023-07-01 → 2023-12-16)  acc=0.5549  auc=0.5971  iter=186
2026-09-06 17:25:03,869 INFO [model]   Early stopping (chronological val, n=609): best_iter=133 val_logloss=0.6616
2026-09-06 17:25:04,202 INFO [model]     MarketAnchor: b=0.315 c=+0.075 on 600 priced rows (trusting 31% of disagreement)
2026-09-06 17:25:04,205 INFO [model]   Fold 4/8  train= 4781  test= 319  (2024-01-13 → 2024-07-27)  acc=0.5956  auc=0.6435  iter=133
2026-09-06 17:25:09,881 INFO [model]   Early stopping (chronological val, n=650): best_iter=457 val_logloss=0.6441
2026-09-06 17:25:11,135 INFO [model]     MarketAnchor: b=0.095 c=-0.028 on 634 priced rows (trusting 10% of disagreement)
2026-09-06 17:25:11,140 INFO [model]   Fold 5/8  train= 5100  test= 318  (2024-07-27 → 2025-02-08)  acc=0.6667  auc=0.6734  iter=457
2026-09-06 17:25:17,120 INFO [model]   Early stopping (chronological val, n=690): best_iter=163 val_logloss=0.6504
2026-09-06 17:25:17,663 INFO [model]     MarketAnchor: b=0.135 c=+0.040 on 693 priced rows (trusting 14% of disagreement)
2026-09-06 17:25:17,668 INFO [model]   Fold 6/8  train= 5418  test= 319  (2025-02-08 → 2025-08-16)  acc=0.6301  auc=0.6716  iter=163
2026-09-06 17:25:23,074 INFO [model]   Early stopping (chronological val, n=731): best_iter=96 val_logloss=0.6664
2026-09-06 17:25:23,444 INFO [model]     MarketAnchor: b=0.107 c=+0.076 on 734 priced rows (trusting 11% of disagreement)
2026-09-06 17:25:23,447 INFO [model]   Fold 7/8  train= 5737  test= 319  (2025-08-16 → 2026-03-14)  acc=0.6332  auc=0.7028  iter=96
2026-09-06 17:25:29,161 INFO [model]   Early stopping (chronological val, n=772): best_iter=202 val_logloss=0.6577
2026-09-06 17:25:29,785 INFO [model]     MarketAnchor: b=0.311 c=+0.045 on 772 priced rows (trusting 31% of disagreement)
2026-09-06 17:25:29,788 INFO [model]   Fold 8/8  train= 6056  test= 319  (2026-03-14 → 2026-09-05)  acc=0.6270  auc=0.6530  iter=202
2026-09-06 17:25:29,831 INFO [model]   POOLED  n=2550  acc=0.6102 [0.5929, 0.6294]  auc=0.6564  brier=0.2302 (calibrated 0.2313)
2026-09-06 17:25:29,832 INFO [model] 
------------------------------------------------------------
2026-09-06 17:25:29,832 INFO [model] ARM: no_odds_no_glicko  (228 candidate features)
2026-09-06 17:25:29,832 INFO [model] ------------------------------------------------------------
2026-09-06 17:25:34,119 INFO [model]   Early stopping (chronological val, n=487): best_iter=54 val_logloss=0.6711
2026-09-06 17:25:34,305 INFO [model]   Fold 1/8  train= 3825  test= 318  (2022-06-09 → 2022-11-19)  acc=0.6572  auc=0.6700  iter=54
2026-09-06 17:25:38,743 INFO [model]   Early stopping (chronological val, n=528): best_iter=59 val_logloss=0.6768
2026-09-06 17:25:38,952 INFO [model]   Fold 2/8  train= 4143  test= 319  (2022-11-19 → 2023-07-01)  acc=0.5831  auc=0.6366  iter=59
2026-09-06 17:25:43,161 INFO [model]   Early stopping (chronological val, n=568): best_iter=123 val_logloss=0.6732
2026-09-06 17:25:43,452 INFO [model]   Fold 3/8  train= 4462  test= 319  (2023-07-01 → 2023-12-16)  acc=0.5423  auc=0.5998  iter=123
2026-09-06 17:25:47,613 INFO [model]   Early stopping (chronological val, n=609): best_iter=117 val_logloss=0.6659
2026-09-06 17:25:47,921 INFO [model]   Fold 4/8  train= 4781  test= 319  (2024-01-13 → 2024-07-27)  acc=0.6082  auc=0.6245  iter=117
2026-09-06 17:25:52,908 INFO [model]   Early stopping (chronological val, n=650): best_iter=174 val_logloss=0.6567
2026-09-06 17:25:53,419 INFO [model]   Fold 5/8  train= 5100  test= 318  (2024-07-27 → 2025-02-08)  acc=0.6415  auc=0.6605  iter=174
2026-09-06 17:25:58,733 INFO [model]   Early stopping (chronological val, n=690): best_iter=93 val_logloss=0.6570
2026-09-06 17:25:59,038 INFO [model]   Fold 6/8  train= 5418  test= 319  (2025-02-08 → 2025-08-16)  acc=0.6270  auc=0.6617  iter=93
2026-09-06 17:26:04,675 INFO [model]   Early stopping (chronological val, n=731): best_iter=211 val_logloss=0.6589
2026-09-06 17:26:05,287 INFO [model]   Fold 7/8  train= 5737  test= 319  (2025-08-16 → 2026-03-14)  acc=0.6332  auc=0.7021  iter=211
2026-09-06 17:26:10,984 INFO [model]   Early stopping (chronological val, n=772): best_iter=155 val_logloss=0.6581
2026-09-06 17:26:11,482 INFO [model]   Fold 8/8  train= 6056  test= 319  (2026-03-14 → 2026-09-05)  acc=0.6207  auc=0.6544  iter=155
2026-09-06 17:26:11,524 INFO [model]   POOLED  n=2550  acc=0.6141 [0.5969, 0.6329]  auc=0.6519  brier=0.2316 (calibrated 0.2317)
2026-09-06 17:26:11,525 INFO [model] 
------------------------------------------------------------
2026-09-06 17:26:11,525 INFO [model] ARM: simulator (competing risks over Glicko)
2026-09-06 17:26:11,525 INFO [model] ------------------------------------------------------------
2026-09-06 17:26:14,386 INFO [model]   Fold 1/8  train= 3825  test= 318  sims=5000  b_dec=+0.228
2026-09-06 17:26:17,025 INFO [model]   Fold 2/8  train= 4143  test= 319  sims=5000  b_dec=+0.224
2026-09-06 17:26:19,658 INFO [model]   Fold 3/8  train= 4462  test= 319  sims=5000  b_dec=+0.214
2026-09-06 17:26:22,330 INFO [model]   Fold 4/8  train= 4781  test= 319  sims=5000  b_dec=+0.211
2026-09-06 17:26:24,962 INFO [model]   Fold 5/8  train= 5100  test= 318  sims=5000  b_dec=+0.189
2026-09-06 17:26:27,514 INFO [model]   Fold 6/8  train= 5418  test= 319  sims=5000  b_dec=+0.199
2026-09-06 17:26:30,004 INFO [model]   Fold 7/8  train= 5737  test= 319  sims=5000  b_dec=+0.202
2026-09-06 17:26:32,581 INFO [model]   Fold 8/8  train= 6056  test= 319  sims=5000  b_dec=+0.188
2026-09-06 17:26:32,617 INFO [model] 
  METHOD (scored on realised outcomes — no market exists for this)
2026-09-06 17:26:32,617 INFO [model]     log loss   1.0046  vs base rate 1.0252
2026-09-06 17:26:32,617 INFO [model]     accuracy   0.4910
2026-09-06 17:26:32,617 INFO [model]     class     Brier     base
2026-09-06 17:26:32,617 INFO [model]     KO       0.2199   0.2245
2026-09-06 17:26:32,617 INFO [model]     SUB      0.1418   0.1453
2026-09-06 17:26:32,617 INFO [model]     DEC      0.2466   0.2503
2026-09-06 17:26:32,617 INFO [model]     predicted mix [0.335 0.17  0.495]  actual [0.339 0.176 0.485]
2026-09-06 17:26:32,617 INFO [model] 
------------------------------------------------------------
2026-09-06 17:26:32,617 INFO [model] ARM: decorrelated (market-decorrelation penalty)
2026-09-06 17:26:32,617 INFO [model] ------------------------------------------------------------
2026-09-06 17:26:39,725 INFO [model]   Fold 1/8  train= 3825  test= 318  gamma=0.5  inner_roi=-3.31%
2026-09-06 17:26:45,320 INFO [model]   Fold 2/8  train= 4143  test= 319  gamma=0.25 inner_roi=-1.20%
2026-09-06 17:26:50,923 INFO [model]   Fold 3/8  train= 4462  test= 319  gamma=1.0  inner_roi=-0.45%
2026-09-06 17:26:57,099 INFO [model]   Fold 4/8  train= 4781  test= 319  gamma=0.1  inner_roi=+4.69%
2026-09-06 17:27:03,673 INFO [model]   Fold 5/8  train= 5100  test= 318  gamma=0.0  inner_roi=-5.21%
2026-09-06 17:27:10,829 INFO [model]   Fold 6/8  train= 5418  test= 319  gamma=0.0  inner_roi=+1.28%
2026-09-06 17:27:18,606 INFO [model]   Fold 7/8  train= 5737  test= 319  gamma=0.1  inner_roi=+2.13%
2026-09-06 17:27:26,577 INFO [model]   Fold 8/8  train= 6056  test= 319  gamma=0.0  inner_roi=+4.25%
2026-09-06 17:27:26,611 INFO [model]   gamma per fold: [0.5, 0.25, 1.0, 0.1, 0.0, 0.0, 0.1, 0.0]
2026-09-06 17:27:26,640 INFO [model] 
------------------------------------------------------------
2026-09-06 17:27:26,640 INFO [model] MARKET-ANCHORED ARM  (base = no_odds)
2026-09-06 17:27:26,640 INFO [model] ------------------------------------------------------------
2026-09-06 17:27:26,640 INFO [model]   b = fraction of the model's disagreement with the line that is trusted
2026-09-06 17:27:26,640 INFO [model]    Fold        b        c   n_fit
2026-09-06 17:27:26,640 INFO [model]   --------------------------------
2026-09-06 17:27:26,640 INFO [model]       1    0.320   +0.047     415
2026-09-06 17:27:26,640 INFO [model]       2    0.508   +0.089     487
2026-09-06 17:27:26,640 INFO [model]       3    0.430   +0.082     537
2026-09-06 17:27:26,640 INFO [model]       4    0.315   +0.075     600
2026-09-06 17:27:26,640 INFO [model]       5    0.095   -0.028     634
2026-09-06 17:27:26,640 INFO [model]       6    0.135   +0.040     693
2026-09-06 17:27:26,641 INFO [model]       7    0.107   +0.076     734
2026-09-06 17:27:26,641 INFO [model]       8    0.311   +0.045     772
2026-09-06 17:27:26,641 INFO [model]   mean b = 0.278
2026-09-06 17:27:26,641 INFO [model] 
------------------------------------------------------------
2026-09-06 17:27:26,641 INFO [model] MARKET COMPARISON (fights with odds)
2026-09-06 17:27:26,641 INFO [model] ------------------------------------------------------------
2026-09-06 17:27:26,677 INFO [model]   Eval fights with odds: 2087 (2022-06-11 → 2026-09-05)
2026-09-06 17:27:26,677 INFO [model]   Average vig: 0.000
2026-09-06 17:27:26,677 INFO [model] 
  Arm                       Acc             95% CI      AUC    Brier  corr(mkt)   partial
2026-09-06 17:27:26,677 INFO [model]   ----------------------------------------------------------------------------------------
2026-09-06 17:27:26,677 INFO [model]   market only            0.6770     [0.657, 0.698]        —   0.2055      1.000     1.000
2026-09-06 17:27:26,798 INFO [model]   no_odds_no_glicko      0.6200     [0.598, 0.641]   0.6610   0.2297      0.554     0.506
2026-09-06 17:27:26,917 INFO [model]   no_odds                0.6224     [0.601, 0.643]   0.6692   0.2277      0.545     0.497
2026-09-06 17:27:27,041 INFO [model]   simulator              0.5946     [0.574, 0.615]   0.6110   0.2385      0.455     0.422
2026-09-06 17:27:27,140 INFO [model]   with_odds              0.6679     [0.648, 0.688]   0.7255   0.2104      0.810     0.782
2026-09-06 17:27:27,209 INFO [model]   market_anchored        0.6833     [0.663, 0.703]   0.7371   0.2072      0.942     0.930
2026-09-06 17:27:27,340 INFO [model]   decorrelated           0.6459     [0.626, 0.666]   0.6763   0.2525      0.589     0.548
2026-09-06 17:27:27,340 INFO [model] 
  Arm                    Acc − market         95% CI of diff   Beats mkt?
2026-09-06 17:27:27,340 INFO [model]   ------------------------------------------------------------------------
2026-09-06 17:27:27,340 INFO [model]   no_odds_no_glicko           -0.0570     [-0.0805, -0.0355]           no
2026-09-06 17:27:27,340 INFO [model]   no_odds                     -0.0546     [-0.0776, -0.0335]           no
2026-09-06 17:27:27,340 INFO [model]   simulator                   -0.0824     [-0.1049, -0.0594]           no
2026-09-06 17:27:27,340 INFO [model]   with_odds                   -0.0091     [-0.0254, +0.0048]           no
2026-09-06 17:27:27,340 INFO [model]   market_anchored             +0.0062     [-0.0048, +0.0168]           no
2026-09-06 17:27:27,340 INFO [model]   decorrelated                -0.0311     [-0.0503, -0.0105]           no
2026-09-06 17:27:27,340 INFO [model] 
  Betting ladder — no_odds_no_glicko (calibrated, frozen thresholds):
2026-09-06 17:27:27,340 INFO [model]     Edge   Bets    Bet%    Win%     ROI%             ROI 95% CI
2026-09-06 17:27:27,340 INFO [model]   --------------------------------------------------------------
2026-09-06 17:27:27,340 INFO [model]       3%   1789   85.7%   39.0%    -6.48          [-12.3, -0.1]
2026-09-06 17:27:27,340 INFO [model]       5%   1610   77.1%   39.0%    -4.72          [-11.2, +2.1]
2026-09-06 17:27:27,340 INFO [model]       8%   1294   62.0%   37.6%    -7.31          [-14.5, +0.0]
2026-09-06 17:27:27,340 INFO [model]      10%   1113   53.3%   37.4%    -5.44          [-13.4, +2.4]
2026-09-06 17:27:27,340 INFO [model]      15%    699   33.5%   34.2%    -9.26          [-19.6, +0.7]
2026-09-06 17:27:27,340 INFO [model] 
  Betting ladder — no_odds (calibrated, frozen thresholds):
2026-09-06 17:27:27,340 INFO [model]     Edge   Bets    Bet%    Win%     ROI%             ROI 95% CI
2026-09-06 17:27:27,341 INFO [model]   --------------------------------------------------------------
2026-09-06 17:27:27,341 INFO [model]       3%   1778   85.2%   40.5%    -4.68          [-10.7, +1.2]
2026-09-06 17:27:27,341 INFO [model]       5%   1589   76.1%   39.8%    -4.29          [-10.7, +2.2]
2026-09-06 17:27:27,341 INFO [model]       8%   1313   62.9%   38.4%    -5.89          [-12.9, +1.4]
2026-09-06 17:27:27,341 INFO [model]      10%   1112   53.3%   37.7%    -5.95          [-13.5, +2.5]
2026-09-06 17:27:27,341 INFO [model]      15%    723   34.6%   35.7%    -8.17          [-18.0, +1.6]
2026-09-06 17:27:27,341 INFO [model] 
  Betting ladder — simulator (calibrated, frozen thresholds):
2026-09-06 17:27:27,341 INFO [model]     Edge   Bets    Bet%    Win%     ROI%             ROI 95% CI
2026-09-06 17:27:27,341 INFO [model]   --------------------------------------------------------------
2026-09-06 17:27:27,341 INFO [model]       3%   1819   87.2%   32.7%   -11.21          [-17.6, -4.4]
2026-09-06 17:27:27,341 INFO [model]       5%   1634   78.3%   31.0%   -12.09          [-19.0, -5.1]
2026-09-06 17:27:27,341 INFO [model]       8%   1392   66.7%   29.2%   -12.77          [-20.5, -5.3]
2026-09-06 17:27:27,341 INFO [model]      10%   1239   59.4%   27.6%   -14.90          [-23.1, -6.5]
2026-09-06 17:27:27,341 INFO [model]      15%    855   41.0%   23.9%   -19.18          [-29.2, -8.4]
2026-09-06 17:27:27,341 INFO [model] 
  Betting ladder — with_odds (calibrated, frozen thresholds):
2026-09-06 17:27:27,341 INFO [model]     Edge   Bets    Bet%    Win%     ROI%             ROI 95% CI
2026-09-06 17:27:27,341 INFO [model]   --------------------------------------------------------------
2026-09-06 17:27:27,341 INFO [model]       3%   1531   73.4%   51.5%    -4.54          [-10.0, +0.9]
2026-09-06 17:27:27,341 INFO [model]       5%   1248   59.8%   52.1%    -5.71          [-11.6, +0.3]
2026-09-06 17:27:27,341 INFO [model]       8%    839   40.2%   52.8%    -6.40          [-13.1, +0.7]
2026-09-06 17:27:27,341 INFO [model]      10%    620   29.7%   53.9%    -6.85          [-14.4, +1.1]
2026-09-06 17:27:27,341 INFO [model]      15%    263   12.6%   54.4%   -10.83          [-21.3, +0.3]
2026-09-06 17:27:27,341 INFO [model] 
  Betting ladder — market_anchored (calibrated, frozen thresholds):
2026-09-06 17:27:27,341 INFO [model]     Edge   Bets    Bet%    Win%     ROI%             ROI 95% CI
2026-09-06 17:27:27,341 INFO [model]   --------------------------------------------------------------
2026-09-06 17:27:27,341 INFO [model]       3%    866   41.5%   42.0%    -5.46          [-14.0, +3.2]
2026-09-06 17:27:27,341 INFO [model]       5%    512   24.5%   43.4%    -5.80          [-16.5, +5.2]
2026-09-06 17:27:27,341 INFO [model]       8%    250   12.0%   44.8%    -4.96         [-19.0, +10.4]
2026-09-06 17:27:27,341 INFO [model]      10%    147    7.0%   51.0%     3.58         [-15.2, +23.0]
2026-09-06 17:27:27,341 INFO [model]      15%     38    1.8%   52.6%    -9.90         [-39.5, +22.1]
2026-09-06 17:27:27,342 INFO [model] 
  Betting ladder — decorrelated (calibrated, frozen thresholds):
2026-09-06 17:27:27,342 INFO [model]     Edge   Bets    Bet%    Win%     ROI%             ROI 95% CI
2026-09-06 17:27:27,342 INFO [model]   --------------------------------------------------------------
2026-09-06 17:27:27,342 INFO [model]       3%   1891   90.6%   58.6%    -2.68           [-6.9, +1.6]
2026-09-06 17:27:27,342 INFO [model]       5%   1769   84.8%   59.4%    -2.26           [-6.4, +2.1]
2026-09-06 17:27:27,342 INFO [model]       8%   1575   75.5%   59.4%    -3.02           [-7.5, +1.4]
2026-09-06 17:27:27,342 INFO [model]      10%   1433   68.7%   59.2%    -2.35           [-6.9, +2.2]
2026-09-06 17:27:27,342 INFO [model]      15%   1097   52.6%   58.4%    -1.99           [-7.2, +3.7]
2026-09-06 17:27:27,376 INFO [model] 
  Saved 2550 per-fight eval predictions to /Users/rafeburns/Downloads/ALocks/alocks-backend/models/ufc/h2h/eval_predictions.csv
2026-09-06 17:27:27,383 INFO [model] 
  Saved evaluation results to /Users/rafeburns/Downloads/ALocks/alocks-backend/models/ufc/h2h/eval_results.json
2026-09-06 17:27:27,383 INFO [model] 
============================================================
2026-09-06 17:27:27,383 INFO [model] Walk-forward evaluation complete.
2026-09-06 17:27:27,383 INFO [model] ============================================================
2026-09-06 17:28:07,615 INFO [model] ============================================================
2026-09-06 17:28:07,615 INFO [model] UFC Fight Winner Prediction Pipeline v6  (2026-09-06 17:28)
2026-09-06 17:28:07,615 INFO [model] ============================================================
2026-09-06 17:28:07,615 INFO [model] Loading data from database...
2026-09-06 17:28:09,713 INFO [model]   Loaded 4616 fighters
2026-09-06 17:28:13,455 INFO [model]   Loaded 22225 fight-stat rows (11161 unique fights)
2026-09-06 17:28:13,455 INFO [model]   Loading per-round stats...
2026-09-06 17:28:17,522 INFO [model]   Loaded 59640 per-round stat rows
2026-09-06 17:28:17,647 INFO [model] Building features...
2026-09-06 17:28:17,899 INFO [model]   Computing defensive stats...
2026-09-06 17:28:19,276 INFO [model]   Computing Elo ratings...
2026-09-06 17:28:19,771 INFO [model]   Computing resume scores...
2026-09-06 17:28:19,915 INFO [model]   Loading Glicko rating snapshots from DB...
2026-09-06 17:28:21,236 INFO [model]   Loaded 21312 Glicko snapshots
2026-09-06 17:28:23,767 INFO [model]   Added 15 Glicko features  + 4 confidence features
2026-09-06 17:28:23,767 INFO [model]   Computing Elo-adjusted stats...
2026-09-06 17:28:23,769 INFO [model]   Computing rolling career averages...
2026-09-06 17:28:49,029 INFO [model]   Computing streaks and career stats...
2026-09-06 17:28:50,397 INFO [model]   Computing composite features...
2026-09-06 17:28:50,402 INFO [model]   Computing round-by-round profiles...
2026-09-06 17:28:59,038 INFO [model]   Computing age curve features...
2026-09-06 17:28:59,041 INFO [model]   Computing damage accumulation...
2026-09-06 17:29:00,310 INFO [model]   Computing weight-class movement...
2026-09-06 17:29:00,512 INFO [model]   Computing pre-UFC records...
2026-09-06 17:29:00,536 INFO [model]   Computing age-relative performance residuals...
2026-09-06 17:29:00,632 INFO [model]   Computing fighter style clusters (k=6)...
2026-09-06 17:29:01,079 INFO [model]     Fit on 22225 rows, assigned 22225 fighter-fights
2026-09-06 17:29:01,080 INFO [model]     Style 0 (10812 fighter-fights): SigStr/5=16.4 TD/5=0.5 Sub/5=0.3 Ctrl/5=44.3 GndStr/5=3.0 top=ctrl_per5
2026-09-06 17:29:01,080 INFO [model]     Style 1 (315 fighter-fights): SigStr/5=72.4 TD/5=0.9 Sub/5=0.3 Ctrl/5=58.3 GndStr/5=36.7 top=sig_str_landed_per5
2026-09-06 17:29:01,080 INFO [model]     Style 2 (3915 fighter-fights): SigStr/5=17.0 TD/5=1.5 Sub/5=0.5 Ctrl/5=117.9 GndStr/5=7.5 top=ctrl_per5
2026-09-06 17:29:01,080 INFO [model]     Style 3 (372 fighter-fights): SigStr/5=12.4 TD/5=2.1 Sub/5=4.4 Ctrl/5=61.3 GndStr/5=4.1 top=ctrl_per5
2026-09-06 17:29:01,080 INFO [model]     Style 4 (3496 fighter-fights): SigStr/5=32.6 TD/5=0.3 Sub/5=0.2 Ctrl/5=36.0 GndStr/5=5.4 top=ctrl_per5
2026-09-06 17:29:01,080 INFO [model]     Style 5 (3315 fighter-fights): SigStr/5=16.7 TD/5=0.5 Sub/5=0.5 Ctrl/5=49.8 GndStr/5=2.7 top=ctrl_per5
2026-09-06 17:29:01,144 INFO [model]   Style matchup features computed expanding-in-time (6x6, 22128 fighter-fights)
2026-09-06 17:29:01,399 INFO [model]   Feature matrix shape: (22225, 334)
2026-09-06 17:29:01,433 INFO [model] Building matchup feature matrix...
2026-09-06 17:29:01,539 INFO [model]   Loading odds from database...
2026-09-06 17:29:03,283 INFO [model]   Odds matched: 2837/11064 fights (25.6%)
2026-09-06 17:29:03,305 INFO [model]   Filtered to modern era (2015+): 6375 fights (dropped 4689 pre-2015)
2026-09-06 17:29:03,306 INFO [model]   Red win rate (modern): 0.556
2026-09-06 17:29:03,317 INFO [model]   Matchup matrix: 6375 fights, 292 candidate features
2026-09-06 17:29:03,317 INFO [model]   Red win rate: 0.556
2026-09-06 17:29:03,317 INFO [model]   Date range: 2015-01-03 to 2026-09-05
2026-09-06 17:29:03,339 INFO [model] 
  Style-cluster cutoff set to eval start: 2022-06-09
2026-09-06 17:29:03,339 INFO [model] Building features...
2026-09-06 17:29:03,593 INFO [model]   Computing defensive stats...
2026-09-06 17:29:05,019 INFO [model]   Computing Elo ratings...
2026-09-06 17:29:05,591 INFO [model]   Computing resume scores...
2026-09-06 17:29:05,743 INFO [model]   Loading Glicko rating snapshots from DB...
2026-09-06 17:29:07,046 INFO [model]   Loaded 21312 Glicko snapshots
2026-09-06 17:29:09,598 INFO [model]   Added 15 Glicko features  + 4 confidence features
2026-09-06 17:29:09,599 INFO [model]   Computing Elo-adjusted stats...
2026-09-06 17:29:09,602 INFO [model]   Computing rolling career averages...
2026-09-06 17:29:35,199 INFO [model]   Computing streaks and career stats...
2026-09-06 17:29:36,629 INFO [model]   Computing composite features...
2026-09-06 17:29:36,633 INFO [model]   Computing round-by-round profiles...
2026-09-06 17:29:45,848 INFO [model]   Computing age curve features...
2026-09-06 17:29:45,851 INFO [model]   Computing damage accumulation...
2026-09-06 17:29:47,316 INFO [model]   Computing weight-class movement...
2026-09-06 17:29:47,522 INFO [model]   Computing pre-UFC records...
2026-09-06 17:29:47,548 INFO [model]   Computing age-relative performance residuals...
2026-09-06 17:29:47,650 INFO [model]   Computing fighter style clusters (k=6)...
2026-09-06 17:29:47,979 INFO [model]     Fit on 17109 rows, assigned 22225 fighter-fights
2026-09-06 17:29:47,979 INFO [model]     Style 0 (319 fighter-fights): SigStr/5=11.3 TD/5=2.2 Sub/5=4.6 Ctrl/5=54.7 GndStr/5=3.9 top=ctrl_per5
2026-09-06 17:29:47,979 INFO [model]     Style 1 (10310 fighter-fights): SigStr/5=15.2 TD/5=0.5 Sub/5=0.3 Ctrl/5=43.3 GndStr/5=3.1 top=ctrl_per5
2026-09-06 17:29:47,979 INFO [model]     Style 2 (323 fighter-fights): SigStr/5=72.2 TD/5=1.0 Sub/5=0.3 Ctrl/5=54.5 GndStr/5=36.7 top=sig_str_landed_per5
2026-09-06 17:29:47,980 INFO [model]     Style 3 (3320 fighter-fights): SigStr/5=15.4 TD/5=0.6 Sub/5=0.5 Ctrl/5=51.0 GndStr/5=3.1 top=ctrl_per5
2026-09-06 17:29:47,980 INFO [model]     Style 4 (3749 fighter-fights): SigStr/5=16.6 TD/5=1.5 Sub/5=0.6 Ctrl/5=114.1 GndStr/5=7.9 top=ctrl_per5
2026-09-06 17:29:47,980 INFO [model]     Style 5 (4204 fighter-fights): SigStr/5=30.5 TD/5=0.3 Sub/5=0.2 Ctrl/5=33.6 GndStr/5=5.7 top=ctrl_per5
2026-09-06 17:29:48,032 INFO [model]   Style matchup features computed expanding-in-time (6x6, 22128 fighter-fights)
2026-09-06 17:29:48,292 INFO [model]   Feature matrix shape: (22225, 334)
2026-09-06 17:29:48,328 INFO [model] Building matchup feature matrix...
2026-09-06 17:29:48,443 INFO [model]   Loading odds from database...
2026-09-06 17:29:50,076 INFO [model]   Odds matched: 2837/11064 fights (25.6%)
2026-09-06 17:29:50,095 INFO [model]   Filtered to modern era (2015+): 6375 fights (dropped 4689 pre-2015)
2026-09-06 17:29:50,095 INFO [model]   Red win rate (modern): 0.556
2026-09-06 17:29:50,107 INFO [model]   Matchup matrix: 6375 fights, 292 candidate features
2026-09-06 17:29:50,107 INFO [model]   Red win rate: 0.556
2026-09-06 17:29:50,108 INFO [model]   Date range: 2015-01-03 to 2026-09-05
2026-09-06 17:29:50,114 INFO [model] ============================================================
2026-09-06 17:29:50,114 INFO [model] WALK-FORWARD EVALUATION
2026-09-06 17:29:50,114 INFO [model] ============================================================
2026-09-06 17:29:50,125 INFO [model]   6375 fights | 8 folds over the last 40% (2550 eval fights)
2026-09-06 17:29:50,125 INFO [model]   Hyperparameters are FIXED (not tuned per fold): {'max_depth': 3, 'learning_rate': 0.037, 'max_features': 0.65, 'min_samples_leaf': 32, 'l2_regularization': 4.4, 'max_bins': 128}
2026-09-06 17:29:50,125 INFO [model]   Those values came from an Optuna search that scored on a chronological
2026-09-06 17:29:50,125 INFO [model]   20% slice overlapping this eval window, so a residual selection optimism
2026-09-06 17:29:50,125 INFO [model]   remains. It is bounded and disclosed rather than hidden.
2026-09-06 17:29:50,125 INFO [model] 
------------------------------------------------------------
2026-09-06 17:29:50,125 INFO [model] ARM: with_odds  (292 candidate features)
2026-09-06 17:29:50,125 INFO [model] ------------------------------------------------------------
2026-09-06 17:29:54,722 INFO [model]   Early stopping (chronological val, n=487): best_iter=84 val_logloss=0.6643
2026-09-06 17:29:54,979 INFO [model]   Fold 1/8  train= 3825  test= 318  (2022-06-09 → 2022-11-19)  acc=0.6195  auc=0.6676  iter=84
2026-09-06 17:29:59,188 INFO [model]   Early stopping (chronological val, n=528): best_iter=137 val_logloss=0.6656
2026-09-06 17:29:59,477 INFO [model]   Fold 2/8  train= 4143  test= 319  (2022-11-19 → 2023-07-01)  acc=0.6050  auc=0.6817  iter=137
2026-09-06 17:30:03,931 INFO [model]   Early stopping (chronological val, n=568): best_iter=267 val_logloss=0.6539
2026-09-06 17:30:04,578 INFO [model]   Fold 3/8  train= 4462  test= 319  (2023-07-01 → 2023-12-16)  acc=0.6270  auc=0.6668  iter=267
2026-09-06 17:30:09,738 INFO [model]   Early stopping (chronological val, n=609): best_iter=175 val_logloss=0.6479
2026-09-06 17:30:10,224 INFO [model]   Fold 4/8  train= 4781  test= 319  (2024-01-13 → 2024-07-27)  acc=0.6520  auc=0.6986  iter=175
2026-09-06 17:30:15,955 INFO [model]   Early stopping (chronological val, n=650): best_iter=306 val_logloss=0.6115
2026-09-06 17:30:16,852 INFO [model]   Fold 5/8  train= 5100  test= 318  (2024-07-27 → 2025-02-08)  acc=0.6981  auc=0.7177  iter=306
2026-09-06 17:30:22,563 INFO [model]   Early stopping (chronological val, n=690): best_iter=183 val_logloss=0.6224
2026-09-06 17:30:23,109 INFO [model]   Fold 6/8  train= 5418  test= 319  (2025-02-08 → 2025-08-16)  acc=0.6771  auc=0.7439  iter=183
2026-09-06 17:30:29,121 INFO [model]   Early stopping (chronological val, n=731): best_iter=155 val_logloss=0.6203
2026-09-06 17:30:29,567 INFO [model]   Fold 7/8  train= 5737  test= 319  (2025-08-16 → 2026-03-14)  acc=0.6708  auc=0.7424  iter=155
2026-09-06 17:30:35,262 INFO [model]   Early stopping (chronological val, n=772): best_iter=176 val_logloss=0.6344
2026-09-06 17:30:35,730 INFO [model]   Fold 8/8  train= 6056  test= 319  (2026-03-14 → 2026-09-05)  acc=0.6426  auc=0.6982  iter=176
2026-09-06 17:30:35,773 INFO [model]   POOLED  n=2550  acc=0.6490 [0.6306, 0.6675]  auc=0.7038  brier=0.2170 (calibrated 0.2202)
2026-09-06 17:30:35,773 INFO [model] 
------------------------------------------------------------
2026-09-06 17:30:35,773 INFO [model] ARM: no_odds  (285 candidate features)
2026-09-06 17:30:35,773 INFO [model] ------------------------------------------------------------
2026-09-06 17:30:40,384 INFO [model]   Early stopping (chronological val, n=487): best_iter=84 val_logloss=0.6644
2026-09-06 17:30:40,689 INFO [model]     MarketAnchor: b=0.314 c=+0.038 on 415 priced rows (trusting 31% of disagreement)
2026-09-06 17:30:40,692 INFO [model]   Fold 1/8  train= 3825  test= 318  (2022-06-09 → 2022-11-19)  acc=0.6069  auc=0.6463  iter=84
2026-09-06 17:30:45,858 INFO [model]   Early stopping (chronological val, n=528): best_iter=69 val_logloss=0.6772
2026-09-06 17:30:46,100 INFO [model]     MarketAnchor: b=0.488 c=+0.090 on 487 priced rows (trusting 49% of disagreement)
2026-09-06 17:30:46,106 INFO [model]   Fold 2/8  train= 4143  test= 319  (2022-11-19 → 2023-07-01)  acc=0.6019  auc=0.6411  iter=69
2026-09-06 17:30:52,505 INFO [model]   Early stopping (chronological val, n=568): best_iter=278 val_logloss=0.6711
2026-09-06 17:30:53,315 INFO [model]     MarketAnchor: b=0.417 c=+0.084 on 537 priced rows (trusting 42% of disagreement)
2026-09-06 17:30:53,318 INFO [model]   Fold 3/8  train= 4462  test= 319  (2023-07-01 → 2023-12-16)  acc=0.5705  auc=0.6107  iter=278
2026-09-06 17:30:58,919 INFO [model]   Early stopping (chronological val, n=609): best_iter=175 val_logloss=0.6633
2026-09-06 17:30:59,477 INFO [model]     MarketAnchor: b=0.364 c=+0.076 on 600 priced rows (trusting 36% of disagreement)
2026-09-06 17:30:59,481 INFO [model]   Fold 4/8  train= 4781  test= 319  (2024-01-13 → 2024-07-27)  acc=0.6019  auc=0.6358  iter=175
2026-09-06 17:31:04,795 INFO [model]   Early stopping (chronological val, n=650): best_iter=394 val_logloss=0.6413
2026-09-06 17:31:05,690 INFO [model]     MarketAnchor: b=0.159 c=-0.027 on 634 priced rows (trusting 16% of disagreement)
2026-09-06 17:31:05,693 INFO [model]   Fold 5/8  train= 5100  test= 318  (2024-07-27 → 2025-02-08)  acc=0.6384  auc=0.6474  iter=394
2026-09-06 17:31:11,393 INFO [model]   Early stopping (chronological val, n=690): best_iter=148 val_logloss=0.6545
2026-09-06 17:31:11,882 INFO [model]     MarketAnchor: b=0.160 c=+0.036 on 693 priced rows (trusting 16% of disagreement)
2026-09-06 17:31:11,886 INFO [model]   Fold 6/8  train= 5418  test= 319  (2025-02-08 → 2025-08-16)  acc=0.6270  auc=0.6706  iter=148
2026-09-06 17:31:18,231 INFO [model]   Early stopping (chronological val, n=731): best_iter=118 val_logloss=0.6597
2026-09-06 17:31:18,616 INFO [model]     MarketAnchor: b=0.213 c=+0.065 on 734 priced rows (trusting 21% of disagreement)
2026-09-06 17:31:18,620 INFO [model]   Fold 7/8  train= 5737  test= 319  (2025-08-16 → 2026-03-14)  acc=0.6458  auc=0.7138  iter=118
2026-09-06 17:31:25,513 INFO [model]   Early stopping (chronological val, n=772): best_iter=164 val_logloss=0.6581
2026-09-06 17:31:26,043 INFO [model]     MarketAnchor: b=0.287 c=+0.054 on 772 priced rows (trusting 29% of disagreement)
2026-09-06 17:31:26,046 INFO [model]   Fold 8/8  train= 6056  test= 319  (2026-03-14 → 2026-09-05)  acc=0.6176  auc=0.6552  iter=164
2026-09-06 17:31:26,092 INFO [model]   POOLED  n=2550  acc=0.6137 [0.5953, 0.6330]  auc=0.6537  brier=0.2307 (calibrated 0.2323)
2026-09-06 17:31:26,092 INFO [model] 
------------------------------------------------------------
2026-09-06 17:31:26,092 INFO [model] ARM: no_odds_no_glicko  (228 candidate features)
2026-09-06 17:31:26,092 INFO [model] ------------------------------------------------------------
2026-09-06 17:31:30,467 INFO [model]   Early stopping (chronological val, n=487): best_iter=53 val_logloss=0.6716
2026-09-06 17:31:30,656 INFO [model]   Fold 1/8  train= 3825  test= 318  (2022-06-09 → 2022-11-19)  acc=0.6258  auc=0.6659  iter=53
2026-09-06 17:31:35,278 INFO [model]   Early stopping (chronological val, n=528): best_iter=72 val_logloss=0.6766
2026-09-06 17:31:35,469 INFO [model]   Fold 2/8  train= 4143  test= 319  (2022-11-19 → 2023-07-01)  acc=0.5674  auc=0.6343  iter=72
2026-09-06 17:31:40,673 INFO [model]   Early stopping (chronological val, n=568): best_iter=164 val_logloss=0.6719
2026-09-06 17:31:41,104 INFO [model]   Fold 3/8  train= 4462  test= 319  (2023-07-01 → 2023-12-16)  acc=0.5549  auc=0.5951  iter=164
2026-09-06 17:31:46,821 INFO [model]   Early stopping (chronological val, n=609): best_iter=139 val_logloss=0.6604
2026-09-06 17:31:47,318 INFO [model]   Fold 4/8  train= 4781  test= 319  (2024-01-13 → 2024-07-27)  acc=0.5831  auc=0.6347  iter=139
2026-09-06 17:31:53,197 INFO [model]   Early stopping (chronological val, n=650): best_iter=171 val_logloss=0.6559
2026-09-06 17:31:53,785 INFO [model]   Fold 5/8  train= 5100  test= 318  (2024-07-27 → 2025-02-08)  acc=0.6572  auc=0.6648  iter=171
2026-09-06 17:31:59,365 INFO [model]   Early stopping (chronological val, n=690): best_iter=106 val_logloss=0.6562
2026-09-06 17:31:59,723 INFO [model]   Fold 6/8  train= 5418  test= 319  (2025-02-08 → 2025-08-16)  acc=0.6238  auc=0.6625  iter=106
2026-09-06 17:32:05,497 INFO [model]   Early stopping (chronological val, n=731): best_iter=135 val_logloss=0.6586
2026-09-06 17:32:05,864 INFO [model]   Fold 7/8  train= 5737  test= 319  (2025-08-16 → 2026-03-14)  acc=0.6332  auc=0.7028  iter=135
2026-09-06 17:32:11,190 INFO [model]   Early stopping (chronological val, n=772): best_iter=151 val_logloss=0.6602
2026-09-06 17:32:11,863 INFO [model]   Fold 8/8  train= 6056  test= 319  (2026-03-14 → 2026-09-05)  acc=0.6207  auc=0.6578  iter=151
2026-09-06 17:32:11,915 INFO [model]   POOLED  n=2550  acc=0.6082 [0.5898, 0.6278]  auc=0.6515  brier=0.2317 (calibrated 0.2319)
2026-09-06 17:32:11,915 INFO [model] 
------------------------------------------------------------
2026-09-06 17:32:11,915 INFO [model] ARM: simulator (competing risks over Glicko)
2026-09-06 17:32:11,915 INFO [model] ------------------------------------------------------------
2026-09-06 17:32:14,734 INFO [model]   Fold 1/8  train= 3825  test= 318  sims=5000  b_dec=+0.227
2026-09-06 17:32:17,784 INFO [model]   Fold 2/8  train= 4143  test= 319  sims=5000  b_dec=+0.223
2026-09-06 17:32:20,691 INFO [model]   Fold 3/8  train= 4462  test= 319  sims=5000  b_dec=+0.213
2026-09-06 17:32:23,824 INFO [model]   Fold 4/8  train= 4781  test= 319  sims=5000  b_dec=+0.210
2026-09-06 17:32:27,094 INFO [model]   Fold 5/8  train= 5100  test= 318  sims=5000  b_dec=+0.189
2026-09-06 17:32:30,256 INFO [model]   Fold 6/8  train= 5418  test= 319  sims=5000  b_dec=+0.198
2026-09-06 17:32:33,130 INFO [model]   Fold 7/8  train= 5737  test= 319  sims=5000  b_dec=+0.201
2026-09-06 17:32:36,053 INFO [model]   Fold 8/8  train= 6056  test= 319  sims=5000  b_dec=+0.188
2026-09-06 17:32:36,096 INFO [model] 
  METHOD (scored on realised outcomes — no market exists for this)
2026-09-06 17:32:36,096 INFO [model]     log loss   1.0152  vs base rate 1.0252
2026-09-06 17:32:36,096 INFO [model]     accuracy   0.4898
2026-09-06 17:32:36,096 INFO [model]     class     Brier     base
2026-09-06 17:32:36,097 INFO [model]     KO       0.2216   0.2245
2026-09-06 17:32:36,097 INFO [model]     SUB      0.1431   0.1453
2026-09-06 17:32:36,097 INFO [model]     DEC      0.2504   0.2503
2026-09-06 17:32:36,097 INFO [model]     predicted mix [0.335 0.178 0.488]  actual [0.339 0.176 0.485]
2026-09-06 17:32:36,097 INFO [model] 
------------------------------------------------------------
2026-09-06 17:32:36,097 INFO [model] ARM: decorrelated (market-decorrelation penalty)
2026-09-06 17:32:36,097 INFO [model] ------------------------------------------------------------
2026-09-06 17:32:43,193 INFO [model]   Fold 1/8  train= 3825  test= 318  gamma=0.5  inner_roi=+1.55%
2026-09-06 17:32:48,348 INFO [model]   Fold 2/8  train= 4143  test= 319  gamma=0.0  inner_roi=+0.27%
2026-09-06 17:32:53,883 INFO [model]   Fold 3/8  train= 4462  test= 319  gamma=0.1  inner_roi=+1.30%
2026-09-06 17:32:59,807 INFO [model]   Fold 4/8  train= 4781  test= 319  gamma=0.0  inner_roi=+6.54%
2026-09-06 17:33:06,710 INFO [model]   Fold 5/8  train= 5100  test= 318  gamma=0.5  inner_roi=-4.07%
2026-09-06 17:33:13,207 INFO [model]   Fold 6/8  train= 5418  test= 319  gamma=0.0  inner_roi=+1.01%
2026-09-06 17:33:20,994 INFO [model]   Fold 7/8  train= 5737  test= 319  gamma=0.0  inner_roi=+6.05%
2026-09-06 17:33:29,262 INFO [model]   Fold 8/8  train= 6056  test= 319  gamma=0.0  inner_roi=+7.63%
2026-09-06 17:33:29,302 INFO [model]   gamma per fold: [0.5, 0.0, 0.1, 0.0, 0.5, 0.0, 0.0, 0.0]
2026-09-06 17:33:29,330 INFO [model] 
------------------------------------------------------------
2026-09-06 17:33:29,331 INFO [model] MARKET-ANCHORED ARM  (base = no_odds)
2026-09-06 17:33:29,331 INFO [model] ------------------------------------------------------------
2026-09-06 17:33:29,331 INFO [model]   b = fraction of the model's disagreement with the line that is trusted
2026-09-06 17:33:29,331 INFO [model]    Fold        b        c   n_fit
2026-09-06 17:33:29,331 INFO [model]   --------------------------------
2026-09-06 17:33:29,331 INFO [model]       1    0.314   +0.038     415
2026-09-06 17:33:29,331 INFO [model]       2    0.488   +0.090     487
2026-09-06 17:33:29,331 INFO [model]       3    0.417   +0.084     537
2026-09-06 17:33:29,331 INFO [model]       4    0.364   +0.076     600
2026-09-06 17:33:29,331 INFO [model]       5    0.159   -0.027     634
2026-09-06 17:33:29,331 INFO [model]       6    0.160   +0.036     693
2026-09-06 17:33:29,331 INFO [model]       7    0.213   +0.065     734
2026-09-06 17:33:29,331 INFO [model]       8    0.287   +0.054     772
2026-09-06 17:33:29,331 INFO [model]   mean b = 0.300
2026-09-06 17:33:29,331 INFO [model] 
------------------------------------------------------------
2026-09-06 17:33:29,331 INFO [model] MARKET COMPARISON (fights with odds)
2026-09-06 17:33:29,331 INFO [model] ------------------------------------------------------------
2026-09-06 17:33:29,369 INFO [model]   Eval fights with odds: 2087 (2022-06-11 → 2026-09-05)
2026-09-06 17:33:29,369 INFO [model]   Average vig: 0.000
2026-09-06 17:33:29,369 INFO [model] 
  Arm                       Acc             95% CI      AUC    Brier  corr(mkt)   partial
2026-09-06 17:33:29,369 INFO [model]   ----------------------------------------------------------------------------------------
2026-09-06 17:33:29,369 INFO [model]   market only            0.6770     [0.657, 0.698]        —   0.2055      1.000     1.000
2026-09-06 17:33:29,499 INFO [model]   no_odds_no_glicko      0.6176     [0.596, 0.637]   0.6600   0.2299      0.545     0.500
2026-09-06 17:33:29,657 INFO [model]   no_odds                0.6243     [0.603, 0.644]   0.6672   0.2279      0.544     0.496
2026-09-06 17:33:29,795 INFO [model]   simulator              0.5956     [0.575, 0.617]   0.6220   0.2373      0.518     0.483
2026-09-06 17:33:29,904 INFO [model]   with_odds              0.6694     [0.649, 0.690]   0.7229   0.2110      0.820     0.793
2026-09-06 17:33:29,990 INFO [model]   market_anchored        0.6785     [0.658, 0.699]   0.7366   0.2074      0.939     0.927
2026-09-06 17:33:30,133 INFO [model]   decorrelated           0.6459     [0.625, 0.666]   0.6905   0.2407      0.622     0.577
2026-09-06 17:33:30,133 INFO [model] 
  Arm                    Acc − market         95% CI of diff   Beats mkt?
2026-09-06 17:33:30,133 INFO [model]   ------------------------------------------------------------------------
2026-09-06 17:33:30,133 INFO [model]   no_odds_no_glicko           -0.0594     [-0.0829, -0.0374]           no
2026-09-06 17:33:30,133 INFO [model]   no_odds                     -0.0527     [-0.0752, -0.0307]           no
2026-09-06 17:33:30,133 INFO [model]   simulator                   -0.0815     [-0.1054, -0.0580]           no
2026-09-06 17:33:30,133 INFO [model]   with_odds                   -0.0077     [-0.0230, +0.0067]           no
2026-09-06 17:33:30,133 INFO [model]   market_anchored             +0.0014     [-0.0086, +0.0115]           no
2026-09-06 17:33:30,133 INFO [model]   decorrelated                -0.0311     [-0.0508, -0.0110]           no
2026-09-06 17:33:30,133 INFO [model] 
  Betting ladder — no_odds_no_glicko (calibrated, frozen thresholds):
2026-09-06 17:33:30,133 INFO [model]     Edge   Bets    Bet%    Win%     ROI%             ROI 95% CI
2026-09-06 17:33:30,133 INFO [model]   --------------------------------------------------------------
2026-09-06 17:33:30,134 INFO [model]       3%   1780   85.3%   39.3%    -6.91          [-13.1, -0.7]
2026-09-06 17:33:30,134 INFO [model]       5%   1597   76.5%   38.5%    -7.23          [-13.4, -0.4]
2026-09-06 17:33:30,134 INFO [model]       8%   1290   61.8%   38.4%    -4.38          [-11.9, +2.9]
2026-09-06 17:33:30,134 INFO [model]      10%   1102   52.8%   36.6%    -6.32          [-14.3, +2.2]
2026-09-06 17:33:30,134 INFO [model]      15%    691   33.1%   34.9%    -7.19          [-17.5, +3.6]
2026-09-06 17:33:30,134 INFO [model] 
  Betting ladder — no_odds (calibrated, frozen thresholds):
2026-09-06 17:33:30,134 INFO [model]     Edge   Bets    Bet%    Win%     ROI%             ROI 95% CI
2026-09-06 17:33:30,134 INFO [model]   --------------------------------------------------------------
2026-09-06 17:33:30,134 INFO [model]       3%   1811   86.8%   41.2%    -4.31          [-10.3, +2.2]
2026-09-06 17:33:30,134 INFO [model]       5%   1638   78.5%   40.7%    -3.56          [-10.0, +3.1]
2026-09-06 17:33:30,134 INFO [model]       8%   1342   64.3%   39.1%    -5.31          [-12.5, +1.9]
2026-09-06 17:33:30,134 INFO [model]      10%   1146   54.9%   38.5%    -4.84          [-12.5, +3.1]
2026-09-06 17:33:30,134 INFO [model]      15%    752   36.0%   37.5%    -5.10          [-15.2, +5.1]
2026-09-06 17:33:30,134 INFO [model] 
  Betting ladder — simulator (calibrated, frozen thresholds):
2026-09-06 17:33:30,134 INFO [model]     Edge   Bets    Bet%    Win%     ROI%             ROI 95% CI
2026-09-06 17:33:30,134 INFO [model]   --------------------------------------------------------------
2026-09-06 17:33:30,134 INFO [model]       3%   1812   86.8%   32.2%   -11.43          [-17.8, -5.0]
2026-09-06 17:33:30,134 INFO [model]       5%   1623   77.8%   30.3%   -13.42          [-20.7, -6.5]
2026-09-06 17:33:30,134 INFO [model]       8%   1362   65.3%   28.9%   -13.13          [-20.8, -5.3]
2026-09-06 17:33:30,134 INFO [model]      10%   1210   58.0%   27.7%   -14.48          [-22.7, -5.8]
2026-09-06 17:33:30,134 INFO [model]      15%    826   39.6%   24.8%   -16.22          [-27.2, -5.8]
2026-09-06 17:33:30,134 INFO [model] 
  Betting ladder — with_odds (calibrated, frozen thresholds):
2026-09-06 17:33:30,134 INFO [model]     Edge   Bets    Bet%    Win%     ROI%             ROI 95% CI
2026-09-06 17:33:30,134 INFO [model]   --------------------------------------------------------------
2026-09-06 17:33:30,134 INFO [model]       3%   1506   72.2%   50.0%    -7.21          [-12.6, -1.7]
2026-09-06 17:33:30,134 INFO [model]       5%   1234   59.1%   51.0%    -6.27          [-12.5, -0.0]
2026-09-06 17:33:30,134 INFO [model]       8%    807   38.7%   51.7%    -6.81          [-14.0, +0.3]
2026-09-06 17:33:30,134 INFO [model]      10%    558   26.7%   52.5%    -5.74          [-14.4, +2.9]
2026-09-06 17:33:30,134 INFO [model]      15%    247   11.8%   52.2%    -1.87         [-15.5, +11.6]
2026-09-06 17:33:30,134 INFO [model] 
  Betting ladder — market_anchored (calibrated, frozen thresholds):
2026-09-06 17:33:30,134 INFO [model]     Edge   Bets    Bet%    Win%     ROI%             ROI 95% CI
2026-09-06 17:33:30,134 INFO [model]   --------------------------------------------------------------
2026-09-06 17:33:30,134 INFO [model]       3%   1014   48.6%   42.9%    -2.21          [-10.1, +5.6]
2026-09-06 17:33:30,134 INFO [model]       5%    596   28.6%   45.3%    -1.87          [-11.5, +8.0]
2026-09-06 17:33:30,134 INFO [model]       8%    275   13.2%   49.5%     2.91         [-11.3, +17.6]
2026-09-06 17:33:30,134 INFO [model]      10%    170    8.1%   48.8%    -3.77         [-19.7, +14.0]
2026-09-06 17:33:30,135 INFO [model]      15%     44    2.1%   52.3%    -1.39         [-31.0, +30.7]
2026-09-06 17:33:30,135 INFO [model] 
  Betting ladder — decorrelated (calibrated, frozen thresholds):
2026-09-06 17:33:30,135 INFO [model]     Edge   Bets    Bet%    Win%     ROI%             ROI 95% CI
2026-09-06 17:33:30,135 INFO [model]   --------------------------------------------------------------
2026-09-06 17:33:30,135 INFO [model]       3%   1858   89.0%   58.2%    -2.15           [-6.4, +2.0]
2026-09-06 17:33:30,135 INFO [model]       5%   1723   82.6%   58.6%    -2.14           [-6.4, +2.2]
2026-09-06 17:33:30,135 INFO [model]       8%   1512   72.4%   59.9%    -0.53           [-5.0, +4.3]
2026-09-06 17:33:30,135 INFO [model]      10%   1357   65.0%   59.8%    -0.18           [-4.9, +4.8]
2026-09-06 17:33:30,135 INFO [model]      15%    992   47.5%   59.0%     0.31           [-5.5, +6.2]
2026-09-06 17:33:30,170 INFO [model] 
  Saved 2550 per-fight eval predictions to /Users/rafeburns/Downloads/ALocks/alocks-backend/models/ufc/h2h/eval_predictions.csv
2026-09-06 17:33:30,179 INFO [model] 
  Saved evaluation results to /Users/rafeburns/Downloads/ALocks/alocks-backend/models/ufc/h2h/eval_results.json
2026-09-06 17:33:30,179 INFO [model] 
============================================================
2026-09-06 17:33:30,179 INFO [model] Walk-forward evaluation complete.
2026-09-06 17:33:30,179 INFO [model] ============================================================
2026-09-06 17:35:08,417 INFO [model] ============================================================
2026-09-06 17:35:08,418 INFO [model] TRAINING MLP FOR SERVING (gamma=0.0)
2026-09-06 17:35:08,418 INFO [model] ============================================================
2026-09-06 17:35:08,418 INFO [glicko_service]   Loading fight data...
2026-09-06 17:35:11,030 INFO [glicko_service]   Loaded 11564 fights
2026-09-06 17:35:11,030 INFO [glicko_service]   Loading per-round stats...
2026-09-06 17:35:14,748 INFO [glicko_service]   Loaded rounds for 11232 fights
2026-09-06 17:35:14,749 INFO [glicko_service]   Loading per-fight derived totals...
2026-09-06 17:35:17,610 INFO [glicko_service]   Loaded 22464 derived totals rows
2026-09-06 17:35:17,824 INFO [glicko_service]   Loaded 4616 fighters
2026-09-06 17:35:18,121 INFO [glicko_service]   Computing weight class baseline rates...
2026-09-06 17:35:18,221 INFO [glicko_service]     P4P: 1 rounds, KD=0.0000, SUB=0.0000, TD=0.0000, td15s_cap=10.0, ctrl15g_cap=10.0, gnp15g_cap=10.0
2026-09-06 17:35:18,222 INFO [glicko_service]     Flyweight: 1650 rounds, KD=0.0224, SUB=0.0692, TD=0.0841, td15s_cap=25.7, ctrl15g_cap=15.0, gnp15g_cap=79.1
2026-09-06 17:35:18,222 INFO [glicko_service]     Bantamweight: 2847 rounds, KD=0.0266, SUB=0.0654, TD=0.0808, td15s_cap=25.7, ctrl15g_cap=15.0, gnp15g_cap=84.0
2026-09-06 17:35:18,223 INFO [glicko_service]     Featherweight: 3282 rounds, KD=0.0258, SUB=0.0677, TD=0.0810, td15s_cap=26.9, ctrl15g_cap=15.0, gnp15g_cap=85.1
2026-09-06 17:35:18,225 INFO [glicko_service]     Lightweight: 4754 rounds, KD=0.0259, SUB=0.0862, TD=0.0880, td15s_cap=25.7, ctrl15g_cap=15.0, gnp15g_cap=77.1
2026-09-06 17:35:18,226 INFO [glicko_service]     Welterweight: 4313 rounds, KD=0.0304, SUB=0.0738, TD=0.0837, td15s_cap=28.1, ctrl15g_cap=15.0, gnp15g_cap=77.6
2026-09-06 17:35:18,227 INFO [glicko_service]     Middleweight: 3888 rounds, KD=0.0305, SUB=0.0772, TD=0.0760, td15s_cap=25.7, ctrl15g_cap=15.0, gnp15g_cap=94.7
2026-09-06 17:35:18,228 INFO [glicko_service]     Light Heavyweight: 2382 rounds, KD=0.0341, SUB=0.0530, TD=0.0697, td15s_cap=26.3, ctrl15g_cap=15.0, gnp15g_cap=106.6
2026-09-06 17:35:18,228 INFO [glicko_service]     Heavyweight: 2555 rounds, KD=0.0335, SUB=0.0598, TD=0.0610, td15s_cap=23.1, ctrl15g_cap=15.0, gnp15g_cap=103.8
2026-09-06 17:35:18,228 INFO [glicko_service]     P4P: 1 rounds, KD=0.0000, SUB=0.0000, TD=0.0000, td15s_cap=10.0, ctrl15g_cap=10.0, gnp15g_cap=10.0
2026-09-06 17:35:18,229 INFO [glicko_service]     Strawweight: 1337 rounds, KD=0.0092, SUB=0.0509, TD=0.0717, td15s_cap=23.4, ctrl15g_cap=15.0, gnp15g_cap=64.7
2026-09-06 17:35:18,229 INFO [glicko_service]     Flyweight: 977 rounds, KD=0.0082, SUB=0.0499, TD=0.0667, td15s_cap=22.2, ctrl15g_cap=15.0, gnp15g_cap=77.1
2026-09-06 17:35:18,229 INFO [glicko_service]     Bantamweight: 943 rounds, KD=0.0104, SUB=0.0520, TD=0.0659, td15s_cap=27.3, ctrl15g_cap=15.0, gnp15g_cap=78.8
2026-09-06 17:35:19,452 INFO [glicko_service]   Processed 27341 rounds
2026-09-06 17:35:19,473 INFO [model]   Recomputed 21312 Glicko snapshots (fixed newcomer seed)
2026-09-06 17:35:19,473 INFO [model] Loading data from database...
2026-09-06 17:35:20,063 INFO [model]   Loaded 4616 fighters
2026-09-06 17:35:25,628 INFO [model]   Loaded 22225 fight-stat rows (11161 unique fights)
2026-09-06 17:35:25,628 INFO [model]   Loading per-round stats...
2026-09-06 17:35:29,813 INFO [model]   Loaded 59640 per-round stat rows
2026-09-06 17:35:29,958 INFO [model] Building features...
2026-09-06 17:35:30,242 INFO [model]   Computing defensive stats...
2026-09-06 17:35:31,707 INFO [model]   Computing Elo ratings...
2026-09-06 17:35:32,274 INFO [model]   Computing resume scores...
2026-09-06 17:35:32,495 INFO [model]   Using 21312 caller-supplied Glicko snapshots
2026-09-06 17:35:35,404 INFO [model]   Added 15 Glicko features  + 4 confidence features
2026-09-06 17:35:35,405 INFO [model]   Computing Elo-adjusted stats...
2026-09-06 17:35:35,406 INFO [model]   Computing rolling career averages...
2026-09-06 17:36:02,892 INFO [model]   Computing streaks and career stats...
2026-09-06 17:36:04,208 INFO [model]   Computing composite features...
2026-09-06 17:36:04,212 INFO [model]   Computing round-by-round profiles...
2026-09-06 17:36:13,474 INFO [model]   Computing age curve features...
2026-09-06 17:36:13,477 INFO [model]   Computing damage accumulation...
2026-09-06 17:36:15,045 INFO [model]   Computing weight-class movement...
2026-09-06 17:36:15,270 INFO [model]   Computing pre-UFC records...
2026-09-06 17:36:15,297 INFO [model]   Computing age-relative performance residuals...
2026-09-06 17:36:15,403 INFO [model]   Computing fighter style clusters (k=6)...
2026-09-06 17:36:15,851 INFO [model]     Fit on 22225 rows, assigned 22225 fighter-fights
2026-09-06 17:36:15,852 INFO [model]     Style 0 (3941 fighter-fights): SigStr/5=17.0 TD/5=1.5 Sub/5=0.5 Ctrl/5=117.6 GndStr/5=7.5 top=ctrl_per5
2026-09-06 17:36:15,853 INFO [model]     Style 1 (10822 fighter-fights): SigStr/5=16.4 TD/5=0.5 Sub/5=0.3 Ctrl/5=44.4 GndStr/5=3.0 top=ctrl_per5
2026-09-06 17:36:15,853 INFO [model]     Style 2 (3482 fighter-fights): SigStr/5=32.7 TD/5=0.3 Sub/5=0.2 Ctrl/5=36.0 GndStr/5=5.5 top=ctrl_per5
2026-09-06 17:36:15,853 INFO [model]     Style 3 (3341 fighter-fights): SigStr/5=16.7 TD/5=0.5 Sub/5=0.5 Ctrl/5=49.5 GndStr/5=2.7 top=ctrl_per5
2026-09-06 17:36:15,853 INFO [model]     Style 4 (338 fighter-fights): SigStr/5=12.4 TD/5=2.2 Sub/5=4.6 Ctrl/5=61.5 GndStr/5=3.9 top=ctrl_per5
2026-09-06 17:36:15,853 INFO [model]     Style 5 (301 fighter-fights): SigStr/5=73.6 TD/5=1.0 Sub/5=0.3 Ctrl/5=59.0 GndStr/5=37.8 top=sig_str_landed_per5
2026-09-06 17:36:15,919 INFO [model]   Style matchup features computed expanding-in-time (6x6, 22128 fighter-fights)
2026-09-06 17:36:16,208 INFO [model]   Feature matrix shape: (22225, 334)
2026-09-06 17:36:16,231 INFO [model] Building matchup feature matrix...
2026-09-06 17:36:16,359 INFO [model]   Loading odds from database...
2026-09-06 17:36:18,186 INFO [model]   Odds matched: 2837/11064 fights (25.6%)
2026-09-06 17:36:18,207 INFO [model]   Filtered to modern era (2015+): 6375 fights (dropped 4689 pre-2015)
2026-09-06 17:36:18,207 INFO [model]   Red win rate (modern): 0.556
2026-09-06 17:36:18,219 INFO [model]   Matchup matrix: 6375 fights, 292 candidate features
2026-09-06 17:36:18,219 INFO [model]   Red win rate: 0.556
2026-09-06 17:36:18,219 INFO [model]   Date range: 2015-01-03 to 2026-09-05
2026-09-06 17:36:18,241 INFO [model] Building features...
2026-09-06 17:36:18,517 INFO [model]   Computing defensive stats...
2026-09-06 17:36:20,074 INFO [model]   Computing Elo ratings...
2026-09-06 17:36:20,625 INFO [model]   Computing resume scores...
2026-09-06 17:36:20,796 INFO [model]   Using 21312 caller-supplied Glicko snapshots
2026-09-06 17:36:23,719 INFO [model]   Added 15 Glicko features  + 4 confidence features
2026-09-06 17:36:23,720 INFO [model]   Computing Elo-adjusted stats...
2026-09-06 17:36:23,721 INFO [model]   Computing rolling career averages...
2026-09-06 17:36:50,201 INFO [model]   Computing streaks and career stats...
2026-09-06 17:36:51,856 INFO [model]   Computing composite features...
2026-09-06 17:36:51,861 INFO [model]   Computing round-by-round profiles...
2026-09-06 17:37:02,256 INFO [model]   Computing age curve features...
2026-09-06 17:37:02,259 INFO [model]   Computing damage accumulation...
2026-09-06 17:37:03,749 INFO [model]   Computing weight-class movement...
2026-09-06 17:37:04,065 INFO [model]   Computing pre-UFC records...
2026-09-06 17:37:04,093 INFO [model]   Computing age-relative performance residuals...
2026-09-06 17:37:04,201 INFO [model]   Computing fighter style clusters (k=6)...
2026-09-06 17:37:04,561 INFO [model]     Fit on 17109 rows, assigned 22225 fighter-fights
2026-09-06 17:37:04,562 INFO [model]     Style 0 (10546 fighter-fights): SigStr/5=15.4 TD/5=0.5 Sub/5=0.3 Ctrl/5=42.8 GndStr/5=3.0 top=ctrl_per5
2026-09-06 17:37:04,562 INFO [model]     Style 1 (3431 fighter-fights): SigStr/5=15.5 TD/5=0.6 Sub/5=0.5 Ctrl/5=50.9 GndStr/5=3.1 top=ctrl_per5
2026-09-06 17:37:04,562 INFO [model]     Style 2 (304 fighter-fights): SigStr/5=11.6 TD/5=2.2 Sub/5=4.8 Ctrl/5=54.2 GndStr/5=3.8 top=ctrl_per5
2026-09-06 17:37:04,563 INFO [model]     Style 3 (3880 fighter-fights): SigStr/5=31.9 TD/5=0.3 Sub/5=0.2 Ctrl/5=34.3 GndStr/5=6.2 top=ctrl_per5
2026-09-06 17:37:04,563 INFO [model]     Style 4 (260 fighter-fights): SigStr/5=75.9 TD/5=1.1 Sub/5=0.3 Ctrl/5=54.7 GndStr/5=40.9 top=sig_str_landed_per5
2026-09-06 17:37:04,563 INFO [model]     Style 5 (3804 fighter-fights): SigStr/5=16.5 TD/5=1.5 Sub/5=0.6 Ctrl/5=113.2 GndStr/5=7.9 top=ctrl_per5
2026-09-06 17:37:04,648 INFO [model]   Style matchup features computed expanding-in-time (6x6, 22128 fighter-fights)
2026-09-06 17:37:05,032 INFO [model]   Feature matrix shape: (22225, 334)
2026-09-06 17:37:05,056 INFO [model] Building matchup feature matrix...
2026-09-06 17:37:05,189 INFO [model]   Loading odds from database...
2026-09-06 17:37:06,849 INFO [model]   Odds matched: 2837/11064 fights (25.6%)
2026-09-06 17:37:06,870 INFO [model]   Filtered to modern era (2015+): 6375 fights (dropped 4689 pre-2015)
2026-09-06 17:37:06,870 INFO [model]   Red win rate (modern): 0.556
2026-09-06 17:37:06,883 INFO [model]   Matchup matrix: 6375 fights, 292 candidate features
2026-09-06 17:37:06,883 INFO [model]   Red win rate: 0.556
2026-09-06 17:37:06,884 INFO [model]   Date range: 2015-01-03 to 2026-09-05
2026-09-06 17:37:06,965 INFO [model]   Feature selection: MI on 5418 training rows only
2026-09-06 17:37:10,133 INFO [model]   Top 30 features by mutual information:
2026-09-06 17:37:10,134 INFO [model]     diff_age                                           0.0276
2026-09-06 17:37:10,134 INFO [model]     diff_age_x_log_layoff                              0.0228
2026-09-06 17:37:10,134 INFO [model]     diff_avg_finished_opp                              0.0220
2026-09-06 17:37:10,134 INFO [model]     diff_last3_defense_composite                       0.0214
2026-09-06 17:37:10,134 INFO [model]     diff_recent_ctrl_per5                              0.0212
2026-09-06 17:37:10,134 INFO [model]     blue_glicko_meta_rounds_seen                       0.0189
2026-09-06 17:37:10,134 INFO [model]     diff_age_sq                                        0.0185
2026-09-06 17:37:10,134 INFO [model]     diff_career_knockdowns_absorbed                    0.0175
2026-09-06 17:37:10,134 INFO [model]     diff_years_past_peak                               0.0167
2026-09-06 17:37:10,134 INFO [model]     fight_div_featherweight                            0.0163
2026-09-06 17:37:10,134 INFO [model]     diff_recent_distance_landed_per5                   0.0153
2026-09-06 17:37:10,134 INFO [model]     diff_avg_opp_ctrl_per5                             0.0149
2026-09-06 17:37:10,134 INFO [model]     red_career_win_pct                                 0.0145
2026-09-06 17:37:10,134 INFO [model]     diff_recent_r1_sig_str                             0.0138
2026-09-06 17:37:10,134 INFO [model]     diff_avg_sig_str_def                               0.0134
2026-09-06 17:37:10,134 INFO [model]     diff_glicko_gnd                                    0.0133
2026-09-06 17:37:10,134 INFO [model]     blue_glicko_meta_fights_seen                       0.0131
2026-09-06 17:37:10,134 INFO [model]     diff_recent_finishing_composite                    0.0131
2026-09-06 17:37:10,134 INFO [model]     diff_divisions_fought_count                        0.0128
2026-09-06 17:37:10,134 INFO [model]     diff_years_to_peak                                 0.0128
2026-09-06 17:37:10,134 INFO [model]     diff_recent_elo_adj_td_landed_per5                 0.0127
2026-09-06 17:37:10,134 INFO [model]     diff_last3_opp_sig_str_landed_per5                 0.0120
2026-09-06 17:37:10,134 INFO [model]     fight_is_five_round                                0.0117
2026-09-06 17:37:10,134 INFO [model]     diff_glicko_ctrl                                   0.0116
2026-09-06 17:37:10,134 INFO [model]     red_glicko_str_vol                                 0.0115
2026-09-06 17:37:10,134 INFO [model]     diff_glicko_tdd                                    0.0115
2026-09-06 17:37:10,134 INFO [model]     fight_div_bantamweight                             0.0113
2026-09-06 17:37:10,134 INFO [model]     diff_recent_opp_ctrl_per5                          0.0105
2026-09-06 17:37:10,134 INFO [model]     red_glicko_durability                              0.0102
2026-09-06 17:37:10,134 INFO [model]     diff_recent_elo_adj_sub_att_per5                   0.0102
2026-09-06 17:37:10,134 INFO [model]   Selected 46 features (39 MI + 7 odds, from 292)
2026-09-06 17:37:10,136 INFO [model]   Train 5418 (2015-01-03 to 2025-02-08)
2026-09-06 17:37:10,136 INFO [model]   Early-stopping holdout 957 (NOT a performance estimate)
2026-09-06 17:37:10,136 INFO [model]   Features: 46
2026-09-06 17:37:12,452 INFO [model]   Holdout acc=0.6656 brier=0.2082 (early-stopping set; optimistic)
2026-09-06 17:37:12,454 INFO [model]   Saved to /Users/rafeburns/Downloads/ALocks/alocks-backend/models/ufc/h2h/mlp_v1.pkl
2026-09-06 18:46:08,660 INFO [model] ============================================================
2026-09-06 18:46:08,661 INFO [model] UFC Fight Winner Prediction Pipeline v6  (2026-09-06 18:46)
2026-09-06 18:46:08,661 INFO [model] ============================================================
2026-09-06 18:46:08,661 INFO [model] Loading data from database...
2026-09-06 18:46:10,848 INFO [model]   Loaded 4616 fighters
2026-09-06 18:46:14,530 INFO [model]   Loaded 22225 fight-stat rows (11161 unique fights)
2026-09-06 18:46:14,531 INFO [model]   Loading per-round stats...
2026-09-06 18:46:18,672 INFO [model]   Loaded 59640 per-round stat rows
2026-09-06 18:46:18,788 INFO [model] 
  Recomputing Glicko snapshots in memory (fixed newcomer seed)...
2026-09-06 18:46:18,788 INFO [glicko_service]   Loading fight data...
2026-09-06 18:46:20,089 INFO [glicko_service]   Loaded 11564 fights
2026-09-06 18:46:20,089 INFO [glicko_service]   Loading per-round stats...
2026-09-06 18:46:24,002 INFO [glicko_service]   Loaded rounds for 11232 fights
2026-09-06 18:46:24,002 INFO [glicko_service]   Loading per-fight derived totals...
2026-09-06 18:46:26,933 INFO [glicko_service]   Loaded 22464 derived totals rows
2026-09-06 18:46:27,325 INFO [glicko_service]   Loaded 4616 fighters
2026-09-06 18:46:27,538 INFO [glicko_service]   Computing weight class baseline rates...
2026-09-06 18:46:27,620 INFO [glicko_service]     P4P: 1 rounds, KD=0.0000, SUB=0.0000, TD=0.0000, td15s_cap=10.0, ctrl15g_cap=10.0, gnp15g_cap=10.0
2026-09-06 18:46:27,620 INFO [glicko_service]     Flyweight: 1650 rounds, KD=0.0224, SUB=0.0692, TD=0.0841, td15s_cap=25.7, ctrl15g_cap=15.0, gnp15g_cap=79.1
2026-09-06 18:46:27,621 INFO [glicko_service]     Bantamweight: 2847 rounds, KD=0.0266, SUB=0.0654, TD=0.0808, td15s_cap=25.7, ctrl15g_cap=15.0, gnp15g_cap=84.0
2026-09-06 18:46:27,623 INFO [glicko_service]     Featherweight: 3282 rounds, KD=0.0258, SUB=0.0677, TD=0.0810, td15s_cap=26.9, ctrl15g_cap=15.0, gnp15g_cap=85.1
2026-09-06 18:46:27,624 INFO [glicko_service]     Lightweight: 4754 rounds, KD=0.0259, SUB=0.0862, TD=0.0880, td15s_cap=25.7, ctrl15g_cap=15.0, gnp15g_cap=77.1
2026-09-06 18:46:27,625 INFO [glicko_service]     Welterweight: 4313 rounds, KD=0.0304, SUB=0.0738, TD=0.0837, td15s_cap=28.1, ctrl15g_cap=15.0, gnp15g_cap=77.6
2026-09-06 18:46:27,626 INFO [glicko_service]     Middleweight: 3888 rounds, KD=0.0305, SUB=0.0772, TD=0.0760, td15s_cap=25.7, ctrl15g_cap=15.0, gnp15g_cap=94.7
2026-09-06 18:46:27,627 INFO [glicko_service]     Light Heavyweight: 2382 rounds, KD=0.0341, SUB=0.0530, TD=0.0697, td15s_cap=26.3, ctrl15g_cap=15.0, gnp15g_cap=106.6
2026-09-06 18:46:27,628 INFO [glicko_service]     Heavyweight: 2555 rounds, KD=0.0335, SUB=0.0598, TD=0.0610, td15s_cap=23.1, ctrl15g_cap=15.0, gnp15g_cap=103.8
2026-09-06 18:46:27,628 INFO [glicko_service]     P4P: 1 rounds, KD=0.0000, SUB=0.0000, TD=0.0000, td15s_cap=10.0, ctrl15g_cap=10.0, gnp15g_cap=10.0
2026-09-06 18:46:27,628 INFO [glicko_service]     Strawweight: 1337 rounds, KD=0.0092, SUB=0.0509, TD=0.0717, td15s_cap=23.4, ctrl15g_cap=15.0, gnp15g_cap=64.7
2026-09-06 18:46:27,628 INFO [glicko_service]     Flyweight: 977 rounds, KD=0.0082, SUB=0.0499, TD=0.0667, td15s_cap=22.2, ctrl15g_cap=15.0, gnp15g_cap=77.1
2026-09-06 18:46:27,629 INFO [glicko_service]     Bantamweight: 943 rounds, KD=0.0104, SUB=0.0520, TD=0.0659, td15s_cap=27.3, ctrl15g_cap=15.0, gnp15g_cap=78.8
2026-09-06 18:46:28,883 INFO [glicko_service]   Processed 27341 rounds
2026-09-06 18:46:28,910 INFO [model]   Computed 21312 snapshots
2026-09-06 18:46:28,924 INFO [model] Building features...
2026-09-06 18:46:29,201 INFO [model]   Computing defensive stats...
2026-09-06 18:46:30,595 INFO [model]   Computing Elo ratings...
2026-09-06 18:46:31,127 INFO [model]   Computing resume scores...
2026-09-06 18:46:31,342 INFO [model]   Using 21312 caller-supplied Glicko snapshots
2026-09-06 18:46:34,429 INFO [model]   Added 15 Glicko features  + 4 confidence features
2026-09-06 18:46:34,431 INFO [model]   Computing Elo-adjusted stats...
2026-09-06 18:46:34,433 INFO [model]   Computing rolling career averages...
2026-09-06 18:47:07,437 INFO [model]   Computing streaks and career stats...
2026-09-06 18:47:09,257 INFO [model]   Computing composite features...
2026-09-06 18:47:09,262 INFO [model]   Computing round-by-round profiles...
2026-09-06 18:47:22,744 INFO [model]   Computing age curve features...
2026-09-06 18:47:22,749 INFO [model]   Computing damage accumulation...
2026-09-06 18:47:24,788 INFO [model]   Computing weight-class movement...
2026-09-06 18:47:25,163 INFO [model]   Computing pre-UFC records...
2026-09-06 18:47:25,202 INFO [model]   Computing age-relative performance residuals...
2026-09-06 18:47:25,337 INFO [model]   Computing fighter style clusters (k=6)...
2026-09-06 18:47:25,965 INFO [model]     Fit on 22225 rows, assigned 22225 fighter-fights
2026-09-06 18:47:25,968 INFO [model]     Style 0 (10819 fighter-fights): SigStr/5=16.4 TD/5=0.5 Sub/5=0.3 Ctrl/5=44.4 GndStr/5=3.0 top=ctrl_per5
2026-09-06 18:47:25,968 INFO [model]     Style 1 (295 fighter-fights): SigStr/5=73.7 TD/5=0.8 Sub/5=0.3 Ctrl/5=58.7 GndStr/5=37.3 top=sig_str_landed_per5
2026-09-06 18:47:25,969 INFO [model]     Style 2 (3914 fighter-fights): SigStr/5=17.1 TD/5=1.5 Sub/5=0.5 Ctrl/5=117.6 GndStr/5=7.6 top=ctrl_per5
2026-09-06 18:47:25,969 INFO [model]     Style 3 (373 fighter-fights): SigStr/5=12.3 TD/5=2.2 Sub/5=4.4 Ctrl/5=61.4 GndStr/5=4.0 top=ctrl_per5
2026-09-06 18:47:25,969 INFO [model]     Style 4 (3454 fighter-fights): SigStr/5=32.8 TD/5=0.3 Sub/5=0.2 Ctrl/5=35.9 GndStr/5=5.5 top=ctrl_per5
2026-09-06 18:47:25,969 INFO [model]     Style 5 (3370 fighter-fights): SigStr/5=16.7 TD/5=0.5 Sub/5=0.5 Ctrl/5=49.7 GndStr/5=2.7 top=ctrl_per5
2026-09-06 18:47:26,111 INFO [model]   Style matchup features computed expanding-in-time (6x6, 22128 fighter-fights)
2026-09-06 18:47:26,618 INFO [model]   Feature matrix shape: (22225, 334)
2026-09-06 18:47:26,644 INFO [model] Building matchup feature matrix...
2026-09-06 18:47:26,857 INFO [model]   Loading odds from database...
2026-09-06 18:47:29,033 INFO [model]   Odds matched: 2837/11064 fights (25.6%)
2026-09-06 18:47:29,062 INFO [model]   Filtered to modern era (2015+): 6375 fights (dropped 4689 pre-2015)
2026-09-06 18:47:29,062 INFO [model]   Red win rate (modern): 0.556
2026-09-06 18:47:29,077 INFO [model]   Matchup matrix: 6375 fights, 292 candidate features
2026-09-06 18:47:29,077 INFO [model]   Red win rate: 0.556
2026-09-06 18:47:29,078 INFO [model]   Date range: 2015-01-03 to 2026-09-05
2026-09-06 18:47:29,106 INFO [model] 
  Style-cluster cutoff set to eval start: 2022-06-09
2026-09-06 18:47:29,106 INFO [model] Building features...
2026-09-06 18:47:29,480 INFO [model]   Computing defensive stats...
2026-09-06 18:47:31,707 INFO [model]   Computing Elo ratings...
2026-09-06 18:47:32,542 INFO [model]   Computing resume scores...
2026-09-06 18:47:32,795 INFO [model]   Using 21312 caller-supplied Glicko snapshots
2026-09-06 18:47:36,690 INFO [model]   Added 15 Glicko features  + 4 confidence features
2026-09-06 18:47:36,692 INFO [model]   Computing Elo-adjusted stats...
2026-09-06 18:47:36,694 INFO [model]   Computing rolling career averages...
2026-09-06 18:48:18,536 INFO [model]   Computing streaks and career stats...
2026-09-06 18:48:20,499 INFO [model]   Computing composite features...
2026-09-06 18:48:20,506 INFO [model]   Computing round-by-round profiles...
2026-09-06 18:48:35,027 INFO [model]   Computing age curve features...
2026-09-06 18:48:35,033 INFO [model]   Computing damage accumulation...
2026-09-06 18:48:37,637 INFO [model]   Computing weight-class movement...
2026-09-06 18:48:38,161 INFO [model]   Computing pre-UFC records...
2026-09-06 18:48:38,218 INFO [model]   Computing age-relative performance residuals...
2026-09-06 18:48:38,409 INFO [model]   Computing fighter style clusters (k=6)...
2026-09-06 18:48:38,891 INFO [model]     Fit on 17109 rows, assigned 22225 fighter-fights
2026-09-06 18:48:38,892 INFO [model]     Style 0 (321 fighter-fights): SigStr/5=11.7 TD/5=2.3 Sub/5=4.6 Ctrl/5=54.2 GndStr/5=4.1 top=ctrl_per5
2026-09-06 18:48:38,892 INFO [model]     Style 1 (3898 fighter-fights): SigStr/5=31.8 TD/5=0.3 Sub/5=0.2 Ctrl/5=34.3 GndStr/5=6.1 top=ctrl_per5
2026-09-06 18:48:38,892 INFO [model]     Style 2 (3752 fighter-fights): SigStr/5=16.6 TD/5=1.5 Sub/5=0.6 Ctrl/5=113.9 GndStr/5=8.0 top=ctrl_per5
2026-09-06 18:48:38,892 INFO [model]     Style 3 (10552 fighter-fights): SigStr/5=15.4 TD/5=0.5 Sub/5=0.3 Ctrl/5=43.1 GndStr/5=3.1 top=ctrl_per5
2026-09-06 18:48:38,893 INFO [model]     Style 4 (260 fighter-fights): SigStr/5=75.6 TD/5=0.9 Sub/5=0.3 Ctrl/5=55.7 GndStr/5=39.7 top=sig_str_landed_per5
2026-09-06 18:48:38,893 INFO [model]     Style 5 (3442 fighter-fights): SigStr/5=15.5 TD/5=0.6 Sub/5=0.5 Ctrl/5=50.3 GndStr/5=3.0 top=ctrl_per5
2026-09-06 18:48:39,047 INFO [model]   Style matchup features computed expanding-in-time (6x6, 22128 fighter-fights)
2026-09-06 18:48:39,627 INFO [model]   Feature matrix shape: (22225, 334)
2026-09-06 18:48:39,660 INFO [model] Building matchup feature matrix...
2026-09-06 18:48:39,923 INFO [model]   Loading odds from database...
2026-09-06 18:48:42,674 INFO [model]   Odds matched: 2837/11064 fights (25.6%)
2026-09-06 18:48:42,716 INFO [model]   Filtered to modern era (2015+): 6375 fights (dropped 4689 pre-2015)
2026-09-06 18:48:42,717 INFO [model]   Red win rate (modern): 0.556
2026-09-06 18:48:42,739 INFO [model]   Matchup matrix: 6375 fights, 292 candidate features
2026-09-06 18:48:42,740 INFO [model]   Red win rate: 0.556
2026-09-06 18:48:42,741 INFO [model]   Date range: 2015-01-03 to 2026-09-05
2026-09-06 18:48:42,749 INFO [model] ============================================================
2026-09-06 18:48:42,749 INFO [model] WALK-FORWARD EVALUATION
2026-09-06 18:48:42,749 INFO [model] ============================================================
2026-09-06 18:48:42,770 INFO [model]   6375 fights | 8 folds over the last 40% (2550 eval fights)
2026-09-06 18:48:42,770 INFO [model]   Hyperparameters are FIXED (not tuned per fold): {'max_depth': 3, 'learning_rate': 0.037, 'max_features': 0.65, 'min_samples_leaf': 32, 'l2_regularization': 4.4, 'max_bins': 128}
2026-09-06 18:48:42,770 INFO [model]   Those values came from an Optuna search that scored on a chronological
2026-09-06 18:48:42,770 INFO [model]   20% slice overlapping this eval window, so a residual selection optimism
2026-09-06 18:48:42,770 INFO [model]   remains. It is bounded and disclosed rather than hidden.
2026-09-06 18:48:42,771 INFO [model] 
------------------------------------------------------------
2026-09-06 18:48:42,771 INFO [model] ARM: with_odds  (292 candidate features)
2026-09-06 18:48:42,771 INFO [model] ------------------------------------------------------------
2026-09-06 18:48:54,813 INFO [model]   Early stopping (chronological val, n=487): best_iter=241 val_logloss=0.6624
2026-09-06 18:48:58,280 INFO [model]   Fold 1/8  train= 3825  test= 318  (2022-06-09 → 2022-11-19)  acc=0.6226  auc=0.6834  iter=241
2026-09-06 18:49:18,535 INFO [model]   Early stopping (chronological val, n=528): best_iter=175 val_logloss=0.6631
2026-09-06 18:49:20,509 INFO [model]   Fold 2/8  train= 4143  test= 319  (2022-11-19 → 2023-07-01)  acc=0.6113  auc=0.6939  iter=175
2026-09-06 18:49:31,452 INFO [model]   Early stopping (chronological val, n=568): best_iter=255 val_logloss=0.6597
2026-09-06 18:49:33,210 INFO [model]   Fold 3/8  train= 4462  test= 319  (2023-07-01 → 2023-12-16)  acc=0.6113  auc=0.6567  iter=255
2026-09-06 18:49:43,387 INFO [model]   Early stopping (chronological val, n=609): best_iter=155 val_logloss=0.6467
2026-09-06 18:49:44,413 INFO [model]   Fold 4/8  train= 4781  test= 319  (2024-01-13 → 2024-07-27)  acc=0.6395  auc=0.7056  iter=155
2026-09-06 18:49:55,951 INFO [model]   Early stopping (chronological val, n=650): best_iter=420 val_logloss=0.6084
2026-09-06 18:49:58,305 INFO [model]   Fold 5/8  train= 5100  test= 318  (2024-07-27 → 2025-02-08)  acc=0.6950  auc=0.7247  iter=420
2026-09-06 18:50:10,157 INFO [model]   Early stopping (chronological val, n=690): best_iter=180 val_logloss=0.6263
2026-09-06 18:50:10,988 INFO [model]   Fold 6/8  train= 5418  test= 319  (2025-02-08 → 2025-08-16)  acc=0.6708  auc=0.7410  iter=180
2026-09-06 18:50:21,741 INFO [model]   Early stopping (chronological val, n=731): best_iter=150 val_logloss=0.6293
2026-09-06 18:50:22,764 INFO [model]   Fold 7/8  train= 5737  test= 319  (2025-08-16 → 2026-03-14)  acc=0.6677  auc=0.7458  iter=150
2026-09-06 18:50:32,342 INFO [model]   Early stopping (chronological val, n=772): best_iter=179 val_logloss=0.6327
2026-09-06 18:50:33,171 INFO [model]   Fold 8/8  train= 6056  test= 319  (2026-03-14 → 2026-09-05)  acc=0.6740  auc=0.7132  iter=179
2026-09-06 18:50:33,257 INFO [model]   POOLED  n=2550  acc=0.6490 [0.6321, 0.6671]  auc=0.7088  brier=0.2155 (calibrated 0.2174)
2026-09-06 18:50:33,257 INFO [model] 
------------------------------------------------------------
2026-09-06 18:50:33,257 INFO [model] ARM: no_odds  (285 candidate features)
2026-09-06 18:50:33,257 INFO [model] ------------------------------------------------------------
2026-09-06 18:50:41,251 INFO [model]   Early stopping (chronological val, n=487): best_iter=89 val_logloss=0.6646
2026-09-06 18:50:41,788 INFO [model]     MarketAnchor: b=0.294 c=+0.040 on 415 priced rows (trusting 29% of disagreement)
2026-09-06 18:50:41,793 INFO [model]   Fold 1/8  train= 3825  test= 318  (2022-06-09 → 2022-11-19)  acc=0.6164  auc=0.6539  iter=89
2026-09-06 18:50:49,290 INFO [model]   Early stopping (chronological val, n=528): best_iter=69 val_logloss=0.6742
2026-09-06 18:50:51,492 INFO [model]     MarketAnchor: b=0.378 c=+0.096 on 487 priced rows (trusting 38% of disagreement)
2026-09-06 18:50:51,501 INFO [model]   Fold 2/8  train= 4143  test= 319  (2022-11-19 → 2023-07-01)  acc=0.5956  auc=0.6594  iter=69
2026-09-06 18:50:59,179 INFO [model]   Early stopping (chronological val, n=568): best_iter=114 val_logloss=0.6746
2026-09-06 18:50:59,720 INFO [model]     MarketAnchor: b=0.313 c=+0.086 on 537 priced rows (trusting 31% of disagreement)
2026-09-06 18:50:59,726 INFO [model]   Fold 3/8  train= 4462  test= 319  (2023-07-01 → 2023-12-16)  acc=0.5674  auc=0.5950  iter=114
2026-09-06 18:51:07,748 INFO [model]   Early stopping (chronological val, n=609): best_iter=140 val_logloss=0.6592
2026-09-06 18:51:08,711 INFO [model]     MarketAnchor: b=0.328 c=+0.071 on 600 priced rows (trusting 33% of disagreement)
2026-09-06 18:51:08,719 INFO [model]   Fold 4/8  train= 4781  test= 319  (2024-01-13 → 2024-07-27)  acc=0.6113  auc=0.6704  iter=140
2026-09-06 18:51:18,088 INFO [model]   Early stopping (chronological val, n=650): best_iter=309 val_logloss=0.6360
2026-09-06 18:51:19,805 INFO [model]     MarketAnchor: b=0.180 c=-0.028 on 634 priced rows (trusting 18% of disagreement)
2026-09-06 18:51:19,813 INFO [model]   Fold 5/8  train= 5100  test= 318  (2024-07-27 → 2025-02-08)  acc=0.6478  auc=0.6661  iter=309
2026-09-06 18:51:29,127 INFO [model]   Early stopping (chronological val, n=690): best_iter=139 val_logloss=0.6575
2026-09-06 18:51:29,761 INFO [model]     MarketAnchor: b=0.166 c=+0.038 on 693 priced rows (trusting 17% of disagreement)
2026-09-06 18:51:29,768 INFO [model]   Fold 6/8  train= 5418  test= 319  (2025-02-08 → 2025-08-16)  acc=0.6176  auc=0.6719  iter=139
2026-09-06 18:51:38,051 INFO [model]   Early stopping (chronological val, n=731): best_iter=110 val_logloss=0.6624
2026-09-06 18:51:38,675 INFO [model]     MarketAnchor: b=0.176 c=+0.068 on 734 priced rows (trusting 18% of disagreement)
2026-09-06 18:51:38,682 INFO [model]   Fold 7/8  train= 5737  test= 319  (2025-08-16 → 2026-03-14)  acc=0.6301  auc=0.7132  iter=110
2026-09-06 18:51:47,845 INFO [model]   Early stopping (chronological val, n=772): best_iter=183 val_logloss=0.6567
2026-09-06 18:51:49,011 INFO [model]     MarketAnchor: b=0.263 c=+0.051 on 772 priced rows (trusting 26% of disagreement)
2026-09-06 18:51:49,018 INFO [model]   Fold 8/8  train= 6056  test= 319  (2026-03-14 → 2026-09-05)  acc=0.6458  auc=0.6701  iter=183
2026-09-06 18:51:49,103 INFO [model]   POOLED  n=2550  acc=0.6165 [0.5992, 0.6361]  auc=0.6627  brier=0.2291 (calibrated 0.2297)
2026-09-06 18:51:49,103 INFO [model] 
------------------------------------------------------------
2026-09-06 18:51:49,103 INFO [model] ARM: no_odds_no_glicko  (228 candidate features)
2026-09-06 18:51:49,103 INFO [model] ------------------------------------------------------------
2026-09-06 18:51:55,936 INFO [model]   Early stopping (chronological val, n=487): best_iter=53 val_logloss=0.6711
2026-09-06 18:51:56,294 INFO [model]   Fold 1/8  train= 3825  test= 318  (2022-06-09 → 2022-11-19)  acc=0.6289  auc=0.6664  iter=53
2026-09-06 18:52:03,672 INFO [model]   Early stopping (chronological val, n=528): best_iter=65 val_logloss=0.6770
2026-09-06 18:52:04,064 INFO [model]   Fold 2/8  train= 4143  test= 319  (2022-11-19 → 2023-07-01)  acc=0.5737  auc=0.6354  iter=65
2026-09-06 18:52:11,857 INFO [model]   Early stopping (chronological val, n=568): best_iter=158 val_logloss=0.6717
2026-09-06 18:52:12,732 INFO [model]   Fold 3/8  train= 4462  test= 319  (2023-07-01 → 2023-12-16)  acc=0.5517  auc=0.5942  iter=158
2026-09-06 18:52:20,653 INFO [model]   Early stopping (chronological val, n=609): best_iter=126 val_logloss=0.6594
2026-09-06 18:52:21,407 INFO [model]   Fold 4/8  train= 4781  test= 319  (2024-01-13 → 2024-07-27)  acc=0.5799  auc=0.6280  iter=126
2026-09-06 18:52:29,562 INFO [model]   Early stopping (chronological val, n=650): best_iter=136 val_logloss=0.6563
2026-09-06 18:52:30,274 INFO [model]   Fold 5/8  train= 5100  test= 318  (2024-07-27 → 2025-02-08)  acc=0.6509  auc=0.6610  iter=136
2026-09-06 18:52:37,672 INFO [model]   Early stopping (chronological val, n=690): best_iter=77 val_logloss=0.6566
2026-09-06 18:52:38,278 INFO [model]   Fold 6/8  train= 5418  test= 319  (2025-02-08 → 2025-08-16)  acc=0.6207  auc=0.6597  iter=77
2026-09-06 18:52:46,387 INFO [model]   Early stopping (chronological val, n=731): best_iter=131 val_logloss=0.6576
2026-09-06 18:52:47,140 INFO [model]   Fold 7/8  train= 5737  test= 319  (2025-08-16 → 2026-03-14)  acc=0.6238  auc=0.6967  iter=131
2026-09-06 18:52:56,195 INFO [model]   Early stopping (chronological val, n=772): best_iter=172 val_logloss=0.6600
2026-09-06 18:52:57,134 INFO [model]   Fold 8/8  train= 6056  test= 319  (2026-03-14 → 2026-09-05)  acc=0.6019  auc=0.6508  iter=172
2026-09-06 18:52:57,211 INFO [model]   POOLED  n=2550  acc=0.6039 [0.5855, 0.6227]  auc=0.6474  brier=0.2322 (calibrated 0.2326)
2026-09-06 18:52:57,212 INFO [model] 
------------------------------------------------------------
2026-09-06 18:52:57,212 INFO [model] ARM: simulator (competing risks over Glicko)
2026-09-06 18:52:57,212 INFO [model] ------------------------------------------------------------
2026-09-06 18:53:01,152 INFO [model]   Fold 1/8  train= 3825  test= 318  sims=5000  b_dec=+0.232
2026-09-06 18:53:04,989 INFO [model]   Fold 2/8  train= 4143  test= 319  sims=5000  b_dec=+0.228
2026-09-06 18:53:08,874 INFO [model]   Fold 3/8  train= 4462  test= 319  sims=5000  b_dec=+0.218
2026-09-06 18:53:12,503 INFO [model]   Fold 4/8  train= 4781  test= 319  sims=5000  b_dec=+0.215
2026-09-06 18:53:16,353 INFO [model]   Fold 5/8  train= 5100  test= 318  sims=5000  b_dec=+0.193
2026-09-06 18:53:19,514 INFO [model]   Fold 6/8  train= 5418  test= 319  sims=5000  b_dec=+0.202
2026-09-06 18:53:22,606 INFO [model]   Fold 7/8  train= 5737  test= 319  sims=5000  b_dec=+0.205
2026-09-06 18:53:25,660 INFO [model]   Fold 8/8  train= 6056  test= 319  sims=5000  b_dec=+0.192
2026-09-06 18:53:25,700 INFO [model] 
  METHOD (scored on realised outcomes — no market exists for this)
2026-09-06 18:53:25,700 INFO [model]     log loss   1.0022  vs base rate 1.0252
2026-09-06 18:53:25,700 INFO [model]     accuracy   0.4949
2026-09-06 18:53:25,700 INFO [model]     class     Brier     base
2026-09-06 18:53:25,700 INFO [model]     KO       0.2188   0.2245
2026-09-06 18:53:25,700 INFO [model]     SUB      0.1417   0.1453
2026-09-06 18:53:25,700 INFO [model]     DEC      0.2462   0.2503
2026-09-06 18:53:25,701 INFO [model]     predicted mix [0.336 0.17  0.493]  actual [0.339 0.176 0.485]
2026-09-06 18:53:25,701 INFO [model] 
------------------------------------------------------------
2026-09-06 18:53:25,701 INFO [model] ARM: decorrelated (market-decorrelation penalty)
2026-09-06 18:53:25,701 INFO [model] ------------------------------------------------------------
2026-09-06 18:53:34,159 INFO [model]   Fold 1/8  train= 3825  test= 318  gamma=0.25 inner_roi=-0.95%
2026-09-06 18:53:40,551 INFO [model]   Fold 2/8  train= 4143  test= 319  gamma=1.0  inner_roi=-2.91%
2026-09-06 18:53:47,008 INFO [model]   Fold 3/8  train= 4462  test= 319  gamma=0.1  inner_roi=-1.12%
2026-09-06 18:53:55,579 INFO [model]   Fold 4/8  train= 4781  test= 319  gamma=0.0  inner_roi=+1.81%
2026-09-06 18:54:02,996 INFO [model]   Fold 5/8  train= 5100  test= 318  gamma=0.0  inner_roi=-2.98%
2026-09-06 18:54:11,923 INFO [model]   Fold 6/8  train= 5418  test= 319  gamma=0.0  inner_roi=+3.63%
2026-09-06 18:54:21,502 INFO [model]   Fold 7/8  train= 5737  test= 319  gamma=0.25 inner_roi=+1.95%
2026-09-06 18:54:30,016 INFO [model]   Fold 8/8  train= 6056  test= 319  gamma=0.0  inner_roi=+6.80%
2026-09-06 18:54:30,063 INFO [model]   gamma per fold: [0.25, 1.0, 0.1, 0.0, 0.0, 0.0, 0.25, 0.0]
2026-09-06 18:54:30,095 INFO [model] 
------------------------------------------------------------
2026-09-06 18:54:30,095 INFO [model] MARKET-ANCHORED ARM  (base = no_odds)
2026-09-06 18:54:30,095 INFO [model] ------------------------------------------------------------
2026-09-06 18:54:30,095 INFO [model]   b = fraction of the model's disagreement with the line that is trusted
2026-09-06 18:54:30,095 INFO [model]    Fold        b        c   n_fit
2026-09-06 18:54:30,095 INFO [model]   --------------------------------
2026-09-06 18:54:30,095 INFO [model]       1    0.294   +0.040     415
2026-09-06 18:54:30,095 INFO [model]       2    0.378   +0.096     487
2026-09-06 18:54:30,095 INFO [model]       3    0.313   +0.086     537
2026-09-06 18:54:30,095 INFO [model]       4    0.328   +0.071     600
2026-09-06 18:54:30,096 INFO [model]       5    0.180   -0.028     634
2026-09-06 18:54:30,096 INFO [model]       6    0.166   +0.038     693
2026-09-06 18:54:30,096 INFO [model]       7    0.176   +0.068     734
2026-09-06 18:54:30,096 INFO [model]       8    0.263   +0.051     772
2026-09-06 18:54:30,096 INFO [model]   mean b = 0.262
2026-09-06 18:54:30,096 INFO [model] 
------------------------------------------------------------
2026-09-06 18:54:30,096 INFO [model] MARKET COMPARISON (fights with odds)
2026-09-06 18:54:30,096 INFO [model] ------------------------------------------------------------
2026-09-06 18:54:30,140 INFO [model]   Eval fights with odds: 2087 (2022-06-11 → 2026-09-05)
2026-09-06 18:54:30,140 INFO [model]   Average vig: 0.000
2026-09-06 18:54:30,140 INFO [model] 
  Arm                       Acc             95% CI      AUC    Brier  corr(mkt)   partial
2026-09-06 18:54:30,140 INFO [model]   ----------------------------------------------------------------------------------------
2026-09-06 18:54:30,140 INFO [model]   market only            0.6770     [0.657, 0.698]        —   0.2055      1.000     1.000
2026-09-06 18:54:30,286 INFO [model]   no_odds_no_glicko      0.6109     [0.590, 0.632]   0.6558   0.2305      0.535     0.488
2026-09-06 18:54:30,443 INFO [model]   no_odds                0.6282     [0.607, 0.648]   0.6758   0.2263      0.565     0.515
2026-09-06 18:54:30,591 INFO [model]   simulator              0.6013     [0.581, 0.622]   0.6263   0.2361      0.512     0.477
2026-09-06 18:54:30,704 INFO [model]   with_odds              0.6679     [0.647, 0.687]   0.7285   0.2090      0.837     0.810
2026-09-06 18:54:30,783 INFO [model]   market_anchored        0.6852     [0.665, 0.705]   0.7401   0.2062      0.961     0.954
2026-09-06 18:54:30,935 INFO [model]   decorrelated           0.6473     [0.628, 0.667]   0.6802   0.2474      0.580     0.536
2026-09-06 18:54:30,935 INFO [model] 
  Arm                    Acc − market         95% CI of diff   Beats mkt?
2026-09-06 18:54:30,935 INFO [model]   ------------------------------------------------------------------------
2026-09-06 18:54:30,935 INFO [model]   no_odds_no_glicko           -0.0661     [-0.0891, -0.0445]           no
2026-09-06 18:54:30,935 INFO [model]   no_odds                     -0.0489     [-0.0704, -0.0287]           no
2026-09-06 18:54:30,936 INFO [model]   simulator                   -0.0757     [-0.0987, -0.0522]           no
2026-09-06 18:54:30,936 INFO [model]   with_odds                   -0.0091     [-0.0244, +0.0057]           no
2026-09-06 18:54:30,936 INFO [model]   market_anchored             +0.0081     [-0.0010, +0.0172]           no
2026-09-06 18:54:30,936 INFO [model]   decorrelated                -0.0297     [-0.0498, -0.0105]           no
2026-09-06 18:54:30,936 INFO [model] 
  Betting ladder — no_odds_no_glicko (calibrated, frozen thresholds):
2026-09-06 18:54:30,936 INFO [model]     Edge   Bets    Bet%    Win%     ROI%             ROI 95% CI
2026-09-06 18:54:30,936 INFO [model]   --------------------------------------------------------------
2026-09-06 18:54:30,936 INFO [model]       3%   1780   85.3%   39.6%    -6.36          [-12.4, -0.1]
2026-09-06 18:54:30,936 INFO [model]       5%   1591   76.2%   38.3%    -6.69          [-13.4, -0.1]
2026-09-06 18:54:30,936 INFO [model]       8%   1284   61.5%   37.8%    -5.54          [-13.3, +1.9]
2026-09-06 18:54:30,936 INFO [model]      10%   1103   52.9%   37.2%    -6.54          [-14.8, +2.1]
2026-09-06 18:54:30,936 INFO [model]      15%    696   33.3%   34.3%    -9.72          [-20.1, +1.0]
2026-09-06 18:54:30,936 INFO [model] 
  Betting ladder — no_odds (calibrated, frozen thresholds):
2026-09-06 18:54:30,936 INFO [model]     Edge   Bets    Bet%    Win%     ROI%             ROI 95% CI
2026-09-06 18:54:30,936 INFO [model]   --------------------------------------------------------------
2026-09-06 18:54:30,936 INFO [model]       3%   1779   85.2%   41.7%    -2.64           [-8.6, +3.5]
2026-09-06 18:54:30,936 INFO [model]       5%   1584   75.9%   41.0%    -2.26           [-8.7, +4.1]
2026-09-06 18:54:30,936 INFO [model]       8%   1278   61.2%   39.7%    -3.57          [-11.2, +4.2]
2026-09-06 18:54:30,936 INFO [model]      10%   1083   51.9%   38.1%    -5.86          [-14.0, +2.4]
2026-09-06 18:54:30,936 INFO [model]      15%    691   33.1%   34.7%   -11.07          [-21.5, -0.1]
2026-09-06 18:54:30,936 INFO [model] 
  Betting ladder — simulator (calibrated, frozen thresholds):
2026-09-06 18:54:30,936 INFO [model]     Edge   Bets    Bet%    Win%     ROI%             ROI 95% CI
2026-09-06 18:54:30,936 INFO [model]   --------------------------------------------------------------
2026-09-06 18:54:30,936 INFO [model]       3%   1783   85.4%   33.5%   -10.16          [-16.5, -3.6]
2026-09-06 18:54:30,936 INFO [model]       5%   1619   77.6%   32.4%   -10.53          [-17.1, -3.9]
2026-09-06 18:54:30,936 INFO [model]       8%   1361   65.2%   29.7%   -12.52          [-19.6, -4.4]
2026-09-06 18:54:30,936 INFO [model]      10%   1169   56.0%   27.6%   -15.87          [-23.8, -7.1]
2026-09-06 18:54:30,936 INFO [model]      15%    785   37.6%   23.7%   -19.71          [-30.4, -8.7]
2026-09-06 18:54:30,936 INFO [model] 
  Betting ladder — with_odds (calibrated, frozen thresholds):
2026-09-06 18:54:30,936 INFO [model]     Edge   Bets    Bet%    Win%     ROI%             ROI 95% CI
2026-09-06 18:54:30,936 INFO [model]   --------------------------------------------------------------
2026-09-06 18:54:30,936 INFO [model]       3%   1512   72.4%   53.9%    -1.65           [-7.3, +3.9]
2026-09-06 18:54:30,937 INFO [model]       5%   1196   57.3%   54.3%    -3.13           [-9.0, +2.8]
2026-09-06 18:54:30,937 INFO [model]       8%    763   36.6%   55.7%    -3.40          [-10.7, +3.4]
2026-09-06 18:54:30,937 INFO [model]      10%    555   26.6%   57.5%     0.80           [-7.8, +9.2]
2026-09-06 18:54:30,937 INFO [model]      15%    219   10.5%   55.7%    -2.30         [-15.6, +11.0]
2026-09-06 18:54:30,937 INFO [model] 
  Betting ladder — market_anchored (calibrated, frozen thresholds):
2026-09-06 18:54:30,937 INFO [model]     Edge   Bets    Bet%    Win%     ROI%             ROI 95% CI
2026-09-06 18:54:30,937 INFO [model]   --------------------------------------------------------------
2026-09-06 18:54:30,937 INFO [model]       3%    918   44.0%   41.4%    -6.98          [-15.4, +1.3]
2026-09-06 18:54:30,937 INFO [model]       5%    484   23.2%   45.2%    -2.38          [-12.8, +8.7]
2026-09-06 18:54:30,937 INFO [model]       8%    156    7.5%   53.8%    10.27          [-8.8, +30.2]
2026-09-06 18:54:30,937 INFO [model]      10%     80    3.8%   55.0%     3.98         [-19.5, +28.0]
2026-09-06 18:54:30,937 INFO [model]      15%     23    1.1%   56.5%    -9.23         [-42.3, +23.4]
2026-09-06 18:54:30,937 INFO [model] 
  Betting ladder — decorrelated (calibrated, frozen thresholds):
2026-09-06 18:54:30,937 INFO [model]     Edge   Bets    Bet%    Win%     ROI%             ROI 95% CI
2026-09-06 18:54:30,937 INFO [model]   --------------------------------------------------------------
2026-09-06 18:54:30,937 INFO [model]       3%   1872   89.7%   58.5%    -0.82           [-5.0, +3.8]
2026-09-06 18:54:30,937 INFO [model]       5%   1747   83.7%   59.1%    -0.13           [-4.8, +4.6]
2026-09-06 18:54:30,937 INFO [model]       8%   1538   73.7%   59.4%     0.26           [-4.3, +5.4]
2026-09-06 18:54:30,937 INFO [model]      10%   1405   67.3%   58.9%    -0.32           [-5.1, +4.7]
2026-09-06 18:54:30,937 INFO [model]      15%   1052   50.4%   57.8%    -0.94           [-6.6, +5.1]
2026-09-06 18:54:30,979 INFO [model] 
  Saved 2550 per-fight eval predictions to /Users/rafeburns/Downloads/ALocks/alocks-backend/models/ufc/h2h/eval_predictions.csv
2026-09-06 18:54:30,988 INFO [model] 
  Saved evaluation results to /Users/rafeburns/Downloads/ALocks/alocks-backend/models/ufc/h2h/eval_results.json
2026-09-06 18:54:30,988 INFO [model] 
============================================================
2026-09-06 18:54:30,989 INFO [model] Walk-forward evaluation complete.
2026-09-06 18:54:30,989 INFO [model] ============================================================
2026-09-28 04:08:20,886 INFO [model] ============================================================
2026-09-28 04:08:20,886 INFO [model] UFC Fight Winner Prediction Pipeline v6  (2026-09-28 04:08)
2026-09-28 04:08:20,886 INFO [model] ============================================================
2026-09-28 04:08:20,886 INFO [model] Loading data from database...
2026-09-28 04:08:56,393 INFO [model] ============================================================
2026-09-28 04:08:56,393 INFO [model] UFC Fight Winner Prediction Pipeline v6  (2026-09-28 04:08)
2026-09-28 04:08:56,394 INFO [model] ============================================================
2026-09-28 04:08:56,394 INFO [model] Loading data from database...
2026-09-28 04:08:56,588 INFO [model]   Loaded 4616 fighters
2026-09-28 04:08:59,619 INFO [model]   Loaded 22225 fight-stat rows (11161 unique fights)
2026-09-28 04:08:59,620 INFO [model]   Loading per-round stats...
2026-09-28 04:09:03,305 INFO [model]   Loaded 59640 per-round stat rows
2026-09-28 04:09:03,459 INFO [model] 
  Recomputing Glicko snapshots in memory (fixed newcomer seed)...
2026-09-28 04:09:03,460 INFO [glicko_service]   Loading fight data...
2026-09-28 04:09:03,689 INFO [glicko_service]   Loaded 11564 fights
2026-09-28 04:09:03,689 INFO [glicko_service]   Loading per-round stats...
2026-09-28 04:09:05,822 INFO [glicko_service]   Loaded rounds for 11232 fights
2026-09-28 04:09:05,822 INFO [glicko_service]   Loading per-fight derived totals...
2026-09-28 04:09:06,833 INFO [glicko_service]   Loaded 22464 derived totals rows
2026-09-28 04:09:06,887 INFO [glicko_service]   Loaded 4616 fighters
2026-09-28 04:09:07,034 INFO [glicko_service]   Computing weight class baseline rates...
2026-09-28 04:09:07,128 INFO [glicko_service]     P4P: 1 rounds, KD=0.0000, SUB=0.0000, TD=0.0000, td15s_cap=10.0, ctrl15g_cap=10.0, gnp15g_cap=10.0
2026-09-28 04:09:07,128 INFO [glicko_service]     Flyweight: 1650 rounds, KD=0.0224, SUB=0.0692, TD=0.0841, td15s_cap=25.7, ctrl15g_cap=15.0, gnp15g_cap=79.1
2026-09-28 04:09:07,129 INFO [glicko_service]     Bantamweight: 2847 rounds, KD=0.0266, SUB=0.0654, TD=0.0808, td15s_cap=25.7, ctrl15g_cap=15.0, gnp15g_cap=84.0
2026-09-28 04:09:07,130 INFO [glicko_service]     Featherweight: 3282 rounds, KD=0.0258, SUB=0.0677, TD=0.0810, td15s_cap=26.9, ctrl15g_cap=15.0, gnp15g_cap=85.1
2026-09-28 04:09:07,132 INFO [glicko_service]     Lightweight: 4754 rounds, KD=0.0259, SUB=0.0862, TD=0.0880, td15s_cap=25.7, ctrl15g_cap=15.0, gnp15g_cap=77.1
2026-09-28 04:09:07,133 INFO [glicko_service]     Welterweight: 4313 rounds, KD=0.0304, SUB=0.0738, TD=0.0837, td15s_cap=28.1, ctrl15g_cap=15.0, gnp15g_cap=77.6
2026-09-28 04:09:07,135 INFO [glicko_service]     Middleweight: 3888 rounds, KD=0.0305, SUB=0.0772, TD=0.0760, td15s_cap=25.7, ctrl15g_cap=15.0, gnp15g_cap=94.7
2026-09-28 04:09:07,135 INFO [glicko_service]     Light Heavyweight: 2382 rounds, KD=0.0341, SUB=0.0530, TD=0.0697, td15s_cap=26.3, ctrl15g_cap=15.0, gnp15g_cap=106.6
2026-09-28 04:09:07,136 INFO [glicko_service]     Heavyweight: 2555 rounds, KD=0.0335, SUB=0.0598, TD=0.0610, td15s_cap=23.1, ctrl15g_cap=15.0, gnp15g_cap=103.8
2026-09-28 04:09:07,136 INFO [glicko_service]     P4P: 1 rounds, KD=0.0000, SUB=0.0000, TD=0.0000, td15s_cap=10.0, ctrl15g_cap=10.0, gnp15g_cap=10.0
2026-09-28 04:09:07,136 INFO [glicko_service]     Strawweight: 1337 rounds, KD=0.0092, SUB=0.0509, TD=0.0717, td15s_cap=23.4, ctrl15g_cap=15.0, gnp15g_cap=64.7
2026-09-28 04:09:07,137 INFO [glicko_service]     Flyweight: 977 rounds, KD=0.0082, SUB=0.0499, TD=0.0667, td15s_cap=22.2, ctrl15g_cap=15.0, gnp15g_cap=77.1
2026-09-28 04:09:07,137 INFO [glicko_service]     Bantamweight: 943 rounds, KD=0.0104, SUB=0.0520, TD=0.0659, td15s_cap=27.3, ctrl15g_cap=15.0, gnp15g_cap=78.8
2026-09-28 04:09:08,712 INFO [glicko_service]   Processed 27341 rounds
2026-09-28 04:09:08,739 INFO [model]   Computed 21312 snapshots
2026-09-28 04:09:08,754 INFO [model] Building features...
2026-09-28 04:09:09,087 INFO [model]   Computing defensive stats...
2026-09-28 04:09:10,714 INFO [model]   Computing Elo ratings...
2026-09-28 04:09:11,821 INFO [model]   Computing resume scores...
2026-09-28 04:09:12,110 INFO [model]   Using 21312 caller-supplied Glicko snapshots
2026-09-28 04:09:17,793 INFO [model]   Added 15 Glicko features  + 4 confidence features
2026-09-28 04:09:17,793 INFO [model]   Computing Elo-adjusted stats...
2026-09-28 04:09:17,797 INFO [model]   Computing rolling career averages...
2026-09-28 04:10:16,653 INFO [model]   Computing streaks and career stats...
2026-09-28 04:10:18,344 INFO [model]   Computing composite features...
2026-09-28 04:10:18,349 INFO [model]   Computing round-by-round profiles...
2026-09-28 04:10:43,347 INFO [model]   Computing age curve features...
2026-09-28 04:10:43,373 INFO [model]   Computing damage accumulation...
2026-09-28 04:10:49,635 INFO [model]   Computing weight-class movement...
2026-09-28 04:10:50,186 INFO [model]   Computing pre-UFC records...
2026-09-28 04:10:50,233 INFO [model]   Computing age-relative performance residuals...
2026-09-28 04:10:50,476 INFO [model]   Computing fighter style clusters (k=6)...
2026-09-28 04:10:51,062 INFO [model]     Fit on 22225 rows, assigned 22225 fighter-fights
2026-09-28 04:10:51,064 INFO [model]     Style 0 (3349 fighter-fights): SigStr/5=16.8 TD/5=0.5 Sub/5=0.4 Ctrl/5=49.3 GndStr/5=2.7 top=ctrl_per5
2026-09-28 04:10:51,064 INFO [model]     Style 1 (440 fighter-fights): SigStr/5=12.2 TD/5=2.0 Sub/5=4.1 Ctrl/5=59.6 GndStr/5=4.1 top=ctrl_per5
2026-09-28 04:10:51,064 INFO [model]     Style 2 (3429 fighter-fights): SigStr/5=33.1 TD/5=0.3 Sub/5=0.2 Ctrl/5=36.2 GndStr/5=5.7 top=ctrl_per5
2026-09-28 04:10:51,064 INFO [model]     Style 3 (10857 fighter-fights): SigStr/5=16.4 TD/5=0.5 Sub/5=0.3 Ctrl/5=44.4 GndStr/5=3.0 top=ctrl_per5
2026-09-28 04:10:51,064 INFO [model]     Style 4 (3891 fighter-fights): SigStr/5=17.1 TD/5=1.5 Sub/5=0.5 Ctrl/5=118.1 GndStr/5=7.6 top=ctrl_per5
2026-09-28 04:10:51,065 INFO [model]     Style 5 (259 fighter-fights): SigStr/5=77.5 TD/5=0.8 Sub/5=0.3 Ctrl/5=57.3 GndStr/5=39.4 top=sig_str_landed_per5
2026-09-28 04:10:51,174 INFO [model]   Style matchup features computed expanding-in-time (6x6, 22128 fighter-fights)
2026-09-28 04:10:51,672 INFO [model]   Feature matrix shape: (22225, 334)
2026-09-28 04:10:51,700 INFO [model] Building matchup feature matrix...
2026-09-28 04:10:51,859 INFO [model]   Loading odds from database...
2026-09-28 04:10:53,348 INFO [model]   Odds matched: 2837/11064 fights (25.6%)
2026-09-28 04:10:53,396 INFO [model]   Filtered to modern era (2015+): 6375 fights (dropped 4689 pre-2015)
2026-09-28 04:10:53,396 INFO [model]   Red win rate (modern): 0.556
2026-09-28 04:10:53,427 INFO [model]   Matchup matrix: 6375 fights, 292 candidate features
2026-09-28 04:10:53,428 INFO [model]   Red win rate: 0.556
2026-09-28 04:10:53,429 INFO [model]   Date range: 2015-01-03 to 2026-09-05
2026-09-28 04:10:53,472 INFO [model] 
  Style-cluster cutoff set to eval start: 2022-06-09
2026-09-28 04:10:53,472 INFO [model] Building features...
2026-09-28 04:10:54,227 INFO [model]   Computing defensive stats...
2026-09-28 04:10:56,247 INFO [model]   Computing Elo ratings...
2026-09-28 04:10:56,748 INFO [model]   Computing resume scores...
2026-09-28 04:10:56,891 INFO [model]   Using 21312 caller-supplied Glicko snapshots
2026-09-28 04:10:59,576 INFO [model]   Added 15 Glicko features  + 4 confidence features
2026-09-28 04:10:59,576 INFO [model]   Computing Elo-adjusted stats...
2026-09-28 04:10:59,578 INFO [model]   Computing rolling career averages...
2026-09-28 04:11:38,203 INFO [model]   Computing streaks and career stats...
2026-09-28 04:11:40,635 INFO [model]   Computing composite features...
2026-09-28 04:11:40,641 INFO [model]   Computing round-by-round profiles...
2026-09-28 04:11:51,285 INFO [model]   Computing age curve features...
2026-09-28 04:11:51,288 INFO [model]   Computing damage accumulation...
2026-09-28 04:11:52,821 INFO [model]   Computing weight-class movement...
2026-09-28 04:11:53,100 INFO [model]   Computing pre-UFC records...
2026-09-28 04:11:53,136 INFO [model]   Computing age-relative performance residuals...
2026-09-28 04:11:53,283 INFO [model]   Computing fighter style clusters (k=6)...
2026-09-28 04:11:53,655 INFO [model]     Fit on 17109 rows, assigned 22225 fighter-fights
2026-09-28 04:11:53,656 INFO [model]     Style 0 (10393 fighter-fights): SigStr/5=15.2 TD/5=0.5 Sub/5=0.3 Ctrl/5=43.5 GndStr/5=3.1 top=ctrl_per5
2026-09-28 04:11:53,656 INFO [model]     Style 1 (274 fighter-fights): SigStr/5=75.9 TD/5=0.9 Sub/5=0.3 Ctrl/5=55.1 GndStr/5=38.8 top=sig_str_landed_per5
2026-09-28 04:11:53,656 INFO [model]     Style 2 (3383 fighter-fights): SigStr/5=15.5 TD/5=0.5 Sub/5=0.5 Ctrl/5=50.4 GndStr/5=3.1 top=ctrl_per5
2026-09-28 04:11:53,656 INFO [model]     Style 3 (355 fighter-fights): SigStr/5=11.3 TD/5=2.1 Sub/5=4.4 Ctrl/5=56.4 GndStr/5=3.9 top=ctrl_per5
2026-09-28 04:11:53,656 INFO [model]     Style 4 (3727 fighter-fights): SigStr/5=16.8 TD/5=1.5 Sub/5=0.5 Ctrl/5=114.0 GndStr/5=8.1 top=ctrl_per5
2026-09-28 04:11:53,656 INFO [model]     Style 5 (4093 fighter-fights): SigStr/5=31.1 TD/5=0.3 Sub/5=0.2 Ctrl/5=33.8 GndStr/5=5.9 top=ctrl_per5
2026-09-28 04:11:53,739 INFO [model]   Style matchup features computed expanding-in-time (6x6, 22128 fighter-fights)
2026-09-28 04:11:54,113 INFO [model]   Feature matrix shape: (22225, 334)
2026-09-28 04:11:54,138 INFO [model] Building matchup feature matrix...
2026-09-28 04:11:54,271 INFO [model]   Loading odds from database...
2026-09-28 04:11:55,648 INFO [model]   Odds matched: 2837/11064 fights (25.6%)
2026-09-28 04:11:55,671 INFO [model]   Filtered to modern era (2015+): 6375 fights (dropped 4689 pre-2015)
2026-09-28 04:11:55,671 INFO [model]   Red win rate (modern): 0.556
2026-09-28 04:11:55,684 INFO [model]   Matchup matrix: 6375 fights, 292 candidate features
2026-09-28 04:11:55,684 INFO [model]   Red win rate: 0.556
2026-09-28 04:11:55,685 INFO [model]   Date range: 2015-01-03 to 2026-09-05
2026-09-28 04:11:55,691 INFO [model] ============================================================
2026-09-28 04:11:55,691 INFO [model] WALK-FORWARD EVALUATION
2026-09-28 04:11:55,691 INFO [model] ============================================================
2026-09-28 04:11:55,703 INFO [model]   6375 fights | 8 folds over the last 40% (2550 eval fights)
2026-09-28 04:11:55,703 INFO [model]   Hyperparameters are FIXED (not tuned per fold): {'max_depth': 3, 'learning_rate': 0.037, 'max_features': 0.65, 'min_samples_leaf': 32, 'l2_regularization': 4.4, 'max_bins': 128}
2026-09-28 04:11:55,703 INFO [model]   Those values came from an Optuna search that scored on a chronological
2026-09-28 04:11:55,703 INFO [model]   20% slice overlapping this eval window, so a residual selection optimism
2026-09-28 04:11:55,704 INFO [model]   remains. It is bounded and disclosed rather than hidden.
2026-09-28 04:11:55,704 INFO [model] 
------------------------------------------------------------
2026-09-28 04:11:55,704 INFO [model] ARM: with_odds  (292 candidate features)
2026-09-28 04:11:55,704 INFO [model] ------------------------------------------------------------
2026-09-28 04:12:08,990 INFO [model]   Early stopping (chronological val, n=487): best_iter=105 val_logloss=0.6678
2026-09-28 04:12:09,920 INFO [model]   Fold 1/8  train= 3825  test= 318  (2022-06-09 → 2022-11-19)  acc=0.6069  auc=0.6780  iter=105
2026-09-28 04:12:20,516 INFO [model]   Early stopping (chronological val, n=528): best_iter=136 val_logloss=0.6666
2026-09-28 04:12:20,979 INFO [model]   Fold 2/8  train= 4143  test= 319  (2022-11-19 → 2023-07-01)  acc=0.5831  auc=0.6744  iter=136
2026-09-28 04:12:45,665 INFO [model]   Early stopping (chronological val, n=568): best_iter=418 val_logloss=0.6561
2026-09-28 04:12:50,471 INFO [model]   Fold 3/8  train= 4462  test= 319  (2023-07-01 → 2023-12-16)  acc=0.6144  auc=0.6669  iter=418
2026-09-28 04:13:07,583 INFO [model]   Early stopping (chronological val, n=609): best_iter=169 val_logloss=0.6437
2026-09-28 04:13:09,897 INFO [model]   Fold 4/8  train= 4781  test= 319  (2024-01-13 → 2024-07-27)  acc=0.6364  auc=0.6877  iter=169
2026-09-28 04:13:31,687 INFO [model]   Early stopping (chronological val, n=650): best_iter=348 val_logloss=0.6170
2026-09-28 04:13:35,360 INFO [model]   Fold 5/8  train= 5100  test= 318  (2024-07-27 → 2025-02-08)  acc=0.7044  auc=0.7341  iter=348
2026-09-28 04:13:55,848 INFO [model]   Early stopping (chronological val, n=690): best_iter=280 val_logloss=0.6183
2026-09-28 04:13:58,537 INFO [model]   Fold 6/8  train= 5418  test= 319  (2025-02-08 → 2025-08-16)  acc=0.6771  auc=0.7435  iter=280
2026-09-28 04:14:15,272 INFO [model]   Early stopping (chronological val, n=731): best_iter=120 val_logloss=0.6253
2026-09-28 04:14:16,096 INFO [model]   Fold 7/8  train= 5737  test= 319  (2025-08-16 → 2026-03-14)  acc=0.6552  auc=0.7403  iter=120
2026-09-28 04:14:33,542 INFO [model]   Early stopping (chronological val, n=772): best_iter=159 val_logloss=0.6335
2026-09-28 04:14:35,348 INFO [model]   Fold 8/8  train= 6056  test= 319  (2026-03-14 → 2026-09-05)  acc=0.6614  auc=0.7066  iter=159
2026-09-28 04:14:35,453 INFO [model]   POOLED  n=2550  acc=0.6424 [0.6243, 0.6627]  auc=0.7051  brier=0.2172 (calibrated 0.2202)
2026-09-28 04:14:35,453 INFO [model] 
------------------------------------------------------------
2026-09-28 04:14:35,453 INFO [model] ARM: no_odds  (285 candidate features)
2026-09-28 04:14:35,453 INFO [model] ------------------------------------------------------------
2026-09-28 04:14:50,855 INFO [model]   Early stopping (chronological val, n=487): best_iter=120 val_logloss=0.6677
2026-09-28 04:14:52,609 INFO [model]     MarketAnchor: b=0.357 c=+0.036 on 415 priced rows (trusting 36% of disagreement)
2026-09-28 04:14:52,621 INFO [model]   Fold 1/8  train= 3825  test= 318  (2022-06-09 → 2022-11-19)  acc=0.5912  auc=0.6536  iter=120
2026-09-28 04:15:10,505 INFO [model]   Early stopping (chronological val, n=528): best_iter=96 val_logloss=0.6764
2026-09-28 04:15:11,694 INFO [model]     MarketAnchor: b=0.469 c=+0.085 on 487 priced rows (trusting 47% of disagreement)
2026-09-28 04:15:11,705 INFO [model]   Fold 2/8  train= 4143  test= 319  (2022-11-19 → 2023-07-01)  acc=0.5768  auc=0.6272  iter=96
2026-09-28 04:15:30,057 INFO [model]   Early stopping (chronological val, n=568): best_iter=210 val_logloss=0.6713
2026-09-28 04:15:32,234 INFO [model]     MarketAnchor: b=0.408 c=+0.086 on 537 priced rows (trusting 41% of disagreement)
2026-09-28 04:15:32,247 INFO [model]   Fold 3/8  train= 4462  test= 319  (2023-07-01 → 2023-12-16)  acc=0.5611  auc=0.6032  iter=210
2026-09-28 04:15:52,389 INFO [model]   Early stopping (chronological val, n=609): best_iter=170 val_logloss=0.6592
2026-09-28 04:15:53,796 INFO [model]     MarketAnchor: b=0.256 c=+0.077 on 600 priced rows (trusting 26% of disagreement)
2026-09-28 04:15:53,806 INFO [model]   Fold 4/8  train= 4781  test= 319  (2024-01-13 → 2024-07-27)  acc=0.5831  auc=0.6452  iter=170
2026-09-28 04:16:16,476 INFO [model]   Early stopping (chronological val, n=650): best_iter=239 val_logloss=0.6484
2026-09-28 04:16:19,620 INFO [model]     MarketAnchor: b=0.202 c=-0.028 on 634 priced rows (trusting 20% of disagreement)
2026-09-28 04:16:19,632 INFO [model]   Fold 5/8  train= 5100  test= 318  (2024-07-27 → 2025-02-08)  acc=0.6667  auc=0.6800  iter=239
2026-09-28 04:16:42,213 INFO [model]   Early stopping (chronological val, n=690): best_iter=248 val_logloss=0.6514
2026-09-28 04:16:43,904 INFO [model]     MarketAnchor: b=0.153 c=+0.040 on 693 priced rows (trusting 15% of disagreement)
2026-09-28 04:16:43,910 INFO [model]   Fold 6/8  train= 5418  test= 319  (2025-02-08 → 2025-08-16)  acc=0.6301  auc=0.6691  iter=248
2026-09-28 04:16:54,968 INFO [model]   Early stopping (chronological val, n=731): best_iter=103 val_logloss=0.6663
2026-09-28 04:16:55,385 INFO [model]     MarketAnchor: b=0.092 c=+0.076 on 734 priced rows (trusting 9% of disagreement)
2026-09-28 04:16:55,392 INFO [model]   Fold 7/8  train= 5737  test= 319  (2025-08-16 → 2026-03-14)  acc=0.6238  auc=0.7001  iter=103
2026-09-28 04:17:02,296 INFO [model]   Early stopping (chronological val, n=772): best_iter=132 val_logloss=0.6601
2026-09-28 04:17:02,691 INFO [model]     MarketAnchor: b=0.282 c=+0.055 on 772 priced rows (trusting 28% of disagreement)
2026-09-28 04:17:02,695 INFO [model]   Fold 8/8  train= 6056  test= 319  (2026-03-14 → 2026-09-05)  acc=0.6144  auc=0.6453  iter=132
2026-09-28 04:17:02,756 INFO [model]   POOLED  n=2550  acc=0.6059 [0.5878, 0.6259]  auc=0.6535  brier=0.2309 (calibrated 0.2323)
2026-09-28 04:17:02,756 INFO [model] 
------------------------------------------------------------
2026-09-28 04:17:02,756 INFO [model] ARM: no_odds_no_glicko  (228 candidate features)
2026-09-28 04:17:02,756 INFO [model] ------------------------------------------------------------
2026-09-28 04:17:08,020 INFO [model]   Early stopping (chronological val, n=487): best_iter=42 val_logloss=0.6722
2026-09-28 04:17:08,210 INFO [model]   Fold 1/8  train= 3825  test= 318  (2022-06-09 → 2022-11-19)  acc=0.6006  auc=0.6580  iter=42
2026-09-28 04:17:15,801 INFO [model]   Early stopping (chronological val, n=528): best_iter=64 val_logloss=0.6770
2026-09-28 04:17:16,351 INFO [model]   Fold 2/8  train= 4143  test= 319  (2022-11-19 → 2023-07-01)  acc=0.5768  auc=0.6354  iter=64
2026-09-28 04:17:23,815 INFO [model]   Early stopping (chronological val, n=568): best_iter=231 val_logloss=0.6726
2026-09-28 04:17:24,627 INFO [model]   Fold 3/8  train= 4462  test= 319  (2023-07-01 → 2023-12-16)  acc=0.5455  auc=0.5924  iter=231
2026-09-28 04:17:30,128 INFO [model]   Early stopping (chronological val, n=609): best_iter=109 val_logloss=0.6617
2026-09-28 04:17:30,536 INFO [model]   Fold 4/8  train= 4781  test= 319  (2024-01-13 → 2024-07-27)  acc=0.5862  auc=0.6320  iter=109
2026-09-28 04:17:37,814 INFO [model]   Early stopping (chronological val, n=650): best_iter=113 val_logloss=0.6602
2026-09-28 04:17:38,396 INFO [model]   Fold 5/8  train= 5100  test= 318  (2024-07-27 → 2025-02-08)  acc=0.6541  auc=0.6634  iter=113
2026-09-28 04:17:46,106 INFO [model]   Early stopping (chronological val, n=690): best_iter=111 val_logloss=0.6567
2026-09-28 04:17:46,659 INFO [model]   Fold 6/8  train= 5418  test= 319  (2025-02-08 → 2025-08-16)  acc=0.6301  auc=0.6688  iter=111
2026-09-28 04:17:53,614 INFO [model]   Early stopping (chronological val, n=731): best_iter=170 val_logloss=0.6583
2026-09-28 04:17:54,282 INFO [model]   Fold 7/8  train= 5737  test= 319  (2025-08-16 → 2026-03-14)  acc=0.6458  auc=0.6990  iter=170
2026-09-28 04:18:03,780 INFO [model]   Early stopping (chronological val, n=772): best_iter=188 val_logloss=0.6585
2026-09-28 04:18:05,245 INFO [model]   Fold 8/8  train= 6056  test= 319  (2026-03-14 → 2026-09-05)  acc=0.6207  auc=0.6570  iter=188
2026-09-28 04:18:05,327 INFO [model]   POOLED  n=2550  acc=0.6075 [0.5894, 0.6267]  auc=0.6494  brier=0.2320 (calibrated 0.2318)
2026-09-28 04:18:05,328 INFO [model] 
------------------------------------------------------------
2026-09-28 04:18:05,328 INFO [model] ARM: simulator (competing risks over Glicko)
2026-09-28 04:18:05,328 INFO [model] ------------------------------------------------------------
2026-09-28 04:18:10,012 INFO [model]   Fold 1/8  train= 3825  test= 318  sims=5000  b_dec=+0.228
2026-09-28 04:18:13,736 INFO [model]   Fold 2/8  train= 4143  test= 319  sims=5000  b_dec=+0.224
2026-09-28 04:18:17,365 INFO [model]   Fold 3/8  train= 4462  test= 319  sims=5000  b_dec=+0.214
2026-09-28 04:18:20,792 INFO [model]   Fold 4/8  train= 4781  test= 319  sims=5000  b_dec=+0.211
2026-09-28 04:18:25,380 INFO [model]   Fold 5/8  train= 5100  test= 318  sims=5000  b_dec=+0.189
2026-09-28 04:18:32,347 INFO [model]   Fold 6/8  train= 5418  test= 319  sims=5000  b_dec=+0.199
2026-09-28 04:18:36,589 INFO [model]   Fold 7/8  train= 5737  test= 319  sims=5000  b_dec=+0.202
2026-09-28 04:18:40,567 INFO [model]   Fold 8/8  train= 6056  test= 319  sims=5000  b_dec=+0.188
2026-09-28 04:18:40,618 INFO [model] 
  METHOD (scored on realised outcomes — no market exists for this)
2026-09-28 04:18:40,618 INFO [model]     log loss   1.0046  vs base rate 1.0252
2026-09-28 04:18:40,618 INFO [model]     accuracy   0.4910
2026-09-28 04:18:40,618 INFO [model]     class     Brier     base
2026-09-28 04:18:40,618 INFO [model]     KO       0.2199   0.2245
2026-09-28 04:18:40,618 INFO [model]     SUB      0.1418   0.1453
2026-09-28 04:18:40,618 INFO [model]     DEC      0.2466   0.2503
2026-09-28 04:18:40,618 INFO [model]     predicted mix [0.335 0.17  0.495]  actual [0.339 0.176 0.485]
2026-09-28 04:18:40,618 INFO [model] 
------------------------------------------------------------
2026-09-28 04:18:40,619 INFO [model] ARM: decorrelated (market-decorrelation penalty)
2026-09-28 04:18:40,619 INFO [model] ------------------------------------------------------------
2026-09-28 04:19:02,723 INFO [model]   Fold 1/8  train= 3825  test= 318  gamma=1.0  inner_roi=-1.81%
2026-09-28 04:19:21,007 INFO [model]   Fold 2/8  train= 4143  test= 319  gamma=0.0  inner_roi=+2.36%
2026-09-28 04:19:30,111 INFO [model]   Fold 3/8  train= 4462  test= 319  gamma=0.0  inner_roi=+1.04%
2026-09-28 04:19:40,924 INFO [model]   Fold 4/8  train= 4781  test= 319  gamma=0.0  inner_roi=-0.52%
2026-09-28 04:19:51,817 INFO [model]   Fold 5/8  train= 5100  test= 318  gamma=2.0  inner_roi=-8.29%
2026-09-28 04:20:02,476 INFO [model]   Fold 6/8  train= 5418  test= 319  gamma=2.0  inner_roi=-0.79%
2026-09-28 04:20:14,462 INFO [model]   Fold 7/8  train= 5737  test= 319  gamma=0.0  inner_roi=-1.33%
2026-09-28 04:20:27,988 INFO [model]   Fold 8/8  train= 6056  test= 319  gamma=0.25 inner_roi=+7.20%
2026-09-28 04:20:28,070 INFO [model]   gamma per fold: [1.0, 0.0, 0.0, 0.0, 2.0, 2.0, 0.0, 0.25]
2026-09-28 04:20:28,147 INFO [model] 
------------------------------------------------------------
2026-09-28 04:20:28,147 INFO [model] MARKET-ANCHORED ARM  (base = no_odds)
2026-09-28 04:20:28,148 INFO [model] ------------------------------------------------------------
2026-09-28 04:20:28,148 INFO [model]   b = fraction of the model's disagreement with the line that is trusted
2026-09-28 04:20:28,148 INFO [model]    Fold        b        c   n_fit
2026-09-28 04:20:28,148 INFO [model]   --------------------------------
2026-09-28 04:20:28,148 INFO [model]       1    0.357   +0.036     415
2026-09-28 04:20:28,148 INFO [model]       2    0.469   +0.085     487
2026-09-28 04:20:28,148 INFO [model]       3    0.408   +0.086     537
2026-09-28 04:20:28,148 INFO [model]       4    0.256   +0.077     600
2026-09-28 04:20:28,148 INFO [model]       5    0.202   -0.028     634
2026-09-28 04:20:28,148 INFO [model]       6    0.153   +0.040     693
2026-09-28 04:20:28,149 INFO [model]       7    0.092   +0.076     734
2026-09-28 04:20:28,149 INFO [model]       8    0.282   +0.055     772
2026-09-28 04:20:28,149 INFO [model]   mean b = 0.277
2026-09-28 04:20:28,149 INFO [model] 
------------------------------------------------------------
2026-09-28 04:20:28,149 INFO [model] MARKET COMPARISON (fights with odds)
2026-09-28 04:20:28,149 INFO [model] ------------------------------------------------------------
2026-09-28 04:20:28,249 INFO [model]   Eval fights with odds: 2087 (2022-06-11 → 2026-09-05)
2026-09-28 04:20:28,249 INFO [model]   Average vig: 0.000
2026-09-28 04:20:28,249 INFO [model] 
  Arm                       Acc             95% CI      AUC    Brier  corr(mkt)   partial
2026-09-28 04:20:28,249 INFO [model]   ----------------------------------------------------------------------------------------
2026-09-28 04:20:28,249 INFO [model]   market only            0.6770     [0.657, 0.698]        —   0.2055      1.000     1.000
2026-09-28 04:20:28,503 INFO [model]   no_odds_no_glicko      0.6148     [0.593, 0.635]   0.6588   0.2301      0.551     0.506
2026-09-28 04:20:28,741 INFO [model]   no_odds                0.6181     [0.597, 0.638]   0.6665   0.2284      0.550     0.508
2026-09-28 04:20:28,997 INFO [model]   simulator              0.5946     [0.574, 0.615]   0.6110   0.2385      0.455     0.422
2026-09-28 04:20:29,256 INFO [model]   with_odds              0.6646     [0.644, 0.684]   0.7237   0.2114      0.831     0.805
2026-09-28 04:20:29,420 INFO [model]   market_anchored        0.6804     [0.660, 0.700]   0.7361   0.2081      0.941     0.930
2026-09-28 04:20:29,710 INFO [model]   decorrelated           0.6493     [0.629, 0.669]   0.6773   0.2611      0.595     0.555
2026-09-28 04:20:29,710 INFO [model] 
  Arm                    Acc − market         95% CI of diff   Beats mkt?
2026-09-28 04:20:29,710 INFO [model]   ------------------------------------------------------------------------
2026-09-28 04:20:29,710 INFO [model]   no_odds_no_glicko           -0.0623     [-0.0858, -0.0402]           no
2026-09-28 04:20:29,710 INFO [model]   no_odds                     -0.0589     [-0.0824, -0.0374]           no
2026-09-28 04:20:29,710 INFO [model]   simulator                   -0.0824     [-0.1049, -0.0594]           no
2026-09-28 04:20:29,711 INFO [model]   with_odds                   -0.0125     [-0.0273, +0.0014]           no
2026-09-28 04:20:29,711 INFO [model]   market_anchored             +0.0034     [-0.0072, +0.0129]           no
2026-09-28 04:20:29,711 INFO [model]   decorrelated                -0.0278     [-0.0474, -0.0086]           no
2026-09-28 04:20:29,711 INFO [model] 
  Betting ladder — no_odds_no_glicko (calibrated, frozen thresholds):
2026-09-28 04:20:29,711 INFO [model]     Edge   Bets    Bet%    Win%     ROI%             ROI 95% CI
2026-09-28 04:20:29,711 INFO [model]   --------------------------------------------------------------
2026-09-28 04:20:29,711 INFO [model]       3%   1795   86.0%   39.9%    -5.42          [-11.7, +0.7]
2026-09-28 04:20:29,711 INFO [model]       5%   1601   76.7%   38.9%    -6.01          [-12.3, +0.4]
2026-09-28 04:20:29,711 INFO [model]       8%   1295   62.1%   38.1%    -4.75          [-12.0, +3.0]
2026-09-28 04:20:29,711 INFO [model]      10%   1109   53.1%   36.8%    -6.86          [-14.9, +1.8]
2026-09-28 04:20:29,711 INFO [model]      15%    704   33.7%   34.2%    -8.25          [-18.0, +2.3]
2026-09-28 04:20:29,711 INFO [model] 
  Betting ladder — no_odds (calibrated, frozen thresholds):
2026-09-28 04:20:29,711 INFO [model]     Edge   Bets    Bet%    Win%     ROI%             ROI 95% CI
2026-09-28 04:20:29,711 INFO [model]   --------------------------------------------------------------
2026-09-28 04:20:29,711 INFO [model]       3%   1765   84.6%   40.3%    -6.03          [-12.4, +0.1]
2026-09-28 04:20:29,711 INFO [model]       5%   1603   76.8%   40.1%    -5.39          [-11.9, +0.9]
2026-09-28 04:20:29,711 INFO [model]       8%   1301   62.3%   39.4%    -4.53          [-12.3, +2.7]
2026-09-28 04:20:29,712 INFO [model]      10%   1124   53.9%   38.3%    -5.17          [-13.1, +3.1]
2026-09-28 04:20:29,712 INFO [model]      15%    738   35.4%   36.9%    -6.31          [-16.3, +3.8]
2026-09-28 04:20:29,712 INFO [model] 
  Betting ladder — simulator (calibrated, frozen thresholds):
2026-09-28 04:20:29,712 INFO [model]     Edge   Bets    Bet%    Win%     ROI%             ROI 95% CI
2026-09-28 04:20:29,712 INFO [model]   --------------------------------------------------------------
2026-09-28 04:20:29,712 INFO [model]       3%   1819   87.2%   32.7%   -11.21          [-17.6, -4.4]
2026-09-28 04:20:29,712 INFO [model]       5%   1634   78.3%   31.0%   -12.09          [-19.0, -5.1]
2026-09-28 04:20:29,712 INFO [model]       8%   1392   66.7%   29.2%   -12.77          [-20.5, -5.3]
2026-09-28 04:20:29,712 INFO [model]      10%   1239   59.4%   27.6%   -14.90          [-23.1, -6.5]
2026-09-28 04:20:29,712 INFO [model]      15%    855   41.0%   23.9%   -19.18          [-29.2, -8.4]
2026-09-28 04:20:29,712 INFO [model] 
  Betting ladder — with_odds (calibrated, frozen thresholds):
2026-09-28 04:20:29,712 INFO [model]     Edge   Bets    Bet%    Win%     ROI%             ROI 95% CI
2026-09-28 04:20:29,712 INFO [model]   --------------------------------------------------------------
2026-09-28 04:20:29,712 INFO [model]       3%   1509   72.3%   51.6%    -5.57          [-10.8, -0.4]
2026-09-28 04:20:29,712 INFO [model]       5%   1231   59.0%   51.4%    -7.13          [-13.0, -1.3]
2026-09-28 04:20:29,712 INFO [model]       8%    808   38.7%   51.6%    -7.40          [-14.6, +0.1]
2026-09-28 04:20:29,713 INFO [model]      10%    579   27.7%   52.8%    -7.27          [-15.3, +1.2]
2026-09-28 04:20:29,713 INFO [model]      15%    247   11.8%   51.8%    -8.90          [-21.5, +3.7]
2026-09-28 04:20:29,713 INFO [model] 
  Betting ladder — market_anchored (calibrated, frozen thresholds):
2026-09-28 04:20:29,713 INFO [model]     Edge   Bets    Bet%    Win%     ROI%             ROI 95% CI
2026-09-28 04:20:29,713 INFO [model]   --------------------------------------------------------------
2026-09-28 04:20:29,713 INFO [model]       3%    942   45.1%   40.6%    -5.82          [-13.8, +2.4]
2026-09-28 04:20:29,713 INFO [model]       5%    530   25.4%   43.8%    -2.26          [-13.8, +8.5]
2026-09-28 04:20:29,713 INFO [model]       8%    225   10.8%   49.8%     4.18         [-11.6, +21.0]
2026-09-28 04:20:29,713 INFO [model]      10%    129    6.2%   51.9%    -0.84         [-18.9, +18.3]
2026-09-28 04:20:29,713 INFO [model]      15%     30    1.4%   46.7%   -21.29          [-52.7, +8.9]
2026-09-28 04:20:29,713 INFO [model] 
  Betting ladder — decorrelated (calibrated, frozen thresholds):
2026-09-28 04:20:29,713 INFO [model]     Edge   Bets    Bet%    Win%     ROI%             ROI 95% CI
2026-09-28 04:20:29,713 INFO [model]   --------------------------------------------------------------
2026-09-28 04:20:29,713 INFO [model]       3%   1926   92.3%   60.1%    -1.31           [-5.3, +2.8]
2026-09-28 04:20:29,713 INFO [model]       5%   1800   86.2%   60.9%    -0.58           [-4.8, +3.6]
2026-09-28 04:20:29,713 INFO [model]       8%   1624   77.8%   61.1%    -1.89           [-6.2, +2.5]
2026-09-28 04:20:29,713 INFO [model]      10%   1499   71.8%   61.4%    -1.90           [-6.2, +2.6]
2026-09-28 04:20:29,714 INFO [model]      15%   1167   55.9%   60.7%    -1.28           [-6.6, +3.8]
2026-09-28 04:20:29,794 INFO [model] 
  Saved 2550 per-fight eval predictions to /Users/rafeburns/Downloads/ALocks/alocks-backend/models/ufc/h2h/eval_predictions.csv
2026-09-28 04:20:29,823 INFO [model] 
  Saved evaluation results to /Users/rafeburns/Downloads/ALocks/alocks-backend/models/ufc/h2h/eval_results.json
2026-09-28 04:20:29,823 INFO [model] 
============================================================
2026-09-28 04:20:29,823 INFO [model] Walk-forward evaluation complete.
2026-09-28 04:20:29,823 INFO [model] ============================================================
2026-09-28 04:41:38,056 INFO [model] ============================================================
2026-09-28 04:41:38,057 INFO [model] UFC Fight Winner Prediction Pipeline v6  (2026-09-28 04:41)
2026-09-28 04:41:38,057 INFO [model] ============================================================
2026-09-28 04:41:38,057 INFO [model] Loading data from database...
2026-09-28 04:41:38,196 INFO [model]   Loaded 4616 fighters
2026-09-28 04:41:39,613 INFO [model]   Loaded 22225 fight-stat rows (11161 unique fights)
2026-09-28 04:41:39,613 INFO [model]   Loading per-round stats...
2026-09-28 04:41:41,586 INFO [model]   Loaded 59640 per-round stat rows
2026-09-28 04:41:41,747 INFO [model] 
  Recomputing Glicko snapshots in memory (fixed newcomer seed)...
2026-09-28 04:41:41,748 INFO [glicko_service]   Loading fight data...
2026-09-28 04:41:41,960 INFO [glicko_service]   Loaded 11564 fights
2026-09-28 04:41:41,960 INFO [glicko_service]   Loading per-round stats...
2026-09-28 04:41:43,388 INFO [glicko_service]   Loaded rounds for 11232 fights
2026-09-28 04:41:43,390 INFO [glicko_service]   Loading per-fight derived totals...
2026-09-28 04:41:44,232 INFO [glicko_service]   Loaded 22464 derived totals rows
2026-09-28 04:41:44,278 INFO [glicko_service]   Loaded 4616 fighters
2026-09-28 04:41:44,396 INFO [glicko_service]   Computing weight class baseline rates...
2026-09-28 04:41:44,469 INFO [glicko_service]     P4P: 1 rounds, KD=0.0000, SUB=0.0000, TD=0.0000, td15s_cap=10.0, ctrl15g_cap=10.0, gnp15g_cap=10.0
2026-09-28 04:41:44,469 INFO [glicko_service]     Flyweight: 1650 rounds, KD=0.0224, SUB=0.0692, TD=0.0841, td15s_cap=25.7, ctrl15g_cap=15.0, gnp15g_cap=79.1
2026-09-28 04:41:44,470 INFO [glicko_service]     Bantamweight: 2847 rounds, KD=0.0266, SUB=0.0654, TD=0.0808, td15s_cap=25.7, ctrl15g_cap=15.0, gnp15g_cap=84.0
2026-09-28 04:41:44,471 INFO [glicko_service]     Featherweight: 3282 rounds, KD=0.0258, SUB=0.0677, TD=0.0810, td15s_cap=26.9, ctrl15g_cap=15.0, gnp15g_cap=85.1
2026-09-28 04:41:44,472 INFO [glicko_service]     Lightweight: 4754 rounds, KD=0.0259, SUB=0.0862, TD=0.0880, td15s_cap=25.7, ctrl15g_cap=15.0, gnp15g_cap=77.1
2026-09-28 04:41:44,473 INFO [glicko_service]     Welterweight: 4313 rounds, KD=0.0304, SUB=0.0738, TD=0.0837, td15s_cap=28.1, ctrl15g_cap=15.0, gnp15g_cap=77.6
2026-09-28 04:41:44,474 INFO [glicko_service]     Middleweight: 3888 rounds, KD=0.0305, SUB=0.0772, TD=0.0760, td15s_cap=25.7, ctrl15g_cap=15.0, gnp15g_cap=94.7
2026-09-28 04:41:44,475 INFO [glicko_service]     Light Heavyweight: 2382 rounds, KD=0.0341, SUB=0.0530, TD=0.0697, td15s_cap=26.3, ctrl15g_cap=15.0, gnp15g_cap=106.6
2026-09-28 04:41:44,475 INFO [glicko_service]     Heavyweight: 2555 rounds, KD=0.0335, SUB=0.0598, TD=0.0610, td15s_cap=23.1, ctrl15g_cap=15.0, gnp15g_cap=103.8
2026-09-28 04:41:44,475 INFO [glicko_service]     P4P: 1 rounds, KD=0.0000, SUB=0.0000, TD=0.0000, td15s_cap=10.0, ctrl15g_cap=10.0, gnp15g_cap=10.0
2026-09-28 04:41:44,476 INFO [glicko_service]     Strawweight: 1337 rounds, KD=0.0092, SUB=0.0509, TD=0.0717, td15s_cap=23.4, ctrl15g_cap=15.0, gnp15g_cap=64.7
2026-09-28 04:41:44,476 INFO [glicko_service]     Flyweight: 977 rounds, KD=0.0082, SUB=0.0499, TD=0.0667, td15s_cap=22.2, ctrl15g_cap=15.0, gnp15g_cap=77.1
2026-09-28 04:41:44,476 INFO [glicko_service]     Bantamweight: 943 rounds, KD=0.0104, SUB=0.0520, TD=0.0659, td15s_cap=27.3, ctrl15g_cap=15.0, gnp15g_cap=78.8
2026-09-28 04:41:45,619 INFO [glicko_service]   Processed 27080 rounds
2026-09-28 04:41:45,642 INFO [model]   Computed 21030 snapshots
2026-09-28 04:41:45,642 INFO [model] Building features...
2026-09-28 04:41:45,881 INFO [model]   Computing defensive stats...
2026-09-28 04:41:47,256 INFO [model]   Computing Elo ratings...
2026-09-28 04:41:47,723 INFO [model]   Computing resume scores...
2026-09-28 04:41:47,864 INFO [model]   Using 21030 caller-supplied Glicko snapshots
2026-09-28 04:41:50,238 INFO [model]   Added 15 Glicko features  + 4 confidence features
2026-09-28 04:41:50,239 INFO [model]   Computing Elo-adjusted stats...
2026-09-28 04:41:50,240 INFO [model]   Computing rolling career averages...
2026-09-28 04:42:14,469 INFO [model]   Computing streaks and career stats...
2026-09-28 04:42:15,978 INFO [model]   Computing composite features...
2026-09-28 04:42:15,983 INFO [model]   Computing round-by-round profiles...
2026-09-28 04:42:24,114 INFO [model]   Computing age curve features...
2026-09-28 04:42:24,117 INFO [model]   Computing damage accumulation...
2026-09-28 04:42:25,432 INFO [model]   Computing weight-class movement...
2026-09-28 04:42:25,661 INFO [model]   Computing pre-UFC records...
2026-09-28 04:42:25,699 INFO [model]   Computing age-relative performance residuals...
2026-09-28 04:42:25,873 INFO [model]   Computing fighter style clusters (k=6)...
2026-09-28 04:42:26,276 INFO [model]     Fit on 17081 rows, assigned 22225 fighter-fights
2026-09-28 04:42:26,277 INFO [model]     Style 0 (3339 fighter-fights): SigStr/5=15.4 TD/5=0.6 Sub/5=0.5 Ctrl/5=50.7 GndStr/5=3.1 top=ctrl_per5
2026-09-28 04:42:26,278 INFO [model]     Style 1 (10324 fighter-fights): SigStr/5=15.1 TD/5=0.5 Sub/5=0.3 Ctrl/5=43.5 GndStr/5=3.1 top=ctrl_per5
2026-09-28 04:42:26,278 INFO [model]     Style 2 (3750 fighter-fights): SigStr/5=16.7 TD/5=1.5 Sub/5=0.6 Ctrl/5=113.4 GndStr/5=8.0 top=ctrl_per5
2026-09-28 04:42:26,278 INFO [model]     Style 3 (4191 fighter-fights): SigStr/5=30.5 TD/5=0.3 Sub/5=0.2 Ctrl/5=33.7 GndStr/5=5.6 top=ctrl_per5
2026-09-28 04:42:26,278 INFO [model]     Style 4 (313 fighter-fights): SigStr/5=71.9 TD/5=0.7 Sub/5=0.3 Ctrl/5=55.9 GndStr/5=35.5 top=sig_str_landed_per5
2026-09-28 04:42:26,279 INFO [model]     Style 5 (308 fighter-fights): SigStr/5=11.6 TD/5=2.3 Sub/5=4.7 Ctrl/5=54.7 GndStr/5=3.9 top=ctrl_per5
2026-09-28 04:42:26,374 INFO [model]   Style matchup features computed expanding-in-time (6x6, 22128 fighter-fights)
2026-09-28 04:42:26,705 INFO [model]   Feature matrix shape: (22225, 334)
2026-09-28 04:42:26,733 INFO [model] Building matchup feature matrix...
2026-09-28 04:42:26,857 INFO [model]   Loading odds from database...
2026-09-28 04:42:28,108 INFO [model]   Odds matched: 2837/11064 fights (25.6%)
2026-09-28 04:42:28,140 INFO [model]   Filtered to modern era (2015+): 6248 fights (dropped 4587 pre-2015)
2026-09-28 04:42:28,140 INFO [model]   Red win rate (modern): 0.567
2026-09-28 04:42:28,151 INFO [model]   Matchup matrix: 6248 fights, 292 candidate features
2026-09-28 04:42:28,151 INFO [model]   Red win rate: 0.567
2026-09-28 04:42:28,152 INFO [model]   Date range: 2015-01-03 to 2026-09-05
2026-09-28 04:42:28,157 INFO [model] ============================================================
2026-09-28 04:42:28,157 INFO [model] WALK-FORWARD EVALUATION
2026-09-28 04:42:28,157 INFO [model] ============================================================
2026-09-28 04:42:28,181 INFO [model]   6248 fights | 8 folds over the last 40% (2500 eval fights)
2026-09-28 04:42:28,181 INFO [model]   Hyperparameters are FIXED (not tuned per fold): {'max_depth': 3, 'learning_rate': 0.037, 'max_features': 0.65, 'min_samples_leaf': 32, 'l2_regularization': 4.4, 'max_bins': 128}
2026-09-28 04:42:28,181 INFO [model]   Those values came from an Optuna search that scored on a chronological
2026-09-28 04:42:28,181 INFO [model]   20% slice overlapping this eval window, so a residual selection optimism
2026-09-28 04:42:28,181 INFO [model]   remains. It is bounded and disclosed rather than hidden.
2026-09-28 04:42:28,181 INFO [model] 
------------------------------------------------------------
2026-09-28 04:42:28,181 INFO [model] ARM: with_odds  (292 candidate features)
2026-09-28 04:42:28,181 INFO [model] ------------------------------------------------------------
2026-09-28 04:42:32,337 INFO [model]   Early stopping (chronological val, n=477): best_iter=63 val_logloss=0.6615
2026-09-28 04:42:32,499 INFO [model]   Fold 1/8  train= 3748  test= 312  (2022-06-10 → 2022-12-03)  acc=0.6026  auc=0.6563  iter=63
2026-09-28 04:42:37,652 INFO [model]   Early stopping (chronological val, n=517): best_iter=126 val_logloss=0.6621
2026-09-28 04:42:38,032 INFO [model]   Fold 2/8  train= 4060  test= 313  (2022-12-03 → 2023-07-01)  acc=0.6262  auc=0.6861  iter=126
2026-09-28 04:42:54,532 INFO [model]   Early stopping (chronological val, n=557): best_iter=276 val_logloss=0.6455
2026-09-28 04:42:56,631 INFO [model]   Fold 3/8  train= 4373  test= 312  (2023-07-01 → 2024-01-20)  acc=0.6635  auc=0.7065  iter=276
2026-09-28 04:43:03,338 INFO [model]   Early stopping (chronological val, n=597): best_iter=169 val_logloss=0.6345
2026-09-28 04:43:04,070 INFO [model]   Fold 4/8  train= 4685  test= 313  (2024-01-20 → 2024-07-27)  acc=0.6454  auc=0.6974  iter=169
2026-09-28 04:43:10,608 INFO [model]   Early stopping (chronological val, n=637): best_iter=232 val_logloss=0.6105
2026-09-28 04:43:11,918 INFO [model]   Fold 5/8  train= 4998  test= 312  (2024-08-03 → 2025-02-08)  acc=0.7019  auc=0.7537  iter=232
2026-09-28 04:43:21,802 INFO [model]   Early stopping (chronological val, n=676): best_iter=126 val_logloss=0.6233
2026-09-28 04:43:22,401 INFO [model]   Fold 6/8  train= 5310  test= 313  (2025-02-08 → 2025-08-19)  acc=0.6741  auc=0.7443  iter=126
2026-09-28 04:43:29,455 INFO [model]   Early stopping (chronological val, n=716): best_iter=223 val_logloss=0.6144
2026-09-28 04:43:30,305 INFO [model]   Fold 7/8  train= 5623  test= 312  (2025-08-19 → 2026-03-14)  acc=0.6763  auc=0.7549  iter=223
2026-09-28 04:43:36,606 INFO [model]   Early stopping (chronological val, n=756): best_iter=95 val_logloss=0.6241
2026-09-28 04:43:36,979 INFO [model]   Fold 8/8  train= 5935  test= 313  (2026-03-14 → 2026-09-05)  acc=0.6486  auc=0.7070  iter=95
2026-09-28 04:43:37,048 INFO [model]   POOLED  n=2500  acc=0.6548 [0.6364, 0.6736]  auc=0.7150  brier=0.2131 (calibrated 0.2143)
2026-09-28 04:43:37,049 INFO [model] 
------------------------------------------------------------
2026-09-28 04:43:37,049 INFO [model] ARM: no_odds  (285 candidate features)
2026-09-28 04:43:37,049 INFO [model] ------------------------------------------------------------
2026-09-28 04:43:44,561 INFO [model]   Early stopping (chronological val, n=477): best_iter=54 val_logloss=0.6628
2026-09-28 04:43:44,809 INFO [model]     MarketAnchor: b=0.275 c=+0.062 on 404 priced rows (trusting 28% of disagreement)
2026-09-28 04:43:44,815 INFO [model]   Fold 1/8  train= 3748  test= 312  (2022-06-10 → 2022-12-03)  acc=0.6026  auc=0.6306  iter=54
2026-09-28 04:43:51,407 INFO [model]   Early stopping (chronological val, n=517): best_iter=92 val_logloss=0.6699
2026-09-28 04:43:51,938 INFO [model]     MarketAnchor: b=0.451 c=+0.126 on 483 priced rows (trusting 45% of disagreement)
2026-09-28 04:43:51,945 INFO [model]   Fold 2/8  train= 4060  test= 313  (2022-12-03 → 2023-07-01)  acc=0.5974  auc=0.6369  iter=92
2026-09-28 04:44:00,820 INFO [model]   Early stopping (chronological val, n=557): best_iter=443 val_logloss=0.6642
2026-09-28 04:44:03,838 INFO [model]     MarketAnchor: b=0.357 c=+0.117 on 524 priced rows (trusting 36% of disagreement)
2026-09-28 04:44:03,845 INFO [model]   Fold 3/8  train= 4373  test= 312  (2023-07-01 → 2024-01-20)  acc=0.6282  auc=0.6347  iter=443
2026-09-28 04:44:11,986 INFO [model]   Early stopping (chronological val, n=597): best_iter=203 val_logloss=0.6524
2026-09-28 04:44:12,903 INFO [model]     MarketAnchor: b=0.250 c=+0.125 on 590 priced rows (trusting 25% of disagreement)
2026-09-28 04:44:12,908 INFO [model]   Fold 4/8  train= 4685  test= 313  (2024-01-20 → 2024-07-27)  acc=0.6166  auc=0.6344  iter=203
2026-09-28 04:44:20,449 INFO [model]   Early stopping (chronological val, n=637): best_iter=247 val_logloss=0.6368
2026-09-28 04:44:21,425 INFO [model]     MarketAnchor: b=0.221 c=+0.035 on 626 priced rows (trusting 22% of disagreement)
2026-09-28 04:44:21,429 INFO [model]   Fold 5/8  train= 4998  test= 312  (2024-08-03 → 2025-02-08)  acc=0.6667  auc=0.6880  iter=247
2026-09-28 04:44:32,134 INFO [model]   Early stopping (chronological val, n=676): best_iter=92 val_logloss=0.6549
2026-09-28 04:44:32,612 INFO [model]     MarketAnchor: b=0.142 c=+0.078 on 682 priced rows (trusting 14% of disagreement)
2026-09-28 04:44:32,619 INFO [model]   Fold 6/8  train= 5310  test= 313  (2025-02-08 → 2025-08-19)  acc=0.6518  auc=0.6865  iter=92
2026-09-28 04:44:38,535 INFO [model]   Early stopping (chronological val, n=716): best_iter=160 val_logloss=0.6512
2026-09-28 04:44:38,911 INFO [model]     MarketAnchor: b=0.213 c=+0.058 on 719 priced rows (trusting 21% of disagreement)
2026-09-28 04:44:38,916 INFO [model]   Fold 7/8  train= 5623  test= 312  (2025-08-19 → 2026-03-14)  acc=0.6378  auc=0.7124  iter=160
2026-09-28 04:44:45,053 INFO [model]   Early stopping (chronological val, n=756): best_iter=242 val_logloss=0.6518
2026-09-28 04:44:45,928 INFO [model]     MarketAnchor: b=0.349 c=+0.080 on 757 priced rows (trusting 35% of disagreement)
2026-09-28 04:44:45,934 INFO [model]   Fold 8/8  train= 5935  test= 313  (2026-03-14 → 2026-09-05)  acc=0.6102  auc=0.6543  iter=242
2026-09-28 04:44:46,000 INFO [model]   POOLED  n=2500  acc=0.6264 [0.6076, 0.6452]  auc=0.6608  brier=0.2285 (calibrated 0.2297)
2026-09-28 04:44:46,000 INFO [model] 
------------------------------------------------------------
2026-09-28 04:44:46,000 INFO [model] ARM: no_odds_no_glicko  (228 candidate features)
2026-09-28 04:44:46,000 INFO [model] ------------------------------------------------------------
2026-09-28 04:44:53,196 INFO [model]   Early stopping (chronological val, n=477): best_iter=70 val_logloss=0.6647
2026-09-28 04:44:53,716 INFO [model]   Fold 1/8  train= 3748  test= 312  (2022-06-10 → 2022-12-03)  acc=0.6122  auc=0.6531  iter=70
2026-09-28 04:45:00,018 INFO [model]   Early stopping (chronological val, n=517): best_iter=210 val_logloss=0.6653
2026-09-28 04:45:00,742 INFO [model]   Fold 2/8  train= 4060  test= 313  (2022-12-03 → 2023-07-01)  acc=0.6038  auc=0.6319  iter=210
2026-09-28 04:45:06,057 INFO [model]   Early stopping (chronological val, n=557): best_iter=165 val_logloss=0.6697
2026-09-28 04:45:06,724 INFO [model]   Fold 3/8  train= 4373  test= 312  (2023-07-01 → 2024-01-20)  acc=0.5865  auc=0.6234  iter=165
2026-09-28 04:45:13,119 INFO [model]   Early stopping (chronological val, n=597): best_iter=139 val_logloss=0.6627
2026-09-28 04:45:13,894 INFO [model]   Fold 4/8  train= 4685  test= 313  (2024-01-20 → 2024-07-27)  acc=0.6070  auc=0.6212  iter=139
2026-09-28 04:45:22,416 INFO [model]   Early stopping (chronological val, n=637): best_iter=141 val_logloss=0.6449
2026-09-28 04:45:22,978 INFO [model]   Fold 5/8  train= 4998  test= 312  (2024-08-03 → 2025-02-08)  acc=0.6186  auc=0.6628  iter=141
2026-09-28 04:45:28,977 INFO [model]   Early stopping (chronological val, n=676): best_iter=98 val_logloss=0.6570
2026-09-28 04:45:29,257 INFO [model]   Fold 6/8  train= 5310  test= 313  (2025-02-08 → 2025-08-19)  acc=0.6262  auc=0.6803  iter=98
2026-09-28 04:45:33,648 INFO [model]   Early stopping (chronological val, n=716): best_iter=95 val_logloss=0.6545
2026-09-28 04:45:33,942 INFO [model]   Fold 7/8  train= 5623  test= 312  (2025-08-19 → 2026-03-14)  acc=0.6314  auc=0.6914  iter=95
2026-09-28 04:45:42,317 INFO [model]   Early stopping (chronological val, n=756): best_iter=256 val_logloss=0.6557
2026-09-28 04:45:43,493 INFO [model]   Fold 8/8  train= 5935  test= 313  (2026-03-14 → 2026-09-05)  acc=0.6102  auc=0.6565  iter=256
2026-09-28 04:45:43,565 INFO [model]   POOLED  n=2500  acc=0.6120 [0.5936, 0.6312]  auc=0.6520  brier=0.2309 (calibrated 0.2318)
2026-09-28 04:45:43,565 INFO [model] 
------------------------------------------------------------
2026-09-28 04:45:43,565 INFO [model] ARM: simulator (competing risks over Glicko)
2026-09-28 04:45:43,565 INFO [model] ------------------------------------------------------------
2026-09-28 04:45:46,575 INFO [model]   Fold 1/8  train= 3748  test= 312  sims=5000  b_dec=+0.324
2026-09-28 04:45:49,328 INFO [model]   Fold 2/8  train= 4060  test= 313  sims=5000  b_dec=+0.320
2026-09-28 04:45:51,941 INFO [model]   Fold 3/8  train= 4373  test= 312  sims=5000  b_dec=+0.308
2026-09-28 04:45:54,483 INFO [model]   Fold 4/8  train= 4685  test= 313  sims=5000  b_dec=+0.313
2026-09-28 04:45:56,986 INFO [model]   Fold 5/8  train= 4998  test= 312  sims=5000  b_dec=+0.293
2026-09-28 04:45:59,968 INFO [model]   Fold 6/8  train= 5310  test= 313  sims=5000  b_dec=+0.297
2026-09-28 04:46:03,443 INFO [model]   Fold 7/8  train= 5623  test= 312  sims=5000  b_dec=+0.292
2026-09-28 04:46:07,283 INFO [model]   Fold 8/8  train= 5935  test= 313  sims=5000  b_dec=+0.282
2026-09-28 04:46:07,335 INFO [model] 
  METHOD (scored on realised outcomes — no market exists for this)
2026-09-28 04:46:07,335 INFO [model]     log loss   1.0084  vs base rate 1.0293
2026-09-28 04:46:07,335 INFO [model]     accuracy   0.4872
2026-09-28 04:46:07,335 INFO [model]     class     Brier     base
2026-09-28 04:46:07,335 INFO [model]     KO       0.2216   0.2264
2026-09-28 04:46:07,335 INFO [model]     SUB      0.1433   0.1468
2026-09-28 04:46:07,336 INFO [model]     DEC      0.2461   0.2499
2026-09-28 04:46:07,336 INFO [model]     predicted mix [0.34  0.173 0.487]  actual [0.345 0.179 0.476]
2026-09-28 04:46:07,336 INFO [model] 
------------------------------------------------------------
2026-09-28 04:46:07,336 INFO [model] ARM: decorrelated (market-decorrelation penalty)
2026-09-28 04:46:07,336 INFO [model] ------------------------------------------------------------
2026-09-28 04:46:13,641 INFO [model]   Fold 1/8  train= 3748  test= 312  gamma=2.0  inner_roi=-1.52%
2026-09-28 04:46:18,180 INFO [model]   Fold 2/8  train= 4060  test= 313  gamma=0.0  inner_roi=+0.91%
2026-09-28 04:46:26,315 INFO [model]   Fold 3/8  train= 4373  test= 312  gamma=0.0  inner_roi=+3.89%
2026-09-28 04:46:35,600 INFO [model]   Fold 4/8  train= 4685  test= 313  gamma=0.0  inner_roi=+5.56%
2026-09-28 04:46:47,495 INFO [model]   Fold 5/8  train= 4998  test= 312  gamma=1.0  inner_roi=-0.20%
2026-09-28 04:46:55,829 INFO [model]   Fold 6/8  train= 5310  test= 313  gamma=0.1  inner_roi=+3.03%
2026-09-28 04:47:03,901 INFO [model]   Fold 7/8  train= 5623  test= 312  gamma=0.0  inner_roi=+0.77%
2026-09-28 04:47:13,062 INFO [model]   Fold 8/8  train= 5935  test= 313  gamma=0.0  inner_roi=+7.01%
2026-09-28 04:47:13,110 INFO [model]   gamma per fold: [2.0, 0.0, 0.0, 0.0, 1.0, 0.1, 0.0, 0.0]
2026-09-28 04:47:13,148 INFO [model] 
------------------------------------------------------------
2026-09-28 04:47:13,148 INFO [model] MARKET-ANCHORED ARM  (base = no_odds)
2026-09-28 04:47:13,148 INFO [model] ------------------------------------------------------------
2026-09-28 04:47:13,148 INFO [model]   b = fraction of the model's disagreement with the line that is trusted
2026-09-28 04:47:13,148 INFO [model]    Fold        b        c   n_fit
2026-09-28 04:47:13,148 INFO [model]   --------------------------------
2026-09-28 04:47:13,148 INFO [model]       1    0.275   +0.062     404
2026-09-28 04:47:13,148 INFO [model]       2    0.451   +0.126     483
2026-09-28 04:47:13,148 INFO [model]       3    0.357   +0.117     524
2026-09-28 04:47:13,148 INFO [model]       4    0.250   +0.125     590
2026-09-28 04:47:13,148 INFO [model]       5    0.221   +0.035     626
2026-09-28 04:47:13,148 INFO [model]       6    0.142   +0.078     682
2026-09-28 04:47:13,148 INFO [model]       7    0.213   +0.058     719
2026-09-28 04:47:13,148 INFO [model]       8    0.349   +0.080     757
2026-09-28 04:47:13,149 INFO [model]   mean b = 0.282
2026-09-28 04:47:13,149 INFO [model] 
------------------------------------------------------------
2026-09-28 04:47:13,149 INFO [model] MARKET COMPARISON (fights with odds)
2026-09-28 04:47:13,149 INFO [model] ------------------------------------------------------------
2026-09-28 04:47:13,196 INFO [model]   Eval fights with odds: 2052 (2022-06-11 → 2026-09-05)
2026-09-28 04:47:13,196 INFO [model]   Average vig: 0.000
2026-09-28 04:47:13,196 INFO [model] 
  Arm                       Acc             95% CI      AUC    Brier  corr(mkt)   partial
2026-09-28 04:47:13,196 INFO [model]   ----------------------------------------------------------------------------------------
2026-09-28 04:47:13,196 INFO [model]   market only            0.6837     [0.664, 0.704]        —   0.2032      1.000     1.000
2026-09-28 04:47:13,367 INFO [model]   no_odds_no_glicko      0.6282     [0.607, 0.650]   0.6642   0.2286      0.534     0.488
2026-09-28 04:47:13,533 INFO [model]   no_odds                0.6350     [0.615, 0.656]   0.6713   0.2263      0.567     0.522
2026-09-28 04:47:13,699 INFO [model]   simulator              0.5970     [0.577, 0.618]   0.6117   0.2372      0.457     0.423
2026-09-28 04:47:13,831 INFO [model]   with_odds              0.6759     [0.656, 0.696]   0.7331   0.2071      0.833     0.805
2026-09-28 04:47:13,931 INFO [model]   market_anchored        0.6935     [0.675, 0.713]   0.7401   0.2053      0.948     0.937
2026-09-28 04:47:14,093 INFO [model]   decorrelated           0.6598     [0.639, 0.681]   0.6968   0.2434      0.613     0.568
2026-09-28 04:47:14,093 INFO [model] 
  Arm                    Acc − market         95% CI of diff   Beats mkt?
2026-09-28 04:47:14,093 INFO [model]   ------------------------------------------------------------------------
2026-09-28 04:47:14,093 INFO [model]   no_odds_no_glicko           -0.0556     [-0.0780, -0.0317]           no
2026-09-28 04:47:14,093 INFO [model]   no_odds                     -0.0487     [-0.0707, -0.0273]           no
2026-09-28 04:47:14,093 INFO [model]   simulator                   -0.0867     [-0.1111, -0.0614]           no
2026-09-28 04:47:14,093 INFO [model]   with_odds                   -0.0078     [-0.0229, +0.0073]           no
2026-09-28 04:47:14,093 INFO [model]   market_anchored             +0.0097     [-0.0019, +0.0210]           no
2026-09-28 04:47:14,093 INFO [model]   decorrelated                -0.0239     [-0.0443, -0.0039]           no
2026-09-28 04:47:14,093 INFO [model] 
  Betting ladder — no_odds_no_glicko (calibrated, frozen thresholds):
2026-09-28 04:47:14,093 INFO [model]     Edge   Bets    Bet%    Win%     ROI%             ROI 95% CI
2026-09-28 04:47:14,093 INFO [model]   --------------------------------------------------------------
2026-09-28 04:47:14,093 INFO [model]       3%   1766   86.1%   40.3%    -7.05          [-12.8, -1.0]
2026-09-28 04:47:14,093 INFO [model]       5%   1562   76.1%   39.6%    -7.16          [-13.8, -0.7]
2026-09-28 04:47:14,093 INFO [model]       8%   1294   63.1%   38.4%    -7.50          [-14.5, -0.3]
2026-09-28 04:47:14,093 INFO [model]      10%   1111   54.1%   38.1%    -5.79          [-13.3, +2.2]
2026-09-28 04:47:14,093 INFO [model]      15%    743   36.2%   35.0%    -9.82          [-19.6, -0.0]
2026-09-28 04:47:14,093 INFO [model] 
  Betting ladder — no_odds (calibrated, frozen thresholds):
2026-09-28 04:47:14,093 INFO [model]     Edge   Bets    Bet%    Win%     ROI%             ROI 95% CI
2026-09-28 04:47:14,093 INFO [model]   --------------------------------------------------------------
2026-09-28 04:47:14,094 INFO [model]       3%   1714   83.5%   41.5%    -6.29          [-12.0, -0.0]
2026-09-28 04:47:14,094 INFO [model]       5%   1507   73.4%   40.7%    -6.48          [-13.1, +0.2]
2026-09-28 04:47:14,094 INFO [model]       8%   1244   60.6%   40.5%    -4.92          [-12.2, +2.6]
2026-09-28 04:47:14,094 INFO [model]      10%   1083   52.8%   40.3%    -4.57          [-12.8, +3.2]
2026-09-28 04:47:14,094 INFO [model]      15%    707   34.5%   37.9%    -6.31          [-15.8, +3.8]
2026-09-28 04:47:14,094 INFO [model] 
  Betting ladder — simulator (calibrated, frozen thresholds):
2026-09-28 04:47:14,094 INFO [model]     Edge   Bets    Bet%    Win%     ROI%             ROI 95% CI
2026-09-28 04:47:14,094 INFO [model]   --------------------------------------------------------------
2026-09-28 04:47:14,094 INFO [model]       3%   1795   87.5%   32.6%   -12.99          [-18.9, -6.4]
2026-09-28 04:47:14,094 INFO [model]       5%   1625   79.2%   31.3%   -13.29          [-19.9, -6.5]
2026-09-28 04:47:14,094 INFO [model]       8%   1381   67.3%   29.3%   -14.76          [-22.1, -6.8]
2026-09-28 04:47:14,094 INFO [model]      10%   1189   57.9%   27.8%   -16.33          [-24.7, -8.1]
2026-09-28 04:47:14,094 INFO [model]      15%    832   40.5%   24.6%   -18.26          [-28.5, -7.3]
2026-09-28 04:47:14,094 INFO [model] 
  Betting ladder — with_odds (calibrated, frozen thresholds):
2026-09-28 04:47:14,094 INFO [model]     Edge   Bets    Bet%    Win%     ROI%             ROI 95% CI
2026-09-28 04:47:14,094 INFO [model]   --------------------------------------------------------------
2026-09-28 04:47:14,094 INFO [model]       3%   1492   72.7%   55.8%    -2.03           [-7.1, +3.2]
2026-09-28 04:47:14,094 INFO [model]       5%   1201   58.5%   57.4%    -0.95           [-6.8, +4.8]
2026-09-28 04:47:14,094 INFO [model]       8%    827   40.3%   58.4%     2.58           [-4.3, +9.5]
2026-09-28 04:47:14,094 INFO [model]      10%    631   30.8%   59.0%     2.70          [-5.0, +10.6]
2026-09-28 04:47:14,094 INFO [model]      15%    274   13.4%   56.9%     1.12         [-10.2, +12.8]
2026-09-28 04:47:14,094 INFO [model] 
  Betting ladder — market_anchored (calibrated, frozen thresholds):
2026-09-28 04:47:14,094 INFO [model]     Edge   Bets    Bet%    Win%     ROI%             ROI 95% CI
2026-09-28 04:47:14,094 INFO [model]   --------------------------------------------------------------
2026-09-28 04:47:14,094 INFO [model]       3%   1037   50.5%   44.9%    -1.86           [-9.4, +6.2]
2026-09-28 04:47:14,094 INFO [model]       5%    637   31.0%   46.3%    -0.50           [-9.9, +9.6]
2026-09-28 04:47:14,094 INFO [model]       8%    269   13.1%   45.7%    -8.83          [-22.5, +4.5]
2026-09-28 04:47:14,094 INFO [model]      10%    143    7.0%   45.5%   -10.19          [-27.1, +8.5]
2026-09-28 04:47:14,095 INFO [model]      15%     39    1.9%   48.7%    -6.72         [-38.9, +26.0]
2026-09-28 04:47:14,095 INFO [model] 
  Betting ladder — decorrelated (calibrated, frozen thresholds):
2026-09-28 04:47:14,095 INFO [model]     Edge   Bets    Bet%    Win%     ROI%             ROI 95% CI
2026-09-28 04:47:14,095 INFO [model]   --------------------------------------------------------------
2026-09-28 04:47:14,095 INFO [model]       3%   1869   91.1%   62.0%     0.47           [-3.6, +4.6]
2026-09-28 04:47:14,095 INFO [model]       5%   1763   85.9%   63.1%     1.42           [-2.7, +5.5]
2026-09-28 04:47:14,095 INFO [model]       8%   1575   76.8%   63.9%     1.56           [-2.6, +5.7]
2026-09-28 04:47:14,095 INFO [model]      10%   1437   70.0%   63.0%     0.14           [-4.2, +4.4]
2026-09-28 04:47:14,095 INFO [model]      15%   1088   53.0%   61.6%     0.51           [-4.8, +5.7]
2026-09-28 04:47:14,143 INFO [model] 
  Saved 2500 per-fight eval predictions to /Users/rafeburns/Downloads/ALocks/alocks-backend/models/ufc/h2h/eval_predictions.csv
2026-09-28 04:47:14,160 INFO [model] 
  Saved evaluation results to /Users/rafeburns/Downloads/ALocks/alocks-backend/models/ufc/h2h/eval_results.json
2026-09-28 04:47:14,160 INFO [model] 
============================================================
2026-09-28 04:47:14,160 INFO [model] Walk-forward evaluation complete.
2026-09-28 04:47:14,160 INFO [model] ============================================================
2026-09-28 04:48:50,130 INFO [model] ============================================================
2026-09-28 04:48:50,130 INFO [model] UFC Fight Winner Prediction Pipeline v6  (2026-09-28 04:48)
2026-09-28 04:48:50,130 INFO [model] ============================================================
2026-09-28 04:48:50,130 INFO [model] Loading data from database...
2026-09-28 04:48:50,260 INFO [model]   Loaded 4616 fighters
2026-09-28 04:48:51,553 INFO [model]   Loaded 22225 fight-stat rows (11161 unique fights)
2026-09-28 04:48:51,553 INFO [model]   Loading per-round stats...
2026-09-28 04:48:53,138 INFO [model]   Loaded 59640 per-round stat rows
2026-09-28 04:48:53,257 INFO [model] 
  Recomputing Glicko snapshots in memory (fixed newcomer seed)...
2026-09-28 04:48:53,257 INFO [glicko_service]   Loading fight data...
2026-09-28 04:48:53,447 INFO [glicko_service]   Loaded 11564 fights
2026-09-28 04:48:53,447 INFO [glicko_service]   Loading per-round stats...
2026-09-28 04:48:54,780 INFO [glicko_service]   Loaded rounds for 11232 fights
2026-09-28 04:48:54,780 INFO [glicko_service]   Loading per-fight derived totals...
2026-09-28 04:48:55,663 INFO [glicko_service]   Loaded 22464 derived totals rows
2026-09-28 04:48:55,705 INFO [glicko_service]   Loaded 4616 fighters
2026-09-28 04:48:55,842 INFO [glicko_service]   Computing weight class baseline rates...
2026-09-28 04:48:55,923 INFO [glicko_service]     P4P: 1 rounds, KD=0.0000, SUB=0.0000, TD=0.0000, td15s_cap=10.0, ctrl15g_cap=10.0, gnp15g_cap=10.0
2026-09-28 04:48:55,924 INFO [glicko_service]     Flyweight: 1650 rounds, KD=0.0224, SUB=0.0692, TD=0.0841, td15s_cap=25.7, ctrl15g_cap=15.0, gnp15g_cap=79.1
2026-09-28 04:48:55,925 INFO [glicko_service]     Bantamweight: 2847 rounds, KD=0.0266, SUB=0.0654, TD=0.0808, td15s_cap=25.7, ctrl15g_cap=15.0, gnp15g_cap=84.0
2026-09-28 04:48:55,926 INFO [glicko_service]     Featherweight: 3282 rounds, KD=0.0258, SUB=0.0677, TD=0.0810, td15s_cap=26.9, ctrl15g_cap=15.0, gnp15g_cap=85.1
2026-09-28 04:48:55,927 INFO [glicko_service]     Lightweight: 4754 rounds, KD=0.0259, SUB=0.0862, TD=0.0880, td15s_cap=25.7, ctrl15g_cap=15.0, gnp15g_cap=77.1
2026-09-28 04:48:55,928 INFO [glicko_service]     Welterweight: 4313 rounds, KD=0.0304, SUB=0.0738, TD=0.0837, td15s_cap=28.1, ctrl15g_cap=15.0, gnp15g_cap=77.6
2026-09-28 04:48:55,929 INFO [glicko_service]     Middleweight: 3888 rounds, KD=0.0305, SUB=0.0772, TD=0.0760, td15s_cap=25.7, ctrl15g_cap=15.0, gnp15g_cap=94.7
2026-09-28 04:48:55,930 INFO [glicko_service]     Light Heavyweight: 2382 rounds, KD=0.0341, SUB=0.0530, TD=0.0697, td15s_cap=26.3, ctrl15g_cap=15.0, gnp15g_cap=106.6
2026-09-28 04:48:55,931 INFO [glicko_service]     Heavyweight: 2555 rounds, KD=0.0335, SUB=0.0598, TD=0.0610, td15s_cap=23.1, ctrl15g_cap=15.0, gnp15g_cap=103.8
2026-09-28 04:48:55,931 INFO [glicko_service]     P4P: 1 rounds, KD=0.0000, SUB=0.0000, TD=0.0000, td15s_cap=10.0, ctrl15g_cap=10.0, gnp15g_cap=10.0
2026-09-28 04:48:55,931 INFO [glicko_service]     Strawweight: 1337 rounds, KD=0.0092, SUB=0.0509, TD=0.0717, td15s_cap=23.4, ctrl15g_cap=15.0, gnp15g_cap=64.7
2026-09-28 04:48:55,931 INFO [glicko_service]     Flyweight: 977 rounds, KD=0.0082, SUB=0.0499, TD=0.0667, td15s_cap=22.2, ctrl15g_cap=15.0, gnp15g_cap=77.1
2026-09-28 04:48:55,932 INFO [glicko_service]     Bantamweight: 943 rounds, KD=0.0104, SUB=0.0520, TD=0.0659, td15s_cap=27.3, ctrl15g_cap=15.0, gnp15g_cap=78.8
2026-09-28 04:48:57,316 INFO [glicko_service]   Processed 27080 rounds
2026-09-28 04:48:57,344 INFO [model]   Computed 21030 snapshots
2026-09-28 04:48:57,344 INFO [model] Building features...
2026-09-28 04:48:57,660 INFO [model]   Computing defensive stats...
2026-09-28 04:48:59,400 INFO [model]   Computing Elo ratings...
2026-09-28 04:49:00,261 INFO [model]   Computing resume scores...
2026-09-28 04:49:00,506 INFO [model]   Using 21030 caller-supplied Glicko snapshots
2026-09-28 04:49:03,577 INFO [model]   Added 15 Glicko features  + 4 confidence features
2026-09-28 04:49:03,578 INFO [model]   Computing Elo-adjusted stats...
2026-09-28 04:49:03,579 INFO [model]   Computing rolling career averages...
2026-09-28 04:49:45,129 INFO [model]   Computing streaks and career stats...
2026-09-28 04:49:47,506 INFO [model]   Computing composite features...
2026-09-28 04:49:47,512 INFO [model]   Computing round-by-round profiles...
2026-09-28 04:50:02,947 INFO [model]   Computing age curve features...
2026-09-28 04:50:02,951 INFO [model]   Computing damage accumulation...
2026-09-28 04:50:04,759 INFO [model]   Computing weight-class movement...
2026-09-28 04:50:05,061 INFO [model]   Computing pre-UFC records...
2026-09-28 04:50:05,098 INFO [model]   Computing age-relative performance residuals...
2026-09-28 04:50:05,249 INFO [model]   Computing fighter style clusters (k=6)...
2026-09-28 04:50:05,664 INFO [model]     Fit on 17081 rows, assigned 22225 fighter-fights
2026-09-28 04:50:05,666 INFO [model]     Style 0 (3339 fighter-fights): SigStr/5=15.4 TD/5=0.6 Sub/5=0.5 Ctrl/5=50.7 GndStr/5=3.1 top=ctrl_per5
2026-09-28 04:50:05,667 INFO [model]     Style 1 (10324 fighter-fights): SigStr/5=15.1 TD/5=0.5 Sub/5=0.3 Ctrl/5=43.5 GndStr/5=3.1 top=ctrl_per5
2026-09-28 04:50:05,667 INFO [model]     Style 2 (3750 fighter-fights): SigStr/5=16.7 TD/5=1.5 Sub/5=0.6 Ctrl/5=113.4 GndStr/5=8.0 top=ctrl_per5
2026-09-28 04:50:05,667 INFO [model]     Style 3 (4191 fighter-fights): SigStr/5=30.5 TD/5=0.3 Sub/5=0.2 Ctrl/5=33.7 GndStr/5=5.6 top=ctrl_per5
2026-09-28 04:50:05,667 INFO [model]     Style 4 (313 fighter-fights): SigStr/5=71.9 TD/5=0.7 Sub/5=0.3 Ctrl/5=55.9 GndStr/5=35.5 top=sig_str_landed_per5
2026-09-28 04:50:05,668 INFO [model]     Style 5 (308 fighter-fights): SigStr/5=11.6 TD/5=2.3 Sub/5=4.7 Ctrl/5=54.7 GndStr/5=3.9 top=ctrl_per5
2026-09-28 04:50:05,831 INFO [model]   Style matchup features computed expanding-in-time (6x6, 22128 fighter-fights)
2026-09-28 04:50:06,531 INFO [model]   Feature matrix shape: (22225, 335)
2026-09-28 04:50:06,576 INFO [model] Building matchup feature matrix...
2026-09-28 04:50:06,802 INFO [model]   Loading odds from database...
2026-09-28 04:50:08,945 INFO [model]   Odds matched: 2837/11064 fights (25.6%)
2026-09-28 04:50:09,013 INFO [model]   Filtered to modern era (2015+): 6248 fights (dropped 4587 pre-2015)
2026-09-28 04:50:09,013 INFO [model]   Red win rate (modern): 0.567
2026-09-28 04:50:09,035 INFO [model]   Matchup matrix: 6248 fights, 292 candidate features
2026-09-28 04:50:09,035 INFO [model]   Red win rate: 0.567
2026-09-28 04:50:09,036 INFO [model]   Date range: 2015-01-03 to 2026-09-05
2026-09-28 04:50:09,048 INFO [model] ============================================================
2026-09-28 04:50:09,048 INFO [model] WALK-FORWARD EVALUATION
2026-09-28 04:50:09,048 INFO [model] ============================================================
2026-09-28 04:50:09,088 INFO [model]   6248 fights | 8 folds over the last 40% (2500 eval fights)
2026-09-28 04:50:09,088 INFO [model]   Hyperparameters are FIXED (not tuned per fold): {'max_depth': 3, 'learning_rate': 0.037, 'max_features': 0.65, 'min_samples_leaf': 32, 'l2_regularization': 4.4, 'max_bins': 128}
2026-09-28 04:50:09,088 INFO [model]   Those values came from an Optuna search that scored on a chronological
2026-09-28 04:50:09,088 INFO [model]   20% slice overlapping this eval window, so a residual selection optimism
2026-09-28 04:50:09,088 INFO [model]   remains. It is bounded and disclosed rather than hidden.
2026-09-28 04:50:09,089 INFO [model] 
------------------------------------------------------------
2026-09-28 04:50:09,089 INFO [model] ARM: with_odds  (292 candidate features)
2026-09-28 04:50:09,089 INFO [model] ------------------------------------------------------------
2026-09-28 04:50:24,426 INFO [model]   Early stopping (chronological val, n=477): best_iter=54 val_logloss=0.6628
2026-09-28 04:50:25,082 INFO [model]   Fold 1/8  train= 3748  test= 312  (2022-06-10 → 2022-12-03)  acc=0.6026  auc=0.6462  iter=54
2026-09-28 04:50:38,181 INFO [model]   Early stopping (chronological val, n=517): best_iter=104 val_logloss=0.6620
2026-09-28 04:50:39,085 INFO [model]   Fold 2/8  train= 4060  test= 313  (2022-12-03 → 2023-07-01)  acc=0.6230  auc=0.6846  iter=104
2026-09-28 04:50:53,317 INFO [model]   Early stopping (chronological val, n=557): best_iter=378 val_logloss=0.6412
2026-09-28 04:50:57,306 INFO [model]   Fold 3/8  train= 4373  test= 312  (2023-07-01 → 2024-01-20)  acc=0.6795  auc=0.7111  iter=378
2026-09-28 04:51:10,644 INFO [model]   Early stopping (chronological val, n=597): best_iter=150 val_logloss=0.6351
2026-09-28 04:51:12,037 INFO [model]   Fold 4/8  train= 4685  test= 313  (2024-01-20 → 2024-07-27)  acc=0.6613  auc=0.7034  iter=150
2026-09-28 04:51:26,024 INFO [model]   Early stopping (chronological val, n=637): best_iter=203 val_logloss=0.6089
2026-09-28 04:51:28,431 INFO [model]   Fold 5/8  train= 4998  test= 312  (2024-08-03 → 2025-02-08)  acc=0.7115  auc=0.7525  iter=203
2026-09-28 04:51:48,920 INFO [model]   Early stopping (chronological val, n=676): best_iter=122 val_logloss=0.6174
2026-09-28 04:51:59,720 INFO [model]   Fold 6/8  train= 5310  test= 313  (2025-02-08 → 2025-08-19)  acc=0.6677  auc=0.7499  iter=122
2026-09-28 04:52:35,515 INFO [model]   Early stopping (chronological val, n=716): best_iter=129 val_logloss=0.6152
2026-09-28 04:52:37,652 INFO [model]   Fold 7/8  train= 5623  test= 312  (2025-08-19 → 2026-03-14)  acc=0.6731  auc=0.7546  iter=129
2026-09-28 04:52:51,946 INFO [model]   Early stopping (chronological val, n=756): best_iter=216 val_logloss=0.6156
2026-09-28 04:52:54,225 INFO [model]   Fold 8/8  train= 5935  test= 313  (2026-03-14 → 2026-09-05)  acc=0.6518  auc=0.7067  iter=216
2026-09-28 04:52:54,324 INFO [model]   POOLED  n=2500  acc=0.6588 [0.6408, 0.6772]  auc=0.7159  brier=0.2128 (calibrated 0.2136)
2026-09-28 04:52:54,324 INFO [model] 
------------------------------------------------------------
2026-09-28 04:52:54,324 INFO [model] ARM: no_odds  (285 candidate features)
2026-09-28 04:52:54,324 INFO [model] ------------------------------------------------------------
2026-09-28 04:53:12,343 INFO [model]   Early stopping (chronological val, n=477): best_iter=54 val_logloss=0.6627
2026-09-28 04:53:12,951 INFO [model]     MarketAnchor: b=0.234 c=+0.075 on 404 priced rows (trusting 23% of disagreement)
2026-09-28 04:53:12,962 INFO [model]   Fold 1/8  train= 3748  test= 312  (2022-06-10 → 2022-12-03)  acc=0.6090  auc=0.6352  iter=54
2026-09-28 04:53:28,863 INFO [model]   Early stopping (chronological val, n=517): best_iter=61 val_logloss=0.6706
2026-09-28 04:53:29,719 INFO [model]     MarketAnchor: b=0.445 c=+0.128 on 483 priced rows (trusting 45% of disagreement)
2026-09-28 04:53:29,727 INFO [model]   Fold 2/8  train= 4060  test= 313  (2022-12-03 → 2023-07-01)  acc=0.5879  auc=0.6356  iter=61
2026-09-28 04:53:48,131 INFO [model]   Early stopping (chronological val, n=557): best_iter=283 val_logloss=0.6637
2026-09-28 04:53:52,841 INFO [model]     MarketAnchor: b=0.451 c=+0.113 on 524 priced rows (trusting 45% of disagreement)
2026-09-28 04:53:52,855 INFO [model]   Fold 3/8  train= 4373  test= 312  (2023-07-01 → 2024-01-20)  acc=0.6218  auc=0.6413  iter=283
2026-09-28 04:54:11,152 INFO [model]   Early stopping (chronological val, n=597): best_iter=189 val_logloss=0.6528
2026-09-28 04:54:12,969 INFO [model]     MarketAnchor: b=0.289 c=+0.117 on 590 priced rows (trusting 29% of disagreement)
2026-09-28 04:54:12,977 INFO [model]   Fold 4/8  train= 4685  test= 313  (2024-01-20 → 2024-07-27)  acc=0.6038  auc=0.6320  iter=189
2026-09-28 04:54:28,062 INFO [model]   Early stopping (chronological val, n=637): best_iter=256 val_logloss=0.6369
2026-09-28 04:54:31,922 INFO [model]     MarketAnchor: b=0.192 c=+0.038 on 626 priced rows (trusting 19% of disagreement)
2026-09-28 04:54:31,933 INFO [model]   Fold 5/8  train= 4998  test= 312  (2024-08-03 → 2025-02-08)  acc=0.6506  auc=0.6904  iter=256
2026-09-28 04:54:56,613 INFO [model]   Early stopping (chronological val, n=676): best_iter=88 val_logloss=0.6468
2026-09-28 04:54:59,125 INFO [model]     MarketAnchor: b=0.108 c=+0.080 on 682 priced rows (trusting 11% of disagreement)
2026-09-28 04:54:59,135 INFO [model]   Fold 6/8  train= 5310  test= 313  (2025-02-08 → 2025-08-19)  acc=0.6454  auc=0.7005  iter=88
2026-09-28 04:55:14,781 INFO [model]   Early stopping (chronological val, n=716): best_iter=98 val_logloss=0.6501
2026-09-28 04:55:15,867 INFO [model]     MarketAnchor: b=0.198 c=+0.059 on 719 priced rows (trusting 20% of disagreement)
2026-09-28 04:55:15,875 INFO [model]   Fold 7/8  train= 5623  test= 312  (2025-08-19 → 2026-03-14)  acc=0.6474  auc=0.7208  iter=98
2026-09-28 04:55:33,431 INFO [model]   Early stopping (chronological val, n=756): best_iter=215 val_logloss=0.6481
2026-09-28 04:55:35,356 INFO [model]     MarketAnchor: b=0.384 c=+0.069 on 757 priced rows (trusting 38% of disagreement)
2026-09-28 04:55:35,366 INFO [model]   Fold 8/8  train= 5935  test= 313  (2026-03-14 → 2026-09-05)  acc=0.6070  auc=0.6492  iter=215
2026-09-28 04:55:35,462 INFO [model]   POOLED  n=2500  acc=0.6216 [0.6032, 0.6412]  auc=0.6644  brier=0.2276 (calibrated 0.2292)
2026-09-28 04:55:35,462 INFO [model] 
------------------------------------------------------------
2026-09-28 04:55:35,462 INFO [model] ARM: no_odds_no_glicko  (228 candidate features)
2026-09-28 04:55:35,462 INFO [model] ------------------------------------------------------------
2026-09-28 04:55:54,128 INFO [model]   Early stopping (chronological val, n=477): best_iter=116 val_logloss=0.6664
2026-09-28 04:55:56,018 INFO [model]   Fold 1/8  train= 3748  test= 312  (2022-06-10 → 2022-12-03)  acc=0.6186  auc=0.6642  iter=116
2026-09-28 04:56:17,412 INFO [model]   Early stopping (chronological val, n=517): best_iter=211 val_logloss=0.6651
2026-09-28 04:56:20,258 INFO [model]   Fold 2/8  train= 4060  test= 313  (2022-12-03 → 2023-07-01)  acc=0.6102  auc=0.6441  iter=211
2026-09-28 04:56:39,850 INFO [model]   Early stopping (chronological val, n=557): best_iter=105 val_logloss=0.6714
2026-09-28 04:56:40,874 INFO [model]   Fold 3/8  train= 4373  test= 312  (2023-07-01 → 2024-01-20)  acc=0.6250  auc=0.6396  iter=105
2026-09-28 04:57:03,356 INFO [model]   Early stopping (chronological val, n=597): best_iter=146 val_logloss=0.6619
2026-09-28 04:57:06,979 INFO [model]   Fold 4/8  train= 4685  test= 313  (2024-01-20 → 2024-07-27)  acc=0.6166  auc=0.6178  iter=146
2026-09-28 04:57:28,852 INFO [model]   Early stopping (chronological val, n=637): best_iter=154 val_logloss=0.6449
2026-09-28 04:57:32,075 INFO [model]   Fold 5/8  train= 4998  test= 312  (2024-08-03 → 2025-02-08)  acc=0.6250  auc=0.6560  iter=154
2026-09-28 04:57:47,791 INFO [model]   Early stopping (chronological val, n=676): best_iter=82 val_logloss=0.6561
2026-09-28 04:57:48,637 INFO [model]   Fold 6/8  train= 5310  test= 313  (2025-02-08 → 2025-08-19)  acc=0.6262  auc=0.6881  iter=82
2026-09-28 04:58:04,408 INFO [model]   Early stopping (chronological val, n=716): best_iter=114 val_logloss=0.6499
2026-09-28 04:58:05,908 INFO [model]   Fold 7/8  train= 5623  test= 312  (2025-08-19 → 2026-03-14)  acc=0.6378  auc=0.7247  iter=114
2026-09-28 04:58:24,859 INFO [model]   Early stopping (chronological val, n=756): best_iter=173 val_logloss=0.6520
2026-09-28 04:58:29,462 INFO [model]   Fold 8/8  train= 5935  test= 313  (2026-03-14 → 2026-09-05)  acc=0.6230  auc=0.6635  iter=173
2026-09-28 04:58:29,551 INFO [model]   POOLED  n=2500  acc=0.6228 [0.6044, 0.6420]  auc=0.6618  brier=0.2283 (calibrated 0.2306)
2026-09-28 04:58:29,552 INFO [model] 
------------------------------------------------------------
2026-09-28 04:58:29,552 INFO [model] ARM: simulator (competing risks over Glicko)
2026-09-28 04:58:29,552 INFO [model] ------------------------------------------------------------
2026-09-28 04:58:37,267 INFO [model]   Fold 1/8  train= 3748  test= 312  sims=5000  b_dec=+0.324
2026-09-28 04:58:45,154 INFO [model]   Fold 2/8  train= 4060  test= 313  sims=5000  b_dec=+0.320
2026-09-28 04:58:51,254 INFO [model]   Fold 3/8  train= 4373  test= 312  sims=5000  b_dec=+0.308
2026-09-28 04:58:55,712 INFO [model]   Fold 4/8  train= 4685  test= 313  sims=5000  b_dec=+0.313
2026-09-28 04:59:00,620 INFO [model]   Fold 5/8  train= 4998  test= 312  sims=5000  b_dec=+0.293
2026-09-28 04:59:05,887 INFO [model]   Fold 6/8  train= 5310  test= 313  sims=5000  b_dec=+0.297
2026-09-28 04:59:10,911 INFO [model]   Fold 7/8  train= 5623  test= 312  sims=5000  b_dec=+0.292
2026-09-28 04:59:18,118 INFO [model]   Fold 8/8  train= 5935  test= 313  sims=5000  b_dec=+0.282
2026-09-28 04:59:18,221 INFO [model] 
  METHOD (scored on realised outcomes — no market exists for this)
2026-09-28 04:59:18,221 INFO [model]     log loss   1.0084  vs base rate 1.0293
2026-09-28 04:59:18,221 INFO [model]     accuracy   0.4872
2026-09-28 04:59:18,221 INFO [model]     class     Brier     base
2026-09-28 04:59:18,221 INFO [model]     KO       0.2216   0.2264
2026-09-28 04:59:18,221 INFO [model]     SUB      0.1433   0.1468
2026-09-28 04:59:18,222 INFO [model]     DEC      0.2461   0.2499
2026-09-28 04:59:18,222 INFO [model]     predicted mix [0.34  0.173 0.487]  actual [0.345 0.179 0.476]
2026-09-28 04:59:18,222 INFO [model] 
------------------------------------------------------------
2026-09-28 04:59:18,222 INFO [model] ARM: decorrelated (market-decorrelation penalty)
2026-09-28 04:59:18,222 INFO [model] ------------------------------------------------------------
2026-09-28 04:59:28,428 INFO [model]   Fold 1/8  train= 3748  test= 312  gamma=0.0  inner_roi=+2.76%
2026-09-28 04:59:35,340 INFO [model]   Fold 2/8  train= 4060  test= 313  gamma=0.1  inner_roi=+4.37%
2026-09-28 04:59:43,888 INFO [model]   Fold 3/8  train= 4373  test= 312  gamma=0.0  inner_roi=+8.23%
2026-09-28 04:59:52,322 INFO [model]   Fold 4/8  train= 4685  test= 313  gamma=0.0  inner_roi=+4.89%
2026-09-28 05:00:02,512 INFO [model]   Fold 5/8  train= 4998  test= 312  gamma=0.0  inner_roi=-0.42%
2026-09-28 05:00:12,276 INFO [model]   Fold 6/8  train= 5310  test= 313  gamma=0.0  inner_roi=+2.80%
2026-09-28 05:00:17,699 INFO [model] ============================================================
2026-09-28 05:00:17,699 INFO [model] UFC Fight Winner Prediction Pipeline v6  (2026-09-28 05:00)
2026-09-28 05:00:17,699 INFO [model] ============================================================
2026-09-28 05:00:17,699 INFO [model] Loading data from database...
2026-09-28 05:00:17,942 INFO [model]   Loaded 4616 fighters
2026-09-28 05:00:21,313 INFO [model]   Loaded 22225 fight-stat rows (11161 unique fights)
2026-09-28 05:00:21,314 INFO [model]   Loading per-round stats...
2026-09-28 05:00:25,063 INFO [model]   Loaded 59640 per-round stat rows
2026-09-28 05:00:25,349 INFO [model] 
  Recomputing Glicko snapshots in memory (fixed newcomer seed)...
2026-09-28 05:00:25,349 INFO [glicko_service]   Loading fight data...
2026-09-28 05:00:25,804 INFO [glicko_service]   Loaded 11564 fights
2026-09-28 05:00:25,805 INFO [glicko_service]   Loading per-round stats...
2026-09-28 05:00:28,961 INFO [glicko_service]   Loaded rounds for 11232 fights
2026-09-28 05:00:28,961 INFO [glicko_service]   Loading per-fight derived totals...
2026-09-28 05:00:28,990 INFO [model]   Fold 7/8  train= 5623  test= 312  gamma=0.0  inner_roi=+1.81%
2026-09-28 05:00:31,056 INFO [glicko_service]   Loaded 22464 derived totals rows
2026-09-28 05:00:31,139 INFO [glicko_service]   Loaded 4616 fighters
2026-09-28 05:00:31,381 INFO [glicko_service]   Computing weight class baseline rates...
2026-09-28 05:00:31,552 INFO [glicko_service]     P4P: 1 rounds, KD=0.0000, SUB=0.0000, TD=0.0000, td15s_cap=10.0, ctrl15g_cap=10.0, gnp15g_cap=10.0
2026-09-28 05:00:31,554 INFO [glicko_service]     Flyweight: 1650 rounds, KD=0.0224, SUB=0.0692, TD=0.0841, td15s_cap=25.7, ctrl15g_cap=15.0, gnp15g_cap=79.1
2026-09-28 05:00:31,555 INFO [glicko_service]     Bantamweight: 2847 rounds, KD=0.0266, SUB=0.0654, TD=0.0808, td15s_cap=25.7, ctrl15g_cap=15.0, gnp15g_cap=84.0
2026-09-28 05:00:31,557 INFO [glicko_service]     Featherweight: 3282 rounds, KD=0.0258, SUB=0.0677, TD=0.0810, td15s_cap=26.9, ctrl15g_cap=15.0, gnp15g_cap=85.1
2026-09-28 05:00:31,560 INFO [glicko_service]     Lightweight: 4754 rounds, KD=0.0259, SUB=0.0862, TD=0.0880, td15s_cap=25.7, ctrl15g_cap=15.0, gnp15g_cap=77.1
2026-09-28 05:00:31,563 INFO [glicko_service]     Welterweight: 4313 rounds, KD=0.0304, SUB=0.0738, TD=0.0837, td15s_cap=28.1, ctrl15g_cap=15.0, gnp15g_cap=77.6
2026-09-28 05:00:31,565 INFO [glicko_service]     Middleweight: 3888 rounds, KD=0.0305, SUB=0.0772, TD=0.0760, td15s_cap=25.7, ctrl15g_cap=15.0, gnp15g_cap=94.7
2026-09-28 05:00:31,567 INFO [glicko_service]     Light Heavyweight: 2382 rounds, KD=0.0341, SUB=0.0530, TD=0.0697, td15s_cap=26.3, ctrl15g_cap=15.0, gnp15g_cap=106.6
2026-09-28 05:00:31,568 INFO [glicko_service]     Heavyweight: 2555 rounds, KD=0.0335, SUB=0.0598, TD=0.0610, td15s_cap=23.1, ctrl15g_cap=15.0, gnp15g_cap=103.8
2026-09-28 05:00:31,568 INFO [glicko_service]     P4P: 1 rounds, KD=0.0000, SUB=0.0000, TD=0.0000, td15s_cap=10.0, ctrl15g_cap=10.0, gnp15g_cap=10.0
2026-09-28 05:00:31,569 INFO [glicko_service]     Strawweight: 1337 rounds, KD=0.0092, SUB=0.0509, TD=0.0717, td15s_cap=23.4, ctrl15g_cap=15.0, gnp15g_cap=64.7
2026-09-28 05:00:31,570 INFO [glicko_service]     Flyweight: 977 rounds, KD=0.0082, SUB=0.0499, TD=0.0667, td15s_cap=22.2, ctrl15g_cap=15.0, gnp15g_cap=77.1
2026-09-28 05:00:31,570 INFO [glicko_service]     Bantamweight: 943 rounds, KD=0.0104, SUB=0.0520, TD=0.0659, td15s_cap=27.3, ctrl15g_cap=15.0, gnp15g_cap=78.8
2026-09-28 05:00:34,426 INFO [glicko_service]   Processed 27080 rounds
2026-09-28 05:00:34,466 INFO [model]   Computed 21030 snapshots
2026-09-28 05:00:34,466 INFO [model] Building features...
2026-09-28 05:00:35,061 INFO [model]   Computing defensive stats...
2026-09-28 05:00:38,422 INFO [model]   Computing Elo ratings...
2026-09-28 05:00:40,147 INFO [model]   Computing resume scores...
2026-09-28 05:00:40,592 INFO [model]   Using 21030 caller-supplied Glicko snapshots
2026-09-28 05:00:47,457 INFO [model]   Added 15 Glicko features  + 4 confidence features
2026-09-28 05:00:47,459 INFO [model]   Computing Elo-adjusted stats...
2026-09-28 05:00:47,462 INFO [model]   Computing rolling career averages...
2026-09-28 05:00:49,224 INFO [model]   Fold 8/8  train= 5935  test= 313  gamma=0.0  inner_roi=+7.93%
2026-09-28 05:00:49,319 INFO [model]   gamma per fold: [0.0, 0.1, 0.0, 0.0, 0.0, 0.0, 0.0, 0.0]
2026-09-28 05:00:49,378 INFO [model] 
------------------------------------------------------------
2026-09-28 05:00:49,378 INFO [model] MARKET-ANCHORED ARM  (base = no_odds)
2026-09-28 05:00:49,378 INFO [model] ------------------------------------------------------------
2026-09-28 05:00:49,378 INFO [model]   b = fraction of the model's disagreement with the line that is trusted
2026-09-28 05:00:49,378 INFO [model]    Fold        b        c   n_fit
2026-09-28 05:00:49,378 INFO [model]   --------------------------------
2026-09-28 05:00:49,378 INFO [model]       1    0.234   +0.075     404
2026-09-28 05:00:49,378 INFO [model]       2    0.445   +0.128     483
2026-09-28 05:00:49,379 INFO [model]       3    0.451   +0.113     524
2026-09-28 05:00:49,379 INFO [model]       4    0.289   +0.117     590
2026-09-28 05:00:49,379 INFO [model]       5    0.192   +0.038     626
2026-09-28 05:00:49,379 INFO [model]       6    0.108   +0.080     682
2026-09-28 05:00:49,379 INFO [model]       7    0.198   +0.059     719
2026-09-28 05:00:49,379 INFO [model]       8    0.384   +0.069     757
2026-09-28 05:00:49,379 INFO [model]   mean b = 0.288
2026-09-28 05:00:49,379 INFO [model] 
------------------------------------------------------------
2026-09-28 05:00:49,379 INFO [model] MARKET COMPARISON (fights with odds)
2026-09-28 05:00:49,379 INFO [model] ------------------------------------------------------------
2026-09-28 05:00:49,459 INFO [model]   Eval fights with odds: 2052 (2022-06-11 → 2026-09-05)
2026-09-28 05:00:49,459 INFO [model]   Average vig: 0.000
2026-09-28 05:00:49,460 INFO [model] 
  Arm                       Acc             95% CI      AUC    Brier  corr(mkt)   partial
2026-09-28 05:00:49,460 INFO [model]   ----------------------------------------------------------------------------------------
2026-09-28 05:00:49,460 INFO [model]   market only            0.6837     [0.664, 0.704]        —   0.2032      1.000     1.000
2026-09-28 05:00:49,701 INFO [model]   no_odds_no_glicko      0.6326     [0.612, 0.654]   0.6724   0.2260      0.569     0.525
2026-09-28 05:00:49,952 INFO [model]   no_odds                0.6321     [0.612, 0.654]   0.6749   0.2251      0.586     0.540
2026-09-28 05:00:50,198 INFO [model]   simulator              0.5970     [0.577, 0.618]   0.6117   0.2372      0.457     0.423
2026-09-28 05:00:50,406 INFO [model]   with_odds              0.6813     [0.662, 0.703]   0.7340   0.2067      0.834     0.805
2026-09-28 05:00:50,553 INFO [model]   market_anchored        0.6881     [0.669, 0.708]   0.7382   0.2056      0.942     0.931
2026-09-28 05:00:50,800 INFO [model]   decorrelated           0.6584     [0.638, 0.679]   0.7061   0.2285      0.769     0.736
2026-09-28 05:00:50,800 INFO [model] 
  Arm                    Acc − market         95% CI of diff   Beats mkt?
2026-09-28 05:00:50,800 INFO [model]   ------------------------------------------------------------------------
2026-09-28 05:00:50,800 INFO [model]   no_odds_no_glicko           -0.0512     [-0.0726, -0.0283]           no
2026-09-28 05:00:50,800 INFO [model]   no_odds                     -0.0517     [-0.0726, -0.0297]           no
2026-09-28 05:00:50,800 INFO [model]   simulator                   -0.0867     [-0.1111, -0.0614]           no
2026-09-28 05:00:50,800 INFO [model]   with_odds                   -0.0024     [-0.0161, +0.0117]           no
2026-09-28 05:00:50,800 INFO [model]   market_anchored             +0.0044     [-0.0068, +0.0156]           no
2026-09-28 05:00:50,800 INFO [model]   decorrelated                -0.0253     [-0.0434, -0.0068]           no
2026-09-28 05:00:50,800 INFO [model] 
  Betting ladder — no_odds_no_glicko (calibrated, frozen thresholds):
2026-09-28 05:00:50,800 INFO [model]     Edge   Bets    Bet%    Win%     ROI%             ROI 95% CI
2026-09-28 05:00:50,801 INFO [model]   --------------------------------------------------------------
2026-09-28 05:00:50,801 INFO [model]       3%   1767   86.1%   40.4%    -9.19          [-15.2, -3.5]
2026-09-28 05:00:50,801 INFO [model]       5%   1564   76.2%   40.6%    -7.87          [-13.9, -1.6]
2026-09-28 05:00:50,801 INFO [model]       8%   1285   62.6%   40.0%    -6.59          [-13.5, +1.0]
2026-09-28 05:00:50,801 INFO [model]      10%   1100   53.6%   40.0%    -4.13          [-11.9, +3.5]
2026-09-28 05:00:50,801 INFO [model]      15%    671   32.7%   39.0%    -2.34          [-12.8, +8.2]
2026-09-28 05:00:50,801 INFO [model] 
  Betting ladder — no_odds (calibrated, frozen thresholds):
2026-09-28 05:00:50,801 INFO [model]     Edge   Bets    Bet%    Win%     ROI%             ROI 95% CI
2026-09-28 05:00:50,801 INFO [model]   --------------------------------------------------------------
2026-09-28 05:00:50,801 INFO [model]       3%   1726   84.1%   41.4%    -8.20          [-14.1, -2.1]
2026-09-28 05:00:50,801 INFO [model]       5%   1553   75.7%   41.0%    -8.04          [-14.3, -1.8]
2026-09-28 05:00:50,801 INFO [model]       8%   1253   61.1%   40.9%    -6.11          [-13.1, +1.4]
2026-09-28 05:00:50,801 INFO [model]      10%   1056   51.5%   40.5%    -4.18          [-12.1, +3.9]
2026-09-28 05:00:50,802 INFO [model]      15%    680   33.1%   39.0%    -4.01          [-14.0, +6.3]
2026-09-28 05:00:50,802 INFO [model] 
  Betting ladder — simulator (calibrated, frozen thresholds):
2026-09-28 05:00:50,802 INFO [model]     Edge   Bets    Bet%    Win%     ROI%             ROI 95% CI
2026-09-28 05:00:50,802 INFO [model]   --------------------------------------------------------------
2026-09-28 05:00:50,802 INFO [model]       3%   1795   87.5%   32.6%   -12.99          [-18.9, -6.4]
2026-09-28 05:00:50,802 INFO [model]       5%   1625   79.2%   31.3%   -13.29          [-19.9, -6.5]
2026-09-28 05:00:50,802 INFO [model]       8%   1381   67.3%   29.3%   -14.76          [-22.1, -6.8]
2026-09-28 05:00:50,803 INFO [model]      10%   1189   57.9%   27.8%   -16.33          [-24.7, -8.1]
2026-09-28 05:00:50,803 INFO [model]      15%    832   40.5%   24.6%   -18.26          [-28.5, -7.3]
2026-09-28 05:00:50,803 INFO [model] 
  Betting ladder — with_odds (calibrated, frozen thresholds):
2026-09-28 05:00:50,803 INFO [model]     Edge   Bets    Bet%    Win%     ROI%             ROI 95% CI
2026-09-28 05:00:50,803 INFO [model]   --------------------------------------------------------------
2026-09-28 05:00:50,803 INFO [model]       3%   1512   73.7%   56.0%    -2.79           [-7.8, +2.2]
2026-09-28 05:00:50,803 INFO [model]       5%   1212   59.1%   58.7%     1.85           [-3.8, +7.6]
2026-09-28 05:00:50,803 INFO [model]       8%    838   40.8%   59.5%     3.77          [-3.0, +10.3]
2026-09-28 05:00:50,803 INFO [model]      10%    608   29.6%   58.6%     3.42          [-4.7, +11.7]
2026-09-28 05:00:50,803 INFO [model]      15%    256   12.5%   59.0%     5.25          [-6.7, +18.5]
2026-09-28 05:00:50,804 INFO [model] 
  Betting ladder — market_anchored (calibrated, frozen thresholds):
2026-09-28 05:00:50,804 INFO [model]     Edge   Bets    Bet%    Win%     ROI%             ROI 95% CI
2026-09-28 05:00:50,804 INFO [model]   --------------------------------------------------------------
2026-09-28 05:00:50,804 INFO [model]       3%   1007   49.1%   44.5%    -5.86          [-13.0, +1.5]
2026-09-28 05:00:50,804 INFO [model]       5%    622   30.3%   47.4%     0.96          [-8.7, +10.8]
2026-09-28 05:00:50,804 INFO [model]       8%    297   14.5%   48.5%    -3.06         [-15.8, +10.3]
2026-09-28 05:00:50,804 INFO [model]      10%    174    8.5%   52.3%    -0.55         [-16.7, +16.2]
2026-09-28 05:00:50,804 INFO [model]      15%     53    2.6%   47.2%   -16.50         [-41.6, +11.5]
2026-09-28 05:00:50,804 INFO [model] 
  Betting ladder — decorrelated (calibrated, frozen thresholds):
2026-09-28 05:00:50,804 INFO [model]     Edge   Bets    Bet%    Win%     ROI%             ROI 95% CI
2026-09-28 05:00:50,804 INFO [model]   --------------------------------------------------------------
2026-09-28 05:00:50,804 INFO [model]       3%   1801   87.8%   60.5%    -0.60           [-4.7, +3.4]
2026-09-28 05:00:50,804 INFO [model]       5%   1663   81.0%   61.1%    -0.54           [-5.0, +3.5]
2026-09-28 05:00:50,804 INFO [model]       8%   1404   68.4%   61.9%    -1.08           [-5.5, +3.3]
2026-09-28 05:00:50,805 INFO [model]      10%   1240   60.4%   61.0%    -1.12           [-6.1, +4.1]
2026-09-28 05:00:50,805 INFO [model]      15%    852   41.5%   59.0%    -2.99           [-8.9, +3.0]
2026-09-28 05:00:50,893 INFO [model] 
  Saved 2500 per-fight eval predictions to /Users/rafeburns/Downloads/ALocks/alocks-backend/models/ufc/h2h/eval_predictions.csv
2026-09-28 05:00:50,928 INFO [model] 
  Saved evaluation results to /Users/rafeburns/Downloads/ALocks/alocks-backend/models/ufc/h2h/eval_results.json
2026-09-28 05:00:50,928 INFO [model] 
============================================================
2026-09-28 05:00:50,928 INFO [model] Walk-forward evaluation complete.
2026-09-28 05:00:50,929 INFO [model] ============================================================
2026-09-28 05:01:27,267 INFO [model]   Computing streaks and career stats...
2026-09-28 05:01:29,736 INFO [model]   Computing composite features...
2026-09-28 05:01:29,743 INFO [model]   Computing round-by-round profiles...
2026-09-28 05:01:49,911 INFO [model]   Computing age curve features...
2026-09-28 05:01:49,916 INFO [model]   Computing damage accumulation...
2026-09-28 05:01:52,793 INFO [model]   Computing weight-class movement...
2026-09-28 05:01:53,268 INFO [model]   Computing pre-UFC records...
2026-09-28 05:01:53,322 INFO [model]   Computing age-relative performance residuals...
2026-09-28 05:01:53,537 INFO [model]   Computing opponent-adjusted expected stats...
2026-09-28 05:01:53,579 INFO [expected_stats]   Expected stats: 59 refits x 5 stats
2026-09-28 05:02:17,920 INFO [model]   Computing fighter style clusters (k=6)...
2026-09-28 05:02:18,381 INFO [model]     Fit on 17081 rows, assigned 22225 fighter-fights
2026-09-28 05:02:18,382 INFO [model]     Style 0 (3339 fighter-fights): SigStr/5=15.4 TD/5=0.6 Sub/5=0.5 Ctrl/5=50.7 GndStr/5=3.1 top=ctrl_per5
2026-09-28 05:02:18,382 INFO [model]     Style 1 (10324 fighter-fights): SigStr/5=15.1 TD/5=0.5 Sub/5=0.3 Ctrl/5=43.5 GndStr/5=3.1 top=ctrl_per5
2026-09-28 05:02:18,382 INFO [model]     Style 2 (3750 fighter-fights): SigStr/5=16.7 TD/5=1.5 Sub/5=0.6 Ctrl/5=113.4 GndStr/5=8.0 top=ctrl_per5
2026-09-28 05:02:18,382 INFO [model]     Style 3 (4191 fighter-fights): SigStr/5=30.5 TD/5=0.3 Sub/5=0.2 Ctrl/5=33.7 GndStr/5=5.6 top=ctrl_per5
2026-09-28 05:02:18,383 INFO [model]     Style 4 (313 fighter-fights): SigStr/5=71.9 TD/5=0.7 Sub/5=0.3 Ctrl/5=55.9 GndStr/5=35.5 top=sig_str_landed_per5
2026-09-28 05:02:18,383 INFO [model]     Style 5 (308 fighter-fights): SigStr/5=11.6 TD/5=2.3 Sub/5=4.7 Ctrl/5=54.7 GndStr/5=3.9 top=ctrl_per5
2026-09-28 05:02:18,533 INFO [model]   Style matchup features computed expanding-in-time (6x6, 22128 fighter-fights)
2026-09-28 05:02:19,133 INFO [model]   Feature matrix shape: (22225, 359)
2026-09-28 05:02:19,177 INFO [model] Building matchup feature matrix...
2026-09-28 05:02:19,391 INFO [model]   Loading odds from database...
2026-09-28 05:02:21,266 INFO [model]   Odds matched: 2837/11064 fights (25.6%)
2026-09-28 05:02:21,310 INFO [model]   Filtered to modern era (2015+): 6248 fights (dropped 4587 pre-2015)
2026-09-28 05:02:21,310 INFO [model]   Red win rate (modern): 0.567
2026-09-28 05:02:21,325 INFO [model]   Matchup matrix: 6248 fights, 311 candidate features
2026-09-28 05:02:21,325 INFO [model]   Red win rate: 0.567
2026-09-28 05:02:21,326 INFO [model]   Date range: 2015-01-03 to 2026-09-05
2026-09-28 05:02:21,335 INFO [model] ============================================================
2026-09-28 05:02:21,335 INFO [model] WALK-FORWARD EVALUATION
2026-09-28 05:02:21,335 INFO [model] ============================================================
2026-09-28 05:02:21,362 INFO [model]   6248 fights | 8 folds over the last 40% (2500 eval fights)
2026-09-28 05:02:21,363 INFO [model]   Hyperparameters are FIXED (not tuned per fold): {'max_depth': 3, 'learning_rate': 0.037, 'max_features': 0.65, 'min_samples_leaf': 32, 'l2_regularization': 4.4, 'max_bins': 128}
2026-09-28 05:02:21,363 INFO [model]   Those values came from an Optuna search that scored on a chronological
2026-09-28 05:02:21,363 INFO [model]   20% slice overlapping this eval window, so a residual selection optimism
2026-09-28 05:02:21,363 INFO [model]   remains. It is bounded and disclosed rather than hidden.
2026-09-28 05:02:21,363 INFO [model] 
------------------------------------------------------------
2026-09-28 05:02:21,363 INFO [model] ARM: with_odds  (311 candidate features)
2026-09-28 05:02:21,363 INFO [model] ------------------------------------------------------------
2026-09-28 05:02:29,171 INFO [model]   Early stopping (chronological val, n=477): best_iter=67 val_logloss=0.6594
2026-09-28 05:02:29,653 INFO [model]   Fold 1/8  train= 3748  test= 312  (2022-06-10 → 2022-12-03)  acc=0.6090  auc=0.6537  iter=67
2026-09-28 05:02:37,390 INFO [model]   Early stopping (chronological val, n=517): best_iter=183 val_logloss=0.6579
2026-09-28 05:02:38,342 INFO [model]   Fold 2/8  train= 4060  test= 313  (2022-12-03 → 2023-07-01)  acc=0.6294  auc=0.6834  iter=183
2026-09-28 05:02:47,185 INFO [model]   Early stopping (chronological val, n=557): best_iter=458 val_logloss=0.6489
2026-09-28 05:02:49,561 INFO [model]   Fold 3/8  train= 4373  test= 312  (2023-07-01 → 2024-01-20)  acc=0.6474  auc=0.6925  iter=458
2026-09-28 05:02:58,252 INFO [model]   Early stopping (chronological val, n=597): best_iter=162 val_logloss=0.6395
2026-09-28 05:02:59,235 INFO [model]   Fold 4/8  train= 4685  test= 313  (2024-01-20 → 2024-07-27)  acc=0.6422  auc=0.7043  iter=162
2026-09-28 05:03:07,854 INFO [model]   Early stopping (chronological val, n=637): best_iter=209 val_logloss=0.6232
2026-09-28 05:03:08,959 INFO [model]   Fold 5/8  train= 4998  test= 312  (2024-08-03 → 2025-02-08)  acc=0.7179  auc=0.7563  iter=209
2026-09-28 05:03:18,188 INFO [model]   Early stopping (chronological val, n=676): best_iter=110 val_logloss=0.6215
2026-09-28 05:03:18,932 INFO [model]   Fold 6/8  train= 5310  test= 313  (2025-02-08 → 2025-08-19)  acc=0.6805  auc=0.7520  iter=110
2026-09-28 05:03:28,753 INFO [model]   Early stopping (chronological val, n=716): best_iter=191 val_logloss=0.6117
2026-09-28 05:03:29,922 INFO [model]   Fold 7/8  train= 5623  test= 312  (2025-08-19 → 2026-03-14)  acc=0.6763  auc=0.7547  iter=191
2026-09-28 05:03:39,593 INFO [model]   Early stopping (chronological val, n=756): best_iter=213 val_logloss=0.6134
2026-09-28 05:03:40,948 INFO [model]   Fold 8/8  train= 5935  test= 313  (2026-03-14 → 2026-09-05)  acc=0.6581  auc=0.7065  iter=213
2026-09-28 05:03:41,039 INFO [model]   POOLED  n=2500  acc=0.6576 [0.6384, 0.6760]  auc=0.7149  brier=0.2130 (calibrated 0.2152)
2026-09-28 05:03:41,039 INFO [model] 
------------------------------------------------------------
2026-09-28 05:03:41,039 INFO [model] ARM: no_odds  (304 candidate features)
2026-09-28 05:03:41,039 INFO [model] ------------------------------------------------------------
2026-09-28 05:03:49,656 INFO [model]   Early stopping (chronological val, n=477): best_iter=78 val_logloss=0.6597
2026-09-28 05:03:50,203 INFO [model]     MarketAnchor: b=0.350 c=+0.050 on 404 priced rows (trusting 35% of disagreement)
2026-09-28 05:03:50,212 INFO [model]   Fold 1/8  train= 3748  test= 312  (2022-06-10 → 2022-12-03)  acc=0.6026  auc=0.6348  iter=78
2026-09-28 05:04:00,243 INFO [model]   Early stopping (chronological val, n=517): best_iter=305 val_logloss=0.6647
2026-09-28 05:04:02,411 INFO [model]     MarketAnchor: b=0.322 c=+0.120 on 483 priced rows (trusting 32% of disagreement)
2026-09-28 05:04:02,419 INFO [model]   Fold 2/8  train= 4060  test= 313  (2022-12-03 → 2023-07-01)  acc=0.5911  auc=0.6373  iter=305
2026-09-28 05:04:13,214 INFO [model]   Early stopping (chronological val, n=557): best_iter=319 val_logloss=0.6694
2026-09-28 05:04:15,785 INFO [model]     MarketAnchor: b=0.396 c=+0.102 on 524 priced rows (trusting 40% of disagreement)
2026-09-28 05:04:15,793 INFO [model]   Fold 3/8  train= 4373  test= 312  (2023-07-01 → 2024-01-20)  acc=0.5994  auc=0.6223  iter=319
2026-09-28 05:04:26,677 INFO [model]   Early stopping (chronological val, n=597): best_iter=118 val_logloss=0.6593
2026-09-28 05:04:27,607 INFO [model]     MarketAnchor: b=0.305 c=+0.106 on 590 priced rows (trusting 30% of disagreement)
2026-09-28 05:04:27,615 INFO [model]   Fold 4/8  train= 4685  test= 313  (2024-01-20 → 2024-07-27)  acc=0.6070  auc=0.6447  iter=118
2026-09-28 05:04:37,819 INFO [model]   Early stopping (chronological val, n=637): best_iter=130 val_logloss=0.6542
2026-09-28 05:04:38,821 INFO [model]     MarketAnchor: b=0.204 c=+0.025 on 626 priced rows (trusting 20% of disagreement)
2026-09-28 05:04:38,829 INFO [model]   Fold 5/8  train= 4998  test= 312  (2024-08-03 → 2025-02-08)  acc=0.6571  auc=0.6914  iter=130
2026-09-28 05:04:50,178 INFO [model]   Early stopping (chronological val, n=676): best_iter=96 val_logloss=0.6572
2026-09-28 05:04:51,011 INFO [model]     MarketAnchor: b=0.176 c=+0.061 on 682 priced rows (trusting 18% of disagreement)
2026-09-28 05:04:51,021 INFO [model]   Fold 6/8  train= 5310  test= 313  (2025-02-08 → 2025-08-19)  acc=0.6422  auc=0.6946  iter=96
2026-09-28 05:05:03,404 INFO [model]   Early stopping (chronological val, n=716): best_iter=203 val_logloss=0.6513
2026-09-28 05:05:05,128 INFO [model]     MarketAnchor: b=0.277 c=+0.045 on 719 priced rows (trusting 28% of disagreement)
2026-09-28 05:05:05,136 INFO [model]   Fold 7/8  train= 5623  test= 312  (2025-08-19 → 2026-03-14)  acc=0.6506  auc=0.7215  iter=203
2026-09-28 05:05:16,273 INFO [model]   Early stopping (chronological val, n=756): best_iter=139 val_logloss=0.6508
2026-09-28 05:05:17,315 INFO [model]     MarketAnchor: b=0.377 c=+0.071 on 757 priced rows (trusting 38% of disagreement)
2026-09-28 05:05:17,323 INFO [model]   Fold 8/8  train= 5935  test= 313  (2026-03-14 → 2026-09-05)  acc=0.6166  auc=0.6575  iter=139
2026-09-28 05:05:17,429 INFO [model]   POOLED  n=2500  acc=0.6208 [0.6020, 0.6396]  auc=0.6641  brier=0.2280 (calibrated 0.2288)
2026-09-28 05:05:17,430 INFO [model] 
------------------------------------------------------------
2026-09-28 05:05:17,430 INFO [model] ARM: no_odds_no_glicko  (247 candidate features)
2026-09-28 05:05:17,430 INFO [model] ------------------------------------------------------------
2026-09-28 05:05:28,076 INFO [model]   Early stopping (chronological val, n=477): best_iter=178 val_logloss=0.6615
2026-09-28 05:05:29,468 INFO [model]   Fold 1/8  train= 3748  test= 312  (2022-06-10 → 2022-12-03)  acc=0.6218  auc=0.6568  iter=178
2026-09-28 05:05:40,208 INFO [model]   Early stopping (chronological val, n=517): best_iter=516 val_logloss=0.6633
2026-09-28 05:05:44,318 INFO [model]   Fold 2/8  train= 4060  test= 313  (2022-12-03 → 2023-07-01)  acc=0.5847  auc=0.6438  iter=516
2026-09-28 05:05:53,840 INFO [model]   Early stopping (chronological val, n=557): best_iter=119 val_logloss=0.6756
2026-09-28 05:05:54,743 INFO [model]   Fold 3/8  train= 4373  test= 312  (2023-07-01 → 2024-01-20)  acc=0.6186  auc=0.6436  iter=119
2026-09-28 05:06:04,399 INFO [model]   Early stopping (chronological val, n=597): best_iter=77 val_logloss=0.6623
2026-09-28 05:06:05,056 INFO [model]   Fold 4/8  train= 4685  test= 313  (2024-01-20 → 2024-07-27)  acc=0.6134  auc=0.6627  iter=77
2026-09-28 05:06:14,660 INFO [model]   Early stopping (chronological val, n=637): best_iter=394 val_logloss=0.6449
2026-09-28 05:06:17,144 INFO [model]   Fold 5/8  train= 4998  test= 312  (2024-08-03 → 2025-02-08)  acc=0.6635  auc=0.6854  iter=394
2026-09-28 05:06:29,259 INFO [model]   Early stopping (chronological val, n=676): best_iter=97 val_logloss=0.6483
2026-09-28 05:06:30,003 INFO [model]   Fold 6/8  train= 5310  test= 313  (2025-02-08 → 2025-08-19)  acc=0.6486  auc=0.7155  iter=97
2026-09-28 05:06:40,987 INFO [model]   Early stopping (chronological val, n=716): best_iter=106 val_logloss=0.6468
2026-09-28 05:06:42,373 INFO [model]   Fold 7/8  train= 5623  test= 312  (2025-08-19 → 2026-03-14)  acc=0.6346  auc=0.7246  iter=106
2026-09-28 05:06:53,885 INFO [model]   Early stopping (chronological val, n=756): best_iter=157 val_logloss=0.6474
2026-09-28 05:06:54,986 INFO [model]   Fold 8/8  train= 5935  test= 313  (2026-03-14 → 2026-09-05)  acc=0.6134  auc=0.6751  iter=157
2026-09-28 05:06:55,095 INFO [model]   POOLED  n=2500  acc=0.6248 [0.6060, 0.6440]  auc=0.6755  brier=0.2252 (calibrated 0.2265)
2026-09-28 05:06:55,095 INFO [model] 
------------------------------------------------------------
2026-09-28 05:06:55,095 INFO [model] ARM: simulator (competing risks over Glicko)
2026-09-28 05:06:55,096 INFO [model] ------------------------------------------------------------
2026-09-28 05:06:58,869 INFO [model]   Fold 1/8  train= 3748  test= 312  sims=5000  b_dec=+0.324
2026-09-28 05:07:02,337 INFO [model]   Fold 2/8  train= 4060  test= 313  sims=5000  b_dec=+0.320
2026-09-28 05:07:11,281 INFO [model]   Fold 3/8  train= 4373  test= 312  sims=5000  b_dec=+0.308
2026-09-28 05:07:15,641 INFO [model]   Fold 4/8  train= 4685  test= 313  sims=5000  b_dec=+0.313
2026-09-28 05:07:21,714 INFO [model]   Fold 5/8  train= 4998  test= 312  sims=5000  b_dec=+0.293
2026-09-28 05:07:25,992 INFO [model]   Fold 6/8  train= 5310  test= 313  sims=5000  b_dec=+0.297
2026-09-28 05:07:30,394 INFO [model]   Fold 7/8  train= 5623  test= 312  sims=5000  b_dec=+0.292
2026-09-28 05:07:35,051 INFO [model]   Fold 8/8  train= 5935  test= 313  sims=5000  b_dec=+0.282
2026-09-28 05:07:35,116 INFO [model] 
  METHOD (scored on realised outcomes — no market exists for this)
2026-09-28 05:07:35,116 INFO [model]     log loss   1.0084  vs base rate 1.0293
2026-09-28 05:07:35,116 INFO [model]     accuracy   0.4872
2026-09-28 05:07:35,116 INFO [model]     class     Brier     base
2026-09-28 05:07:35,116 INFO [model]     KO       0.2216   0.2264
2026-09-28 05:07:35,117 INFO [model]     SUB      0.1433   0.1468
2026-09-28 05:07:35,117 INFO [model]     DEC      0.2461   0.2499
2026-09-28 05:07:35,117 INFO [model]     predicted mix [0.34  0.173 0.487]  actual [0.345 0.179 0.476]
2026-09-28 05:07:35,117 INFO [model] 
------------------------------------------------------------
2026-09-28 05:07:35,117 INFO [model] ARM: decorrelated (market-decorrelation penalty)
2026-09-28 05:07:35,117 INFO [model] ------------------------------------------------------------
2026-09-28 05:07:44,666 INFO [model]   Fold 1/8  train= 3748  test= 312  gamma=0.0  inner_roi=+1.36%
2026-09-28 05:07:51,413 INFO [model]   Fold 2/8  train= 4060  test= 313  gamma=0.0  inner_roi=-0.30%
2026-09-28 05:07:58,320 INFO [model]   Fold 3/8  train= 4373  test= 312  gamma=0.0  inner_roi=-0.37%
2026-09-28 05:08:06,875 INFO [model]   Fold 4/8  train= 4685  test= 313  gamma=2.0  inner_roi=-1.13%
2026-09-28 05:08:15,557 INFO [model]   Fold 5/8  train= 4998  test= 312  gamma=2.0  inner_roi=-3.11%
2026-09-28 05:08:24,301 INFO [model]   Fold 6/8  train= 5310  test= 313  gamma=0.0  inner_roi=+4.71%
2026-09-28 05:08:35,440 INFO [model]   Fold 7/8  train= 5623  test= 312  gamma=0.25 inner_roi=+6.53%
2026-09-28 05:08:47,147 INFO [model]   Fold 8/8  train= 5935  test= 313  gamma=0.0  inner_roi=+8.12%
2026-09-28 05:08:47,191 INFO [model]   gamma per fold: [0.0, 0.0, 0.0, 2.0, 2.0, 0.0, 0.25, 0.0]
2026-09-28 05:08:47,225 INFO [model] 
------------------------------------------------------------
2026-09-28 05:08:47,225 INFO [model] MARKET-ANCHORED ARM  (base = no_odds)
2026-09-28 05:08:47,225 INFO [model] ------------------------------------------------------------
2026-09-28 05:08:47,225 INFO [model]   b = fraction of the model's disagreement with the line that is trusted
2026-09-28 05:08:47,225 INFO [model]    Fold        b        c   n_fit
2026-09-28 05:08:47,225 INFO [model]   --------------------------------
2026-09-28 05:08:47,225 INFO [model]       1    0.350   +0.050     404
2026-09-28 05:08:47,225 INFO [model]       2    0.322   +0.120     483
2026-09-28 05:08:47,225 INFO [model]       3    0.396   +0.102     524
2026-09-28 05:08:47,225 INFO [model]       4    0.305   +0.106     590
2026-09-28 05:08:47,225 INFO [model]       5    0.204   +0.025     626
2026-09-28 05:08:47,225 INFO [model]       6    0.176   +0.061     682
2026-09-28 05:08:47,225 INFO [model]       7    0.277   +0.045     719
2026-09-28 05:08:47,225 INFO [model]       8    0.377   +0.071     757
2026-09-28 05:08:47,225 INFO [model]   mean b = 0.301
2026-09-28 05:08:47,225 INFO [model] 
------------------------------------------------------------
2026-09-28 05:08:47,225 INFO [model] MARKET COMPARISON (fights with odds)
2026-09-28 05:08:47,225 INFO [model] ------------------------------------------------------------
2026-09-28 05:08:47,271 INFO [model]   Eval fights with odds: 2052 (2022-06-11 → 2026-09-05)
2026-09-28 05:08:47,272 INFO [model]   Average vig: 0.000
2026-09-28 05:08:47,272 INFO [model] 
  Arm                       Acc             95% CI      AUC    Brier  corr(mkt)   partial
2026-09-28 05:08:47,272 INFO [model]   ----------------------------------------------------------------------------------------
2026-09-28 05:08:47,272 INFO [model]   market only            0.6837     [0.664, 0.704]        —   0.2026      1.000     1.000
2026-09-28 05:08:47,418 INFO [model]   no_odds_no_glicko      0.6365     [0.615, 0.656]   0.6885   0.2220      0.591     0.542
2026-09-28 05:08:47,562 INFO [model]   no_odds                0.6277     [0.608, 0.649]   0.6765   0.2253      0.581     0.534
2026-09-28 05:08:47,707 INFO [model]   simulator              0.5970     [0.577, 0.618]   0.6117   0.2372      0.457     0.423
2026-09-28 05:08:47,815 INFO [model]   with_odds              0.6750     [0.655, 0.695]   0.7336   0.2068      0.838     0.811
2026-09-28 05:08:47,899 INFO [model]   market_anchored        0.6910     [0.673, 0.711]   0.7422   0.2040      0.957     0.948
2026-09-28 05:08:48,047 INFO [model]   decorrelated           0.6438     [0.622, 0.664]   0.6705   0.2594      0.581     0.542
2026-09-28 05:08:48,047 INFO [model] 
  Arm                    Acc − market         95% CI of diff   Beats mkt?
2026-09-28 05:08:48,047 INFO [model]   ------------------------------------------------------------------------
2026-09-28 05:08:48,047 INFO [model]   no_odds_no_glicko           -0.0473     [-0.0692, -0.0263]           no
2026-09-28 05:08:48,047 INFO [model]   no_odds                     -0.0560     [-0.0770, -0.0341]           no
2026-09-28 05:08:48,047 INFO [model]   simulator                   -0.0867     [-0.1111, -0.0614]           no
2026-09-28 05:08:48,047 INFO [model]   with_odds                   -0.0088     [-0.0224, +0.0054]           no
2026-09-28 05:08:48,047 INFO [model]   market_anchored             +0.0073     [-0.0029, +0.0180]           no
2026-09-28 05:08:48,047 INFO [model]   decorrelated                -0.0400     [-0.0600, -0.0195]           no
2026-09-28 05:08:48,047 INFO [model] 
  Betting ladder — no_odds_no_glicko (calibrated, frozen thresholds):
2026-09-28 05:08:48,047 INFO [model]     Edge   Bets    Bet%    Win%     ROI%             ROI 95% CI
2026-09-28 05:08:48,048 INFO [model]   --------------------------------------------------------------
2026-09-28 05:08:48,048 INFO [model]       3%   1763   85.9%   40.7%    -6.82          [-12.9, -0.9]
2026-09-28 05:08:48,048 INFO [model]       5%   1559   76.0%   39.1%    -8.21          [-14.9, -1.7]
2026-09-28 05:08:48,048 INFO [model]       8%   1270   61.9%   38.7%    -5.63          [-12.5, +2.1]
2026-09-28 05:08:48,048 INFO [model]      10%   1090   53.1%   37.7%    -6.64          [-14.3, +1.7]
2026-09-28 05:08:48,048 INFO [model]      15%    670   32.7%   36.7%    -1.73         [-12.4, +10.5]
2026-09-28 05:08:48,048 INFO [model] 
  Betting ladder — no_odds (calibrated, frozen thresholds):
2026-09-28 05:08:48,048 INFO [model]     Edge   Bets    Bet%    Win%     ROI%             ROI 95% CI
2026-09-28 05:08:48,048 INFO [model]   --------------------------------------------------------------
2026-09-28 05:08:48,048 INFO [model]       3%   1765   86.0%   40.2%    -9.43          [-15.4, -3.7]
2026-09-28 05:08:48,048 INFO [model]       5%   1578   76.9%   38.9%    -9.74          [-15.9, -3.4]
2026-09-28 05:08:48,048 INFO [model]       8%   1275   62.1%   37.9%    -8.60          [-15.9, -1.2]
2026-09-28 05:08:48,048 INFO [model]      10%   1109   54.0%   36.5%   -10.48          [-18.2, -2.7]
2026-09-28 05:08:48,048 INFO [model]      15%    730   35.6%   35.5%    -8.26          [-18.0, +2.4]
2026-09-28 05:08:48,048 INFO [model] 
  Betting ladder — simulator (calibrated, frozen thresholds):
2026-09-28 05:08:48,048 INFO [model]     Edge   Bets    Bet%    Win%     ROI%             ROI 95% CI
2026-09-28 05:08:48,048 INFO [model]   --------------------------------------------------------------
2026-09-28 05:08:48,048 INFO [model]       3%   1806   88.0%   32.3%   -13.17          [-19.3, -7.0]
2026-09-28 05:08:48,048 INFO [model]       5%   1644   80.1%   31.1%   -13.22          [-20.0, -6.0]
2026-09-28 05:08:48,048 INFO [model]       8%   1429   69.6%   29.0%   -15.30          [-22.9, -7.6]
2026-09-28 05:08:48,048 INFO [model]      10%   1267   61.7%   28.4%   -14.69          [-22.7, -6.5]
2026-09-28 05:08:48,048 INFO [model]      15%    913   44.5%   24.6%   -19.04          [-28.9, -9.6]
2026-09-28 05:08:48,048 INFO [model] 
  Betting ladder — with_odds (calibrated, frozen thresholds):
2026-09-28 05:08:48,048 INFO [model]     Edge   Bets    Bet%    Win%     ROI%             ROI 95% CI
2026-09-28 05:08:48,048 INFO [model]   --------------------------------------------------------------
2026-09-28 05:08:48,048 INFO [model]       3%   1522   74.2%   52.2%    -4.89          [-10.1, +0.5]
2026-09-28 05:08:48,048 INFO [model]       5%   1193   58.1%   52.2%    -6.01          [-11.9, -0.3]
2026-09-28 05:08:48,048 INFO [model]       8%    780   38.0%   52.9%    -3.62          [-10.6, +3.7]
2026-09-28 05:08:48,048 INFO [model]      10%    566   27.6%   53.2%    -1.94          [-10.7, +7.1]
2026-09-28 05:08:48,049 INFO [model]      15%    210   10.2%   52.4%     0.58         [-13.1, +14.7]
2026-09-28 05:08:48,049 INFO [model] 
  Betting ladder — market_anchored (calibrated, frozen thresholds):
2026-09-28 05:08:48,049 INFO [model]     Edge   Bets    Bet%    Win%     ROI%             ROI 95% CI
2026-09-28 05:08:48,049 INFO [model]   --------------------------------------------------------------
2026-09-28 05:08:48,049 INFO [model]       3%   1047   51.0%   43.2%    -2.48          [-10.2, +5.8]
2026-09-28 05:08:48,049 INFO [model]       5%    620   30.2%   44.4%     0.34          [-9.5, +10.2]
2026-09-28 05:08:48,049 INFO [model]       8%    286   13.9%   47.9%     1.75         [-11.8, +16.5]
2026-09-28 05:08:48,049 INFO [model]      10%    149    7.3%   51.0%     5.15         [-13.2, +24.4]
2026-09-28 05:08:48,049 INFO [model]      15%     30    1.5%   63.3%    16.54         [-20.3, +55.1]
2026-09-28 05:08:48,049 INFO [model] 
  Betting ladder — decorrelated (calibrated, frozen thresholds):
2026-09-28 05:08:48,049 INFO [model]     Edge   Bets    Bet%    Win%     ROI%             ROI 95% CI
2026-09-28 05:08:48,049 INFO [model]   --------------------------------------------------------------
2026-09-28 05:08:48,049 INFO [model]       3%   1868   91.0%   58.0%    -5.64           [-9.7, -1.5]
2026-09-28 05:08:48,049 INFO [model]       5%   1746   85.1%   58.1%    -5.30           [-9.5, -1.0]
2026-09-28 05:08:48,049 INFO [model]       8%   1533   74.7%   58.1%    -4.94           [-9.6, -0.1]
2026-09-28 05:08:48,049 INFO [model]      10%   1392   67.8%   57.8%    -4.47           [-9.5, +0.5]
2026-09-28 05:08:48,049 INFO [model]      15%   1062   51.8%   56.3%    -4.29          [-10.0, +1.3]
2026-09-28 05:08:48,093 INFO [model] 
  Saved 2500 per-fight eval predictions to /Users/rafeburns/Downloads/ALocks/alocks-backend/models/ufc/h2h/eval_predictions.csv
2026-09-28 05:08:48,119 INFO [model] 
  Saved evaluation results to /Users/rafeburns/Downloads/ALocks/alocks-backend/models/ufc/h2h/eval_results.json
2026-09-28 05:08:48,119 INFO [model] 
============================================================
2026-09-28 05:08:48,119 INFO [model] Walk-forward evaluation complete.
2026-09-28 05:08:48,119 INFO [model] ============================================================
2026-09-28 12:29:31,604 INFO [glicko_service]   Loading fight data...
2026-09-28 12:29:31,810 INFO [glicko_service]   Loaded 11564 fights
2026-09-28 12:29:31,810 INFO [glicko_service]   Loading per-round stats...
2026-09-28 12:29:33,310 INFO [glicko_service]   Loaded rounds for 11232 fights
2026-09-28 12:29:33,310 INFO [glicko_service]   Loading per-fight derived totals...
2026-09-28 12:29:34,128 INFO [glicko_service]   Loaded 22464 derived totals rows
2026-09-28 12:29:34,418 INFO [glicko_service]   Loaded 4616 fighters
2026-09-28 12:29:34,538 INFO [glicko_service]   Computing weight class baseline rates...
2026-09-28 12:29:34,613 INFO [glicko_service]     P4P: 1 rounds, KD=0.0000, SUB=0.0000, TD=0.0000, td15s_cap=10.0, ctrl15g_cap=10.0, gnp15g_cap=10.0
2026-09-28 12:29:34,614 INFO [glicko_service]     Flyweight: 1650 rounds, KD=0.0224, SUB=0.0692, TD=0.0841, td15s_cap=25.7, ctrl15g_cap=15.0, gnp15g_cap=79.1
2026-09-28 12:29:34,615 INFO [glicko_service]     Bantamweight: 2847 rounds, KD=0.0266, SUB=0.0654, TD=0.0808, td15s_cap=25.7, ctrl15g_cap=15.0, gnp15g_cap=84.0
2026-09-28 12:29:34,615 INFO [glicko_service]     Featherweight: 3282 rounds, KD=0.0258, SUB=0.0677, TD=0.0810, td15s_cap=26.9, ctrl15g_cap=15.0, gnp15g_cap=85.1
2026-09-28 12:29:34,617 INFO [glicko_service]     Lightweight: 4754 rounds, KD=0.0259, SUB=0.0862, TD=0.0880, td15s_cap=25.7, ctrl15g_cap=15.0, gnp15g_cap=77.1
2026-09-28 12:29:34,618 INFO [glicko_service]     Welterweight: 4313 rounds, KD=0.0304, SUB=0.0738, TD=0.0837, td15s_cap=28.1, ctrl15g_cap=15.0, gnp15g_cap=77.6
2026-09-28 12:29:34,619 INFO [glicko_service]     Middleweight: 3888 rounds, KD=0.0305, SUB=0.0772, TD=0.0760, td15s_cap=25.7, ctrl15g_cap=15.0, gnp15g_cap=94.7
2026-09-28 12:29:34,619 INFO [glicko_service]     Light Heavyweight: 2382 rounds, KD=0.0341, SUB=0.0530, TD=0.0697, td15s_cap=26.3, ctrl15g_cap=15.0, gnp15g_cap=106.6
2026-09-28 12:29:34,620 INFO [glicko_service]     Heavyweight: 2555 rounds, KD=0.0335, SUB=0.0598, TD=0.0610, td15s_cap=23.1, ctrl15g_cap=15.0, gnp15g_cap=103.8
2026-09-28 12:29:34,620 INFO [glicko_service]     P4P: 1 rounds, KD=0.0000, SUB=0.0000, TD=0.0000, td15s_cap=10.0, ctrl15g_cap=10.0, gnp15g_cap=10.0
2026-09-28 12:29:34,620 INFO [glicko_service]     Strawweight: 1337 rounds, KD=0.0092, SUB=0.0509, TD=0.0717, td15s_cap=23.4, ctrl15g_cap=15.0, gnp15g_cap=64.7
2026-09-28 12:29:34,621 INFO [glicko_service]     Flyweight: 977 rounds, KD=0.0082, SUB=0.0499, TD=0.0667, td15s_cap=22.2, ctrl15g_cap=15.0, gnp15g_cap=77.1
2026-09-28 12:29:34,621 INFO [glicko_service]     Bantamweight: 943 rounds, KD=0.0104, SUB=0.0520, TD=0.0659, td15s_cap=27.3, ctrl15g_cap=15.0, gnp15g_cap=78.8
2026-09-28 12:29:35,817 INFO [glicko_service]   Processed 27080 rounds
2026-09-28 12:29:35,840 INFO [model] Loading data from database...
2026-09-28 12:29:35,907 INFO [model]   Loaded 4616 fighters
2026-09-28 12:29:37,956 INFO [model]   Loaded 22225 fight-stat rows (11161 unique fights)
2026-09-28 12:29:37,956 INFO [model]   Loading per-round stats...
2026-09-28 12:29:40,886 INFO [model]   Loaded 59640 per-round stat rows
2026-09-28 12:29:41,123 INFO [model] Building features...
2026-09-28 12:29:41,526 INFO [model]   Computing defensive stats...
2026-09-28 12:29:44,420 INFO [model]   Computing Elo ratings...
2026-09-28 12:29:45,099 INFO [model]   Computing resume scores...
2026-09-28 12:29:45,271 INFO [model]   Using 21030 caller-supplied Glicko snapshots
2026-09-28 12:29:48,110 INFO [model]   Added 15 Glicko features  + 4 confidence features
2026-09-28 12:29:48,111 INFO [model]   Computing Elo-adjusted stats...
2026-09-28 12:29:48,112 INFO [model]   Computing rolling career averages...
2026-09-28 12:30:11,829 INFO [model]   Computing streaks and career stats...
2026-09-28 12:30:13,513 INFO [model]   Computing composite features...
2026-09-28 12:30:13,517 INFO [model]   Computing round-by-round profiles...
2026-09-28 12:30:22,505 INFO [model]   Computing age curve features...
2026-09-28 12:30:22,508 INFO [model]   Computing damage accumulation...
2026-09-28 12:30:23,854 INFO [model]   Computing weight-class movement...
2026-09-28 12:30:24,078 INFO [model]   Computing pre-UFC records...
2026-09-28 12:30:24,105 INFO [model]   Computing age-relative performance residuals...
2026-09-28 12:30:24,213 INFO [model]   Computing opponent-adjusted expected stats...
2026-09-28 12:30:24,236 INFO [expected_stats]   Expected stats: 59 refits x 5 stats
2026-09-28 12:30:34,344 INFO [model]   Computing fighter style clusters (k=6)...
2026-09-28 12:30:34,722 INFO [model]     Fit on 17081 rows, assigned 22225 fighter-fights
2026-09-28 12:30:34,723 INFO [model]     Style 0 (3339 fighter-fights): SigStr/5=15.4 TD/5=0.6 Sub/5=0.5 Ctrl/5=50.7 GndStr/5=3.1 top=ctrl_per5
2026-09-28 12:30:34,723 INFO [model]     Style 1 (10324 fighter-fights): SigStr/5=15.1 TD/5=0.5 Sub/5=0.3 Ctrl/5=43.5 GndStr/5=3.1 top=ctrl_per5
2026-09-28 12:30:34,723 INFO [model]     Style 2 (3750 fighter-fights): SigStr/5=16.7 TD/5=1.5 Sub/5=0.6 Ctrl/5=113.4 GndStr/5=8.0 top=ctrl_per5
2026-09-28 12:30:34,723 INFO [model]     Style 3 (4191 fighter-fights): SigStr/5=30.5 TD/5=0.3 Sub/5=0.2 Ctrl/5=33.7 GndStr/5=5.6 top=ctrl_per5
2026-09-28 12:30:34,723 INFO [model]     Style 4 (313 fighter-fights): SigStr/5=71.9 TD/5=0.7 Sub/5=0.3 Ctrl/5=55.9 GndStr/5=35.5 top=sig_str_landed_per5
2026-09-28 12:30:34,723 INFO [model]     Style 5 (308 fighter-fights): SigStr/5=11.6 TD/5=2.3 Sub/5=4.7 Ctrl/5=54.7 GndStr/5=3.9 top=ctrl_per5
2026-09-28 12:30:34,790 INFO [model]   Style matchup features computed expanding-in-time (6x6, 22128 fighter-fights)
2026-09-28 12:30:35,171 INFO [model]   Feature matrix shape: (22225, 368)
2026-09-28 12:30:35,207 INFO [model] Building matchup feature matrix...
2026-09-28 12:30:35,348 INFO [model]   Loading odds from database...
2026-09-28 12:30:36,815 INFO [model]   Odds matched: 2837/11064 fights (25.6%)
2026-09-28 12:30:36,852 INFO [model]   Filtered to modern era (2015+): 6248 fights (dropped 4587 pre-2015)
2026-09-28 12:30:36,852 INFO [model]   Red win rate (modern): 0.567
2026-09-28 12:30:36,864 INFO [model]   Matchup matrix: 6248 fights, 316 candidate features
2026-09-28 12:30:36,864 INFO [model]   Red win rate: 0.567
2026-09-28 12:30:36,865 INFO [model]   Date range: 2015-01-03 to 2026-09-05
2026-09-28 12:30:40,798 INFO [model]   Early stopping (chronological val, n=477): best_iter=94 val_logloss=0.6607
2026-09-28 12:30:40,969 INFO [model]     MarketAnchor: b=0.305 c=+0.056 on 404 priced rows (trusting 30% of disagreement)
2026-09-28 12:30:40,970 INFO [fast_wf]   noodds:hgb:39 fold 1/8 feats=39 anchor b=0.305
2026-09-28 12:30:45,695 INFO [model]   Early stopping (chronological val, n=517): best_iter=139 val_logloss=0.6592
2026-09-28 12:30:45,920 INFO [model]     MarketAnchor: b=0.403 c=+0.123 on 483 priced rows (trusting 40% of disagreement)
2026-09-28 12:30:45,920 INFO [fast_wf]   noodds:hgb:39 fold 2/8 feats=39 anchor b=0.403
2026-09-28 12:30:50,662 INFO [model]   Early stopping (chronological val, n=557): best_iter=200 val_logloss=0.6666
2026-09-28 12:30:51,166 INFO [model]     MarketAnchor: b=0.352 c=+0.116 on 524 priced rows (trusting 35% of disagreement)
2026-09-28 12:30:51,167 INFO [fast_wf]   noodds:hgb:39 fold 3/8 feats=39 anchor b=0.352
2026-09-28 12:30:56,629 INFO [model]   Early stopping (chronological val, n=597): best_iter=422 val_logloss=0.6599
2026-09-28 12:30:57,660 INFO [model]     MarketAnchor: b=0.348 c=+0.106 on 590 priced rows (trusting 35% of disagreement)
2026-09-28 12:30:57,660 INFO [fast_wf]   noodds:hgb:39 fold 4/8 feats=39 anchor b=0.348
2026-09-28 12:31:03,169 INFO [model]   Early stopping (chronological val, n=637): best_iter=298 val_logloss=0.6423
2026-09-28 12:31:03,878 INFO [model]     MarketAnchor: b=0.311 c=+0.019 on 626 priced rows (trusting 31% of disagreement)
2026-09-28 12:31:03,879 INFO [fast_wf]   noodds:hgb:39 fold 5/8 feats=39 anchor b=0.311
2026-09-28 12:31:08,130 INFO [model]   Early stopping (chronological val, n=676): best_iter=106 val_logloss=0.6487
2026-09-28 12:31:08,322 INFO [model]     MarketAnchor: b=0.209 c=+0.059 on 682 priced rows (trusting 21% of disagreement)
2026-09-28 12:31:08,322 INFO [fast_wf]   noodds:hgb:39 fold 6/8 feats=39 anchor b=0.209
2026-09-28 12:31:13,052 INFO [model]   Early stopping (chronological val, n=716): best_iter=105 val_logloss=0.6478
2026-09-28 12:31:13,282 INFO [model]     MarketAnchor: b=0.267 c=+0.048 on 719 priced rows (trusting 27% of disagreement)
2026-09-28 12:31:13,282 INFO [fast_wf]   noodds:hgb:39 fold 7/8 feats=39 anchor b=0.267
2026-09-28 12:31:18,374 INFO [model]   Early stopping (chronological val, n=756): best_iter=336 val_logloss=0.6460
2026-09-28 12:31:19,146 INFO [model]     MarketAnchor: b=0.368 c=+0.061 on 757 priced rows (trusting 37% of disagreement)
2026-09-28 12:31:19,146 INFO [fast_wf]   noodds:hgb:39 fold 8/8 feats=39 anchor b=0.368
2026-09-28 12:31:23,606 INFO [model]   Early stopping (chronological val, n=477): best_iter=72 val_logloss=0.6573
2026-09-28 12:31:23,867 INFO [model]     MarketAnchor: b=0.281 c=+0.054 on 404 priced rows (trusting 28% of disagreement)
2026-09-28 12:31:23,867 INFO [fast_wf]   noodds:hgb:80 fold 1/8 feats=80 anchor b=0.281
2026-09-28 12:31:28,813 INFO [model]   Early stopping (chronological val, n=517): best_iter=122 val_logloss=0.6604
2026-09-28 12:31:29,176 INFO [model]     MarketAnchor: b=0.374 c=+0.123 on 483 priced rows (trusting 37% of disagreement)
2026-09-28 12:31:29,176 INFO [fast_wf]   noodds:hgb:80 fold 2/8 feats=80 anchor b=0.374
2026-09-28 12:31:33,688 INFO [model]   Early stopping (chronological val, n=557): best_iter=162 val_logloss=0.6699
2026-09-28 12:31:33,986 INFO [model]     MarketAnchor: b=0.423 c=+0.106 on 524 priced rows (trusting 42% of disagreement)
2026-09-28 12:31:33,986 INFO [fast_wf]   noodds:hgb:80 fold 3/8 feats=80 anchor b=0.423
2026-09-28 12:31:38,056 INFO [model]   Early stopping (chronological val, n=597): best_iter=104 val_logloss=0.6551
2026-09-28 12:31:38,294 INFO [model]     MarketAnchor: b=0.355 c=+0.096 on 590 priced rows (trusting 35% of disagreement)
2026-09-28 12:31:38,294 INFO [fast_wf]   noodds:hgb:80 fold 4/8 feats=80 anchor b=0.355
2026-09-28 12:31:43,875 INFO [model]   Early stopping (chronological val, n=637): best_iter=174 val_logloss=0.6409
2026-09-28 12:31:44,414 INFO [model]     MarketAnchor: b=0.335 c=+0.012 on 626 priced rows (trusting 33% of disagreement)
2026-09-28 12:31:44,414 INFO [fast_wf]   noodds:hgb:80 fold 5/8 feats=80 anchor b=0.335
2026-09-28 12:31:50,316 INFO [model]   Early stopping (chronological val, n=676): best_iter=121 val_logloss=0.6380
2026-09-28 12:31:50,753 INFO [model]     MarketAnchor: b=0.202 c=+0.054 on 682 priced rows (trusting 20% of disagreement)
2026-09-28 12:31:50,754 INFO [fast_wf]   noodds:hgb:80 fold 6/8 feats=80 anchor b=0.202
2026-09-28 12:31:56,579 INFO [model]   Early stopping (chronological val, n=716): best_iter=161 val_logloss=0.6397
2026-09-28 12:31:57,078 INFO [model]     MarketAnchor: b=0.255 c=+0.044 on 719 priced rows (trusting 26% of disagreement)
2026-09-28 12:31:57,079 INFO [fast_wf]   noodds:hgb:80 fold 7/8 feats=80 anchor b=0.255
2026-09-28 12:32:02,846 INFO [model]   Early stopping (chronological val, n=756): best_iter=106 val_logloss=0.6451
2026-09-28 12:32:03,102 INFO [model]     MarketAnchor: b=0.399 c=+0.063 on 757 priced rows (trusting 40% of disagreement)
2026-09-28 12:32:03,102 INFO [fast_wf]   noodds:hgb:80 fold 8/8 feats=80 anchor b=0.399
2026-09-28 12:32:05,964 INFO [model]   Early stopping (chronological val, n=477): best_iter=61 val_logloss=0.6576
2026-09-28 12:32:06,307 INFO [model]     MarketAnchor: b=0.305 c=+0.065 on 404 priced rows (trusting 30% of disagreement)
2026-09-28 12:32:06,307 INFO [fast_wf]   noodds:hgb:0 fold 1/8 feats=309 anchor b=0.305
2026-09-28 12:32:09,896 INFO [model]   Early stopping (chronological val, n=517): best_iter=122 val_logloss=0.6665
2026-09-28 12:32:10,625 INFO [model]     MarketAnchor: b=0.380 c=+0.125 on 483 priced rows (trusting 38% of disagreement)
2026-09-28 12:32:10,626 INFO [fast_wf]   noodds:hgb:0 fold 2/8 feats=309 anchor b=0.380
2026-09-28 12:32:14,582 INFO [model]   Early stopping (chronological val, n=557): best_iter=146 val_logloss=0.6703
2026-09-28 12:32:15,399 INFO [model]     MarketAnchor: b=0.342 c=+0.111 on 524 priced rows (trusting 34% of disagreement)
2026-09-28 12:32:15,400 INFO [fast_wf]   noodds:hgb:0 fold 3/8 feats=309 anchor b=0.342
2026-09-28 12:32:18,642 INFO [model]   Early stopping (chronological val, n=597): best_iter=131 val_logloss=0.6542
2026-09-28 12:32:19,265 INFO [model]     MarketAnchor: b=0.317 c=+0.109 on 590 priced rows (trusting 32% of disagreement)
2026-09-28 12:32:19,265 INFO [fast_wf]   noodds:hgb:0 fold 4/8 feats=309 anchor b=0.317
2026-09-28 12:32:22,954 INFO [model]   Early stopping (chronological val, n=637): best_iter=208 val_logloss=0.6410
2026-09-28 12:32:24,043 INFO [model]     MarketAnchor: b=0.417 c=+0.005 on 626 priced rows (trusting 42% of disagreement)
2026-09-28 12:32:24,043 INFO [fast_wf]   noodds:hgb:0 fold 5/8 feats=309 anchor b=0.417
2026-09-28 12:32:28,456 INFO [model]   Early stopping (chronological val, n=676): best_iter=112 val_logloss=0.6435
2026-09-28 12:32:29,146 INFO [model]     MarketAnchor: b=0.202 c=+0.055 on 682 priced rows (trusting 20% of disagreement)
2026-09-28 12:32:29,147 INFO [fast_wf]   noodds:hgb:0 fold 6/8 feats=309 anchor b=0.202
2026-09-28 12:32:33,997 INFO [model]   Early stopping (chronological val, n=716): best_iter=176 val_logloss=0.6431
2026-09-28 12:32:35,124 INFO [model]     MarketAnchor: b=0.309 c=+0.039 on 719 priced rows (trusting 31% of disagreement)
2026-09-28 12:32:35,124 INFO [fast_wf]   noodds:hgb:0 fold 7/8 feats=309 anchor b=0.309
2026-09-28 12:32:39,701 INFO [model]   Early stopping (chronological val, n=756): best_iter=177 val_logloss=0.6398
2026-09-28 12:32:40,570 INFO [model]     MarketAnchor: b=0.402 c=+0.065 on 757 priced rows (trusting 40% of disagreement)
2026-09-28 12:32:40,570 INFO [fast_wf]   noodds:hgb:0 fold 8/8 feats=309 anchor b=0.402
2026-09-28 12:32:44,809 INFO [model]   Early stopping (chronological val, n=477): best_iter=60 val_logloss=0.6647
2026-09-28 12:32:44,989 INFO [model]     MarketAnchor: b=0.261 c=+0.060 on 404 priced rows (trusting 26% of disagreement)
2026-09-28 12:32:44,989 INFO [fast_wf]   noodds_noglicko:hgb:39 fold 1/8 feats=39 anchor b=0.261
2026-09-28 12:32:49,358 INFO [model]   Early stopping (chronological val, n=517): best_iter=429 val_logloss=0.6654
2026-09-28 12:32:50,305 INFO [model]     MarketAnchor: b=0.219 c=+0.136 on 483 priced rows (trusting 22% of disagreement)
2026-09-28 12:32:50,306 INFO [fast_wf]   noodds_noglicko:hgb:39 fold 2/8 feats=39 anchor b=0.219
2026-09-28 12:32:54,383 INFO [model]   Early stopping (chronological val, n=557): best_iter=98 val_logloss=0.6720
2026-09-28 12:32:54,536 INFO [model]     MarketAnchor: b=0.340 c=+0.115 on 524 priced rows (trusting 34% of disagreement)
2026-09-28 12:32:54,536 INFO [fast_wf]   noodds_noglicko:hgb:39 fold 3/8 feats=39 anchor b=0.340
2026-09-28 12:32:58,450 INFO [model]   Early stopping (chronological val, n=597): best_iter=131 val_logloss=0.6634
2026-09-28 12:32:58,743 INFO [model]     MarketAnchor: b=0.232 c=+0.116 on 590 priced rows (trusting 23% of disagreement)
2026-09-28 12:32:58,743 INFO [fast_wf]   noodds_noglicko:hgb:39 fold 4/8 feats=39 anchor b=0.232
2026-09-28 12:33:02,887 INFO [model]   Early stopping (chronological val, n=637): best_iter=131 val_logloss=0.6557
2026-09-28 12:33:03,161 INFO [model]     MarketAnchor: b=0.227 c=+0.022 on 626 priced rows (trusting 23% of disagreement)
2026-09-28 12:33:03,162 INFO [fast_wf]   noodds_noglicko:hgb:39 fold 5/8 feats=39 anchor b=0.227
2026-09-28 12:33:07,490 INFO [model]   Early stopping (chronological val, n=676): best_iter=151 val_logloss=0.6520
2026-09-28 12:33:07,811 INFO [model]     MarketAnchor: b=0.196 c=+0.059 on 682 priced rows (trusting 20% of disagreement)
2026-09-28 12:33:07,811 INFO [fast_wf]   noodds_noglicko:hgb:39 fold 6/8 feats=39 anchor b=0.196
2026-09-28 12:33:12,224 INFO [model]   Early stopping (chronological val, n=716): best_iter=155 val_logloss=0.6404
2026-09-28 12:33:12,527 INFO [model]     MarketAnchor: b=0.336 c=+0.034 on 719 priced rows (trusting 34% of disagreement)
2026-09-28 12:33:12,527 INFO [fast_wf]   noodds_noglicko:hgb:39 fold 7/8 feats=39 anchor b=0.336
2026-09-28 12:33:16,673 INFO [model]   Early stopping (chronological val, n=756): best_iter=134 val_logloss=0.6468
2026-09-28 12:33:16,914 INFO [model]     MarketAnchor: b=0.372 c=+0.067 on 757 priced rows (trusting 37% of disagreement)
2026-09-28 12:33:16,914 INFO [fast_wf]   noodds_noglicko:hgb:39 fold 8/8 feats=39 anchor b=0.372
2026-09-28 12:33:19,470 INFO [model]   Early stopping (chronological val, n=477): best_iter=93 val_logloss=0.6576
2026-09-28 12:33:19,992 INFO [model]     MarketAnchor: b=0.284 c=+0.064 on 404 priced rows (trusting 28% of disagreement)
2026-09-28 12:33:19,992 INFO [fast_wf]   noodds_noglicko:hgb:0 fold 1/8 feats=252 anchor b=0.284
2026-09-28 12:33:23,107 INFO [model]   Early stopping (chronological val, n=517): best_iter=93 val_logloss=0.6662
2026-09-28 12:33:23,663 INFO [model]     MarketAnchor: b=0.341 c=+0.131 on 483 priced rows (trusting 34% of disagreement)
2026-09-28 12:33:23,663 INFO [fast_wf]   noodds_noglicko:hgb:0 fold 2/8 feats=252 anchor b=0.341
2026-09-28 12:33:27,682 INFO [model]   Early stopping (chronological val, n=557): best_iter=290 val_logloss=0.6695
2026-09-28 12:33:28,955 INFO [model]     MarketAnchor: b=0.354 c=+0.112 on 524 priced rows (trusting 35% of disagreement)
2026-09-28 12:33:28,956 INFO [fast_wf]   noodds_noglicko:hgb:0 fold 3/8 feats=252 anchor b=0.354
2026-09-28 12:33:32,670 INFO [model]   Early stopping (chronological val, n=597): best_iter=113 val_logloss=0.6563
2026-09-28 12:33:33,235 INFO [model]     MarketAnchor: b=0.319 c=+0.102 on 590 priced rows (trusting 32% of disagreement)
2026-09-28 12:33:33,235 INFO [fast_wf]   noodds_noglicko:hgb:0 fold 4/8 feats=252 anchor b=0.319
2026-09-28 12:33:36,961 INFO [model]   Early stopping (chronological val, n=637): best_iter=196 val_logloss=0.6424
2026-09-28 12:33:37,847 INFO [model]     MarketAnchor: b=0.367 c=+0.012 on 626 priced rows (trusting 37% of disagreement)
2026-09-28 12:33:37,847 INFO [fast_wf]   noodds_noglicko:hgb:0 fold 5/8 feats=252 anchor b=0.367
2026-09-28 12:33:41,014 INFO [model]   Early stopping (chronological val, n=676): best_iter=111 val_logloss=0.6435
2026-09-28 12:33:41,564 INFO [model]     MarketAnchor: b=0.179 c=+0.058 on 682 priced rows (trusting 18% of disagreement)
2026-09-28 12:33:41,564 INFO [fast_wf]   noodds_noglicko:hgb:0 fold 6/8 feats=252 anchor b=0.179
2026-09-28 12:33:45,749 INFO [model]   Early stopping (chronological val, n=716): best_iter=174 val_logloss=0.6446
2026-09-28 12:33:46,639 INFO [model]     MarketAnchor: b=0.268 c=+0.043 on 719 priced rows (trusting 27% of disagreement)
2026-09-28 12:33:46,640 INFO [fast_wf]   noodds_noglicko:hgb:0 fold 7/8 feats=252 anchor b=0.268
2026-09-28 12:33:51,029 INFO [model]   Early stopping (chronological val, n=756): best_iter=167 val_logloss=0.6418
2026-09-28 12:33:51,819 INFO [model]     MarketAnchor: b=0.415 c=+0.059 on 757 priced rows (trusting 42% of disagreement)
2026-09-28 12:33:51,820 INFO [fast_wf]   noodds_noglicko:hgb:0 fold 8/8 feats=252 anchor b=0.415
2026-09-28 12:33:51,866 INFO [fast_wf] wrote /private/tmp/claude-501/-Users-rafeburns-Downloads-ALocks/60bea722-ac8a-436f-a39d-88c0619ee942/scratchpad/fs1.csv
2026-09-28 12:34:19,308 INFO [model]     MarketAnchor: b=0.353 c=+0.060 on 404 priced rows (trusting 35% of disagreement)
2026-09-28 12:34:19,308 INFO [fast_wf]   noodds:catboost:0 fold 1/8 feats=309 anchor b=0.353
2026-09-28 12:34:24,659 INFO [model]     MarketAnchor: b=0.400 c=+0.125 on 483 priced rows (trusting 40% of disagreement)
2026-09-28 12:34:24,659 INFO [fast_wf]   noodds:catboost:0 fold 2/8 feats=309 anchor b=0.400
2026-09-28 12:34:29,901 INFO [model]     MarketAnchor: b=0.396 c=+0.108 on 524 priced rows (trusting 40% of disagreement)
2026-09-28 12:34:29,901 INFO [fast_wf]   noodds:catboost:0 fold 3/8 feats=309 anchor b=0.396
2026-09-28 12:34:34,541 INFO [model]     MarketAnchor: b=0.399 c=+0.094 on 590 priced rows (trusting 40% of disagreement)
2026-09-28 12:34:34,542 INFO [fast_wf]   noodds:catboost:0 fold 4/8 feats=309 anchor b=0.399
2026-09-28 12:34:40,535 INFO [model]     MarketAnchor: b=0.374 c=+0.010 on 626 priced rows (trusting 37% of disagreement)
2026-09-28 12:34:40,536 INFO [fast_wf]   noodds:catboost:0 fold 5/8 feats=309 anchor b=0.374
2026-09-28 12:34:45,369 INFO [model]     MarketAnchor: b=0.252 c=+0.047 on 682 priced rows (trusting 25% of disagreement)
2026-09-28 12:34:45,369 INFO [fast_wf]   noodds:catboost:0 fold 6/8 feats=309 anchor b=0.252
2026-09-28 12:34:50,187 INFO [model]     MarketAnchor: b=0.356 c=+0.038 on 719 priced rows (trusting 36% of disagreement)
2026-09-28 12:34:50,187 INFO [fast_wf]   noodds:catboost:0 fold 7/8 feats=309 anchor b=0.356
2026-09-28 12:34:56,963 INFO [model]     MarketAnchor: b=0.471 c=+0.065 on 757 priced rows (trusting 47% of disagreement)
2026-09-28 12:34:56,965 INFO [fast_wf]   noodds:catboost:0 fold 8/8 feats=309 anchor b=0.471
2026-09-28 12:34:57,267 INFO [model]     MarketAnchor: b=0.183 c=+0.067 on 404 priced rows (trusting 18% of disagreement)
2026-09-28 12:34:57,268 INFO [fast_wf]   noodds:logit:0 fold 1/8 feats=309 anchor b=0.183
2026-09-28 12:34:57,528 INFO [model]     MarketAnchor: b=0.289 c=+0.126 on 483 priced rows (trusting 29% of disagreement)
2026-09-28 12:34:57,528 INFO [fast_wf]   noodds:logit:0 fold 2/8 feats=309 anchor b=0.289
2026-09-28 12:34:57,790 INFO [model]     MarketAnchor: b=0.343 c=+0.103 on 524 priced rows (trusting 34% of disagreement)
2026-09-28 12:34:57,791 INFO [fast_wf]   noodds:logit:0 fold 3/8 feats=309 anchor b=0.343
2026-09-28 12:34:58,094 INFO [model]     MarketAnchor: b=0.396 c=+0.090 on 590 priced rows (trusting 40% of disagreement)
2026-09-28 12:34:58,094 INFO [fast_wf]   noodds:logit:0 fold 4/8 feats=309 anchor b=0.396
2026-09-28 12:34:58,434 INFO [model]     MarketAnchor: b=0.326 c=+0.016 on 626 priced rows (trusting 33% of disagreement)
2026-09-28 12:34:58,435 INFO [fast_wf]   noodds:logit:0 fold 5/8 feats=309 anchor b=0.326
2026-09-28 12:34:58,770 INFO [model]     MarketAnchor: b=0.235 c=+0.053 on 682 priced rows (trusting 24% of disagreement)
2026-09-28 12:34:58,770 INFO [fast_wf]   noodds:logit:0 fold 6/8 feats=309 anchor b=0.235
2026-09-28 12:34:59,128 INFO [model]     MarketAnchor: b=0.280 c=+0.041 on 719 priced rows (trusting 28% of disagreement)
2026-09-28 12:34:59,128 INFO [fast_wf]   noodds:logit:0 fold 7/8 feats=309 anchor b=0.280
2026-09-28 12:34:59,514 INFO [model]     MarketAnchor: b=0.414 c=+0.068 on 757 priced rows (trusting 41% of disagreement)
2026-09-28 12:34:59,514 INFO [fast_wf]   noodds:logit:0 fold 8/8 feats=309 anchor b=0.414
2026-09-28 12:35:02,886 INFO [model]   Early stopping (chronological val, n=477): best_iter=82 val_logloss=0.6580
2026-09-28 12:35:03,274 INFO [model]     MarketAnchor: b=0.299 c=+0.062 on 404 priced rows (trusting 30% of disagreement)
2026-09-28 12:35:03,274 INFO [fast_wf]   noodds_noraw:hgb:0 fold 1/8 feats=172 anchor b=0.299
2026-09-28 12:35:06,157 INFO [model]   Early stopping (chronological val, n=517): best_iter=125 val_logloss=0.6689
2026-09-28 12:35:06,634 INFO [model]     MarketAnchor: b=0.335 c=+0.130 on 483 priced rows (trusting 33% of disagreement)
2026-09-28 12:35:06,634 INFO [fast_wf]   noodds_noraw:hgb:0 fold 2/8 feats=172 anchor b=0.335
2026-09-28 12:35:09,734 INFO [model]   Early stopping (chronological val, n=557): best_iter=127 val_logloss=0.6698
2026-09-28 12:35:10,256 INFO [model]     MarketAnchor: b=0.430 c=+0.103 on 524 priced rows (trusting 43% of disagreement)
2026-09-28 12:35:10,257 INFO [fast_wf]   noodds_noraw:hgb:0 fold 3/8 feats=172 anchor b=0.430
2026-09-28 12:35:12,825 INFO [model]   Early stopping (chronological val, n=597): best_iter=218 val_logloss=0.6545
2026-09-28 12:35:13,473 INFO [model]     MarketAnchor: b=0.364 c=+0.097 on 590 priced rows (trusting 36% of disagreement)
2026-09-28 12:35:13,473 INFO [fast_wf]   noodds_noraw:hgb:0 fold 4/8 feats=172 anchor b=0.364
2026-09-28 12:35:16,339 INFO [model]   Early stopping (chronological val, n=637): best_iter=438 val_logloss=0.6328
2026-09-28 12:35:17,662 INFO [model]     MarketAnchor: b=0.367 c=+0.011 on 626 priced rows (trusting 37% of disagreement)
2026-09-28 12:35:17,662 INFO [fast_wf]   noodds_noraw:hgb:0 fold 5/8 feats=172 anchor b=0.367
2026-09-28 12:35:20,828 INFO [model]   Early stopping (chronological val, n=676): best_iter=136 val_logloss=0.6393
2026-09-28 12:35:21,402 INFO [model]     MarketAnchor: b=0.236 c=+0.053 on 682 priced rows (trusting 24% of disagreement)
2026-09-28 12:35:21,402 INFO [fast_wf]   noodds_noraw:hgb:0 fold 6/8 feats=172 anchor b=0.236
2026-09-28 12:35:24,772 INFO [model]   Early stopping (chronological val, n=716): best_iter=147 val_logloss=0.6395
2026-09-28 12:35:25,532 INFO [model]     MarketAnchor: b=0.309 c=+0.038 on 719 priced rows (trusting 31% of disagreement)
2026-09-28 12:35:25,532 INFO [fast_wf]   noodds_noraw:hgb:0 fold 7/8 feats=172 anchor b=0.309
2026-09-28 12:35:29,311 INFO [model]   Early stopping (chronological val, n=756): best_iter=167 val_logloss=0.6398
2026-09-28 12:35:30,127 INFO [model]     MarketAnchor: b=0.381 c=+0.067 on 757 priced rows (trusting 38% of disagreement)
2026-09-28 12:35:30,127 INFO [fast_wf]   noodds_noraw:hgb:0 fold 8/8 feats=172 anchor b=0.381
2026-09-28 12:35:32,449 INFO [model]     MarketAnchor: b=0.397 c=+0.052 on 404 priced rows (trusting 40% of disagreement)
2026-09-28 12:35:32,449 INFO [fast_wf]   noodds_noraw:catboost:0 fold 1/8 feats=172 anchor b=0.397
2026-09-28 12:35:34,555 INFO [model]     MarketAnchor: b=0.408 c=+0.115 on 483 priced rows (trusting 41% of disagreement)
2026-09-28 12:35:34,555 INFO [fast_wf]   noodds_noraw:catboost:0 fold 2/8 feats=172 anchor b=0.408
2026-09-28 12:35:36,721 INFO [model]     MarketAnchor: b=0.417 c=+0.103 on 524 priced rows (trusting 42% of disagreement)
2026-09-28 12:35:36,722 INFO [fast_wf]   noodds_noraw:catboost:0 fold 3/8 feats=172 anchor b=0.417
2026-09-28 12:35:39,089 INFO [model]     MarketAnchor: b=0.371 c=+0.096 on 590 priced rows (trusting 37% of disagreement)
2026-09-28 12:35:39,090 INFO [fast_wf]   noodds_noraw:catboost:0 fold 4/8 feats=172 anchor b=0.371
2026-09-28 12:35:46,725 INFO [model]     MarketAnchor: b=0.373 c=+0.010 on 626 priced rows (trusting 37% of disagreement)
2026-09-28 12:35:46,726 INFO [fast_wf]   noodds_noraw:catboost:0 fold 5/8 feats=172 anchor b=0.373
2026-09-28 12:35:53,103 INFO [model]     MarketAnchor: b=0.263 c=+0.049 on 682 priced rows (trusting 26% of disagreement)
2026-09-28 12:35:53,103 INFO [fast_wf]   noodds_noraw:catboost:0 fold 6/8 feats=172 anchor b=0.263
2026-09-28 12:35:56,251 INFO [model]     MarketAnchor: b=0.335 c=+0.038 on 719 priced rows (trusting 33% of disagreement)
2026-09-28 12:35:56,251 INFO [fast_wf]   noodds_noraw:catboost:0 fold 7/8 feats=172 anchor b=0.335
2026-09-28 12:36:00,409 INFO [model]     MarketAnchor: b=0.444 c=+0.067 on 757 priced rows (trusting 44% of disagreement)
2026-09-28 12:36:00,409 INFO [fast_wf]   noodds_noraw:catboost:0 fold 8/8 feats=172 anchor b=0.444
2026-09-28 12:36:00,446 INFO [fast_wf] wrote /private/tmp/claude-501/-Users-rafeburns-Downloads-ALocks/60bea722-ac8a-436f-a39d-88c0619ee942/scratchpad/fs2.csv
2026-09-28 12:53:50,064 INFO [model] ============================================================
2026-09-28 12:53:50,064 INFO [model] GENERATING PREDICTIONS FOR ALL FIGHTS
2026-09-28 12:53:50,064 INFO [model] ============================================================
2026-09-28 12:53:50,122 INFO [model]   Serving ensemble trained 2026-09-28T12:53:17 (members: ['catboost', 'catboost_noraw', 'hgb', 'logit'], stack: {'a': 0.02186525332087968, 'b_mkt': 0.9094300740697662, 'b_model': 0.30019957966025207, 'n': 2052})
2026-09-28 12:53:50,122 INFO [model] Loading data from database...
2026-09-28 12:53:50,259 INFO [model]   Loaded 4616 fighters
2026-09-28 12:53:51,527 INFO [model]   Added 46 upcoming fights
2026-09-28 12:53:51,698 INFO [model]   Loaded 22317 fight-stat rows (11207 unique fights)
2026-09-28 12:53:51,698 INFO [model]   Loading per-round stats...
2026-09-28 12:53:53,455 INFO [model]   Loaded 59640 per-round stat rows
2026-09-28 12:53:53,576 INFO [model] Building features...
2026-09-28 12:53:53,843 INFO [model]   Computing defensive stats...
2026-09-28 12:53:55,650 INFO [model]   Computing Elo ratings...
2026-09-28 12:53:56,206 INFO [model]   Computing resume scores...
2026-09-28 12:53:56,363 INFO [model]   Loading Glicko rating snapshots from DB...
2026-09-28 12:53:56,679 INFO [model]   Loaded 21030 Glicko snapshots
2026-09-28 12:53:59,378 INFO [model]   Added 15 Glicko features  + 4 confidence features
2026-09-28 12:53:59,378 INFO [model]   Computing Elo-adjusted stats...
2026-09-28 12:53:59,380 INFO [model]   Computing rolling career averages...
2026-09-28 12:54:23,540 INFO [model]   Computing streaks and career stats...
2026-09-28 12:54:25,349 INFO [model]   Computing composite features...
2026-09-28 12:54:25,354 INFO [model]   Computing round-by-round profiles...
2026-09-28 12:54:34,290 INFO [model]   Computing age curve features...
2026-09-28 12:54:34,293 INFO [model]   Computing damage accumulation...
2026-09-28 12:54:35,727 INFO [model]   Computing weight-class movement...
2026-09-28 12:54:36,054 INFO [model]   Computing pre-UFC records...
2026-09-28 12:54:36,082 INFO [model]   Computing age-relative performance residuals...
2026-09-28 12:54:36,202 INFO [model]   Computing opponent-adjusted expected stats...
2026-09-28 12:54:36,227 INFO [expected_stats]   Expected stats: 59 refits x 5 stats
2026-09-28 12:54:46,062 INFO [model]   Computing fighter style clusters (k=6)...
2026-09-28 12:54:46,371 INFO [model]     Fit on 17081 rows, assigned 22317 fighter-fights
2026-09-28 12:54:46,372 INFO [model]     Style 0 (3351 fighter-fights): SigStr/5=15.4 TD/5=0.6 Sub/5=0.5 Ctrl/5=50.7 GndStr/5=3.1 top=ctrl_per5
2026-09-28 12:54:46,372 INFO [model]     Style 1 (10348 fighter-fights): SigStr/5=15.1 TD/5=0.5 Sub/5=0.3 Ctrl/5=43.5 GndStr/5=3.1 top=ctrl_per5
2026-09-28 12:54:46,372 INFO [model]     Style 2 (3760 fighter-fights): SigStr/5=16.7 TD/5=1.5 Sub/5=0.6 Ctrl/5=113.4 GndStr/5=8.0 top=ctrl_per5
2026-09-28 12:54:46,372 INFO [model]     Style 3 (4236 fighter-fights): SigStr/5=30.5 TD/5=0.3 Sub/5=0.2 Ctrl/5=33.7 GndStr/5=5.6 top=ctrl_per5
2026-09-28 12:54:46,372 INFO [model]     Style 4 (314 fighter-fights): SigStr/5=71.9 TD/5=0.7 Sub/5=0.3 Ctrl/5=55.9 GndStr/5=35.5 top=sig_str_landed_per5
2026-09-28 12:54:46,372 INFO [model]     Style 5 (308 fighter-fights): SigStr/5=11.6 TD/5=2.3 Sub/5=4.7 Ctrl/5=54.7 GndStr/5=3.9 top=ctrl_per5
2026-09-28 12:54:46,419 INFO [model]   Style matchup features computed expanding-in-time (6x6, 22220 fighter-fights)
2026-09-28 12:54:46,706 INFO [model]   Feature matrix shape: (22317, 369)
2026-09-28 12:54:46,850 INFO [model]   Built latest feature snapshots for 3820 fighters
2026-09-28 12:54:47,725 INFO [model]   Added 191 upcoming fights using latest fighter features
2026-09-28 12:54:47,726 INFO [model]   Loading odds for predictions...
2026-09-28 12:54:48,876 INFO [model]   Odds matched: 2875/11301 fights (25.4%)
2026-09-28 12:54:49,554 INFO [model]   11301 fights; 2875 blended with the market
2026-09-28 12:54:50,607 INFO [model]   Cleared ufc_fight_shap_values
2026-09-28 12:54:50,649 INFO [model]   Cleared ufc_fight_predictions
2026-09-28 12:55:05,876 INFO [model] Stored 11301 fight predictions, 226020 SHAP values
2026-09-28 12:55:24,939 INFO [model] Loading data from database...
2026-09-28 12:55:25,000 INFO [model]   Loaded 4616 fighters
2026-09-28 12:55:26,214 INFO [model]   Added 46 upcoming fights
2026-09-28 12:55:26,407 INFO [model]   Loaded 22317 fight-stat rows (11207 unique fights)
2026-09-28 12:55:26,407 INFO [model]   Loading per-round stats...
2026-09-28 12:55:28,192 INFO [model]   Loaded 59640 per-round stat rows
2026-09-28 12:55:28,302 INFO [model] Building features...
2026-09-28 12:55:28,577 INFO [model]   Computing defensive stats...
2026-09-28 12:55:30,288 INFO [model]   Computing Elo ratings...
2026-09-28 12:55:30,848 INFO [model]   Computing resume scores...
2026-09-28 12:55:31,002 INFO [model]   Loading Glicko rating snapshots from DB...
2026-09-28 12:55:31,300 INFO [model]   Loaded 21030 Glicko snapshots
2026-09-28 12:55:33,910 INFO [model]   Added 15 Glicko features  + 4 confidence features
2026-09-28 12:55:33,910 INFO [model]   Computing Elo-adjusted stats...
2026-09-28 12:55:33,911 INFO [model]   Computing rolling career averages...
2026-09-28 12:56:01,846 INFO [model]   Computing streaks and career stats...
2026-09-28 12:56:03,583 INFO [model]   Computing composite features...
2026-09-28 12:56:03,589 INFO [model]   Computing round-by-round profiles...
2026-09-28 12:56:12,334 INFO [model]   Computing age curve features...
2026-09-28 12:56:12,338 INFO [model]   Computing damage accumulation...
2026-09-28 12:56:13,717 INFO [model]   Computing weight-class movement...
2026-09-28 12:56:13,990 INFO [model]   Computing pre-UFC records...
2026-09-28 12:56:14,015 INFO [model]   Computing age-relative performance residuals...
2026-09-28 12:56:14,129 INFO [model]   Computing opponent-adjusted expected stats...
2026-09-28 12:56:14,153 INFO [expected_stats]   Expected stats: 59 refits x 5 stats
2026-09-28 12:56:25,535 INFO [model]   Computing fighter style clusters (k=6)...
2026-09-28 12:56:25,835 INFO [model]     Fit on 17081 rows, assigned 22317 fighter-fights
2026-09-28 12:56:25,835 INFO [model]     Style 0 (3351 fighter-fights): SigStr/5=15.4 TD/5=0.6 Sub/5=0.5 Ctrl/5=50.7 GndStr/5=3.1 top=ctrl_per5
2026-09-28 12:56:25,836 INFO [model]     Style 1 (10348 fighter-fights): SigStr/5=15.1 TD/5=0.5 Sub/5=0.3 Ctrl/5=43.5 GndStr/5=3.1 top=ctrl_per5
2026-09-28 12:56:25,836 INFO [model]     Style 2 (3760 fighter-fights): SigStr/5=16.7 TD/5=1.5 Sub/5=0.6 Ctrl/5=113.4 GndStr/5=8.0 top=ctrl_per5
2026-09-28 12:56:25,836 INFO [model]     Style 3 (4236 fighter-fights): SigStr/5=30.5 TD/5=0.3 Sub/5=0.2 Ctrl/5=33.7 GndStr/5=5.6 top=ctrl_per5
2026-09-28 12:56:25,836 INFO [model]     Style 4 (314 fighter-fights): SigStr/5=71.9 TD/5=0.7 Sub/5=0.3 Ctrl/5=55.9 GndStr/5=35.5 top=sig_str_landed_per5
2026-09-28 12:56:25,836 INFO [model]     Style 5 (308 fighter-fights): SigStr/5=11.6 TD/5=2.3 Sub/5=4.7 Ctrl/5=54.7 GndStr/5=3.9 top=ctrl_per5
2026-09-28 12:56:25,891 INFO [model]   Style matchup features computed expanding-in-time (6x6, 22220 fighter-fights)
2026-09-28 12:56:26,221 INFO [model]   Feature matrix shape: (22317, 369)
2026-09-28 12:56:26,359 INFO [model]   Built latest feature snapshots for 3820 fighters
2026-09-28 12:56:27,070 INFO [model]   Added 191 upcoming fights using latest fighter features
2026-09-28 12:56:27,070 INFO [model]   Loading odds for predictions...
2026-09-28 12:56:28,434 INFO [model]   Odds matched: 2875/11301 fights (25.4%)
2026-09-29 03:45:55,566 INFO [glicko_service]   Loading fight data...
2026-09-29 03:45:56,082 INFO [glicko_service]   Loaded 11616 fights
2026-09-29 03:45:56,082 INFO [glicko_service]   Loading per-round stats...
2026-09-29 03:45:57,932 INFO [glicko_service]   Loaded rounds for 11286 fights
2026-09-29 03:45:57,932 INFO [glicko_service]   Loading per-fight derived totals...
2026-09-29 03:45:58,791 INFO [glicko_service]   Loaded 22572 derived totals rows
2026-09-29 03:45:58,899 INFO [glicko_service]   Loaded 4617 fighters
2026-09-29 03:45:59,024 INFO [glicko_service]   Computing weight class baseline rates...
2026-09-29 03:45:59,106 INFO [glicko_service]     P4P: 1 rounds, KD=0.0000, SUB=0.0000, TD=0.0000, td15s_cap=10.0, ctrl15g_cap=10.0, gnp15g_cap=10.0
2026-09-29 03:45:59,107 INFO [glicko_service]     Flyweight: 1667 rounds, KD=0.0223, SUB=0.0687, TD=0.0837, td15s_cap=25.7, ctrl15g_cap=15.0, gnp15g_cap=79.1
2026-09-29 03:45:59,108 INFO [glicko_service]     Bantamweight: 3013 rounds, KD=0.0254, SUB=0.0624, TD=0.0770, td15s_cap=25.7, ctrl15g_cap=15.0, gnp15g_cap=84.0
2026-09-29 03:45:59,109 INFO [glicko_service]     Featherweight: 3365 rounds, KD=0.0254, SUB=0.0663, TD=0.0792, td15s_cap=26.8, ctrl15g_cap=15.0, gnp15g_cap=85.3
2026-09-29 03:45:59,110 INFO [glicko_service]     Lightweight: 4960 rounds, KD=0.0249, SUB=0.0827, TD=0.0845, td15s_cap=25.7, ctrl15g_cap=15.0, gnp15g_cap=77.6
2026-09-29 03:45:59,111 INFO [glicko_service]     Welterweight: 4416 rounds, KD=0.0297, SUB=0.0721, TD=0.0818, td15s_cap=28.1, ctrl15g_cap=15.0, gnp15g_cap=77.8
2026-09-29 03:45:59,112 INFO [glicko_service]     Middleweight: 4028 rounds, KD=0.0296, SUB=0.0745, TD=0.0734, td15s_cap=25.7, ctrl15g_cap=15.0, gnp15g_cap=94.7
2026-09-29 03:45:59,113 INFO [glicko_service]     Light Heavyweight: 2462 rounds, KD=0.0332, SUB=0.0515, TD=0.0675, td15s_cap=26.3, ctrl15g_cap=15.0, gnp15g_cap=106.6
2026-09-29 03:45:59,114 INFO [glicko_service]     Heavyweight: 2651 rounds, KD=0.0323, SUB=0.0576, TD=0.0590, td15s_cap=23.1, ctrl15g_cap=15.0, gnp15g_cap=103.8
2026-09-29 03:45:59,114 INFO [glicko_service]     P4P: 1 rounds, KD=0.0000, SUB=0.0000, TD=0.0000, td15s_cap=10.0, ctrl15g_cap=10.0, gnp15g_cap=10.0
2026-09-29 03:45:59,115 INFO [glicko_service]     Strawweight: 1380 rounds, KD=0.0092, SUB=0.0493, TD=0.0696, td15s_cap=23.4, ctrl15g_cap=15.0, gnp15g_cap=64.7
2026-09-29 03:45:59,115 INFO [glicko_service]     Flyweight: 1059 rounds, KD=0.0077, SUB=0.0465, TD=0.0616, td15s_cap=22.2, ctrl15g_cap=15.0, gnp15g_cap=77.1
2026-09-29 03:45:59,115 INFO [glicko_service]     Bantamweight: 1003 rounds, KD=0.0098, SUB=0.0489, TD=0.0621, td15s_cap=27.3, ctrl15g_cap=15.0, gnp15g_cap=78.8
2026-09-29 03:46:00,483 INFO [glicko_service]   Processed 27882 rounds
2026-09-29 03:46:00,503 INFO [model] Loading data from database...
2026-09-29 03:46:00,599 INFO [model]   Loaded 4617 fighters
2026-09-29 03:46:01,830 INFO [model]   Loaded 22299 fight-stat rows (11198 unique fights)
2026-09-29 03:46:01,830 INFO [model]   Loading per-round stats...
2026-09-29 03:46:03,536 INFO [model]   Loaded 61838 per-round stat rows
2026-09-29 03:46:03,651 INFO [model] Building features...
2026-09-29 03:46:03,908 INFO [model]   Computing defensive stats...
2026-09-29 03:46:05,624 INFO [model]   Computing Elo ratings...
2026-09-29 03:46:06,158 INFO [model]   Computing resume scores...
2026-09-29 03:46:06,296 INFO [model]   Using 21096 caller-supplied Glicko snapshots
2026-09-29 03:46:08,747 INFO [model]   Added 15 Glicko features  + 4 confidence features
2026-09-29 03:46:08,747 INFO [model]   Computing Elo-adjusted stats...
2026-09-29 03:46:08,748 INFO [model]   Computing rolling career averages...
2026-09-29 03:46:33,613 INFO [model]   Computing streaks and career stats...
2026-09-29 03:46:35,320 INFO [model]   Computing composite features...
2026-09-29 03:46:35,324 INFO [model]   Computing round-by-round profiles...
2026-09-29 03:46:43,595 INFO [model]   Computing age curve features...
2026-09-29 03:46:43,598 INFO [model]   Computing damage accumulation...
2026-09-29 03:46:44,805 INFO [model]   Computing weight-class movement...
2026-09-29 03:46:45,003 INFO [model]   Computing pre-UFC records...
2026-09-29 03:46:45,027 INFO [model]   Computing age-relative performance residuals...
2026-09-29 03:46:45,118 INFO [model]   Computing opponent-adjusted expected stats...
2026-09-29 03:46:45,140 INFO [expected_stats]   Expected stats: 59 refits x 5 stats
2026-09-29 03:46:53,707 INFO [model]   Computing fighter style clusters (k=6)...
2026-09-29 03:46:54,028 INFO [model]     Fit on 17081 rows, assigned 22299 fighter-fights
2026-09-29 03:46:54,030 INFO [model]     Style 0 (3349 fighter-fights): SigStr/5=15.4 TD/5=0.6 Sub/5=0.5 Ctrl/5=50.7 GndStr/5=3.1 top=ctrl_per5
2026-09-29 03:46:54,030 INFO [model]     Style 1 (10346 fighter-fights): SigStr/5=15.1 TD/5=0.5 Sub/5=0.3 Ctrl/5=43.5 GndStr/5=3.1 top=ctrl_per5
2026-09-29 03:46:54,030 INFO [model]     Style 2 (3759 fighter-fights): SigStr/5=16.7 TD/5=1.5 Sub/5=0.6 Ctrl/5=113.4 GndStr/5=8.0 top=ctrl_per5
2026-09-29 03:46:54,030 INFO [model]     Style 3 (4223 fighter-fights): SigStr/5=30.5 TD/5=0.3 Sub/5=0.2 Ctrl/5=33.7 GndStr/5=5.6 top=ctrl_per5
2026-09-29 03:46:54,031 INFO [model]     Style 4 (314 fighter-fights): SigStr/5=71.9 TD/5=0.7 Sub/5=0.3 Ctrl/5=55.9 GndStr/5=35.5 top=sig_str_landed_per5
2026-09-29 03:46:54,031 INFO [model]     Style 5 (308 fighter-fights): SigStr/5=11.6 TD/5=2.3 Sub/5=4.7 Ctrl/5=54.7 GndStr/5=3.9 top=ctrl_per5
2026-09-29 03:46:54,087 INFO [model]   Style matchup features computed expanding-in-time (6x6, 22202 fighter-fights)
2026-09-29 03:46:54,380 INFO [model]   Feature matrix shape: (22299, 368)
2026-09-29 03:46:54,404 INFO [model] Building matchup feature matrix...
2026-09-29 03:46:54,523 INFO [model]   Loading odds from database...
2026-09-29 03:46:55,755 INFO [model]   Odds matched: 2867/11101 fights (25.8%)
2026-09-29 03:46:55,788 INFO [model]   Filtered to modern era (2015+): 6284 fights (dropped 4587 pre-2015)
2026-09-29 03:46:55,789 INFO [model]   Red win rate (modern): 0.567
2026-09-29 03:46:55,799 INFO [model]   Matchup matrix: 6284 fights, 316 candidate features
2026-09-29 03:46:55,800 INFO [model]   Red win rate: 0.567
2026-09-29 03:46:55,800 INFO [model]   Date range: 2015-01-03 to 2026-09-26
2026-09-29 03:46:59,531 INFO [model]     MarketAnchor: b=0.420 c=+0.031 on 402 priced rows (trusting 42% of disagreement)
2026-09-29 03:46:59,532 INFO [fast_wf]   noodds:catboost:0 fold 1/8 feats=309 anchor b=0.420
2026-09-29 03:47:03,545 INFO [model]     MarketAnchor: b=0.396 c=+0.159 on 493 priced rows (trusting 40% of disagreement)
2026-09-29 03:47:03,546 INFO [fast_wf]   noodds:catboost:0 fold 2/8 feats=309 anchor b=0.396
2026-09-29 03:47:07,432 INFO [model]     MarketAnchor: b=0.400 c=+0.089 on 529 priced rows (trusting 40% of disagreement)
2026-09-29 03:47:07,432 INFO [fast_wf]   noodds:catboost:0 fold 3/8 feats=309 anchor b=0.400
2026-09-29 03:47:13,739 INFO [model]     MarketAnchor: b=0.332 c=+0.093 on 595 priced rows (trusting 33% of disagreement)
2026-09-29 03:47:13,743 INFO [fast_wf]   noodds:catboost:0 fold 4/8 feats=309 anchor b=0.332
2026-09-29 03:47:20,066 INFO [model]     MarketAnchor: b=0.349 c=+0.057 on 628 priced rows (trusting 35% of disagreement)
2026-09-29 03:47:20,066 INFO [fast_wf]   noodds:catboost:0 fold 5/8 feats=309 anchor b=0.349
2026-09-29 03:47:25,167 INFO [model]     MarketAnchor: b=0.225 c=+0.048 on 689 priced rows (trusting 22% of disagreement)
2026-09-29 03:47:25,167 INFO [fast_wf]   noodds:catboost:0 fold 6/8 feats=309 anchor b=0.225
2026-09-29 03:47:32,492 INFO [model]     MarketAnchor: b=0.343 c=+0.058 on 707 priced rows (trusting 34% of disagreement)
2026-09-29 03:47:32,493 INFO [fast_wf]   noodds:catboost:0 fold 7/8 feats=309 anchor b=0.343
2026-09-29 03:47:39,585 INFO [model]     MarketAnchor: b=0.390 c=+0.071 on 771 priced rows (trusting 39% of disagreement)
2026-09-29 03:47:39,587 INFO [fast_wf]   noodds:catboost:0 fold 8/8 feats=309 anchor b=0.390
2026-09-29 03:47:43,767 INFO [model]   Early stopping (chronological val, n=480): best_iter=113 val_logloss=0.6571
2026-09-29 03:47:44,446 INFO [model]     MarketAnchor: b=0.320 c=+0.039 on 402 priced rows (trusting 32% of disagreement)
2026-09-29 03:47:44,447 INFO [fast_wf]   noodds:hgb:0 fold 1/8 feats=309 anchor b=0.320
2026-09-29 03:47:48,888 INFO [model]   Early stopping (chronological val, n=520): best_iter=178 val_logloss=0.6590
2026-09-29 03:47:50,023 INFO [model]     MarketAnchor: b=0.311 c=+0.175 on 493 priced rows (trusting 31% of disagreement)
2026-09-29 03:47:50,023 INFO [fast_wf]   noodds:hgb:0 fold 2/8 feats=309 anchor b=0.311
2026-09-29 03:47:54,693 INFO [model]   Early stopping (chronological val, n=560): best_iter=172 val_logloss=0.6642
2026-09-29 03:47:55,681 INFO [model]     MarketAnchor: b=0.433 c=+0.082 on 529 priced rows (trusting 43% of disagreement)
2026-09-29 03:47:55,681 INFO [fast_wf]   noodds:hgb:0 fold 3/8 feats=309 anchor b=0.433
2026-09-29 03:48:00,238 INFO [model]   Early stopping (chronological val, n=600): best_iter=158 val_logloss=0.6480
2026-09-29 03:48:01,122 INFO [model]     MarketAnchor: b=0.317 c=+0.091 on 595 priced rows (trusting 32% of disagreement)
2026-09-29 03:48:01,122 INFO [fast_wf]   noodds:hgb:0 fold 4/8 feats=309 anchor b=0.317
2026-09-29 03:48:05,614 INFO [model]   Early stopping (chronological val, n=640): best_iter=254 val_logloss=0.6451
2026-09-29 03:48:06,926 INFO [model]     MarketAnchor: b=0.338 c=+0.058 on 628 priced rows (trusting 34% of disagreement)
2026-09-29 03:48:06,926 INFO [fast_wf]   noodds:hgb:0 fold 5/8 feats=309 anchor b=0.338
2026-09-29 03:48:11,351 INFO [model]   Early stopping (chronological val, n=680): best_iter=143 val_logloss=0.6430
2026-09-29 03:48:12,324 INFO [model]     MarketAnchor: b=0.232 c=+0.046 on 689 priced rows (trusting 23% of disagreement)
2026-09-29 03:48:12,324 INFO [fast_wf]   noodds:hgb:0 fold 6/8 feats=309 anchor b=0.232
2026-09-29 03:48:17,174 INFO [model]   Early stopping (chronological val, n=720): best_iter=132 val_logloss=0.6437
2026-09-29 03:48:17,972 INFO [model]     MarketAnchor: b=0.306 c=+0.061 on 707 priced rows (trusting 31% of disagreement)
2026-09-29 03:48:17,972 INFO [fast_wf]   noodds:hgb:0 fold 7/8 feats=309 anchor b=0.306
2026-09-29 03:48:22,979 INFO [model]   Early stopping (chronological val, n=760): best_iter=177 val_logloss=0.6428
2026-09-29 03:48:24,130 INFO [model]     MarketAnchor: b=0.405 c=+0.068 on 771 priced rows (trusting 41% of disagreement)
2026-09-29 03:48:24,130 INFO [fast_wf]   noodds:hgb:0 fold 8/8 feats=309 anchor b=0.405
2026-09-29 03:48:24,339 INFO [model]     MarketAnchor: b=0.195 c=+0.044 on 402 priced rows (trusting 19% of disagreement)
2026-09-29 03:48:24,339 INFO [fast_wf]   noodds:logit:0 fold 1/8 feats=309 anchor b=0.195
2026-09-29 03:48:24,549 INFO [model]     MarketAnchor: b=0.296 c=+0.161 on 493 priced rows (trusting 30% of disagreement)
2026-09-29 03:48:24,549 INFO [fast_wf]   noodds:logit:0 fold 2/8 feats=309 anchor b=0.296
2026-09-29 03:48:24,784 INFO [model]     MarketAnchor: b=0.364 c=+0.081 on 529 priced rows (trusting 36% of disagreement)
2026-09-29 03:48:24,784 INFO [fast_wf]   noodds:logit:0 fold 3/8 feats=309 anchor b=0.364
2026-09-29 03:48:25,061 INFO [model]     MarketAnchor: b=0.384 c=+0.083 on 595 priced rows (trusting 38% of disagreement)
2026-09-29 03:48:25,061 INFO [fast_wf]   noodds:logit:0 fold 4/8 feats=309 anchor b=0.384
2026-09-29 03:48:25,335 INFO [model]     MarketAnchor: b=0.309 c=+0.063 on 628 priced rows (trusting 31% of disagreement)
2026-09-29 03:48:25,335 INFO [fast_wf]   noodds:logit:0 fold 5/8 feats=309 anchor b=0.309
2026-09-29 03:48:25,647 INFO [model]     MarketAnchor: b=0.237 c=+0.049 on 689 priced rows (trusting 24% of disagreement)
2026-09-29 03:48:25,647 INFO [fast_wf]   noodds:logit:0 fold 6/8 feats=309 anchor b=0.237
2026-09-29 03:48:25,967 INFO [model]     MarketAnchor: b=0.299 c=+0.058 on 707 priced rows (trusting 30% of disagreement)
2026-09-29 03:48:25,967 INFO [fast_wf]   noodds:logit:0 fold 7/8 feats=309 anchor b=0.299
2026-09-29 03:48:26,292 INFO [model]     MarketAnchor: b=0.395 c=+0.071 on 771 priced rows (trusting 39% of disagreement)
2026-09-29 03:48:26,292 INFO [fast_wf]   noodds:logit:0 fold 8/8 feats=309 anchor b=0.395
2026-09-29 03:48:26,320 INFO [fast_wf] wrote /private/tmp/claude-501/-Users-rafeburns-Downloads-ALocks/60bea722-ac8a-436f-a39d-88c0619ee942/scratchpad/career_off.csv
2026-09-29 03:48:28,297 INFO [glicko_service]   Loading fight data...
2026-09-29 03:48:28,509 INFO [glicko_service]   Loaded 11616 fights
2026-09-29 03:48:28,510 INFO [glicko_service]   Loading per-round stats...
2026-09-29 03:48:29,844 INFO [glicko_service]   Loaded rounds for 11286 fights
2026-09-29 03:48:29,844 INFO [glicko_service]   Loading per-fight derived totals...
2026-09-29 03:48:30,703 INFO [glicko_service]   Loaded 22572 derived totals rows
2026-09-29 03:48:30,787 INFO [glicko_service]   Loaded 4617 fighters
2026-09-29 03:48:30,921 INFO [glicko_service]   Computing weight class baseline rates...
2026-09-29 03:48:30,995 INFO [glicko_service]     P4P: 1 rounds, KD=0.0000, SUB=0.0000, TD=0.0000, td15s_cap=10.0, ctrl15g_cap=10.0, gnp15g_cap=10.0
2026-09-29 03:48:30,996 INFO [glicko_service]     Flyweight: 1667 rounds, KD=0.0223, SUB=0.0687, TD=0.0837, td15s_cap=25.7, ctrl15g_cap=15.0, gnp15g_cap=79.1
2026-09-29 03:48:30,997 INFO [glicko_service]     Bantamweight: 3013 rounds, KD=0.0254, SUB=0.0624, TD=0.0770, td15s_cap=25.7, ctrl15g_cap=15.0, gnp15g_cap=84.0
2026-09-29 03:48:30,997 INFO [glicko_service]     Featherweight: 3365 rounds, KD=0.0254, SUB=0.0663, TD=0.0792, td15s_cap=26.8, ctrl15g_cap=15.0, gnp15g_cap=85.3
2026-09-29 03:48:30,999 INFO [glicko_service]     Lightweight: 4960 rounds, KD=0.0249, SUB=0.0827, TD=0.0845, td15s_cap=25.7, ctrl15g_cap=15.0, gnp15g_cap=77.6
2026-09-29 03:48:31,000 INFO [glicko_service]     Welterweight: 4416 rounds, KD=0.0297, SUB=0.0721, TD=0.0818, td15s_cap=28.1, ctrl15g_cap=15.0, gnp15g_cap=77.8
2026-09-29 03:48:31,001 INFO [glicko_service]     Middleweight: 4028 rounds, KD=0.0296, SUB=0.0745, TD=0.0734, td15s_cap=25.7, ctrl15g_cap=15.0, gnp15g_cap=94.7
2026-09-29 03:48:31,001 INFO [glicko_service]     Light Heavyweight: 2462 rounds, KD=0.0332, SUB=0.0515, TD=0.0675, td15s_cap=26.3, ctrl15g_cap=15.0, gnp15g_cap=106.6
2026-09-29 03:48:31,002 INFO [glicko_service]     Heavyweight: 2651 rounds, KD=0.0323, SUB=0.0576, TD=0.0590, td15s_cap=23.1, ctrl15g_cap=15.0, gnp15g_cap=103.8
2026-09-29 03:48:31,002 INFO [glicko_service]     P4P: 1 rounds, KD=0.0000, SUB=0.0000, TD=0.0000, td15s_cap=10.0, ctrl15g_cap=10.0, gnp15g_cap=10.0
2026-09-29 03:48:31,002 INFO [glicko_service]     Strawweight: 1380 rounds, KD=0.0092, SUB=0.0493, TD=0.0696, td15s_cap=23.4, ctrl15g_cap=15.0, gnp15g_cap=64.7
2026-09-29 03:48:31,003 INFO [glicko_service]     Flyweight: 1059 rounds, KD=0.0077, SUB=0.0465, TD=0.0616, td15s_cap=22.2, ctrl15g_cap=15.0, gnp15g_cap=77.1
2026-09-29 03:48:31,003 INFO [glicko_service]     Bantamweight: 1003 rounds, KD=0.0098, SUB=0.0489, TD=0.0621, td15s_cap=27.3, ctrl15g_cap=15.0, gnp15g_cap=78.8
2026-09-29 03:48:32,235 INFO [glicko_service]   Processed 27882 rounds
2026-09-29 03:48:32,255 INFO [model] Loading data from database...
2026-09-29 03:48:32,347 INFO [model]   Loaded 4617 fighters
2026-09-29 03:48:33,749 INFO [model]   Loaded 22299 fight-stat rows (11198 unique fights)
2026-09-29 03:48:33,749 INFO [model]   Loading per-round stats...
2026-09-29 03:48:35,868 INFO [model]   Loaded 61838 per-round stat rows
2026-09-29 03:48:35,989 INFO [model] Building features...
2026-09-29 03:48:38,532 INFO [career_rating]   Career ratings: 172534 pro bouts, 2150 linked UFC fighters, 15204/22299 rows covered
2026-09-29 03:48:38,944 INFO [model]   Computing defensive stats...
2026-09-29 03:48:41,053 INFO [model]   Computing Elo ratings...
2026-09-29 03:48:41,623 INFO [model]   Computing resume scores...
2026-09-29 03:48:41,789 INFO [model]   Using 21096 caller-supplied Glicko snapshots
2026-09-29 03:48:44,589 INFO [model]   Added 15 Glicko features  + 4 confidence features
2026-09-29 03:48:44,590 INFO [model]   Computing Elo-adjusted stats...
2026-09-29 03:48:44,591 INFO [model]   Computing rolling career averages...
2026-09-29 03:49:08,035 INFO [model]   Computing streaks and career stats...
2026-09-29 03:49:09,778 INFO [model]   Computing composite features...
2026-09-29 03:49:09,783 INFO [model]   Computing round-by-round profiles...
2026-09-29 03:49:18,317 INFO [model]   Computing age curve features...
2026-09-29 03:49:18,320 INFO [model]   Computing damage accumulation...
2026-09-29 03:49:19,670 INFO [model]   Computing weight-class movement...
2026-09-29 03:49:19,947 INFO [model]   Computing pre-UFC records...
2026-09-29 03:49:19,972 INFO [model]   Computing age-relative performance residuals...
2026-09-29 03:49:20,083 INFO [model]   Computing opponent-adjusted expected stats...
2026-09-29 03:49:20,107 INFO [expected_stats]   Expected stats: 59 refits x 5 stats
2026-09-29 03:49:30,599 INFO [model]   Computing fighter style clusters (k=6)...
2026-09-29 03:49:30,921 INFO [model]     Fit on 17081 rows, assigned 22299 fighter-fights
2026-09-29 03:49:30,922 INFO [model]     Style 0 (3349 fighter-fights): SigStr/5=15.4 TD/5=0.6 Sub/5=0.5 Ctrl/5=50.7 GndStr/5=3.1 top=ctrl_per5
2026-09-29 03:49:30,922 INFO [model]     Style 1 (10346 fighter-fights): SigStr/5=15.1 TD/5=0.5 Sub/5=0.3 Ctrl/5=43.5 GndStr/5=3.1 top=ctrl_per5
2026-09-29 03:49:30,922 INFO [model]     Style 2 (3759 fighter-fights): SigStr/5=16.7 TD/5=1.5 Sub/5=0.6 Ctrl/5=113.4 GndStr/5=8.0 top=ctrl_per5
2026-09-29 03:49:30,922 INFO [model]     Style 3 (4223 fighter-fights): SigStr/5=30.5 TD/5=0.3 Sub/5=0.2 Ctrl/5=33.7 GndStr/5=5.6 top=ctrl_per5
2026-09-29 03:49:30,923 INFO [model]     Style 4 (314 fighter-fights): SigStr/5=71.9 TD/5=0.7 Sub/5=0.3 Ctrl/5=55.9 GndStr/5=35.5 top=sig_str_landed_per5
2026-09-29 03:49:30,923 INFO [model]     Style 5 (308 fighter-fights): SigStr/5=11.6 TD/5=2.3 Sub/5=4.7 Ctrl/5=54.7 GndStr/5=3.9 top=ctrl_per5
2026-09-29 03:49:30,981 INFO [model]   Style matchup features computed expanding-in-time (6x6, 22202 fighter-fights)
2026-09-29 03:49:31,284 INFO [model]   Feature matrix shape: (22299, 374)
2026-09-29 03:49:31,313 INFO [model] Building matchup feature matrix...
2026-09-29 03:49:31,489 INFO [model]   Loading odds from database...
2026-09-29 03:49:32,754 INFO [model]   Odds matched: 2867/11101 fights (25.8%)
2026-09-29 03:49:32,790 INFO [model]   Filtered to modern era (2015+): 6284 fights (dropped 4587 pre-2015)
2026-09-29 03:49:32,791 INFO [model]   Red win rate (modern): 0.567
2026-09-29 03:49:32,802 INFO [model]   Matchup matrix: 6284 fights, 322 candidate features
2026-09-29 03:49:32,802 INFO [model]   Red win rate: 0.567
2026-09-29 03:49:32,802 INFO [model]   Date range: 2015-01-03 to 2026-09-26
2026-09-29 03:49:37,926 INFO [model]     MarketAnchor: b=0.434 c=+0.046 on 402 priced rows (trusting 43% of disagreement)
2026-09-29 03:49:37,926 INFO [fast_wf]   noodds:catboost:0 fold 1/8 feats=315 anchor b=0.434
2026-09-29 03:49:43,650 INFO [model]     MarketAnchor: b=0.437 c=+0.157 on 493 priced rows (trusting 44% of disagreement)
2026-09-29 03:49:43,650 INFO [fast_wf]   noodds:catboost:0 fold 2/8 feats=315 anchor b=0.437
2026-09-29 03:49:50,482 INFO [model]     MarketAnchor: b=0.481 c=+0.090 on 529 priced rows (trusting 48% of disagreement)
2026-09-29 03:49:50,483 INFO [fast_wf]   noodds:catboost:0 fold 3/8 feats=315 anchor b=0.481
2026-09-29 03:49:57,901 INFO [model]     MarketAnchor: b=0.343 c=+0.092 on 595 priced rows (trusting 34% of disagreement)
2026-09-29 03:49:57,903 INFO [fast_wf]   noodds:catboost:0 fold 4/8 feats=315 anchor b=0.343
2026-09-29 03:50:05,928 INFO [model]     MarketAnchor: b=0.402 c=+0.053 on 628 priced rows (trusting 40% of disagreement)
2026-09-29 03:50:05,929 INFO [fast_wf]   noodds:catboost:0 fold 5/8 feats=315 anchor b=0.402
2026-09-29 03:50:15,809 INFO [model]     MarketAnchor: b=0.289 c=+0.042 on 689 priced rows (trusting 29% of disagreement)
2026-09-29 03:50:15,810 INFO [fast_wf]   noodds:catboost:0 fold 6/8 feats=315 anchor b=0.289
2026-09-29 03:50:25,318 INFO [model]     MarketAnchor: b=0.339 c=+0.066 on 707 priced rows (trusting 34% of disagreement)
2026-09-29 03:50:25,319 INFO [fast_wf]   noodds:catboost:0 fold 7/8 feats=315 anchor b=0.339
2026-09-29 03:50:34,409 INFO [model]     MarketAnchor: b=0.462 c=+0.073 on 771 priced rows (trusting 46% of disagreement)
2026-09-29 03:50:34,410 INFO [fast_wf]   noodds:catboost:0 fold 8/8 feats=315 anchor b=0.462
2026-09-29 03:50:38,918 INFO [model]   Early stopping (chronological val, n=480): best_iter=95 val_logloss=0.6540
2026-09-29 03:50:39,472 INFO [model]     MarketAnchor: b=0.340 c=+0.040 on 402 priced rows (trusting 34% of disagreement)
2026-09-29 03:50:39,472 INFO [fast_wf]   noodds:hgb:0 fold 1/8 feats=315 anchor b=0.340
2026-09-29 03:50:44,920 INFO [model]   Early stopping (chronological val, n=520): best_iter=116 val_logloss=0.6560
2026-09-29 03:50:45,700 INFO [model]     MarketAnchor: b=0.383 c=+0.156 on 493 priced rows (trusting 38% of disagreement)
2026-09-29 03:50:45,700 INFO [fast_wf]   noodds:hgb:0 fold 2/8 feats=315 anchor b=0.383
2026-09-29 03:50:50,856 INFO [model]   Early stopping (chronological val, n=560): best_iter=248 val_logloss=0.6574
2026-09-29 03:50:52,610 INFO [model]     MarketAnchor: b=0.473 c=+0.088 on 529 priced rows (trusting 47% of disagreement)
2026-09-29 03:50:52,611 INFO [fast_wf]   noodds:hgb:0 fold 3/8 feats=315 anchor b=0.473
2026-09-29 03:50:57,990 INFO [model]   Early stopping (chronological val, n=600): best_iter=175 val_logloss=0.6434
2026-09-29 03:50:59,185 INFO [model]     MarketAnchor: b=0.305 c=+0.096 on 595 priced rows (trusting 30% of disagreement)
2026-09-29 03:50:59,185 INFO [fast_wf]   noodds:hgb:0 fold 4/8 feats=315 anchor b=0.305
2026-09-29 03:51:04,551 INFO [model]   Early stopping (chronological val, n=640): best_iter=207 val_logloss=0.6408
2026-09-29 03:51:06,233 INFO [model]     MarketAnchor: b=0.376 c=+0.050 on 628 priced rows (trusting 38% of disagreement)
2026-09-29 03:51:06,233 INFO [fast_wf]   noodds:hgb:0 fold 5/8 feats=315 anchor b=0.376
2026-09-29 03:51:11,965 INFO [model]   Early stopping (chronological val, n=680): best_iter=327 val_logloss=0.6406
2026-09-29 03:51:14,039 INFO [model]     MarketAnchor: b=0.172 c=+0.057 on 689 priced rows (trusting 17% of disagreement)
2026-09-29 03:51:14,039 INFO [fast_wf]   noodds:hgb:0 fold 6/8 feats=315 anchor b=0.172
2026-09-29 03:51:19,816 INFO [model]   Early stopping (chronological val, n=720): best_iter=223 val_logloss=0.6411
2026-09-29 03:51:21,378 INFO [model]     MarketAnchor: b=0.335 c=+0.065 on 707 priced rows (trusting 34% of disagreement)
2026-09-29 03:51:21,378 INFO [fast_wf]   noodds:hgb:0 fold 7/8 feats=315 anchor b=0.335
2026-09-29 03:51:27,778 INFO [model]   Early stopping (chronological val, n=760): best_iter=216 val_logloss=0.6375
2026-09-29 03:51:29,177 INFO [model]     MarketAnchor: b=0.419 c=+0.071 on 771 priced rows (trusting 42% of disagreement)
2026-09-29 03:51:29,177 INFO [fast_wf]   noodds:hgb:0 fold 8/8 feats=315 anchor b=0.419
2026-09-29 03:51:29,403 INFO [model]     MarketAnchor: b=0.344 c=+0.026 on 402 priced rows (trusting 34% of disagreement)
2026-09-29 03:51:29,403 INFO [fast_wf]   noodds:logit:0 fold 1/8 feats=315 anchor b=0.344
2026-09-29 03:51:29,640 INFO [model]     MarketAnchor: b=0.318 c=+0.150 on 493 priced rows (trusting 32% of disagreement)
2026-09-29 03:51:29,640 INFO [fast_wf]   noodds:logit:0 fold 2/8 feats=315 anchor b=0.318
2026-09-29 03:51:29,876 INFO [model]     MarketAnchor: b=0.322 c=+0.080 on 529 priced rows (trusting 32% of disagreement)
2026-09-29 03:51:29,876 INFO [fast_wf]   noodds:logit:0 fold 3/8 feats=315 anchor b=0.322
2026-09-29 03:51:30,141 INFO [model]     MarketAnchor: b=0.354 c=+0.086 on 595 priced rows (trusting 35% of disagreement)
2026-09-29 03:51:30,141 INFO [fast_wf]   noodds:logit:0 fold 4/8 feats=315 anchor b=0.354
2026-09-29 03:51:30,418 INFO [model]     MarketAnchor: b=0.433 c=+0.045 on 628 priced rows (trusting 43% of disagreement)
2026-09-29 03:51:30,418 INFO [fast_wf]   noodds:logit:0 fold 5/8 feats=315 anchor b=0.433
2026-09-29 03:51:30,716 INFO [model]     MarketAnchor: b=0.333 c=+0.036 on 689 priced rows (trusting 33% of disagreement)
2026-09-29 03:51:30,716 INFO [fast_wf]   noodds:logit:0 fold 6/8 feats=315 anchor b=0.333
2026-09-29 03:51:31,105 INFO [model]     MarketAnchor: b=0.328 c=+0.060 on 707 priced rows (trusting 33% of disagreement)
2026-09-29 03:51:31,105 INFO [fast_wf]   noodds:logit:0 fold 7/8 feats=315 anchor b=0.328
2026-09-29 03:51:31,438 INFO [model]     MarketAnchor: b=0.358 c=+0.075 on 771 priced rows (trusting 36% of disagreement)
2026-09-29 03:51:31,438 INFO [fast_wf]   noodds:logit:0 fold 8/8 feats=315 anchor b=0.358
2026-09-29 03:51:31,465 INFO [fast_wf] wrote /private/tmp/claude-501/-Users-rafeburns-Downloads-ALocks/60bea722-ac8a-436f-a39d-88c0619ee942/scratchpad/career_on.csv
2026-09-29 12:04:08,336 INFO [glicko_service]   Loading fight data...
2026-09-29 12:04:08,649 INFO [glicko_service]   Loaded 11616 fights
2026-09-29 12:04:08,649 INFO [glicko_service]   Loading per-round stats...
2026-09-29 12:04:10,176 INFO [glicko_service]   Loaded rounds for 11286 fights
2026-09-29 12:04:10,176 INFO [glicko_service]   Loading per-fight derived totals...
2026-09-29 12:04:10,964 INFO [glicko_service]   Loaded 22572 derived totals rows
2026-09-29 12:04:11,077 INFO [glicko_service]   Loaded 4617 fighters
2026-09-29 12:04:11,195 INFO [glicko_service]   Computing weight class baseline rates...
2026-09-29 12:04:11,266 INFO [glicko_service]     P4P: 1 rounds, KD=0.0000, SUB=0.0000, TD=0.0000, td15s_cap=10.0, ctrl15g_cap=10.0, gnp15g_cap=10.0
2026-09-29 12:04:11,266 INFO [glicko_service]     Flyweight: 1667 rounds, KD=0.0223, SUB=0.0687, TD=0.0837, td15s_cap=25.7, ctrl15g_cap=15.0, gnp15g_cap=79.1
2026-09-29 12:04:11,267 INFO [glicko_service]     Bantamweight: 3013 rounds, KD=0.0254, SUB=0.0624, TD=0.0770, td15s_cap=25.7, ctrl15g_cap=15.0, gnp15g_cap=84.0
2026-09-29 12:04:11,268 INFO [glicko_service]     Featherweight: 3365 rounds, KD=0.0254, SUB=0.0663, TD=0.0792, td15s_cap=26.8, ctrl15g_cap=15.0, gnp15g_cap=85.3
2026-09-29 12:04:11,269 INFO [glicko_service]     Lightweight: 4960 rounds, KD=0.0249, SUB=0.0827, TD=0.0845, td15s_cap=25.7, ctrl15g_cap=15.0, gnp15g_cap=77.6
2026-09-29 12:04:11,270 INFO [glicko_service]     Welterweight: 4416 rounds, KD=0.0297, SUB=0.0721, TD=0.0818, td15s_cap=28.1, ctrl15g_cap=15.0, gnp15g_cap=77.8
2026-09-29 12:04:11,271 INFO [glicko_service]     Middleweight: 4028 rounds, KD=0.0296, SUB=0.0745, TD=0.0734, td15s_cap=25.7, ctrl15g_cap=15.0, gnp15g_cap=94.7
2026-09-29 12:04:11,272 INFO [glicko_service]     Light Heavyweight: 2462 rounds, KD=0.0332, SUB=0.0515, TD=0.0675, td15s_cap=26.3, ctrl15g_cap=15.0, gnp15g_cap=106.6
2026-09-29 12:04:11,272 INFO [glicko_service]     Heavyweight: 2651 rounds, KD=0.0323, SUB=0.0576, TD=0.0590, td15s_cap=23.1, ctrl15g_cap=15.0, gnp15g_cap=103.8
2026-09-29 12:04:11,272 INFO [glicko_service]     P4P: 1 rounds, KD=0.0000, SUB=0.0000, TD=0.0000, td15s_cap=10.0, ctrl15g_cap=10.0, gnp15g_cap=10.0
2026-09-29 12:04:11,273 INFO [glicko_service]     Strawweight: 1380 rounds, KD=0.0092, SUB=0.0493, TD=0.0696, td15s_cap=23.4, ctrl15g_cap=15.0, gnp15g_cap=64.7
2026-09-29 12:04:11,273 INFO [glicko_service]     Flyweight: 1059 rounds, KD=0.0077, SUB=0.0465, TD=0.0616, td15s_cap=22.2, ctrl15g_cap=15.0, gnp15g_cap=77.1
2026-09-29 12:04:11,273 INFO [glicko_service]     Bantamweight: 1003 rounds, KD=0.0098, SUB=0.0489, TD=0.0621, td15s_cap=27.3, ctrl15g_cap=15.0, gnp15g_cap=78.8
2026-09-29 12:04:12,450 INFO [glicko_service]   Processed 27882 rounds
2026-09-29 12:04:12,470 INFO [model] Loading data from database...
2026-09-29 12:04:12,556 INFO [model]   Loaded 4617 fighters
2026-09-29 12:04:13,832 INFO [model]   Loaded 22299 fight-stat rows (11198 unique fights)
2026-09-29 12:04:13,832 INFO [model]   Loading per-round stats...
2026-09-29 12:04:15,522 INFO [model]   Loaded 61838 per-round stat rows
2026-09-29 12:04:15,641 INFO [model] Building features...
2026-09-29 12:04:17,795 INFO [career_rating]   Career ratings: 193197 pro bouts, 2150 linked UFC fighters, 15204/22299 rows covered
2026-09-29 12:04:18,097 INFO [model]   Computing defensive stats...
2026-09-29 12:04:19,838 INFO [model]   Computing Elo ratings...
2026-09-29 12:04:20,370 INFO [model]   Computing resume scores...
2026-09-29 12:04:20,562 INFO [model]   Using 21096 caller-supplied Glicko snapshots
2026-09-29 12:04:23,390 INFO [model]   Added 15 Glicko features  + 4 confidence features
2026-09-29 12:04:23,391 INFO [model]   Computing Elo-adjusted stats...
2026-09-29 12:04:23,392 INFO [model]   Computing rolling career averages...
2026-09-29 12:04:46,879 INFO [model]   Computing streaks and career stats...
2026-09-29 12:04:48,402 INFO [model]   Computing composite features...
2026-09-29 12:04:48,406 INFO [model]   Computing round-by-round profiles...
2026-09-29 12:04:56,225 INFO [model]   Computing age curve features...
2026-09-29 12:04:56,228 INFO [model]   Computing damage accumulation...
2026-09-29 12:04:57,575 INFO [model]   Computing weight-class movement...
2026-09-29 12:04:57,778 INFO [model]   Computing pre-UFC records...
2026-09-29 12:04:57,803 INFO [model]   Computing age-relative performance residuals...
2026-09-29 12:04:57,900 INFO [model]   Computing opponent-adjusted expected stats...
2026-09-29 12:04:57,921 INFO [expected_stats]   Expected stats: 59 refits x 5 stats
2026-09-29 12:05:07,152 INFO [model]   Computing fighter style clusters (k=6)...
2026-09-29 12:05:07,500 INFO [model]     Fit on 17081 rows, assigned 22299 fighter-fights
2026-09-29 12:05:07,500 INFO [model]     Style 0 (3349 fighter-fights): SigStr/5=15.4 TD/5=0.6 Sub/5=0.5 Ctrl/5=50.7 GndStr/5=3.1 top=ctrl_per5
2026-09-29 12:05:07,500 INFO [model]     Style 1 (10346 fighter-fights): SigStr/5=15.1 TD/5=0.5 Sub/5=0.3 Ctrl/5=43.5 GndStr/5=3.1 top=ctrl_per5
2026-09-29 12:05:07,501 INFO [model]     Style 2 (3759 fighter-fights): SigStr/5=16.7 TD/5=1.5 Sub/5=0.6 Ctrl/5=113.4 GndStr/5=8.0 top=ctrl_per5
2026-09-29 12:05:07,501 INFO [model]     Style 3 (4223 fighter-fights): SigStr/5=30.5 TD/5=0.3 Sub/5=0.2 Ctrl/5=33.7 GndStr/5=5.6 top=ctrl_per5
2026-09-29 12:05:07,501 INFO [model]     Style 4 (314 fighter-fights): SigStr/5=71.9 TD/5=0.7 Sub/5=0.3 Ctrl/5=55.9 GndStr/5=35.5 top=sig_str_landed_per5
2026-09-29 12:05:07,501 INFO [model]     Style 5 (308 fighter-fights): SigStr/5=11.6 TD/5=2.3 Sub/5=4.7 Ctrl/5=54.7 GndStr/5=3.9 top=ctrl_per5
2026-09-29 12:05:07,631 INFO [model]   Style matchup features computed expanding-in-time (6x6, 22202 fighter-fights)
2026-09-29 12:05:07,894 INFO [model]   Feature matrix shape: (22299, 374)
2026-09-29 12:05:07,921 INFO [model] Building matchup feature matrix...
2026-09-29 12:05:08,040 INFO [model]   Loading odds from database...
2026-09-29 12:05:09,246 INFO [model]   Odds matched: 2867/11101 fights (25.8%)
2026-09-29 12:05:09,276 INFO [model]   Filtered to modern era (2015+): 6284 fights (dropped 4587 pre-2015)
2026-09-29 12:05:09,277 INFO [model]   Red win rate (modern): 0.567
2026-09-29 12:05:09,288 INFO [model]   Matchup matrix: 6284 fights, 322 candidate features
2026-09-29 12:05:09,288 INFO [model]   Red win rate: 0.567
2026-09-29 12:05:09,288 INFO [model]   Date range: 2015-01-03 to 2026-09-26
2026-09-29 12:05:14,046 INFO [model]     MarketAnchor: b=0.407 c=+0.040 on 402 priced rows (trusting 41% of disagreement)
2026-09-29 12:05:14,046 INFO [fast_wf]   noodds:catboost:0 fold 1/8 feats=315 anchor b=0.407
2026-09-29 12:05:19,835 INFO [model]     MarketAnchor: b=0.346 c=+0.163 on 493 priced rows (trusting 35% of disagreement)
2026-09-29 12:05:19,835 INFO [fast_wf]   noodds:catboost:0 fold 2/8 feats=315 anchor b=0.346
2026-09-29 12:05:23,998 INFO [model]     MarketAnchor: b=0.446 c=+0.092 on 529 priced rows (trusting 45% of disagreement)
2026-09-29 12:05:23,998 INFO [fast_wf]   noodds:catboost:0 fold 3/8 feats=315 anchor b=0.446
2026-09-29 12:05:30,011 INFO [model]     MarketAnchor: b=0.348 c=+0.090 on 595 priced rows (trusting 35% of disagreement)
2026-09-29 12:05:30,013 INFO [fast_wf]   noodds:catboost:0 fold 4/8 feats=315 anchor b=0.348
2026-09-29 12:05:36,251 INFO [model]     MarketAnchor: b=0.434 c=+0.049 on 628 priced rows (trusting 43% of disagreement)
2026-09-29 12:05:36,251 INFO [fast_wf]   noodds:catboost:0 fold 5/8 feats=315 anchor b=0.434
2026-09-29 12:05:44,858 INFO [model]     MarketAnchor: b=0.247 c=+0.046 on 689 priced rows (trusting 25% of disagreement)
2026-09-29 12:05:44,859 INFO [fast_wf]   noodds:catboost:0 fold 6/8 feats=315 anchor b=0.247
2026-09-29 12:05:50,527 INFO [model]     MarketAnchor: b=0.353 c=+0.061 on 707 priced rows (trusting 35% of disagreement)
2026-09-29 12:05:50,527 INFO [fast_wf]   noodds:catboost:0 fold 7/8 feats=315 anchor b=0.353
2026-09-29 12:05:57,506 INFO [model]     MarketAnchor: b=0.396 c=+0.073 on 771 priced rows (trusting 40% of disagreement)
2026-09-29 12:05:57,506 INFO [fast_wf]   noodds:catboost:0 fold 8/8 feats=315 anchor b=0.396
2026-09-29 12:06:01,442 INFO [model]   Early stopping (chronological val, n=480): best_iter=135 val_logloss=0.6529
2026-09-29 12:06:02,163 INFO [model]     MarketAnchor: b=0.375 c=+0.035 on 402 priced rows (trusting 38% of disagreement)
2026-09-29 12:06:02,164 INFO [fast_wf]   noodds:hgb:0 fold 1/8 feats=315 anchor b=0.375
2026-09-29 12:06:05,895 INFO [model]   Early stopping (chronological val, n=520): best_iter=167 val_logloss=0.6561
2026-09-29 12:06:06,770 INFO [model]     MarketAnchor: b=0.366 c=+0.164 on 493 priced rows (trusting 37% of disagreement)
2026-09-29 12:06:06,770 INFO [fast_wf]   noodds:hgb:0 fold 2/8 feats=315 anchor b=0.366
2026-09-29 12:06:10,785 INFO [model]   Early stopping (chronological val, n=560): best_iter=140 val_logloss=0.6602
2026-09-29 12:06:11,636 INFO [model]     MarketAnchor: b=0.443 c=+0.092 on 529 priced rows (trusting 44% of disagreement)
2026-09-29 12:06:11,637 INFO [fast_wf]   noodds:hgb:0 fold 3/8 feats=315 anchor b=0.443
2026-09-29 12:06:15,890 INFO [model]   Early stopping (chronological val, n=600): best_iter=215 val_logloss=0.6433
2026-09-29 12:06:17,036 INFO [model]     MarketAnchor: b=0.348 c=+0.093 on 595 priced rows (trusting 35% of disagreement)
2026-09-29 12:06:17,036 INFO [fast_wf]   noodds:hgb:0 fold 4/8 feats=315 anchor b=0.348
2026-09-29 12:06:23,965 INFO [model]   Early stopping (chronological val, n=640): best_iter=241 val_logloss=0.6407
2026-09-29 12:06:25,360 INFO [model]     MarketAnchor: b=0.385 c=+0.050 on 628 priced rows (trusting 39% of disagreement)
2026-09-29 12:06:25,361 INFO [fast_wf]   noodds:hgb:0 fold 5/8 feats=315 anchor b=0.385
2026-09-29 12:06:29,737 INFO [model]   Early stopping (chronological val, n=680): best_iter=166 val_logloss=0.6414
2026-09-29 12:06:30,695 INFO [model]     MarketAnchor: b=0.229 c=+0.049 on 689 priced rows (trusting 23% of disagreement)
2026-09-29 12:06:30,696 INFO [fast_wf]   noodds:hgb:0 fold 6/8 feats=315 anchor b=0.229
2026-09-29 12:06:35,091 INFO [model]   Early stopping (chronological val, n=720): best_iter=183 val_logloss=0.6407
2026-09-29 12:06:36,125 INFO [model]     MarketAnchor: b=0.317 c=+0.065 on 707 priced rows (trusting 32% of disagreement)
2026-09-29 12:06:36,126 INFO [fast_wf]   noodds:hgb:0 fold 7/8 feats=315 anchor b=0.317
2026-09-29 12:06:41,035 INFO [model]   Early stopping (chronological val, n=760): best_iter=233 val_logloss=0.6380
2026-09-29 12:06:42,592 INFO [model]     MarketAnchor: b=0.389 c=+0.069 on 771 priced rows (trusting 39% of disagreement)
2026-09-29 12:06:42,593 INFO [fast_wf]   noodds:hgb:0 fold 8/8 feats=315 anchor b=0.389
2026-09-29 12:06:42,843 INFO [model]     MarketAnchor: b=0.310 c=+0.029 on 402 priced rows (trusting 31% of disagreement)
2026-09-29 12:06:42,843 INFO [fast_wf]   noodds:logit:0 fold 1/8 feats=315 anchor b=0.310
2026-09-29 12:06:43,212 INFO [model]     MarketAnchor: b=0.299 c=+0.153 on 493 priced rows (trusting 30% of disagreement)
2026-09-29 12:06:43,212 INFO [fast_wf]   noodds:logit:0 fold 2/8 feats=315 anchor b=0.299
2026-09-29 12:06:43,480 INFO [model]     MarketAnchor: b=0.301 c=+0.083 on 529 priced rows (trusting 30% of disagreement)
2026-09-29 12:06:43,480 INFO [fast_wf]   noodds:logit:0 fold 3/8 feats=315 anchor b=0.301
2026-09-29 12:06:43,764 INFO [model]     MarketAnchor: b=0.376 c=+0.085 on 595 priced rows (trusting 38% of disagreement)
2026-09-29 12:06:43,764 INFO [fast_wf]   noodds:logit:0 fold 4/8 feats=315 anchor b=0.376
2026-09-29 12:06:44,066 INFO [model]     MarketAnchor: b=0.443 c=+0.044 on 628 priced rows (trusting 44% of disagreement)
2026-09-29 12:06:44,066 INFO [fast_wf]   noodds:logit:0 fold 5/8 feats=315 anchor b=0.443
2026-09-29 12:06:44,351 INFO [model]     MarketAnchor: b=0.326 c=+0.037 on 689 priced rows (trusting 33% of disagreement)
2026-09-29 12:06:44,352 INFO [fast_wf]   noodds:logit:0 fold 6/8 feats=315 anchor b=0.326
2026-09-29 12:06:44,686 INFO [model]     MarketAnchor: b=0.337 c=+0.059 on 707 priced rows (trusting 34% of disagreement)
2026-09-29 12:06:44,687 INFO [fast_wf]   noodds:logit:0 fold 7/8 feats=315 anchor b=0.337
2026-09-29 12:06:45,054 INFO [model]     MarketAnchor: b=0.363 c=+0.075 on 771 priced rows (trusting 36% of disagreement)
2026-09-29 12:06:45,054 INFO [fast_wf]   noodds:logit:0 fold 8/8 feats=315 anchor b=0.363
2026-09-29 12:06:45,081 INFO [fast_wf] wrote /private/tmp/claude-501/-Users-rafeburns-Downloads-ALocks/60bea722-ac8a-436f-a39d-88c0619ee942/scratchpad/career_on_full.csv
2026-09-29 13:01:39,270 INFO [glicko_service]   Loading fight data...
2026-09-29 13:01:39,839 INFO [glicko_service]   Loaded 11616 fights
2026-09-29 13:01:39,839 INFO [glicko_service]   Loading per-round stats...
2026-09-29 13:01:42,237 INFO [glicko_service]   Loaded rounds for 11286 fights
2026-09-29 13:01:42,238 INFO [glicko_service]   Loading per-fight derived totals...
2026-09-29 13:01:43,233 INFO [glicko_service]   Loaded 22572 derived totals rows
2026-09-29 13:01:43,415 INFO [glicko_service]   Loaded 4617 fighters
2026-09-29 13:01:43,561 INFO [glicko_service]   Computing weight class baseline rates...
2026-09-29 13:01:43,641 INFO [glicko_service]     P4P: 1 rounds, KD=0.0000, SUB=0.0000, TD=0.0000, td15s_cap=10.0, ctrl15g_cap=10.0, gnp15g_cap=10.0
2026-09-29 13:01:43,642 INFO [glicko_service]     Flyweight: 1667 rounds, KD=0.0223, SUB=0.0687, TD=0.0837, td15s_cap=25.7, ctrl15g_cap=15.0, gnp15g_cap=79.1
2026-09-29 13:01:43,643 INFO [glicko_service]     Bantamweight: 3013 rounds, KD=0.0254, SUB=0.0624, TD=0.0770, td15s_cap=25.7, ctrl15g_cap=15.0, gnp15g_cap=84.0
2026-09-29 13:01:43,644 INFO [glicko_service]     Featherweight: 3365 rounds, KD=0.0254, SUB=0.0663, TD=0.0792, td15s_cap=26.8, ctrl15g_cap=15.0, gnp15g_cap=85.3
2026-09-29 13:01:43,645 INFO [glicko_service]     Lightweight: 4960 rounds, KD=0.0249, SUB=0.0827, TD=0.0845, td15s_cap=25.7, ctrl15g_cap=15.0, gnp15g_cap=77.6
2026-09-29 13:01:43,646 INFO [glicko_service]     Welterweight: 4416 rounds, KD=0.0297, SUB=0.0721, TD=0.0818, td15s_cap=28.1, ctrl15g_cap=15.0, gnp15g_cap=77.8
2026-09-29 13:01:43,647 INFO [glicko_service]     Middleweight: 4028 rounds, KD=0.0296, SUB=0.0745, TD=0.0734, td15s_cap=25.7, ctrl15g_cap=15.0, gnp15g_cap=94.7
2026-09-29 13:01:43,647 INFO [glicko_service]     Light Heavyweight: 2462 rounds, KD=0.0332, SUB=0.0515, TD=0.0675, td15s_cap=26.3, ctrl15g_cap=15.0, gnp15g_cap=106.6
2026-09-29 13:01:43,648 INFO [glicko_service]     Heavyweight: 2651 rounds, KD=0.0323, SUB=0.0576, TD=0.0590, td15s_cap=23.1, ctrl15g_cap=15.0, gnp15g_cap=103.8
2026-09-29 13:01:43,648 INFO [glicko_service]     P4P: 1 rounds, KD=0.0000, SUB=0.0000, TD=0.0000, td15s_cap=10.0, ctrl15g_cap=10.0, gnp15g_cap=10.0
2026-09-29 13:01:43,648 INFO [glicko_service]     Strawweight: 1380 rounds, KD=0.0092, SUB=0.0493, TD=0.0696, td15s_cap=23.4, ctrl15g_cap=15.0, gnp15g_cap=64.7
2026-09-29 13:01:43,649 INFO [glicko_service]     Flyweight: 1059 rounds, KD=0.0077, SUB=0.0465, TD=0.0616, td15s_cap=22.2, ctrl15g_cap=15.0, gnp15g_cap=77.1
2026-09-29 13:01:43,649 INFO [glicko_service]     Bantamweight: 1003 rounds, KD=0.0098, SUB=0.0489, TD=0.0621, td15s_cap=27.3, ctrl15g_cap=15.0, gnp15g_cap=78.8
2026-09-29 13:01:44,992 INFO [glicko_service]   Processed 27882 rounds
2026-09-29 13:01:45,017 INFO [model] Loading data from database...
2026-09-29 13:01:45,136 INFO [model]   Loaded 4617 fighters
2026-09-29 13:01:46,744 INFO [model]   Loaded 22299 fight-stat rows (11198 unique fights)
2026-09-29 13:01:46,744 INFO [model]   Loading per-round stats...
2026-09-29 13:01:49,061 INFO [model]   Loaded 61838 per-round stat rows
2026-09-29 13:01:49,196 INFO [model] Building features...
2026-09-29 13:01:52,005 INFO [career_rating]   Career ratings: 193197 pro bouts, 2150 linked UFC fighters, 15204/22299 rows covered
2026-09-29 13:01:52,278 INFO [short_notice]   Short-notice: 1 replacement rows, 1 opponent-changed rows, 34/22299 covered
2026-09-29 13:01:52,533 INFO [model]   Computing defensive stats...
2026-09-29 13:01:54,758 INFO [model]   Computing Elo ratings...
2026-09-29 13:01:55,403 INFO [model]   Computing resume scores...
2026-09-29 13:01:55,601 INFO [model]   Using 21096 caller-supplied Glicko snapshots
2026-09-29 13:01:59,162 INFO [model]   Added 15 Glicko features  + 4 confidence features
2026-09-29 13:01:59,163 INFO [model]   Computing Elo-adjusted stats...
2026-09-29 13:01:59,165 INFO [model]   Computing rolling career averages...
2026-09-29 13:02:23,216 INFO [model]   Computing streaks and career stats...
2026-09-29 13:02:24,786 INFO [model]   Computing composite features...
2026-09-29 13:02:24,792 INFO [model]   Computing round-by-round profiles...
2026-09-29 13:02:32,892 INFO [model]   Computing age curve features...
2026-09-29 13:02:32,895 INFO [model]   Computing damage accumulation...
2026-09-29 13:02:34,163 INFO [model]   Computing weight-class movement...
2026-09-29 13:02:34,365 INFO [model]   Computing pre-UFC records...
2026-09-29 13:02:34,390 INFO [model]   Computing age-relative performance residuals...
2026-09-29 13:02:34,490 INFO [model]   Computing opponent-adjusted expected stats...
2026-09-29 13:02:34,509 INFO [expected_stats]   Expected stats: 59 refits x 5 stats
2026-09-29 13:03:21,970 INFO [glicko_service]   Loading fight data...
2026-09-29 13:03:22,186 INFO [glicko_service]   Loaded 11616 fights
2026-09-29 13:03:22,186 INFO [glicko_service]   Loading per-round stats...
2026-09-29 13:03:23,600 INFO [glicko_service]   Loaded rounds for 11286 fights
2026-09-29 13:03:23,600 INFO [glicko_service]   Loading per-fight derived totals...
2026-09-29 13:03:24,513 INFO [glicko_service]   Loaded 22572 derived totals rows
2026-09-29 13:03:24,600 INFO [glicko_service]   Loaded 4617 fighters
2026-09-29 13:03:24,889 INFO [glicko_service]   Computing weight class baseline rates...
2026-09-29 13:03:24,978 INFO [glicko_service]     P4P: 1 rounds, KD=0.0000, SUB=0.0000, TD=0.0000, td15s_cap=10.0, ctrl15g_cap=10.0, gnp15g_cap=10.0
2026-09-29 13:03:24,979 INFO [glicko_service]     Flyweight: 1667 rounds, KD=0.0223, SUB=0.0687, TD=0.0837, td15s_cap=25.7, ctrl15g_cap=15.0, gnp15g_cap=79.1
2026-09-29 13:03:24,980 INFO [glicko_service]     Bantamweight: 3013 rounds, KD=0.0254, SUB=0.0624, TD=0.0770, td15s_cap=25.7, ctrl15g_cap=15.0, gnp15g_cap=84.0
2026-09-29 13:03:24,981 INFO [glicko_service]     Featherweight: 3365 rounds, KD=0.0254, SUB=0.0663, TD=0.0792, td15s_cap=26.8, ctrl15g_cap=15.0, gnp15g_cap=85.3
2026-09-29 13:03:24,982 INFO [glicko_service]     Lightweight: 4960 rounds, KD=0.0249, SUB=0.0827, TD=0.0845, td15s_cap=25.7, ctrl15g_cap=15.0, gnp15g_cap=77.6
2026-09-29 13:03:24,984 INFO [glicko_service]     Welterweight: 4416 rounds, KD=0.0297, SUB=0.0721, TD=0.0818, td15s_cap=28.1, ctrl15g_cap=15.0, gnp15g_cap=77.8
2026-09-29 13:03:24,985 INFO [glicko_service]     Middleweight: 4028 rounds, KD=0.0296, SUB=0.0745, TD=0.0734, td15s_cap=25.7, ctrl15g_cap=15.0, gnp15g_cap=94.7
2026-09-29 13:03:24,986 INFO [glicko_service]     Light Heavyweight: 2462 rounds, KD=0.0332, SUB=0.0515, TD=0.0675, td15s_cap=26.3, ctrl15g_cap=15.0, gnp15g_cap=106.6
2026-09-29 13:03:24,986 INFO [glicko_service]     Heavyweight: 2651 rounds, KD=0.0323, SUB=0.0576, TD=0.0590, td15s_cap=23.1, ctrl15g_cap=15.0, gnp15g_cap=103.8
2026-09-29 13:03:24,986 INFO [glicko_service]     P4P: 1 rounds, KD=0.0000, SUB=0.0000, TD=0.0000, td15s_cap=10.0, ctrl15g_cap=10.0, gnp15g_cap=10.0
2026-09-29 13:03:24,987 INFO [glicko_service]     Strawweight: 1380 rounds, KD=0.0092, SUB=0.0493, TD=0.0696, td15s_cap=23.4, ctrl15g_cap=15.0, gnp15g_cap=64.7
2026-09-29 13:03:24,987 INFO [glicko_service]     Flyweight: 1059 rounds, KD=0.0077, SUB=0.0465, TD=0.0616, td15s_cap=22.2, ctrl15g_cap=15.0, gnp15g_cap=77.1
2026-09-29 13:03:24,987 INFO [glicko_service]     Bantamweight: 1003 rounds, KD=0.0098, SUB=0.0489, TD=0.0621, td15s_cap=27.3, ctrl15g_cap=15.0, gnp15g_cap=78.8
2026-09-29 13:03:26,375 INFO [glicko_service]   Processed 27882 rounds
2026-09-29 13:03:26,403 INFO [model] Loading data from database...
2026-09-29 13:03:26,507 INFO [model]   Loaded 4617 fighters
2026-09-29 13:03:27,934 INFO [model]   Loaded 22299 fight-stat rows (11198 unique fights)
2026-09-29 13:03:27,935 INFO [model]   Loading per-round stats...
2026-09-29 13:03:30,034 INFO [model]   Loaded 61838 per-round stat rows
2026-09-29 13:03:30,173 INFO [model] Building features...
2026-09-29 13:03:32,320 INFO [career_rating]   Career ratings: 193197 pro bouts, 2150 linked UFC fighters, 15204/22299 rows covered
2026-09-29 13:03:32,571 INFO [short_notice]   Short-notice: 143 replacement rows, 160 opponent-changed rows, 15915/22299 covered
2026-09-29 13:03:32,810 INFO [model]   Computing defensive stats...
2026-09-29 13:03:34,788 INFO [model]   Computing Elo ratings...
2026-09-29 13:03:35,349 INFO [model]   Computing resume scores...
2026-09-29 13:03:35,517 INFO [model]   Using 21096 caller-supplied Glicko snapshots
2026-09-29 13:03:38,172 INFO [model]   Added 15 Glicko features  + 4 confidence features
2026-09-29 13:03:38,173 INFO [model]   Computing Elo-adjusted stats...
2026-09-29 13:03:38,174 INFO [model]   Computing rolling career averages...
2026-09-29 13:04:00,469 INFO [model]   Computing streaks and career stats...
2026-09-29 13:04:02,061 INFO [model]   Computing composite features...
2026-09-29 13:04:02,066 INFO [model]   Computing round-by-round profiles...
2026-09-29 13:04:10,525 INFO [model]   Computing age curve features...
2026-09-29 13:04:10,529 INFO [model]   Computing damage accumulation...
2026-09-29 13:04:11,763 INFO [model]   Computing weight-class movement...
2026-09-29 13:04:11,949 INFO [model]   Computing pre-UFC records...
2026-09-29 13:04:11,972 INFO [model]   Computing age-relative performance residuals...
2026-09-29 13:04:12,079 INFO [model]   Computing opponent-adjusted expected stats...
2026-09-29 13:04:12,101 INFO [expected_stats]   Expected stats: 59 refits x 5 stats
2026-09-29 13:04:22,457 INFO [model]   Computing fighter style clusters (k=6)...
2026-09-29 13:04:22,774 INFO [model]     Fit on 17081 rows, assigned 22299 fighter-fights
2026-09-29 13:04:22,775 INFO [model]     Style 0 (3349 fighter-fights): SigStr/5=15.4 TD/5=0.6 Sub/5=0.5 Ctrl/5=50.7 GndStr/5=3.1 top=ctrl_per5
2026-09-29 13:04:22,775 INFO [model]     Style 1 (10346 fighter-fights): SigStr/5=15.1 TD/5=0.5 Sub/5=0.3 Ctrl/5=43.5 GndStr/5=3.1 top=ctrl_per5
2026-09-29 13:04:22,775 INFO [model]     Style 2 (3759 fighter-fights): SigStr/5=16.7 TD/5=1.5 Sub/5=0.6 Ctrl/5=113.4 GndStr/5=8.0 top=ctrl_per5
2026-09-29 13:04:22,775 INFO [model]     Style 3 (4223 fighter-fights): SigStr/5=30.5 TD/5=0.3 Sub/5=0.2 Ctrl/5=33.7 GndStr/5=5.6 top=ctrl_per5
2026-09-29 13:04:22,775 INFO [model]     Style 4 (314 fighter-fights): SigStr/5=71.9 TD/5=0.7 Sub/5=0.3 Ctrl/5=55.9 GndStr/5=35.5 top=sig_str_landed_per5
2026-09-29 13:04:22,775 INFO [model]     Style 5 (308 fighter-fights): SigStr/5=11.6 TD/5=2.3 Sub/5=4.7 Ctrl/5=54.7 GndStr/5=3.9 top=ctrl_per5
2026-09-29 13:04:22,822 INFO [model]   Style matchup features computed expanding-in-time (6x6, 22202 fighter-fights)
2026-09-29 13:04:23,087 INFO [model]   Feature matrix shape: (22299, 377)
2026-09-29 13:04:23,114 INFO [model] Building matchup feature matrix...
2026-09-29 13:04:23,234 INFO [model]   Loading odds from database...
2026-09-29 13:04:24,459 INFO [model]   Odds matched: 2867/11101 fights (25.8%)
2026-09-29 13:04:24,492 INFO [model]   Filtered to modern era (2015+): 6284 fights (dropped 4587 pre-2015)
2026-09-29 13:04:24,493 INFO [model]   Red win rate (modern): 0.567
2026-09-29 13:04:24,503 INFO [model]   Matchup matrix: 6284 fights, 325 candidate features
2026-09-29 13:04:24,503 INFO [model]   Red win rate: 0.567
2026-09-29 13:04:24,504 INFO [model]   Date range: 2015-01-03 to 2026-09-26
2026-09-29 13:04:28,626 INFO [model]     MarketAnchor: b=0.423 c=+0.042 on 402 priced rows (trusting 42% of disagreement)
2026-09-29 13:04:28,626 INFO [fast_wf]   noodds:catboost:0 fold 1/8 feats=318 anchor b=0.423
2026-09-29 13:04:31,412 INFO [model]     MarketAnchor: b=0.399 c=+0.155 on 493 priced rows (trusting 40% of disagreement)
2026-09-29 13:04:31,413 INFO [fast_wf]   noodds:catboost:0 fold 2/8 feats=318 anchor b=0.399
2026-09-29 13:04:35,227 INFO [model]     MarketAnchor: b=0.437 c=+0.090 on 529 priced rows (trusting 44% of disagreement)
2026-09-29 13:04:35,227 INFO [fast_wf]   noodds:catboost:0 fold 3/8 feats=318 anchor b=0.437
2026-09-29 13:04:42,005 INFO [model]     MarketAnchor: b=0.363 c=+0.090 on 595 priced rows (trusting 36% of disagreement)
2026-09-29 13:04:42,005 INFO [fast_wf]   noodds:catboost:0 fold 4/8 feats=318 anchor b=0.363
2026-09-29 13:04:47,500 INFO [model]     MarketAnchor: b=0.367 c=+0.057 on 628 priced rows (trusting 37% of disagreement)
2026-09-29 13:04:47,500 INFO [fast_wf]   noodds:catboost:0 fold 5/8 feats=318 anchor b=0.367
2026-09-29 13:04:54,156 INFO [model]     MarketAnchor: b=0.265 c=+0.045 on 689 priced rows (trusting 27% of disagreement)
2026-09-29 13:04:54,156 INFO [fast_wf]   noodds:catboost:0 fold 6/8 feats=318 anchor b=0.265
2026-09-29 13:05:00,331 INFO [model]     MarketAnchor: b=0.342 c=+0.064 on 707 priced rows (trusting 34% of disagreement)
2026-09-29 13:05:00,331 INFO [fast_wf]   noodds:catboost:0 fold 7/8 feats=318 anchor b=0.342
2026-09-29 13:05:06,273 INFO [model]     MarketAnchor: b=0.411 c=+0.071 on 771 priced rows (trusting 41% of disagreement)
2026-09-29 13:05:06,274 INFO [fast_wf]   noodds:catboost:0 fold 8/8 feats=318 anchor b=0.411
2026-09-29 13:05:10,852 INFO [model]   Early stopping (chronological val, n=480): best_iter=275 val_logloss=0.6526
2026-09-29 13:05:12,277 INFO [model]     MarketAnchor: b=0.354 c=+0.038 on 402 priced rows (trusting 35% of disagreement)
2026-09-29 13:05:12,277 INFO [fast_wf]   noodds:hgb:0 fold 1/8 feats=318 anchor b=0.354
2026-09-29 13:05:16,784 INFO [model]   Early stopping (chronological val, n=520): best_iter=149 val_logloss=0.6572
2026-09-29 13:05:17,566 INFO [model]     MarketAnchor: b=0.326 c=+0.165 on 493 priced rows (trusting 33% of disagreement)
2026-09-29 13:05:17,566 INFO [fast_wf]   noodds:hgb:0 fold 2/8 feats=318 anchor b=0.326
2026-09-29 13:05:20,998 INFO [model]   Early stopping (chronological val, n=560): best_iter=144 val_logloss=0.6598
2026-09-29 13:05:21,697 INFO [model]     MarketAnchor: b=0.446 c=+0.092 on 529 priced rows (trusting 45% of disagreement)
2026-09-29 13:05:21,698 INFO [fast_wf]   noodds:hgb:0 fold 3/8 feats=318 anchor b=0.446
2026-09-29 13:05:25,187 INFO [model]   Early stopping (chronological val, n=600): best_iter=216 val_logloss=0.6427
2026-09-29 13:05:26,191 INFO [model]     MarketAnchor: b=0.349 c=+0.093 on 595 priced rows (trusting 35% of disagreement)
2026-09-29 13:05:26,191 INFO [fast_wf]   noodds:hgb:0 fold 4/8 feats=318 anchor b=0.349
2026-09-29 13:05:30,011 INFO [model]   Early stopping (chronological val, n=640): best_iter=247 val_logloss=0.6401
2026-09-29 13:05:31,091 INFO [model]     MarketAnchor: b=0.385 c=+0.053 on 628 priced rows (trusting 39% of disagreement)
2026-09-29 13:05:31,091 INFO [fast_wf]   noodds:hgb:0 fold 5/8 feats=318 anchor b=0.385
2026-09-29 13:05:34,898 INFO [model]   Early stopping (chronological val, n=680): best_iter=204 val_logloss=0.6423
2026-09-29 13:05:35,882 INFO [model]     MarketAnchor: b=0.188 c=+0.054 on 689 priced rows (trusting 19% of disagreement)
2026-09-29 13:05:35,883 INFO [fast_wf]   noodds:hgb:0 fold 6/8 feats=318 anchor b=0.188
2026-09-29 13:05:42,171 INFO [model]   Early stopping (chronological val, n=720): best_iter=197 val_logloss=0.6408
2026-09-29 13:05:43,619 INFO [model]     MarketAnchor: b=0.310 c=+0.069 on 707 priced rows (trusting 31% of disagreement)
2026-09-29 13:05:43,619 INFO [fast_wf]   noodds:hgb:0 fold 7/8 feats=318 anchor b=0.310
2026-09-29 13:05:49,566 INFO [model]   Early stopping (chronological val, n=760): best_iter=231 val_logloss=0.6383
2026-09-29 13:05:51,081 INFO [model]     MarketAnchor: b=0.425 c=+0.070 on 771 priced rows (trusting 43% of disagreement)
2026-09-29 13:05:51,081 INFO [fast_wf]   noodds:hgb:0 fold 8/8 feats=318 anchor b=0.425
2026-09-29 13:05:51,343 INFO [model]     MarketAnchor: b=0.160 c=+0.044 on 402 priced rows (trusting 16% of disagreement)
2026-09-29 13:05:51,343 INFO [fast_wf]   noodds:logit:0 fold 1/8 feats=318 anchor b=0.160
2026-09-29 13:05:51,564 INFO [model]     MarketAnchor: b=0.194 c=+0.174 on 493 priced rows (trusting 19% of disagreement)
2026-09-29 13:05:51,564 INFO [fast_wf]   noodds:logit:0 fold 2/8 feats=318 anchor b=0.194
2026-09-29 13:05:51,815 INFO [model]     MarketAnchor: b=0.270 c=+0.087 on 529 priced rows (trusting 27% of disagreement)
2026-09-29 13:05:51,815 INFO [fast_wf]   noodds:logit:0 fold 3/8 feats=318 anchor b=0.270
2026-09-29 13:05:52,097 INFO [model]     MarketAnchor: b=0.310 c=+0.094 on 595 priced rows (trusting 31% of disagreement)
2026-09-29 13:05:52,097 INFO [fast_wf]   noodds:logit:0 fold 4/8 feats=318 anchor b=0.310
2026-09-29 13:05:52,466 INFO [model]     MarketAnchor: b=0.409 c=+0.052 on 628 priced rows (trusting 41% of disagreement)
2026-09-29 13:05:52,466 INFO [fast_wf]   noodds:logit:0 fold 5/8 feats=318 anchor b=0.409
2026-09-29 13:05:52,791 INFO [model]     MarketAnchor: b=0.334 c=+0.035 on 689 priced rows (trusting 33% of disagreement)
2026-09-29 13:05:52,791 INFO [fast_wf]   noodds:logit:0 fold 6/8 feats=318 anchor b=0.334
2026-09-29 13:05:53,119 INFO [model]     MarketAnchor: b=0.341 c=+0.057 on 707 priced rows (trusting 34% of disagreement)
2026-09-29 13:05:53,119 INFO [fast_wf]   noodds:logit:0 fold 7/8 feats=318 anchor b=0.341
2026-09-29 13:05:53,483 INFO [model]     MarketAnchor: b=0.369 c=+0.073 on 771 priced rows (trusting 37% of disagreement)
2026-09-29 13:05:53,483 INFO [fast_wf]   noodds:logit:0 fold 8/8 feats=318 anchor b=0.369
2026-09-29 13:05:53,516 INFO [fast_wf] wrote /private/tmp/claude-501/-Users-rafeburns-Downloads-ALocks/60bea722-ac8a-436f-a39d-88c0619ee942/scratchpad/sn_on.csv
2026-09-29 13:14:58,724 INFO [glicko_service]   Loading fight data...
2026-09-29 13:14:59,002 INFO [glicko_service]   Loaded 11616 fights
2026-09-29 13:14:59,002 INFO [glicko_service]   Loading per-round stats...
2026-09-29 13:15:00,616 INFO [glicko_service]   Loaded rounds for 11286 fights
2026-09-29 13:15:00,616 INFO [glicko_service]   Loading per-fight derived totals...
2026-09-29 13:15:01,648 INFO [glicko_service]   Loaded 22572 derived totals rows
2026-09-29 13:15:01,731 INFO [glicko_service]   Loaded 4617 fighters
2026-09-29 13:15:01,858 INFO [glicko_service]   Computing weight class baseline rates...
2026-09-29 13:15:01,937 INFO [glicko_service]     P4P: 1 rounds, KD=0.0000, SUB=0.0000, TD=0.0000, td15s_cap=10.0, ctrl15g_cap=10.0, gnp15g_cap=10.0
2026-09-29 13:15:01,937 INFO [glicko_service]     Flyweight: 1667 rounds, KD=0.0223, SUB=0.0687, TD=0.0837, td15s_cap=25.7, ctrl15g_cap=15.0, gnp15g_cap=79.1
2026-09-29 13:15:01,938 INFO [glicko_service]     Bantamweight: 3013 rounds, KD=0.0254, SUB=0.0624, TD=0.0770, td15s_cap=25.7, ctrl15g_cap=15.0, gnp15g_cap=84.0
2026-09-29 13:15:01,939 INFO [glicko_service]     Featherweight: 3365 rounds, KD=0.0254, SUB=0.0663, TD=0.0792, td15s_cap=26.8, ctrl15g_cap=15.0, gnp15g_cap=85.3
2026-09-29 13:15:01,940 INFO [glicko_service]     Lightweight: 4960 rounds, KD=0.0249, SUB=0.0827, TD=0.0845, td15s_cap=25.7, ctrl15g_cap=15.0, gnp15g_cap=77.6
2026-09-29 13:15:01,942 INFO [glicko_service]     Welterweight: 4416 rounds, KD=0.0297, SUB=0.0721, TD=0.0818, td15s_cap=28.1, ctrl15g_cap=15.0, gnp15g_cap=77.8
2026-09-29 13:15:01,943 INFO [glicko_service]     Middleweight: 4028 rounds, KD=0.0296, SUB=0.0745, TD=0.0734, td15s_cap=25.7, ctrl15g_cap=15.0, gnp15g_cap=94.7
2026-09-29 13:15:01,943 INFO [glicko_service]     Light Heavyweight: 2462 rounds, KD=0.0332, SUB=0.0515, TD=0.0675, td15s_cap=26.3, ctrl15g_cap=15.0, gnp15g_cap=106.6
2026-09-29 13:15:01,944 INFO [glicko_service]     Heavyweight: 2651 rounds, KD=0.0323, SUB=0.0576, TD=0.0590, td15s_cap=23.1, ctrl15g_cap=15.0, gnp15g_cap=103.8
2026-09-29 13:15:01,944 INFO [glicko_service]     P4P: 1 rounds, KD=0.0000, SUB=0.0000, TD=0.0000, td15s_cap=10.0, ctrl15g_cap=10.0, gnp15g_cap=10.0
2026-09-29 13:15:01,944 INFO [glicko_service]     Strawweight: 1380 rounds, KD=0.0092, SUB=0.0493, TD=0.0696, td15s_cap=23.4, ctrl15g_cap=15.0, gnp15g_cap=64.7
2026-09-29 13:15:01,945 INFO [glicko_service]     Flyweight: 1059 rounds, KD=0.0077, SUB=0.0465, TD=0.0616, td15s_cap=22.2, ctrl15g_cap=15.0, gnp15g_cap=77.1
2026-09-29 13:15:01,945 INFO [glicko_service]     Bantamweight: 1003 rounds, KD=0.0098, SUB=0.0489, TD=0.0621, td15s_cap=27.3, ctrl15g_cap=15.0, gnp15g_cap=78.8
2026-09-29 13:15:03,377 INFO [glicko_service]   Processed 27882 rounds
2026-09-29 13:15:03,401 INFO [model] Loading data from database...
2026-09-29 13:15:03,493 INFO [model]   Loaded 4617 fighters
2026-09-29 13:15:04,941 INFO [model]   Loaded 22299 fight-stat rows (11198 unique fights)
2026-09-29 13:15:04,942 INFO [model]   Loading per-round stats...
2026-09-29 13:15:06,899 INFO [model]   Loaded 61838 per-round stat rows
2026-09-29 13:15:07,011 INFO [model] Building features...
2026-09-29 13:15:09,772 INFO [career_rating]   Career ratings: 193197 pro bouts, 2150 linked UFC fighters, 15204/22299 rows covered
2026-09-29 13:15:09,894 INFO [short_notice]   Short-notice: 166 pulled bouts; 136 replacement rows, 142 opponent-changed rows
2026-09-29 13:15:10,131 INFO [model]   Computing defensive stats...
2026-09-29 13:15:11,952 INFO [model]   Computing Elo ratings...
2026-09-29 13:15:13,072 INFO [model]   Computing resume scores...
2026-09-29 13:15:13,282 INFO [model]   Using 21096 caller-supplied Glicko snapshots
2026-09-29 13:15:16,589 INFO [model]   Added 15 Glicko features  + 4 confidence features
2026-09-29 13:15:16,589 INFO [model]   Computing Elo-adjusted stats...
2026-09-29 13:15:16,590 INFO [model]   Computing rolling career averages...
2026-09-29 13:15:44,637 INFO [model]   Computing streaks and career stats...
2026-09-29 13:15:48,030 INFO [model]   Computing composite features...
2026-09-29 13:15:48,056 INFO [model]   Computing round-by-round profiles...
2026-09-29 13:15:58,051 INFO [model]   Computing age curve features...
2026-09-29 13:15:58,054 INFO [model]   Computing damage accumulation...
2026-09-29 13:15:59,389 INFO [model]   Computing weight-class movement...
2026-09-29 13:15:59,596 INFO [model]   Computing pre-UFC records...
2026-09-29 13:15:59,621 INFO [model]   Computing age-relative performance residuals...
2026-09-29 13:15:59,727 INFO [model]   Computing opponent-adjusted expected stats...
2026-09-29 13:15:59,749 INFO [expected_stats]   Expected stats: 59 refits x 5 stats
2026-09-29 13:16:10,156 INFO [model]   Computing fighter style clusters (k=6)...
2026-09-29 13:16:10,569 INFO [model]     Fit on 17081 rows, assigned 22299 fighter-fights
2026-09-29 13:16:10,571 INFO [model]     Style 0 (3349 fighter-fights): SigStr/5=15.4 TD/5=0.6 Sub/5=0.5 Ctrl/5=50.7 GndStr/5=3.1 top=ctrl_per5
2026-09-29 13:16:10,571 INFO [model]     Style 1 (10346 fighter-fights): SigStr/5=15.1 TD/5=0.5 Sub/5=0.3 Ctrl/5=43.5 GndStr/5=3.1 top=ctrl_per5
2026-09-29 13:16:10,571 INFO [model]     Style 2 (3759 fighter-fights): SigStr/5=16.7 TD/5=1.5 Sub/5=0.6 Ctrl/5=113.4 GndStr/5=8.0 top=ctrl_per5
2026-09-29 13:16:10,572 INFO [model]     Style 3 (4223 fighter-fights): SigStr/5=30.5 TD/5=0.3 Sub/5=0.2 Ctrl/5=33.7 GndStr/5=5.6 top=ctrl_per5
2026-09-29 13:16:10,572 INFO [model]     Style 4 (314 fighter-fights): SigStr/5=71.9 TD/5=0.7 Sub/5=0.3 Ctrl/5=55.9 GndStr/5=35.5 top=sig_str_landed_per5
2026-09-29 13:16:10,572 INFO [model]     Style 5 (308 fighter-fights): SigStr/5=11.6 TD/5=2.3 Sub/5=4.7 Ctrl/5=54.7 GndStr/5=3.9 top=ctrl_per5
2026-09-29 13:16:10,718 INFO [model]   Style matchup features computed expanding-in-time (6x6, 22202 fighter-fights)
2026-09-29 13:16:11,206 INFO [model]   Feature matrix shape: (22299, 376)
2026-09-29 13:16:11,237 INFO [model] Building matchup feature matrix...
2026-09-29 13:16:11,397 INFO [model]   Loading odds from database...
2026-09-29 13:16:12,957 INFO [model]   Odds matched: 2867/11101 fights (25.8%)
2026-09-29 13:16:12,991 INFO [model]   Filtered to modern era (2015+): 6284 fights (dropped 4587 pre-2015)
2026-09-29 13:16:12,991 INFO [model]   Red win rate (modern): 0.567
2026-09-29 13:16:13,002 INFO [model]   Matchup matrix: 6284 fights, 324 candidate features
2026-09-29 13:16:13,002 INFO [model]   Red win rate: 0.567
2026-09-29 13:16:13,003 INFO [model]   Date range: 2015-01-03 to 2026-09-26
2026-09-29 13:16:17,405 INFO [model]     MarketAnchor: b=0.453 c=+0.036 on 402 priced rows (trusting 45% of disagreement)
2026-09-29 13:16:17,406 INFO [fast_wf]   noodds:catboost:0 fold 1/8 feats=317 anchor b=0.453
2026-09-29 13:16:23,192 INFO [model]     MarketAnchor: b=0.414 c=+0.158 on 493 priced rows (trusting 41% of disagreement)
2026-09-29 13:16:23,193 INFO [fast_wf]   noodds:catboost:0 fold 2/8 feats=317 anchor b=0.414
2026-09-29 13:16:28,497 INFO [model]     MarketAnchor: b=0.475 c=+0.089 on 529 priced rows (trusting 48% of disagreement)
2026-09-29 13:16:28,498 INFO [fast_wf]   noodds:catboost:0 fold 3/8 feats=317 anchor b=0.475
2026-09-29 13:16:36,826 INFO [model]     MarketAnchor: b=0.361 c=+0.093 on 595 priced rows (trusting 36% of disagreement)
2026-09-29 13:16:36,828 INFO [fast_wf]   noodds:catboost:0 fold 4/8 feats=317 anchor b=0.361
2026-09-29 13:16:43,644 INFO [model]     MarketAnchor: b=0.386 c=+0.055 on 628 priced rows (trusting 39% of disagreement)
2026-09-29 13:16:43,645 INFO [fast_wf]   noodds:catboost:0 fold 5/8 feats=317 anchor b=0.386
2026-09-29 13:16:48,272 INFO [model]     MarketAnchor: b=0.226 c=+0.051 on 689 priced rows (trusting 23% of disagreement)
2026-09-29 13:16:48,272 INFO [fast_wf]   noodds:catboost:0 fold 6/8 feats=317 anchor b=0.226
2026-09-29 13:16:55,671 INFO [model]     MarketAnchor: b=0.347 c=+0.062 on 707 priced rows (trusting 35% of disagreement)
2026-09-29 13:16:55,671 INFO [fast_wf]   noodds:catboost:0 fold 7/8 feats=317 anchor b=0.347
2026-09-29 13:17:01,641 INFO [model]     MarketAnchor: b=0.420 c=+0.075 on 771 priced rows (trusting 42% of disagreement)
2026-09-29 13:17:01,641 INFO [fast_wf]   noodds:catboost:0 fold 8/8 feats=317 anchor b=0.420
2026-09-29 13:17:05,645 INFO [model]   Early stopping (chronological val, n=480): best_iter=130 val_logloss=0.6531
2026-09-29 13:17:06,367 INFO [model]     MarketAnchor: b=0.340 c=+0.037 on 402 priced rows (trusting 34% of disagreement)
2026-09-29 13:17:06,367 INFO [fast_wf]   noodds:hgb:0 fold 1/8 feats=317 anchor b=0.340
2026-09-29 13:17:10,663 INFO [model]   Early stopping (chronological val, n=520): best_iter=157 val_logloss=0.6555
2026-09-29 13:17:11,546 INFO [model]     MarketAnchor: b=0.341 c=+0.164 on 493 priced rows (trusting 34% of disagreement)
2026-09-29 13:17:11,546 INFO [fast_wf]   noodds:hgb:0 fold 2/8 feats=317 anchor b=0.341
2026-09-29 13:17:15,025 INFO [model]   Early stopping (chronological val, n=560): best_iter=154 val_logloss=0.6591
2026-09-29 13:17:15,708 INFO [model]     MarketAnchor: b=0.434 c=+0.089 on 529 priced rows (trusting 43% of disagreement)
2026-09-29 13:17:15,708 INFO [fast_wf]   noodds:hgb:0 fold 3/8 feats=317 anchor b=0.434
2026-09-29 13:17:19,088 INFO [model]   Early stopping (chronological val, n=600): best_iter=183 val_logloss=0.6419
2026-09-29 13:17:19,920 INFO [model]     MarketAnchor: b=0.365 c=+0.091 on 595 priced rows (trusting 36% of disagreement)
2026-09-29 13:17:19,920 INFO [fast_wf]   noodds:hgb:0 fold 4/8 feats=317 anchor b=0.365
2026-09-29 13:17:23,780 INFO [model]   Early stopping (chronological val, n=640): best_iter=196 val_logloss=0.6416
2026-09-29 13:17:24,638 INFO [model]     MarketAnchor: b=0.372 c=+0.052 on 628 priced rows (trusting 37% of disagreement)
2026-09-29 13:17:24,638 INFO [fast_wf]   noodds:hgb:0 fold 5/8 feats=317 anchor b=0.372
2026-09-29 13:17:28,314 INFO [model]   Early stopping (chronological val, n=680): best_iter=147 val_logloss=0.6411
2026-09-29 13:17:29,051 INFO [model]     MarketAnchor: b=0.190 c=+0.054 on 689 priced rows (trusting 19% of disagreement)
2026-09-29 13:17:29,051 INFO [fast_wf]   noodds:hgb:0 fold 6/8 feats=317 anchor b=0.190
2026-09-29 13:17:33,082 INFO [model]   Early stopping (chronological val, n=720): best_iter=169 val_logloss=0.6412
2026-09-29 13:17:33,940 INFO [model]     MarketAnchor: b=0.287 c=+0.067 on 707 priced rows (trusting 29% of disagreement)
2026-09-29 13:17:33,940 INFO [fast_wf]   noodds:hgb:0 fold 7/8 feats=317 anchor b=0.287
2026-09-29 13:17:37,986 INFO [model]   Early stopping (chronological val, n=760): best_iter=217 val_logloss=0.6378
2026-09-29 13:17:39,057 INFO [model]     MarketAnchor: b=0.426 c=+0.072 on 771 priced rows (trusting 43% of disagreement)
2026-09-29 13:17:39,057 INFO [fast_wf]   noodds:hgb:0 fold 8/8 feats=317 anchor b=0.426
2026-09-29 13:17:39,250 INFO [model]     MarketAnchor: b=0.310 c=+0.029 on 402 priced rows (trusting 31% of disagreement)
2026-09-29 13:17:39,250 INFO [fast_wf]   noodds_nosn:logit:0 fold 1/8 feats=315 anchor b=0.310
2026-09-29 13:17:39,475 INFO [model]     MarketAnchor: b=0.299 c=+0.153 on 493 priced rows (trusting 30% of disagreement)
2026-09-29 13:17:39,475 INFO [fast_wf]   noodds_nosn:logit:0 fold 2/8 feats=315 anchor b=0.299
2026-09-29 13:17:39,688 INFO [model]     MarketAnchor: b=0.301 c=+0.083 on 529 priced rows (trusting 30% of disagreement)
2026-09-29 13:17:39,688 INFO [fast_wf]   noodds_nosn:logit:0 fold 3/8 feats=315 anchor b=0.301
2026-09-29 13:17:39,920 INFO [model]     MarketAnchor: b=0.376 c=+0.085 on 595 priced rows (trusting 38% of disagreement)
2026-09-29 13:17:39,921 INFO [fast_wf]   noodds_nosn:logit:0 fold 4/8 feats=315 anchor b=0.376
2026-09-29 13:17:40,179 INFO [model]     MarketAnchor: b=0.443 c=+0.044 on 628 priced rows (trusting 44% of disagreement)
2026-09-29 13:17:40,179 INFO [fast_wf]   noodds_nosn:logit:0 fold 5/8 feats=315 anchor b=0.443
2026-09-29 13:17:40,453 INFO [model]     MarketAnchor: b=0.326 c=+0.037 on 689 priced rows (trusting 33% of disagreement)
2026-09-29 13:17:40,453 INFO [fast_wf]   noodds_nosn:logit:0 fold 6/8 feats=315 anchor b=0.326
2026-09-29 13:17:40,771 INFO [model]     MarketAnchor: b=0.337 c=+0.059 on 707 priced rows (trusting 34% of disagreement)
2026-09-29 13:17:40,771 INFO [fast_wf]   noodds_nosn:logit:0 fold 7/8 feats=315 anchor b=0.337
2026-09-29 13:17:41,088 INFO [model]     MarketAnchor: b=0.363 c=+0.075 on 771 priced rows (trusting 36% of disagreement)
2026-09-29 13:17:41,088 INFO [fast_wf]   noodds_nosn:logit:0 fold 8/8 feats=315 anchor b=0.363
2026-09-29 13:17:41,113 INFO [fast_wf] wrote /private/tmp/claude-501/-Users-rafeburns-Downloads-ALocks/60bea722-ac8a-436f-a39d-88c0619ee942/scratchpad/sn_on2.csv
2026-09-29 13:22:03,112 INFO [model] Loading data from database...
2026-09-29 13:22:03,247 INFO [model]   Loaded 4617 fighters
2026-09-29 13:22:04,846 INFO [model]   Added 57 upcoming fights
2026-09-29 13:22:05,245 INFO [model]   Loaded 22413 fight-stat rows (11255 unique fights)
2026-09-29 13:22:05,245 INFO [model]   Loading per-round stats...
2026-09-29 13:22:08,131 INFO [model]   Loaded 61838 per-round stat rows
2026-09-29 13:22:08,322 INFO [model] Building features...
2026-09-29 13:22:12,193 INFO [career_rating]   Career ratings: 193197 pro bouts, 2150 linked UFC fighters, 15309/22413 rows covered
2026-09-29 13:22:12,521 INFO [model]   Computing defensive stats...
2026-09-29 13:22:14,788 INFO [model]   Computing Elo ratings...
2026-09-29 13:22:16,001 INFO [model]   Computing resume scores...
2026-09-29 13:22:16,226 INFO [model]   Loading Glicko rating snapshots from DB...
2026-09-29 13:22:16,616 INFO [model]   Loaded 21030 Glicko snapshots
2026-09-29 13:22:20,741 INFO [model]   Added 15 Glicko features  + 4 confidence features
2026-09-29 13:22:20,741 INFO [model]   Computing Elo-adjusted stats...
2026-09-29 13:22:20,744 INFO [model]   Computing rolling career averages...
2026-09-29 13:22:53,041 INFO [model]   Computing streaks and career stats...
2026-09-29 13:22:55,384 INFO [model]   Computing composite features...
2026-09-29 13:22:55,389 INFO [model]   Computing round-by-round profiles...
2026-09-29 13:23:09,004 INFO [model]   Computing age curve features...
2026-09-29 13:23:09,009 INFO [model]   Computing damage accumulation...
2026-09-29 13:23:11,701 INFO [model]   Computing weight-class movement...
2026-09-29 13:23:12,130 INFO [model]   Computing pre-UFC records...
2026-09-29 13:23:12,161 INFO [model]   Computing age-relative performance residuals...
2026-09-29 13:23:12,298 INFO [model]   Computing opponent-adjusted expected stats...
2026-09-29 13:23:12,329 INFO [expected_stats]   Expected stats: 59 refits x 5 stats
2026-09-29 13:23:24,697 INFO [model]   Computing fighter style clusters (k=6)...
2026-09-29 13:23:25,021 INFO [model]     Fit on 17081 rows, assigned 22413 fighter-fights
2026-09-29 13:23:25,022 INFO [model]     Style 0 (3367 fighter-fights): SigStr/5=15.4 TD/5=0.6 Sub/5=0.5 Ctrl/5=50.7 GndStr/5=3.1 top=ctrl_per5
2026-09-29 13:23:25,022 INFO [model]     Style 1 (10378 fighter-fights): SigStr/5=15.1 TD/5=0.5 Sub/5=0.3 Ctrl/5=43.5 GndStr/5=3.1 top=ctrl_per5
2026-09-29 13:23:25,022 INFO [model]     Style 2 (3775 fighter-fights): SigStr/5=16.7 TD/5=1.5 Sub/5=0.6 Ctrl/5=113.4 GndStr/5=8.0 top=ctrl_per5
2026-09-29 13:23:25,022 INFO [model]     Style 3 (4268 fighter-fights): SigStr/5=30.5 TD/5=0.3 Sub/5=0.2 Ctrl/5=33.7 GndStr/5=5.6 top=ctrl_per5
2026-09-29 13:23:25,022 INFO [model]     Style 4 (316 fighter-fights): SigStr/5=71.9 TD/5=0.7 Sub/5=0.3 Ctrl/5=55.9 GndStr/5=35.5 top=sig_str_landed_per5
2026-09-29 13:23:25,022 INFO [model]     Style 5 (309 fighter-fights): SigStr/5=11.6 TD/5=2.3 Sub/5=4.7 Ctrl/5=54.7 GndStr/5=3.9 top=ctrl_per5
2026-09-29 13:23:25,076 INFO [model]   Style matchup features computed expanding-in-time (6x6, 22316 fighter-fights)
2026-09-29 13:23:25,402 INFO [model]   Feature matrix shape: (22413, 375)
2026-09-29 13:23:25,553 INFO [model]   Built latest feature snapshots for 3831 fighters
2026-09-29 13:23:26,334 INFO [model]   Added 195 upcoming fights using latest fighter features
2026-09-29 13:23:26,335 INFO [model]   Loading odds for predictions...
2026-09-29 13:23:28,735 INFO [model]   Odds matched: 2888/11353 fights (25.4%)
2026-09-29 13:29:29,471 INFO [glicko_service]   Loading fight data...
2026-09-29 13:29:29,678 INFO [glicko_service]   Loaded 11616 fights
2026-09-29 13:29:29,679 INFO [glicko_service]   Loading per-round stats...
2026-09-29 13:29:31,006 INFO [glicko_service]   Loaded rounds for 11286 fights
2026-09-29 13:29:31,006 INFO [glicko_service]   Loading per-fight derived totals...
2026-09-29 13:29:31,923 INFO [glicko_service]   Loaded 22572 derived totals rows
2026-09-29 13:29:32,041 INFO [glicko_service]   Loaded 4617 fighters
2026-09-29 13:29:32,166 INFO [glicko_service]   Computing weight class baseline rates...
2026-09-29 13:29:32,242 INFO [glicko_service]     P4P: 1 rounds, KD=0.0000, SUB=0.0000, TD=0.0000, td15s_cap=10.0, ctrl15g_cap=10.0, gnp15g_cap=10.0
2026-09-29 13:29:32,243 INFO [glicko_service]     Flyweight: 1667 rounds, KD=0.0223, SUB=0.0687, TD=0.0837, td15s_cap=25.7, ctrl15g_cap=15.0, gnp15g_cap=79.1
2026-09-29 13:29:32,244 INFO [glicko_service]     Bantamweight: 3013 rounds, KD=0.0254, SUB=0.0624, TD=0.0770, td15s_cap=25.7, ctrl15g_cap=15.0, gnp15g_cap=84.0
2026-09-29 13:29:32,244 INFO [glicko_service]     Featherweight: 3365 rounds, KD=0.0254, SUB=0.0663, TD=0.0792, td15s_cap=26.8, ctrl15g_cap=15.0, gnp15g_cap=85.3
2026-09-29 13:29:32,246 INFO [glicko_service]     Lightweight: 4960 rounds, KD=0.0249, SUB=0.0827, TD=0.0845, td15s_cap=25.7, ctrl15g_cap=15.0, gnp15g_cap=77.6
2026-09-29 13:29:32,247 INFO [glicko_service]     Welterweight: 4416 rounds, KD=0.0297, SUB=0.0721, TD=0.0818, td15s_cap=28.1, ctrl15g_cap=15.0, gnp15g_cap=77.8
2026-09-29 13:29:32,248 INFO [glicko_service]     Middleweight: 4028 rounds, KD=0.0296, SUB=0.0745, TD=0.0734, td15s_cap=25.7, ctrl15g_cap=15.0, gnp15g_cap=94.7
2026-09-29 13:29:32,249 INFO [glicko_service]     Light Heavyweight: 2462 rounds, KD=0.0332, SUB=0.0515, TD=0.0675, td15s_cap=26.3, ctrl15g_cap=15.0, gnp15g_cap=106.6
2026-09-29 13:29:32,249 INFO [glicko_service]     Heavyweight: 2651 rounds, KD=0.0323, SUB=0.0576, TD=0.0590, td15s_cap=23.1, ctrl15g_cap=15.0, gnp15g_cap=103.8
2026-09-29 13:29:32,249 INFO [glicko_service]     P4P: 1 rounds, KD=0.0000, SUB=0.0000, TD=0.0000, td15s_cap=10.0, ctrl15g_cap=10.0, gnp15g_cap=10.0
2026-09-29 13:29:32,249 INFO [glicko_service]     Strawweight: 1380 rounds, KD=0.0092, SUB=0.0493, TD=0.0696, td15s_cap=23.4, ctrl15g_cap=15.0, gnp15g_cap=64.7
2026-09-29 13:29:32,250 INFO [glicko_service]     Flyweight: 1059 rounds, KD=0.0077, SUB=0.0465, TD=0.0616, td15s_cap=22.2, ctrl15g_cap=15.0, gnp15g_cap=77.1
2026-09-29 13:29:32,250 INFO [glicko_service]     Bantamweight: 1003 rounds, KD=0.0098, SUB=0.0489, TD=0.0621, td15s_cap=27.3, ctrl15g_cap=15.0, gnp15g_cap=78.8
2026-09-29 13:29:33,945 INFO [glicko_service]   Processed 27882 rounds
2026-09-29 13:29:33,973 INFO [model] Loading data from database...
2026-09-29 13:29:34,079 INFO [model]   Loaded 4617 fighters
2026-09-29 13:29:35,374 INFO [model]   Loaded 22299 fight-stat rows (11198 unique fights)
2026-09-29 13:29:35,374 INFO [model]   Loading per-round stats...
2026-09-29 13:29:36,881 INFO [model]   Loaded 61838 per-round stat rows
2026-09-29 13:29:36,998 INFO [model] Building features...
2026-09-29 13:29:38,833 INFO [career_rating]   Career ratings: 193197 pro bouts, 2150 linked UFC fighters, 15204/22299 rows covered
2026-09-29 13:29:39,141 INFO [model]   Computing defensive stats...
2026-09-29 13:29:41,083 INFO [model]   Computing Elo ratings...
2026-09-29 13:29:42,076 INFO [model]   Computing resume scores...
2026-09-29 13:29:42,302 INFO [model]   Using 21096 caller-supplied Glicko snapshots
2026-09-29 13:29:45,051 INFO [model]   Added 15 Glicko features  + 4 confidence features
2026-09-29 13:29:45,052 INFO [model]   Computing Elo-adjusted stats...
2026-09-29 13:29:45,053 INFO [model]   Computing rolling career averages...
2026-09-29 13:30:09,258 INFO [model]   Computing streaks and career stats...
2026-09-29 13:30:10,873 INFO [model]   Computing composite features...
2026-09-29 13:30:10,877 INFO [model]   Computing round-by-round profiles...
2026-09-29 13:30:18,910 INFO [model]   Computing age curve features...
2026-09-29 13:30:18,913 INFO [model]   Computing damage accumulation...
2026-09-29 13:30:20,152 INFO [model]   Computing weight-class movement...
2026-09-29 13:30:20,337 INFO [model]   Computing age-relative performance residuals...
2026-09-29 13:30:20,434 INFO [model]   Computing opponent-adjusted expected stats...
2026-09-29 13:30:20,457 INFO [expected_stats]   Expected stats: 59 refits x 5 stats
2026-09-29 13:30:29,508 INFO [model]   Computing fighter style clusters (k=6)...
2026-09-29 13:30:29,837 INFO [model]     Fit on 17081 rows, assigned 22299 fighter-fights
2026-09-29 13:30:29,838 INFO [model]     Style 0 (3349 fighter-fights): SigStr/5=15.4 TD/5=0.6 Sub/5=0.5 Ctrl/5=50.7 GndStr/5=3.1 top=ctrl_per5
2026-09-29 13:30:29,838 INFO [model]     Style 1 (10346 fighter-fights): SigStr/5=15.1 TD/5=0.5 Sub/5=0.3 Ctrl/5=43.5 GndStr/5=3.1 top=ctrl_per5
2026-09-29 13:30:29,838 INFO [model]     Style 2 (3759 fighter-fights): SigStr/5=16.7 TD/5=1.5 Sub/5=0.6 Ctrl/5=113.4 GndStr/5=8.0 top=ctrl_per5
2026-09-29 13:30:29,838 INFO [model]     Style 3 (4223 fighter-fights): SigStr/5=30.5 TD/5=0.3 Sub/5=0.2 Ctrl/5=33.7 GndStr/5=5.6 top=ctrl_per5
2026-09-29 13:30:29,838 INFO [model]     Style 4 (314 fighter-fights): SigStr/5=71.9 TD/5=0.7 Sub/5=0.3 Ctrl/5=55.9 GndStr/5=35.5 top=sig_str_landed_per5
2026-09-29 13:30:29,838 INFO [model]     Style 5 (308 fighter-fights): SigStr/5=11.6 TD/5=2.3 Sub/5=4.7 Ctrl/5=54.7 GndStr/5=3.9 top=ctrl_per5
2026-09-29 13:30:29,941 INFO [model]   Style matchup features computed expanding-in-time (6x6, 22202 fighter-fights)
2026-09-29 13:30:30,192 INFO [model]   Feature matrix shape: (22299, 369)
2026-09-29 13:30:30,217 INFO [model] Building matchup feature matrix...
2026-09-29 13:30:30,332 INFO [model]   Loading odds from database...
2026-09-29 13:30:31,511 INFO [model]   Odds matched: 2867/11101 fights (25.8%)
2026-09-29 13:30:31,544 INFO [model]   Filtered to modern era (2015+): 6284 fights (dropped 4587 pre-2015)
2026-09-29 13:30:31,544 INFO [model]   Red win rate (modern): 0.567
2026-09-29 13:30:31,554 INFO [model]   Matchup matrix: 6284 fights, 317 candidate features
2026-09-29 13:30:31,554 INFO [model]   Red win rate: 0.567
2026-09-29 13:30:31,554 INFO [model]   Date range: 2015-01-03 to 2026-09-26
2026-09-29 13:30:35,582 INFO [model]     MarketAnchor: b=0.348 c=+0.038 on 402 priced rows (trusting 35% of disagreement)
2026-09-29 13:30:35,583 INFO [fast_wf]   noodds:catboost:0 fold 1/8 feats=310 anchor b=0.348
2026-09-29 13:30:39,541 INFO [model]     MarketAnchor: b=0.413 c=+0.146 on 493 priced rows (trusting 41% of disagreement)
2026-09-29 13:30:39,541 INFO [fast_wf]   noodds:catboost:0 fold 2/8 feats=310 anchor b=0.413
2026-09-29 13:30:42,793 INFO [model]     MarketAnchor: b=0.357 c=+0.090 on 529 priced rows (trusting 36% of disagreement)
2026-09-29 13:30:42,793 INFO [fast_wf]   noodds:catboost:0 fold 3/8 feats=310 anchor b=0.357
2026-09-29 13:30:50,612 INFO [model]     MarketAnchor: b=0.312 c=+0.096 on 595 priced rows (trusting 31% of disagreement)
2026-09-29 13:30:50,614 INFO [fast_wf]   noodds:catboost:0 fold 4/8 feats=310 anchor b=0.312
2026-09-29 13:30:57,388 INFO [model]     MarketAnchor: b=0.396 c=+0.053 on 628 priced rows (trusting 40% of disagreement)
2026-09-29 13:30:57,391 INFO [fast_wf]   noodds:catboost:0 fold 5/8 feats=310 anchor b=0.396
2026-09-29 13:31:03,235 INFO [model]     MarketAnchor: b=0.301 c=+0.038 on 689 priced rows (trusting 30% of disagreement)
2026-09-29 13:31:03,236 INFO [fast_wf]   noodds:catboost:0 fold 6/8 feats=310 anchor b=0.301
2026-09-29 13:31:10,939 INFO [model]     MarketAnchor: b=0.340 c=+0.059 on 707 priced rows (trusting 34% of disagreement)
2026-09-29 13:31:10,941 INFO [fast_wf]   noodds:catboost:0 fold 7/8 feats=310 anchor b=0.340
2026-09-29 13:31:18,609 INFO [model]     MarketAnchor: b=0.420 c=+0.070 on 771 priced rows (trusting 42% of disagreement)
2026-09-29 13:31:18,610 INFO [fast_wf]   noodds:catboost:0 fold 8/8 feats=310 anchor b=0.420
2026-09-29 13:31:22,662 INFO [model]   Early stopping (chronological val, n=480): best_iter=141 val_logloss=0.6523
2026-09-29 13:31:23,448 INFO [model]     MarketAnchor: b=0.268 c=+0.038 on 402 priced rows (trusting 27% of disagreement)
2026-09-29 13:31:23,448 INFO [fast_wf]   noodds:hgb:0 fold 1/8 feats=310 anchor b=0.268
2026-09-29 13:31:27,677 INFO [model]   Early stopping (chronological val, n=520): best_iter=104 val_logloss=0.6597
2026-09-29 13:31:28,342 INFO [model]     MarketAnchor: b=0.377 c=+0.159 on 493 priced rows (trusting 38% of disagreement)
2026-09-29 13:31:28,342 INFO [fast_wf]   noodds:hgb:0 fold 2/8 feats=310 anchor b=0.377
2026-09-29 13:31:32,793 INFO [model]   Early stopping (chronological val, n=560): best_iter=343 val_logloss=0.6555
2026-09-29 13:31:34,416 INFO [model]     MarketAnchor: b=0.395 c=+0.082 on 529 priced rows (trusting 39% of disagreement)
2026-09-29 13:31:34,417 INFO [fast_wf]   noodds:hgb:0 fold 3/8 feats=310 anchor b=0.395
2026-09-29 13:31:38,936 INFO [model]   Early stopping (chronological val, n=600): best_iter=187 val_logloss=0.6419
2026-09-29 13:31:39,829 INFO [model]     MarketAnchor: b=0.336 c=+0.090 on 595 priced rows (trusting 34% of disagreement)
2026-09-29 13:31:39,829 INFO [fast_wf]   noodds:hgb:0 fold 4/8 feats=310 anchor b=0.336
2026-09-29 13:31:44,444 INFO [model]   Early stopping (chronological val, n=640): best_iter=184 val_logloss=0.6446
2026-09-29 13:31:45,465 INFO [model]     MarketAnchor: b=0.391 c=+0.053 on 628 priced rows (trusting 39% of disagreement)
2026-09-29 13:31:45,466 INFO [fast_wf]   noodds:hgb:0 fold 5/8 feats=310 anchor b=0.391
2026-09-29 13:31:49,723 INFO [model]   Early stopping (chronological val, n=680): best_iter=123 val_logloss=0.6448
2026-09-29 13:31:50,415 INFO [model]     MarketAnchor: b=0.180 c=+0.056 on 689 priced rows (trusting 18% of disagreement)
2026-09-29 13:31:50,415 INFO [fast_wf]   noodds:hgb:0 fold 6/8 feats=310 anchor b=0.180
2026-09-29 13:31:54,788 INFO [model]   Early stopping (chronological val, n=720): best_iter=149 val_logloss=0.6429
2026-09-29 13:31:55,870 INFO [model]     MarketAnchor: b=0.347 c=+0.063 on 707 priced rows (trusting 35% of disagreement)
2026-09-29 13:31:55,870 INFO [fast_wf]   noodds:hgb:0 fold 7/8 feats=310 anchor b=0.347
2026-09-29 13:32:00,856 INFO [model]   Early stopping (chronological val, n=760): best_iter=236 val_logloss=0.6390
2026-09-29 13:32:02,362 INFO [model]     MarketAnchor: b=0.363 c=+0.073 on 771 priced rows (trusting 36% of disagreement)
2026-09-29 13:32:02,363 INFO [fast_wf]   noodds:hgb:0 fold 8/8 feats=310 anchor b=0.363
2026-09-29 13:32:02,579 INFO [model]     MarketAnchor: b=0.258 c=+0.035 on 402 priced rows (trusting 26% of disagreement)
2026-09-29 13:32:02,579 INFO [fast_wf]   noodds:logit:0 fold 1/8 feats=310 anchor b=0.258
2026-09-29 13:32:02,868 INFO [model]     MarketAnchor: b=0.285 c=+0.159 on 493 priced rows (trusting 29% of disagreement)
2026-09-29 13:32:02,868 INFO [fast_wf]   noodds:logit:0 fold 2/8 feats=310 anchor b=0.285
2026-09-29 13:32:03,112 INFO [model]     MarketAnchor: b=0.361 c=+0.077 on 529 priced rows (trusting 36% of disagreement)
2026-09-29 13:32:03,112 INFO [fast_wf]   noodds:logit:0 fold 3/8 feats=310 anchor b=0.361
2026-09-29 13:32:03,355 INFO [model]     MarketAnchor: b=0.380 c=+0.084 on 595 priced rows (trusting 38% of disagreement)
2026-09-29 13:32:03,355 INFO [fast_wf]   noodds:logit:0 fold 4/8 feats=310 anchor b=0.380
2026-09-29 13:32:03,625 INFO [model]     MarketAnchor: b=0.431 c=+0.044 on 628 priced rows (trusting 43% of disagreement)
2026-09-29 13:32:03,625 INFO [fast_wf]   noodds:logit:0 fold 5/8 feats=310 anchor b=0.431
2026-09-29 13:32:03,913 INFO [model]     MarketAnchor: b=0.334 c=+0.037 on 689 priced rows (trusting 33% of disagreement)
2026-09-29 13:32:03,913 INFO [fast_wf]   noodds:logit:0 fold 6/8 feats=310 anchor b=0.334
2026-09-29 13:32:04,235 INFO [model]     MarketAnchor: b=0.330 c=+0.065 on 707 priced rows (trusting 33% of disagreement)
2026-09-29 13:32:04,235 INFO [fast_wf]   noodds:logit:0 fold 7/8 feats=310 anchor b=0.330
2026-09-29 13:32:04,567 INFO [model]     MarketAnchor: b=0.375 c=+0.077 on 771 priced rows (trusting 37% of disagreement)
2026-09-29 13:32:04,567 INFO [fast_wf]   noodds:logit:0 fold 8/8 feats=310 anchor b=0.375
2026-09-29 13:32:04,594 INFO [fast_wf] wrote /private/tmp/claude-501/-Users-rafeburns-Downloads-ALocks/60bea722-ac8a-436f-a39d-88c0619ee942/scratchpad/b_fix.csv
2026-09-30 01:39:16,400 INFO [glicko_service]   Loading fight data...
2026-09-30 01:39:16,640 INFO [glicko_service]   Loaded 11616 fights
2026-09-30 01:39:16,640 INFO [glicko_service]   Loading per-round stats...
2026-09-30 01:39:18,223 INFO [glicko_service]   Loaded rounds for 11286 fights
2026-09-30 01:39:18,223 INFO [glicko_service]   Loading per-fight derived totals...
2026-09-30 01:39:19,297 INFO [glicko_service]   Loaded 22572 derived totals rows
2026-09-30 01:39:19,396 INFO [glicko_service]   Loaded 4617 fighters
2026-09-30 01:39:19,517 INFO [glicko_service]   Computing weight class baseline rates...
2026-09-30 01:39:19,594 INFO [glicko_service]     P4P: 1 rounds, KD=0.0000, SUB=0.0000, TD=0.0000, td15s_cap=10.0, ctrl15g_cap=10.0, gnp15g_cap=10.0
2026-09-30 01:39:19,594 INFO [glicko_service]     Flyweight: 1667 rounds, KD=0.0223, SUB=0.0687, TD=0.0837, td15s_cap=25.7, ctrl15g_cap=15.0, gnp15g_cap=79.1
2026-09-30 01:39:19,595 INFO [glicko_service]     Bantamweight: 3013 rounds, KD=0.0254, SUB=0.0624, TD=0.0770, td15s_cap=25.7, ctrl15g_cap=15.0, gnp15g_cap=84.0
2026-09-30 01:39:19,596 INFO [glicko_service]     Featherweight: 3365 rounds, KD=0.0254, SUB=0.0663, TD=0.0792, td15s_cap=26.8, ctrl15g_cap=15.0, gnp15g_cap=85.3
2026-09-30 01:39:19,597 INFO [glicko_service]     Lightweight: 4960 rounds, KD=0.0249, SUB=0.0827, TD=0.0845, td15s_cap=25.7, ctrl15g_cap=15.0, gnp15g_cap=77.6
2026-09-30 01:39:19,598 INFO [glicko_service]     Welterweight: 4416 rounds, KD=0.0297, SUB=0.0721, TD=0.0818, td15s_cap=28.1, ctrl15g_cap=15.0, gnp15g_cap=77.8
2026-09-30 01:39:19,599 INFO [glicko_service]     Middleweight: 4028 rounds, KD=0.0296, SUB=0.0745, TD=0.0734, td15s_cap=25.7, ctrl15g_cap=15.0, gnp15g_cap=94.7
2026-09-30 01:39:19,600 INFO [glicko_service]     Light Heavyweight: 2462 rounds, KD=0.0332, SUB=0.0515, TD=0.0675, td15s_cap=26.3, ctrl15g_cap=15.0, gnp15g_cap=106.6
2026-09-30 01:39:19,601 INFO [glicko_service]     Heavyweight: 2651 rounds, KD=0.0323, SUB=0.0576, TD=0.0590, td15s_cap=23.1, ctrl15g_cap=15.0, gnp15g_cap=103.8
2026-09-30 01:39:19,601 INFO [glicko_service]     P4P: 1 rounds, KD=0.0000, SUB=0.0000, TD=0.0000, td15s_cap=10.0, ctrl15g_cap=10.0, gnp15g_cap=10.0
2026-09-30 01:39:19,601 INFO [glicko_service]     Strawweight: 1380 rounds, KD=0.0092, SUB=0.0493, TD=0.0696, td15s_cap=23.4, ctrl15g_cap=15.0, gnp15g_cap=64.7
2026-09-30 01:39:19,601 INFO [glicko_service]     Flyweight: 1059 rounds, KD=0.0077, SUB=0.0465, TD=0.0616, td15s_cap=22.2, ctrl15g_cap=15.0, gnp15g_cap=77.1
2026-09-30 01:39:19,601 INFO [glicko_service]     Bantamweight: 1003 rounds, KD=0.0098, SUB=0.0489, TD=0.0621, td15s_cap=27.3, ctrl15g_cap=15.0, gnp15g_cap=78.8
2026-09-30 01:39:21,210 INFO [glicko_service]   Processed 27882 rounds
2026-09-30 01:39:21,233 INFO [model] Loading data from database...
2026-09-30 01:39:21,314 INFO [model]   Loaded 4617 fighters
2026-09-30 01:39:22,516 INFO [model]   Loaded 22299 fight-stat rows (11198 unique fights)
2026-09-30 01:39:22,516 INFO [model]   Loading per-round stats...
2026-09-30 01:39:24,221 INFO [model]   Loaded 61838 per-round stat rows
2026-09-30 01:39:24,340 INFO [model] Building features...
2026-09-30 01:39:26,641 INFO [career_rating]   Career ratings: 228719 pro bouts, 4040 linked UFC fighters, 20558/22299 rows covered
2026-09-30 01:39:26,972 INFO [model]   Computing defensive stats...
2026-09-30 01:39:28,818 INFO [model]   Computing Elo ratings...
2026-09-30 01:39:29,436 INFO [model]   Computing resume scores...
2026-09-30 01:39:29,593 INFO [model]   Using 21096 caller-supplied Glicko snapshots
2026-09-30 01:39:32,380 INFO [model]   Added 15 Glicko features  + 4 confidence features
2026-09-30 01:39:32,381 INFO [model]   Computing Elo-adjusted stats...
2026-09-30 01:39:32,382 INFO [model]   Computing rolling career averages...
2026-09-30 01:39:56,300 INFO [model]   Computing streaks and career stats...
2026-09-30 01:39:57,931 INFO [model]   Computing composite features...
2026-09-30 01:39:57,935 INFO [model]   Computing round-by-round profiles...
2026-09-30 01:40:06,490 INFO [model]   Computing age curve features...
2026-09-30 01:40:06,493 INFO [model]   Computing damage accumulation...
2026-09-30 01:40:07,867 INFO [model]   Computing weight-class movement...
2026-09-30 01:40:08,080 INFO [model]   Computing age-relative performance residuals...
2026-09-30 01:40:08,176 INFO [model]   Computing opponent-adjusted expected stats...
2026-09-30 01:40:08,200 INFO [expected_stats]   Expected stats: 59 refits x 5 stats
2026-09-30 01:40:17,446 INFO [model]   Computing fighter style clusters (k=6)...
2026-09-30 01:40:17,765 INFO [model]     Fit on 17081 rows, assigned 22299 fighter-fights
2026-09-30 01:40:17,766 INFO [model]     Style 0 (3349 fighter-fights): SigStr/5=15.4 TD/5=0.6 Sub/5=0.5 Ctrl/5=50.7 GndStr/5=3.1 top=ctrl_per5
2026-09-30 01:40:17,766 INFO [model]     Style 1 (10346 fighter-fights): SigStr/5=15.1 TD/5=0.5 Sub/5=0.3 Ctrl/5=43.5 GndStr/5=3.1 top=ctrl_per5
2026-09-30 01:40:17,766 INFO [model]     Style 2 (3759 fighter-fights): SigStr/5=16.7 TD/5=1.5 Sub/5=0.6 Ctrl/5=113.4 GndStr/5=8.0 top=ctrl_per5
2026-09-30 01:40:17,766 INFO [model]     Style 3 (4223 fighter-fights): SigStr/5=30.5 TD/5=0.3 Sub/5=0.2 Ctrl/5=33.7 GndStr/5=5.6 top=ctrl_per5
2026-09-30 01:40:17,766 INFO [model]     Style 4 (314 fighter-fights): SigStr/5=71.9 TD/5=0.7 Sub/5=0.3 Ctrl/5=55.9 GndStr/5=35.5 top=sig_str_landed_per5
2026-09-30 01:40:17,766 INFO [model]     Style 5 (308 fighter-fights): SigStr/5=11.6 TD/5=2.3 Sub/5=4.7 Ctrl/5=54.7 GndStr/5=3.9 top=ctrl_per5
2026-09-30 01:40:17,816 INFO [model]   Style matchup features computed expanding-in-time (6x6, 22202 fighter-fights)
2026-09-30 01:40:18,088 INFO [model]   Feature matrix shape: (22299, 369)
2026-09-30 01:40:18,115 INFO [model] Building matchup feature matrix...
2026-09-30 01:40:18,228 INFO [model]   Loading odds from database...
2026-09-30 01:40:19,438 INFO [model]   Odds matched: 2867/11101 fights (25.8%)
2026-09-30 01:40:19,472 INFO [model]   Filtered to modern era (2015+): 6284 fights (dropped 4587 pre-2015)
2026-09-30 01:40:19,473 INFO [model]   Red win rate (modern): 0.567
2026-09-30 01:40:19,485 INFO [model]   Matchup matrix: 6284 fights, 317 candidate features
2026-09-30 01:40:19,485 INFO [model]   Red win rate: 0.567
2026-09-30 01:40:19,486 INFO [model]   Date range: 2015-01-03 to 2026-09-26
2026-09-30 01:40:23,521 INFO [model]     MarketAnchor: b=0.361 c=+0.039 on 402 priced rows (trusting 36% of disagreement)
2026-09-30 01:40:23,522 INFO [fast_wf]   noodds:catboost:0 fold 1/8 feats=310 anchor b=0.361
2026-09-30 01:40:28,419 INFO [model]     MarketAnchor: b=0.383 c=+0.158 on 493 priced rows (trusting 38% of disagreement)
2026-09-30 01:40:28,419 INFO [fast_wf]   noodds:catboost:0 fold 2/8 feats=310 anchor b=0.383
2026-09-30 01:40:33,559 INFO [model]     MarketAnchor: b=0.426 c=+0.091 on 529 priced rows (trusting 43% of disagreement)
2026-09-30 01:40:33,559 INFO [fast_wf]   noodds:catboost:0 fold 3/8 feats=310 anchor b=0.426
2026-09-30 01:40:39,300 INFO [model]     MarketAnchor: b=0.319 c=+0.093 on 595 priced rows (trusting 32% of disagreement)
2026-09-30 01:40:39,301 INFO [fast_wf]   noodds:catboost:0 fold 4/8 feats=310 anchor b=0.319
2026-09-30 01:40:45,707 INFO [model]     MarketAnchor: b=0.409 c=+0.054 on 628 priced rows (trusting 41% of disagreement)
2026-09-30 01:40:45,707 INFO [fast_wf]   noodds:catboost:0 fold 5/8 feats=310 anchor b=0.409
2026-09-30 01:40:50,380 INFO [model]     MarketAnchor: b=0.264 c=+0.047 on 689 priced rows (trusting 26% of disagreement)
2026-09-30 01:40:50,380 INFO [fast_wf]   noodds:catboost:0 fold 6/8 feats=310 anchor b=0.264
2026-09-30 01:40:55,741 INFO [model]     MarketAnchor: b=0.280 c=+0.068 on 707 priced rows (trusting 28% of disagreement)
2026-09-30 01:40:55,742 INFO [fast_wf]   noodds:catboost:0 fold 7/8 feats=310 anchor b=0.280
2026-09-30 01:41:02,651 INFO [model]     MarketAnchor: b=0.397 c=+0.073 on 771 priced rows (trusting 40% of disagreement)
2026-09-30 01:41:02,652 INFO [fast_wf]   noodds:catboost:0 fold 8/8 feats=310 anchor b=0.397
2026-09-30 01:41:06,682 INFO [model]   Early stopping (chronological val, n=480): best_iter=107 val_logloss=0.6535
2026-09-30 01:41:07,325 INFO [model]     MarketAnchor: b=0.255 c=+0.042 on 402 priced rows (trusting 25% of disagreement)
2026-09-30 01:41:07,326 INFO [fast_wf]   noodds:hgb:0 fold 1/8 feats=310 anchor b=0.255
2026-09-30 01:41:11,587 INFO [model]   Early stopping (chronological val, n=520): best_iter=188 val_logloss=0.6574
2026-09-30 01:41:12,590 INFO [model]     MarketAnchor: b=0.391 c=+0.154 on 493 priced rows (trusting 39% of disagreement)
2026-09-30 01:41:12,590 INFO [fast_wf]   noodds:hgb:0 fold 2/8 feats=310 anchor b=0.391
2026-09-30 01:41:17,255 INFO [model]   Early stopping (chronological val, n=560): best_iter=344 val_logloss=0.6573
2026-09-30 01:41:18,896 INFO [model]     MarketAnchor: b=0.415 c=+0.088 on 529 priced rows (trusting 42% of disagreement)
2026-09-30 01:41:18,896 INFO [fast_wf]   noodds:hgb:0 fold 3/8 feats=310 anchor b=0.415
2026-09-30 01:41:23,237 INFO [model]   Early stopping (chronological val, n=600): best_iter=161 val_logloss=0.6431
2026-09-30 01:41:24,168 INFO [model]     MarketAnchor: b=0.308 c=+0.097 on 595 priced rows (trusting 31% of disagreement)
2026-09-30 01:41:24,168 INFO [fast_wf]   noodds:hgb:0 fold 4/8 feats=310 anchor b=0.308
2026-09-30 01:41:28,660 INFO [model]   Early stopping (chronological val, n=640): best_iter=279 val_logloss=0.6416
2026-09-30 01:41:30,133 INFO [model]     MarketAnchor: b=0.432 c=+0.048 on 628 priced rows (trusting 43% of disagreement)
2026-09-30 01:41:30,134 INFO [fast_wf]   noodds:hgb:0 fold 5/8 feats=310 anchor b=0.432
2026-09-30 01:41:34,173 INFO [model]   Early stopping (chronological val, n=680): best_iter=125 val_logloss=0.6431
2026-09-30 01:41:35,054 INFO [model]     MarketAnchor: b=0.190 c=+0.053 on 689 priced rows (trusting 19% of disagreement)
2026-09-30 01:41:35,054 INFO [fast_wf]   noodds:hgb:0 fold 6/8 feats=310 anchor b=0.190
2026-09-30 01:41:39,948 INFO [model]   Early stopping (chronological val, n=720): best_iter=204 val_logloss=0.6422
2026-09-30 01:41:41,230 INFO [model]     MarketAnchor: b=0.318 c=+0.066 on 707 priced rows (trusting 32% of disagreement)
2026-09-30 01:41:41,230 INFO [fast_wf]   noodds:hgb:0 fold 7/8 feats=310 anchor b=0.318
2026-09-30 01:41:46,440 INFO [model]   Early stopping (chronological val, n=760): best_iter=257 val_logloss=0.6372
2026-09-30 01:41:47,867 INFO [model]     MarketAnchor: b=0.393 c=+0.070 on 771 priced rows (trusting 39% of disagreement)
2026-09-30 01:41:47,867 INFO [fast_wf]   noodds:hgb:0 fold 8/8 feats=310 anchor b=0.393
2026-09-30 01:41:48,077 INFO [model]     MarketAnchor: b=0.286 c=+0.034 on 402 priced rows (trusting 29% of disagreement)
2026-09-30 01:41:48,077 INFO [fast_wf]   noodds:logit:0 fold 1/8 feats=310 anchor b=0.286
2026-09-30 01:41:48,278 INFO [model]     MarketAnchor: b=0.258 c=+0.166 on 493 priced rows (trusting 26% of disagreement)
2026-09-30 01:41:48,278 INFO [fast_wf]   noodds:logit:0 fold 2/8 feats=310 anchor b=0.258
2026-09-30 01:41:48,500 INFO [model]     MarketAnchor: b=0.314 c=+0.082 on 529 priced rows (trusting 31% of disagreement)
2026-09-30 01:41:48,501 INFO [fast_wf]   noodds:logit:0 fold 3/8 feats=310 anchor b=0.314
2026-09-30 01:41:48,725 INFO [model]     MarketAnchor: b=0.373 c=+0.085 on 595 priced rows (trusting 37% of disagreement)
2026-09-30 01:41:48,726 INFO [fast_wf]   noodds:logit:0 fold 4/8 feats=310 anchor b=0.373
2026-09-30 01:41:48,959 INFO [model]     MarketAnchor: b=0.413 c=+0.047 on 628 priced rows (trusting 41% of disagreement)
2026-09-30 01:41:48,959 INFO [fast_wf]   noodds:logit:0 fold 5/8 feats=310 anchor b=0.413
2026-09-30 01:41:49,218 INFO [model]     MarketAnchor: b=0.322 c=+0.038 on 689 priced rows (trusting 32% of disagreement)
2026-09-30 01:41:49,218 INFO [fast_wf]   noodds:logit:0 fold 6/8 feats=310 anchor b=0.322
2026-09-30 01:41:49,524 INFO [model]     MarketAnchor: b=0.336 c=+0.063 on 707 priced rows (trusting 34% of disagreement)
2026-09-30 01:41:49,524 INFO [fast_wf]   noodds:logit:0 fold 7/8 feats=310 anchor b=0.336
2026-09-30 01:41:49,821 INFO [model]     MarketAnchor: b=0.386 c=+0.075 on 771 priced rows (trusting 39% of disagreement)
2026-09-30 01:41:49,821 INFO [fast_wf]   noodds:logit:0 fold 8/8 feats=310 anchor b=0.386
2026-09-30 01:41:49,850 INFO [fast_wf] wrote /private/tmp/claude-501/-Users-rafeburns-Downloads-ALocks/60bea722-ac8a-436f-a39d-88c0619ee942/scratchpad/a_full.csv
2026-09-30 02:37:17,935 INFO [model] ============================================================
2026-09-30 02:37:17,935 INFO [model] GENERATING PREDICTIONS FOR ALL FIGHTS
2026-09-30 02:37:17,935 INFO [model] ============================================================
2026-09-30 02:37:18,012 INFO [model]   Serving ensemble trained 2026-09-30T01:46:02 (members: ['catboost', 'catboost_noraw', 'hgb', 'logit'], stack: {'a': 0.03863350020243371, 'b_mkt': 0.9173049068501845, 'b_model': 0.2579277164797197, 'n': 2069})
2026-09-30 02:37:18,012 INFO [model] Loading data from database...
2026-09-30 02:37:18,173 INFO [model]   Loaded 4617 fighters
2026-09-30 02:37:19,344 INFO [model]   Added 57 upcoming fights
2026-09-30 02:37:19,520 INFO [model]   Loaded 22413 fight-stat rows (11255 unique fights)
2026-09-30 02:37:19,520 INFO [model]   Loading per-round stats...
2026-09-30 02:37:21,335 INFO [model]   Loaded 61838 per-round stat rows
2026-09-30 02:37:21,452 INFO [model] Building features...
2026-09-30 02:37:23,879 INFO [career_rating]   Career ratings: 228719 pro bouts, 4040 linked UFC fighters, 20663/22413 rows covered
2026-09-30 02:37:24,252 INFO [model]   Computing defensive stats...
2026-09-30 02:37:26,133 INFO [model]   Computing Elo ratings...
2026-09-30 02:37:26,733 INFO [model]   Computing resume scores...
2026-09-30 02:37:26,893 INFO [model]   Loading Glicko rating snapshots from DB...
2026-09-30 02:37:27,229 INFO [model]   Loaded 21096 Glicko snapshots
2026-09-30 02:37:29,956 INFO [model]   Added 15 Glicko features  + 4 confidence features
2026-09-30 02:37:29,956 INFO [model]   Computing Elo-adjusted stats...
2026-09-30 02:37:29,957 INFO [model]   Computing rolling career averages...
2026-09-30 02:37:54,791 INFO [model]   Computing streaks and career stats...
2026-09-30 02:37:56,454 INFO [model]   Computing composite features...
2026-09-30 02:37:56,458 INFO [model]   Computing round-by-round profiles...
2026-09-30 02:38:04,819 INFO [model]   Computing age curve features...
2026-09-30 02:38:04,823 INFO [model]   Computing damage accumulation...
2026-09-30 02:38:06,132 INFO [model]   Computing weight-class movement...
2026-09-30 02:38:06,329 INFO [model]   Computing age-relative performance residuals...
2026-09-30 02:38:06,434 INFO [model]   Computing opponent-adjusted expected stats...
2026-09-30 02:38:06,457 INFO [expected_stats]   Expected stats: 59 refits x 5 stats
2026-09-30 02:38:15,787 INFO [model]   Computing fighter style clusters (k=6)...
2026-09-30 02:38:16,160 INFO [model]     Fit on 17081 rows, assigned 22413 fighter-fights
2026-09-30 02:38:16,162 INFO [model]     Style 0 (3367 fighter-fights): SigStr/5=15.4 TD/5=0.6 Sub/5=0.5 Ctrl/5=50.7 GndStr/5=3.1 top=ctrl_per5
2026-09-30 02:38:16,163 INFO [model]     Style 1 (10378 fighter-fights): SigStr/5=15.1 TD/5=0.5 Sub/5=0.3 Ctrl/5=43.5 GndStr/5=3.1 top=ctrl_per5
2026-09-30 02:38:16,163 INFO [model]     Style 2 (3775 fighter-fights): SigStr/5=16.7 TD/5=1.5 Sub/5=0.6 Ctrl/5=113.4 GndStr/5=8.0 top=ctrl_per5
2026-09-30 02:38:16,163 INFO [model]     Style 3 (4268 fighter-fights): SigStr/5=30.5 TD/5=0.3 Sub/5=0.2 Ctrl/5=33.7 GndStr/5=5.6 top=ctrl_per5
2026-09-30 02:38:16,164 INFO [model]     Style 4 (316 fighter-fights): SigStr/5=71.9 TD/5=0.7 Sub/5=0.3 Ctrl/5=55.9 GndStr/5=35.5 top=sig_str_landed_per5
2026-09-30 02:38:16,164 INFO [model]     Style 5 (309 fighter-fights): SigStr/5=11.6 TD/5=2.3 Sub/5=4.7 Ctrl/5=54.7 GndStr/5=3.9 top=ctrl_per5
2026-09-30 02:38:16,224 INFO [model]   Style matchup features computed expanding-in-time (6x6, 22316 fighter-fights)
2026-09-30 02:38:16,500 INFO [model]   Feature matrix shape: (22413, 370)
2026-09-30 02:38:16,658 INFO [model]   Built latest feature snapshots for 3831 fighters
2026-09-30 02:38:17,398 INFO [model]   Added 195 upcoming fights using latest fighter features
2026-09-30 02:38:17,398 INFO [model]   Loading odds for predictions...
2026-09-30 02:38:18,625 INFO [model]   Odds matched: 2888/11353 fights (25.4%)
2026-09-30 02:38:18,934 INFO [model]   2514 past fights use out-of-sample predictions
2026-09-30 02:38:19,518 INFO [model]   11353 fights; 2888 blended with the market
2026-09-30 02:38:20,235 INFO [model]   Cleared ufc_fight_shap_values
2026-09-30 02:38:20,249 INFO [model]   Cleared ufc_fight_predictions
2026-09-30 02:38:34,582 INFO [model] Stored 11353 fight predictions, 227060 SHAP values
2026-09-30 02:38:36,556 INFO [method_model] ============================================================
2026-09-30 02:38:36,556 INFO [method_model] UFC METHOD-OF-VICTORY PREDICTION MODEL v1
2026-09-30 02:38:36,556 INFO [method_model] ============================================================
2026-09-30 02:38:36,556 INFO [model] Loading data from database...
2026-09-30 02:38:36,709 INFO [model]   Loaded 4617 fighters
2026-09-30 02:38:38,124 INFO [model]   Loaded 22299 fight-stat rows (11198 unique fights)
2026-09-30 02:38:38,124 INFO [model]   Loading per-round stats...
2026-09-30 02:38:39,890 INFO [model]   Loaded 61838 per-round stat rows
2026-09-30 02:38:40,004 INFO [model] Building features...
2026-09-30 02:38:42,267 INFO [career_rating]   Career ratings: 228719 pro bouts, 4040 linked UFC fighters, 20558/22299 rows covered
2026-09-30 02:38:42,593 INFO [model]   Computing defensive stats...
2026-09-30 02:38:44,918 INFO [model]   Computing Elo ratings...
2026-09-30 02:38:45,583 INFO [model]   Computing resume scores...
2026-09-30 02:38:45,757 INFO [model]   Loading Glicko rating snapshots from DB...
2026-09-30 02:38:46,100 INFO [model]   Loaded 21096 Glicko snapshots
2026-09-30 02:38:48,745 INFO [model]   Added 15 Glicko features  + 4 confidence features
2026-09-30 02:38:48,746 INFO [model]   Computing Elo-adjusted stats...
2026-09-30 02:38:48,747 INFO [model]   Computing rolling career averages...
2026-09-30 02:39:12,947 INFO [model]   Computing streaks and career stats...
2026-09-30 02:39:14,597 INFO [model]   Computing composite features...
2026-09-30 02:39:14,601 INFO [model]   Computing round-by-round profiles...
2026-09-30 02:39:22,931 INFO [model]   Computing age curve features...
2026-09-30 02:39:22,933 INFO [model]   Computing damage accumulation...
2026-09-30 02:39:24,239 INFO [model]   Computing weight-class movement...
2026-09-30 02:39:24,427 INFO [model]   Computing age-relative performance residuals...
2026-09-30 02:39:24,519 INFO [model]   Computing opponent-adjusted expected stats...
2026-09-30 02:39:24,538 INFO [expected_stats]   Expected stats: 59 refits x 5 stats
2026-09-30 02:39:33,868 INFO [model]   Computing fighter style clusters (k=6)...
2026-09-30 02:39:34,220 INFO [model]     Fit on 17081 rows, assigned 22299 fighter-fights
2026-09-30 02:39:34,221 INFO [model]     Style 0 (3349 fighter-fights): SigStr/5=15.4 TD/5=0.6 Sub/5=0.5 Ctrl/5=50.7 GndStr/5=3.1 top=ctrl_per5
2026-09-30 02:39:34,221 INFO [model]     Style 1 (10346 fighter-fights): SigStr/5=15.1 TD/5=0.5 Sub/5=0.3 Ctrl/5=43.5 GndStr/5=3.1 top=ctrl_per5
2026-09-30 02:39:34,221 INFO [model]     Style 2 (3759 fighter-fights): SigStr/5=16.7 TD/5=1.5 Sub/5=0.6 Ctrl/5=113.4 GndStr/5=8.0 top=ctrl_per5
2026-09-30 02:39:34,221 INFO [model]     Style 3 (4223 fighter-fights): SigStr/5=30.5 TD/5=0.3 Sub/5=0.2 Ctrl/5=33.7 GndStr/5=5.6 top=ctrl_per5
2026-09-30 02:39:34,221 INFO [model]     Style 4 (314 fighter-fights): SigStr/5=71.9 TD/5=0.7 Sub/5=0.3 Ctrl/5=55.9 GndStr/5=35.5 top=sig_str_landed_per5
2026-09-30 02:39:34,221 INFO [model]     Style 5 (308 fighter-fights): SigStr/5=11.6 TD/5=2.3 Sub/5=4.7 Ctrl/5=54.7 GndStr/5=3.9 top=ctrl_per5
2026-09-30 02:39:34,294 INFO [model]   Style matchup features computed expanding-in-time (6x6, 22202 fighter-fights)
2026-09-30 02:39:34,616 INFO [model]   Feature matrix shape: (22299, 369)
2026-09-30 02:39:34,665 INFO [method_model] Building method-specific features...
2026-09-30 02:39:38,697 INFO [method_model]   Computing per-method Elo ratings...
2026-09-30 02:39:39,780 INFO [method_model]   Method features added. Shape: (22299, 392)
2026-09-30 02:39:39,784 INFO [method_model] Building method matchup matrix...
2026-09-30 02:39:39,882 INFO [method_model]   Mapped methods: 10972 usable, dropped 129 unmappable
2026-09-30 02:39:40,254 INFO [method_model]   Loading winner predictions from DB...
2026-09-30 02:39:40,397 INFO [method_model]   Winner predictions found for 10972/10972 fights
2026-09-30 02:39:40,419 INFO [method_model]   Filtered to modern era (2015+): 6347 fights (dropped 4625 pre-2015)
2026-09-30 02:39:40,419 INFO [method_model]   KO/TKO: 2104 (33.1%)
2026-09-30 02:39:40,419 INFO [method_model]   Submission: 1124 (17.7%)
2026-09-30 02:39:40,419 INFO [method_model]   Decision: 3119 (49.1%)
2026-09-30 02:39:40,419 INFO [method_model]   Candidate features: 262
2026-09-30 02:39:40,419 INFO [method_model]   Matchup matrix: 6347 fights
2026-09-30 02:39:40,420 INFO [method_model]   Date range: 2015-01-03 to 2026-09-26
2026-09-30 02:39:40,425 INFO [method_model] ============================================================
2026-09-30 02:39:40,425 INFO [method_model] METHOD MODEL: Gradient Boosting (3-class)
2026-09-30 02:39:40,425 INFO [method_model] ============================================================
2026-09-30 02:39:40,461 INFO [method_model]   Running feature selection (MI on 5077 training rows)...
2026-09-30 02:39:43,359 INFO [method_model]   Top 30 features by mutual information:
2026-09-30 02:39:43,360 INFO [method_model]     combined_dec_rate                                       0.0289
2026-09-30 02:39:43,360 INFO [method_model]     diff_last3_elo_adj_kd_per5                              0.0250
2026-09-30 02:39:43,360 INFO [method_model]     diff_recent_kd_per5                                     0.0246
2026-09-30 02:39:43,360 INFO [method_model]     blue_dec_elo                                            0.0240
2026-09-30 02:39:43,360 INFO [method_model]     ko_tendency                                             0.0229
2026-09-30 02:39:43,360 INFO [method_model]     blue_ko_elo                                             0.0228
2026-09-30 02:39:43,360 INFO [method_model]     weight_class_ordinal                                    0.0216
2026-09-30 02:39:43,360 INFO [method_model]     diff_been_ko_rate                                       0.0215
2026-09-30 02:39:43,360 INFO [method_model]     diff_last3_dec_win                                      0.0208
2026-09-30 02:39:43,360 INFO [method_model]     combined_avg_defense_composite                          0.0207
2026-09-30 02:39:43,360 INFO [method_model]     red_dec_elo                                             0.0203
2026-09-30 02:39:43,360 INFO [method_model]     diff_recent_defense_composite                           0.0202
2026-09-30 02:39:43,360 INFO [method_model]     combined_been_finished_rate                             0.0201
2026-09-30 02:39:43,360 INFO [method_model]     diff_avg_kd_per5                                        0.0200
2026-09-30 02:39:43,360 INFO [method_model]     diff_recent_elo_adj_td_landed_per5                      0.0196
2026-09-30 02:39:43,360 INFO [method_model]     red_sub_elo                                             0.0193
2026-09-30 02:39:43,360 INFO [method_model]     diff_recent_elo_adj_kd_per5                             0.0187
2026-09-30 02:39:43,360 INFO [method_model]     diff_avg_body_landed_per5                               0.0183
2026-09-30 02:39:43,360 INFO [method_model]     diff_last3_ko_win                                       0.0178
2026-09-30 02:39:43,360 INFO [method_model]     diff_avg_opp_sig_str_landed_per5                        0.0171
2026-09-30 02:39:43,360 INFO [method_model]     diff_last3_td_acc                                       0.0168
2026-09-30 02:39:43,360 INFO [method_model]     diff_avg_opp_kd_per5                                    0.0160
2026-09-30 02:39:43,360 INFO [method_model]     diff_last3_td_def                                       0.0159
2026-09-30 02:39:43,360 INFO [method_model]     blue_dec_rate                                           0.0158
2026-09-30 02:39:43,360 INFO [method_model]     sub_tendency                                            0.0156
2026-09-30 02:39:43,360 INFO [method_model]     combined_recent_defense_composite                       0.0150
2026-09-30 02:39:43,360 INFO [method_model]     combined_sub_elo                                        0.0146
2026-09-30 02:39:43,360 INFO [method_model]     diff_recent_td_acc                                      0.0146
2026-09-30 02:39:43,360 INFO [method_model]     combined_ko_rate                                        0.0143
2026-09-30 02:39:43,360 INFO [method_model]     diff_avg_sub_att_per5                                   0.0137
2026-09-30 02:39:43,360 INFO [method_model]   Selected 66 features (from 262 total)
2026-09-30 02:39:43,365 INFO [method_model]   Train: 5077 (2015-01-03 to 2024-08-10)
2026-09-30 02:39:43,365 INFO [method_model]   Test:  1270 (2024-08-13 to 2026-09-26)
2026-09-30 02:39:43,365 INFO [method_model]   Train distribution: KO/TKO=32.5%, Submission=17.9%, Decision=49.6%
2026-09-30 02:39:43,365 INFO [method_model]   Test distribution: KO/TKO=35.7%, Submission=17.0%, Decision=47.2%
2026-09-30 02:39:43,365 INFO [method_model]   Class weights: KO/TKO=1.01, Submission=1.37, Decision=0.82
2026-09-30 02:39:43,366 INFO [method_model]   After corner-swap augmentation: 10154 training rows
2026-09-30 02:39:47,898 INFO [method_model] 
  --- Method GBT v1 Results ---
2026-09-30 02:39:47,898 INFO [method_model]   Accuracy:     0.4961 (baseline=0.4724, lift=+0.0236)
2026-09-30 02:39:47,898 INFO [method_model]   Macro F1:     0.4228
2026-09-30 02:39:47,898 INFO [method_model]   Weighted F1:  0.4796
2026-09-30 02:39:47,898 INFO [method_model]   Log Loss:     0.9962
2026-09-30 02:39:47,898 INFO [method_model] 
  Classification Report:
2026-09-30 02:39:47,902 INFO [method_model]                 precision    recall  f1-score   support
2026-09-30 02:39:47,902 INFO [method_model]   
2026-09-30 02:39:47,902 INFO [method_model]         KO/TKO     0.4801    0.4251    0.4509       454
2026-09-30 02:39:47,902 INFO [method_model]     Submission     0.3089    0.1759    0.2242       216
2026-09-30 02:39:47,902 INFO [method_model]       Decision     0.5356    0.6650    0.5933       600
2026-09-30 02:39:47,902 INFO [method_model]   
2026-09-30 02:39:47,902 INFO [method_model]       accuracy                         0.4961      1270
2026-09-30 02:39:47,902 INFO [method_model]      macro avg     0.4415    0.4220    0.4228      1270
2026-09-30 02:39:47,902 INFO [method_model]   weighted avg     0.4772    0.4961    0.4796      1270
2026-09-30 02:39:47,902 INFO [method_model]   
2026-09-30 02:39:47,903 INFO [method_model] 
  Confusion Matrix (rows=actual, cols=predicted):
2026-09-30 02:39:47,904 INFO [method_model]                   KO/TKO    Submit  Decision
2026-09-30 02:39:47,904 INFO [method_model]         KO/TKO       193        33       228
2026-09-30 02:39:47,904 INFO [method_model]     Submission        60        38       118
2026-09-30 02:39:47,904 INFO [method_model]       Decision       149        52       399
2026-09-30 02:39:47,904 INFO [method_model] 
  Top 20 features by importance:
2026-09-30 02:39:47,904 INFO [method_model]     combined_dec_rate                                       0.0000
2026-09-30 02:39:47,904 INFO [method_model]     diff_last3_elo_adj_kd_per5                              0.0000
2026-09-30 02:39:47,904 INFO [method_model]     diff_recent_kd_per5                                     0.0000
2026-09-30 02:39:47,904 INFO [method_model]     blue_dec_elo                                            0.0000
2026-09-30 02:39:47,904 INFO [method_model]     ko_tendency                                             0.0000
2026-09-30 02:39:47,904 INFO [method_model]     blue_ko_elo                                             0.0000
2026-09-30 02:39:47,904 INFO [method_model]     weight_class_ordinal                                    0.0000
2026-09-30 02:39:47,904 INFO [method_model]     diff_been_ko_rate                                       0.0000
2026-09-30 02:39:47,904 INFO [method_model]     diff_last3_dec_win                                      0.0000
2026-09-30 02:39:47,904 INFO [method_model]     combined_avg_defense_composite                          0.0000
2026-09-30 02:39:47,904 INFO [method_model]     red_dec_elo                                             0.0000
2026-09-30 02:39:47,904 INFO [method_model]     diff_recent_defense_composite                           0.0000
2026-09-30 02:39:47,904 INFO [method_model]     combined_been_finished_rate                             0.0000
2026-09-30 02:39:47,904 INFO [method_model]     diff_avg_kd_per5                                        0.0000
2026-09-30 02:39:47,904 INFO [method_model]     diff_recent_elo_adj_td_landed_per5                      0.0000
2026-09-30 02:39:47,904 INFO [method_model]     red_sub_elo                                             0.0000
2026-09-30 02:39:47,904 INFO [method_model]     diff_recent_elo_adj_kd_per5                             0.0000
2026-09-30 02:39:47,904 INFO [method_model]     diff_avg_body_landed_per5                               0.0000
2026-09-30 02:39:47,904 INFO [method_model]     diff_last3_ko_win                                       0.0000
2026-09-30 02:39:47,904 INFO [method_model]     diff_avg_opp_sig_str_landed_per5                        0.0000
2026-09-30 02:39:47,904 INFO [method_model]   Brier score (KO/TKO): 0.2168
2026-09-30 02:39:47,904 INFO [method_model]   Brier score (Submission): 0.1432
2026-09-30 02:39:47,904 INFO [method_model]   Brier score (Decision): 0.2422
2026-09-30 02:39:47,904 INFO [method_model]   Mean Brier score: 0.2007
2026-09-30 02:39:47,920 INFO [method_model] 
  Saved to /Users/rafeburns/Downloads/ALocks/alocks-backend/models/ufc/method/method_gbt_v1.pkl
2026-09-30 02:39:47,936 INFO [method_model] ============================================================
2026-09-30 02:39:47,936 INFO [method_model] METHOD MODEL: Hierarchical Binary Decomposition v2
2026-09-30 02:39:47,936 INFO [method_model] ============================================================
2026-09-30 02:39:47,993 INFO [method_model]   Train: 5077 (2015-01-03 to 2024-08-10)
2026-09-30 02:39:47,994 INFO [method_model]   Test:  1270 (2024-08-13 to 2026-09-26)
2026-09-30 02:39:47,994 INFO [method_model] 
============================================================
2026-09-30 02:39:47,994 INFO [method_model]   APPROACH A: Finish/Decision → KO/Sub
2026-09-30 02:39:47,994 INFO [method_model] ============================================================
2026-09-30 02:39:47,994 INFO [method_model] 
  --- Stage 1: Finish vs Decision ---
2026-09-30 02:39:47,994 INFO [method_model]   Train: Finish=2558 (50.4%), Decision=2519 (49.6%)
2026-09-30 02:39:50,323 INFO [method_model]   S1 (Finish/Dec) Top 15 features by MI:
2026-09-30 02:39:50,323 INFO [method_model]     combined_dec_rate                                       0.0326
2026-09-30 02:39:50,323 INFO [method_model]     blue_dec_elo                                            0.0269
2026-09-30 02:39:50,323 INFO [method_model]     dec_tendency                                            0.0239
2026-09-30 02:39:50,323 INFO [method_model]     diff_recent_kd_per5                                     0.0203
2026-09-30 02:39:50,323 INFO [method_model]     favorite_prob                                           0.0187
2026-09-30 02:39:50,323 INFO [method_model]     combined_been_finished_rate                             0.0172
2026-09-30 02:39:50,323 INFO [method_model]     red_sub_elo                                             0.0170
2026-09-30 02:39:50,323 INFO [method_model]     winner_blue_prob                                        0.0167
2026-09-30 02:39:50,323 INFO [method_model]     diff_recent_elo_adj_td_landed_per5                      0.0158
2026-09-30 02:39:50,323 INFO [method_model]     combined_avg_defense_composite                          0.0154
2026-09-30 02:39:50,324 INFO [method_model]     diff_recent_elo_adj_kd_per5                             0.0149
2026-09-30 02:39:50,324 INFO [method_model]     diff_finish_rate                                        0.0147
2026-09-30 02:39:50,324 INFO [method_model]     weight_class_ordinal                                    0.0141
2026-09-30 02:39:50,324 INFO [method_model]     diff_last3_dec_win                                      0.0141
2026-09-30 02:39:50,324 INFO [method_model]     diff_recent_body_target_pct                             0.0138
2026-09-30 02:39:50,324 INFO [method_model]   S1 (Finish/Dec) Selected 52 features
2026-09-30 02:39:55,230 INFO [method_model]   Stage 1 Accuracy: 0.5693 (baseline=0.5276, lift=+0.0417)
2026-09-30 02:39:55,232 INFO [method_model]   Stage 1 Log Loss: 0.6732
2026-09-30 02:39:55,232 INFO [method_model] 
  --- Stage 2: KO vs Submission (finishes only, own features) ---
2026-09-30 02:39:55,232 INFO [method_model]   Train finishes: 2558 (KO=1650, Sub=908)
2026-09-30 02:39:55,232 INFO [method_model]   Test finishes:  670 (KO=454, Sub=216)
2026-09-30 02:39:56,504 INFO [method_model]   S2 (KO/Sub) Top 15 features by MI:
2026-09-30 02:39:56,504 INFO [method_model]     diff_avg_head_landed_per5                               0.0318
2026-09-30 02:39:56,504 INFO [method_model]     combined_avg_td_landed_per5                             0.0287
2026-09-30 02:39:56,504 INFO [method_model]     blue_dec_elo                                            0.0281
2026-09-30 02:39:56,504 INFO [method_model]     diff_avg_sub_att_per5                                   0.0261
2026-09-30 02:39:56,504 INFO [method_model]     red_ko_elo                                              0.0250
2026-09-30 02:39:56,504 INFO [method_model]     combined_avg_sig_str_def                                0.0234
2026-09-30 02:39:56,504 INFO [method_model]     diff_avg_opp_sig_str_landed_per5                        0.0222
2026-09-30 02:39:56,504 INFO [method_model]     diff_ko_rate                                            0.0221
2026-09-30 02:39:56,504 INFO [method_model]     diff_avg_finishing_composite                            0.0219
2026-09-30 02:39:56,504 INFO [method_model]     combined_ko_rate                                        0.0214
2026-09-30 02:39:56,504 INFO [method_model]     red_ko_rate                                             0.0212
2026-09-30 02:39:56,504 INFO [method_model]     diff_avg_output_trend                                   0.0205
2026-09-30 02:39:56,504 INFO [method_model]     diff_recent_was_finished                                0.0199
2026-09-30 02:39:56,504 INFO [method_model]     diff_avg_elo_adj_td_landed_per5                         0.0194
2026-09-30 02:39:56,504 INFO [method_model]     blue_sub_rate                                           0.0188
2026-09-30 02:39:56,504 INFO [method_model]   S2 (KO/Sub) Selected 47 features
2026-09-30 02:40:02,421 INFO [method_model]   Stage 2 Accuracy: 0.6522 (baseline=0.6776, lift=-0.0254)
2026-09-30 02:40:02,422 INFO [method_model]   Stage 2 Log Loss: 0.6031
2026-09-30 02:40:02,521 INFO [method_model] 
  --- Approach A: Finish/Dec → KO/Sub ---
2026-09-30 02:40:02,521 INFO [method_model]   Accuracy:     0.5031 (baseline=0.4724, lift=+0.0307)
2026-09-30 02:40:02,521 INFO [method_model]   Macro F1:     0.3820
2026-09-30 02:40:02,521 INFO [method_model]   Weighted F1:  0.4572
2026-09-30 02:40:02,522 INFO [method_model]   Log Loss:     0.9914
2026-09-30 02:40:02,524 INFO [method_model]                 precision    recall  f1-score   support
2026-09-30 02:40:02,524 INFO [method_model]   
2026-09-30 02:40:02,524 INFO [method_model]         KO/TKO     0.5000    0.3084    0.3815       454
2026-09-30 02:40:02,524 INFO [method_model]     Submission     0.2754    0.0880    0.1333       216
2026-09-30 02:40:02,524 INFO [method_model]       Decision     0.5212    0.8000    0.6312       600
2026-09-30 02:40:02,525 INFO [method_model]   
2026-09-30 02:40:02,525 INFO [method_model]       accuracy                         0.5031      1270
2026-09-30 02:40:02,525 INFO [method_model]      macro avg     0.4322    0.3988    0.3820      1270
2026-09-30 02:40:02,525 INFO [method_model]   weighted avg     0.4718    0.5031    0.4572      1270
2026-09-30 02:40:02,525 INFO [method_model]   
2026-09-30 02:40:02,525 INFO [method_model] 
  Confusion Matrix (rows=actual, cols=predicted):
2026-09-30 02:40:02,525 INFO [method_model]                   KO/TKO    Submit  Decision
2026-09-30 02:40:02,525 INFO [method_model]         KO/TKO       140        20       294
2026-09-30 02:40:02,525 INFO [method_model]     Submission        50        19       147
2026-09-30 02:40:02,525 INFO [method_model]       Decision        90        30       480
2026-09-30 02:40:02,525 INFO [method_model]   Brier score (KO/TKO): 0.2206
2026-09-30 02:40:02,525 INFO [method_model]   Brier score (Submission): 0.1408
2026-09-30 02:40:02,525 INFO [method_model]   Brier score (Decision): 0.2401
2026-09-30 02:40:02,525 INFO [method_model]   Mean Brier score: 0.2005
2026-09-30 02:40:02,525 INFO [method_model] 
============================================================
2026-09-30 02:40:02,525 INFO [method_model]   APPROACH B: Sub/Not-Sub → KO/Decision
2026-09-30 02:40:02,525 INFO [method_model] ============================================================
2026-09-30 02:40:02,525 INFO [method_model] 
  --- Stage 1B: Submission vs Not-Submission ---
2026-09-30 02:40:02,526 INFO [method_model]   Train: Sub=908 (17.9%), Not-Sub=4169 (82.1%)
2026-09-30 02:40:04,920 INFO [method_model]   S1B (Sub/NotSub) Top 15 features by MI:
2026-09-30 02:40:04,920 INFO [method_model]     diff_recent_td_acc                                      0.0170
2026-09-30 02:40:04,920 INFO [method_model]     combined_sub_elo                                        0.0169
2026-09-30 02:40:04,920 INFO [method_model]     combined_avg_sub_att_per5                               0.0156
2026-09-30 02:40:04,920 INFO [method_model]     diff_avg_td_landed_per5                                 0.0142
2026-09-30 02:40:04,920 INFO [method_model]     diff_avg_head_landed_per5                               0.0141
2026-09-30 02:40:04,920 INFO [method_model]     sub_tendency                                            0.0137
2026-09-30 02:40:04,920 INFO [method_model]     combined_dec_rate                                       0.0137
2026-09-30 02:40:04,920 INFO [method_model]     diff_style_5                                            0.0134
2026-09-30 02:40:04,920 INFO [method_model]     diff_recent_elo_adj_td_landed_per5                      0.0134
2026-09-30 02:40:04,920 INFO [method_model]     diff_avg_kd_per5                                        0.0127
2026-09-30 02:40:04,920 INFO [method_model]     blue_dec_elo                                            0.0127
2026-09-30 02:40:04,920 INFO [method_model]     diff_last3_elo_adj_kd_per5                              0.0123
2026-09-30 02:40:04,920 INFO [method_model]     diff_last3_sub_win                                      0.0121
2026-09-30 02:40:04,920 INFO [method_model]     diff_avg_output_trend                                   0.0119
2026-09-30 02:40:04,921 INFO [method_model]     blue_ko_elo                                             0.0106
2026-09-30 02:40:04,921 INFO [method_model]   S1B (Sub/NotSub) Selected 52 features
2026-09-30 02:40:07,063 INFO [method_model]   Sub Detector Accuracy: 0.8024 (baseline=0.8299, lift=-0.0276)
2026-09-30 02:40:07,064 INFO [method_model]   Sub Detector Log Loss: 0.4851
2026-09-30 02:40:07,064 INFO [method_model] 
  --- Stage 2B: KO vs Decision (non-submissions only) ---
2026-09-30 02:40:07,064 INFO [method_model]   Train non-sub: 4169 (KO=1650, Dec=2519)
2026-09-30 02:40:07,064 INFO [method_model]   Test non-sub:  1054 (KO=454, Dec=600)
2026-09-30 02:40:08,985 INFO [method_model]   S2B (KO/Dec) Top 15 features by MI:
2026-09-30 02:40:08,986 INFO [method_model]     diff_avg_elo_adj_kd_per5                                0.0258
2026-09-30 02:40:08,986 INFO [method_model]     diff_div_welterweight                                   0.0257
2026-09-30 02:40:08,986 INFO [method_model]     red_dec_elo                                             0.0256
2026-09-30 02:40:08,986 INFO [method_model]     ko_tendency                                             0.0254
2026-09-30 02:40:08,986 INFO [method_model]     dec_tendency                                            0.0235
2026-09-30 02:40:08,986 INFO [method_model]     weight_class_ordinal                                    0.0227
2026-09-30 02:40:08,986 INFO [method_model]     diff_recent_defense_composite                           0.0201
2026-09-30 02:40:08,986 INFO [method_model]     blue_dec_rate                                           0.0179
2026-09-30 02:40:08,986 INFO [method_model]     diff_sub_elo                                            0.0172
2026-09-30 02:40:08,986 INFO [method_model]     combined_avg_defense_composite                          0.0172
2026-09-30 02:40:08,986 INFO [method_model]     diff_last3_ko_win                                       0.0171
2026-09-30 02:40:08,986 INFO [method_model]     blue_sub_rate                                           0.0168
2026-09-30 02:40:08,986 INFO [method_model]     diff_recent_distance_landed_per5                        0.0162
2026-09-30 02:40:08,986 INFO [method_model]     diff_recent_elo_adj_kd_per5                             0.0157
2026-09-30 02:40:08,986 INFO [method_model]     diff_recent_ko_win                                      0.0155
2026-09-30 02:40:08,986 INFO [method_model]   S2B (KO/Dec) Selected 48 features
2026-09-30 02:40:16,462 INFO [method_model]   KO/Dec Accuracy: 0.6091 (baseline=0.5693, lift=+0.0398)
2026-09-30 02:40:16,463 INFO [method_model]   KO/Dec Log Loss: 0.6562
2026-09-30 02:40:16,616 INFO [method_model] 
  --- Approach B: Sub/NotSub → KO/Dec ---
2026-09-30 02:40:16,617 INFO [method_model]   Accuracy:     0.4701 (baseline=0.4724, lift=-0.0024)
2026-09-30 02:40:16,617 INFO [method_model]   Macro F1:     0.4135
2026-09-30 02:40:16,617 INFO [method_model]   Weighted F1:  0.4652
2026-09-30 02:40:16,617 INFO [method_model]   Log Loss:     1.0296
2026-09-30 02:40:16,620 INFO [method_model]                 precision    recall  f1-score   support
2026-09-30 02:40:16,620 INFO [method_model]   
2026-09-30 02:40:16,620 INFO [method_model]         KO/TKO     0.4701    0.3987    0.4315       454
2026-09-30 02:40:16,620 INFO [method_model]     Submission     0.2404    0.2315    0.2358       216
2026-09-30 02:40:16,620 INFO [method_model]       Decision     0.5406    0.6100    0.5732       600
2026-09-30 02:40:16,620 INFO [method_model]   
2026-09-30 02:40:16,620 INFO [method_model]       accuracy                         0.4701      1270
2026-09-30 02:40:16,620 INFO [method_model]      macro avg     0.4170    0.4134    0.4135      1270
2026-09-30 02:40:16,620 INFO [method_model]   weighted avg     0.4644    0.4701    0.4652      1270
2026-09-30 02:40:16,620 INFO [method_model]   
2026-09-30 02:40:16,620 INFO [method_model] 
  Confusion Matrix (rows=actual, cols=predicted):
2026-09-30 02:40:16,620 INFO [method_model]                   KO/TKO    Submit  Decision
2026-09-30 02:40:16,620 INFO [method_model]         KO/TKO       181        71       202
2026-09-30 02:40:16,620 INFO [method_model]     Submission        57        50       109
2026-09-30 02:40:16,620 INFO [method_model]       Decision       147        87       366
2026-09-30 02:40:16,621 INFO [method_model]   Brier score (KO/TKO): 0.2204
2026-09-30 02:40:16,621 INFO [method_model]   Brier score (Submission): 0.1556
2026-09-30 02:40:16,621 INFO [method_model]   Brier score (Decision): 0.2488
2026-09-30 02:40:16,621 INFO [method_model]   Mean Brier score: 0.2083
2026-09-30 02:40:16,621 INFO [method_model] 
============================================================
2026-09-30 02:40:16,621 INFO [method_model]   APPROACH C: Ensemble (A + B blend)
2026-09-30 02:40:16,621 INFO [method_model] ============================================================
2026-09-30 02:40:16,621 INFO [method_model]   Searching blend weights (grid search on cal split)...
2026-09-30 02:40:17,241 INFO [method_model]   Best blend weights: KO=0.4, Sub=1.0, Dec=1.0
2026-09-30 02:40:17,241 INFO [method_model]   Cal split log loss: 0.9490
2026-09-30 02:40:17,243 INFO [method_model] 
  --- Approach C: Ensemble ---
2026-09-30 02:40:17,243 INFO [method_model]   Accuracy:     0.5008 (baseline=0.4724, lift=+0.0283)
2026-09-30 02:40:17,243 INFO [method_model]   Macro F1:     0.3826
2026-09-30 02:40:17,243 INFO [method_model]   Weighted F1:  0.4558
2026-09-30 02:40:17,243 INFO [method_model]   Log Loss:     0.9864
2026-09-30 02:40:17,246 INFO [method_model]                 precision    recall  f1-score   support
2026-09-30 02:40:17,246 INFO [method_model]   
2026-09-30 02:40:17,246 INFO [method_model]         KO/TKO     0.5000    0.3084    0.3815       454
2026-09-30 02:40:17,246 INFO [method_model]     Submission     0.2941    0.0926    0.1408       216
2026-09-30 02:40:17,246 INFO [method_model]       Decision     0.5163    0.7933    0.6255       600
2026-09-30 02:40:17,246 INFO [method_model]   
2026-09-30 02:40:17,246 INFO [method_model]       accuracy                         0.5008      1270
2026-09-30 02:40:17,246 INFO [method_model]      macro avg     0.4368    0.3981    0.3826      1270
2026-09-30 02:40:17,246 INFO [method_model]   weighted avg     0.4727    0.5008    0.4558      1270
2026-09-30 02:40:17,246 INFO [method_model]   
2026-09-30 02:40:17,246 INFO [method_model] 
  Confusion Matrix (rows=actual, cols=predicted):
2026-09-30 02:40:17,246 INFO [method_model]                   KO/TKO    Submit  Decision
2026-09-30 02:40:17,246 INFO [method_model]         KO/TKO       140        20       294
2026-09-30 02:40:17,246 INFO [method_model]     Submission        44        20       152
2026-09-30 02:40:17,246 INFO [method_model]       Decision        96        28       476
2026-09-30 02:40:17,247 INFO [method_model]   Brier score (KO/TKO): 0.2188
2026-09-30 02:40:17,247 INFO [method_model]   Brier score (Submission): 0.1402
2026-09-30 02:40:17,247 INFO [method_model]   Brier score (Decision): 0.2398
2026-09-30 02:40:17,247 INFO [method_model]   Mean Brier score: 0.1996
2026-09-30 02:40:17,249 INFO [method_model] 
  --- Approach C: Ensemble (eval-only, unseen by optimizer) ---
2026-09-30 02:40:17,249 INFO [method_model]   Accuracy:     0.4848 (baseline=0.4488, lift=+0.0360)
2026-09-30 02:40:17,249 INFO [method_model]   Macro F1:     0.3761
2026-09-30 02:40:17,249 INFO [method_model]   Weighted F1:  0.4384
2026-09-30 02:40:17,249 INFO [method_model]   Log Loss:     1.0024
2026-09-30 02:40:17,251 INFO [method_model]                 precision    recall  f1-score   support
2026-09-30 02:40:17,251 INFO [method_model]   
2026-09-30 02:40:17,251 INFO [method_model]         KO/TKO     0.5025    0.2955    0.3722       335
2026-09-30 02:40:17,251 INFO [method_model]     Submission     0.3333    0.0968    0.1500       155
2026-09-30 02:40:17,251 INFO [method_model]       Decision     0.4900    0.7945    0.6061       399
2026-09-30 02:40:17,251 INFO [method_model]   
2026-09-30 02:40:17,251 INFO [method_model]       accuracy                         0.4848       889
2026-09-30 02:40:17,251 INFO [method_model]      macro avg     0.4419    0.3956    0.3761       889
2026-09-30 02:40:17,251 INFO [method_model]   weighted avg     0.4674    0.4848    0.4384       889
2026-09-30 02:40:17,251 INFO [method_model]   
2026-09-30 02:40:17,252 INFO [method_model] 
  Confusion Matrix (rows=actual, cols=predicted):
2026-09-30 02:40:17,252 INFO [method_model]                   KO/TKO    Submit  Decision
2026-09-30 02:40:17,252 INFO [method_model]         KO/TKO        99        15       221
2026-09-30 02:40:17,252 INFO [method_model]     Submission        31        15       109
2026-09-30 02:40:17,252 INFO [method_model]       Decision        67        15       317
2026-09-30 02:40:17,252 INFO [method_model]   Brier score (KO/TKO): 0.2284
2026-09-30 02:40:17,252 INFO [method_model]   Brier score (Submission): 0.1411
2026-09-30 02:40:17,252 INFO [method_model]   Brier score (Decision): 0.2411
2026-09-30 02:40:17,252 INFO [method_model]   Mean Brier score: 0.2035
2026-09-30 02:40:17,252 INFO [method_model] 
============================================================
2026-09-30 02:40:17,252 INFO [method_model]   COMPARISON: A vs B vs C
2026-09-30 02:40:17,252 INFO [method_model] ============================================================
2026-09-30 02:40:17,252 INFO [method_model]       accuracy: A=0.5031  B=0.4701  C=0.5008  → A
2026-09-30 02:40:17,252 INFO [method_model]       macro_f1: A=0.3820  B=0.4135  C=0.3826  → B
2026-09-30 02:40:17,252 INFO [method_model]       log_loss: A=0.9914  B=1.0296  C=0.9864  → C
2026-09-30 02:40:17,252 INFO [method_model]     mean_brier: A=0.2005  B=0.2083  C=0.1996  → C
2026-09-30 02:40:17,298 INFO [method_model] 
  Saved ensemble model to /Users/rafeburns/Downloads/ALocks/alocks-backend/models/ufc/method/method_hierarchical_v1.pkl
2026-09-30 02:40:17,304 INFO [method_model] ============================================================
2026-09-30 02:40:17,305 INFO [method_model] METHOD MODEL: Calibration
2026-09-30 02:40:17,305 INFO [method_model] ============================================================
2026-09-30 02:40:17,347 INFO [method_model]   Running feature selection (MI on 3808 training rows)...
2026-09-30 02:40:19,338 INFO [method_model]   Top 30 features by mutual information:
2026-09-30 02:40:19,338 INFO [method_model]     diff_recent_elo_adj_td_landed_per5                      0.0275
2026-09-30 02:40:19,338 INFO [method_model]     red_career_win_pct                                      0.0245
2026-09-30 02:40:19,338 INFO [method_model]     combined_dec_rate                                       0.0244
2026-09-30 02:40:19,338 INFO [method_model]     combined_been_finished_rate                             0.0234
2026-09-30 02:40:19,338 INFO [method_model]     red_dec_elo                                             0.0232
2026-09-30 02:40:19,338 INFO [method_model]     diff_recent_sig_str_attempted_per5                      0.0221
2026-09-30 02:40:19,338 INFO [method_model]     diff_last3_body_landed_per5                             0.0219
2026-09-30 02:40:19,338 INFO [method_model]     diff_last3_ko_loss                                      0.0217
2026-09-30 02:40:19,338 INFO [method_model]     red_ko_elo                                              0.0213
2026-09-30 02:40:19,338 INFO [method_model]     diff_recent_td_acc                                      0.0212
2026-09-30 02:40:19,338 INFO [method_model]     weight_class_ordinal                                    0.0209
2026-09-30 02:40:19,338 INFO [method_model]     diff_avg_elo_adj_td_landed_per5                         0.0205
2026-09-30 02:40:19,338 INFO [method_model]     fav_sub_rate                                            0.0189
2026-09-30 02:40:19,338 INFO [method_model]     blue_dec_rate                                           0.0185
2026-09-30 02:40:19,338 INFO [method_model]     blue_sub_rate                                           0.0183
2026-09-30 02:40:19,338 INFO [method_model]     diff_last3_elo_adj_td_landed_per5                       0.0182
2026-09-30 02:40:19,338 INFO [method_model]     diff_avg_elo_adj_kd_per5                                0.0182
2026-09-30 02:40:19,338 INFO [method_model]     diff_last3_dec_win                                      0.0181
2026-09-30 02:40:19,338 INFO [method_model]     diff_avg_opp_sig_str_landed_per5                        0.0180
2026-09-30 02:40:19,338 INFO [method_model]     blue_dec_elo                                            0.0179
2026-09-30 02:40:19,338 INFO [method_model]     combined_avg_td_def                                     0.0177
2026-09-30 02:40:19,338 INFO [method_model]     blue_career_fights                                      0.0176
2026-09-30 02:40:19,338 INFO [method_model]     diff_style_4                                            0.0170
2026-09-30 02:40:19,338 INFO [method_model]     diff_recent_td_def                                      0.0169
2026-09-30 02:40:19,338 INFO [method_model]     combined_avg_sig_str_def                                0.0167
2026-09-30 02:40:19,338 INFO [method_model]     diff_recent_body_target_pct                             0.0165
2026-09-30 02:40:19,338 INFO [method_model]     ko_tendency                                             0.0164
2026-09-30 02:40:19,338 INFO [method_model]     diff_last3_ko_win                                       0.0163
2026-09-30 02:40:19,338 INFO [method_model]     diff_last3_ctrl_per5                                    0.0162
2026-09-30 02:40:19,338 INFO [method_model]     diff_style_1                                            0.0161
2026-09-30 02:40:19,338 INFO [method_model]   Selected 64 features (from 262 total)
2026-09-30 02:40:19,341 INFO [method_model]   Train: 3808, Cal: 1269, Test: 1270
2026-09-30 02:40:19,342 INFO [method_model]   After corner-swap augmentation: 7616 training rows
2026-09-30 02:40:44,607 INFO [method_model]   Dirichlet calibration converged: True (loss=1.0077)
2026-09-30 02:40:44,609 INFO [method_model]   W diagonal: [0.633, 0.628, 0.768]
2026-09-30 02:40:44,609 INFO [method_model]   b: [0.035, -0.433, 0.398]
2026-09-30 02:40:44,679 INFO [method_model]   Temperature scaling: T=1.60 (cal loss=1.0211)
2026-09-30 02:40:44,679 INFO [method_model]   Dirichlet calibration: cal loss=1.0077
2026-09-30 02:40:44,681 INFO [method_model] 
  --- Calibrated Method Model Results (Dirichlet) ---
2026-09-30 02:40:44,682 INFO [method_model]   Accuracy:     0.4921 (baseline=0.4724)
2026-09-30 02:40:44,682 INFO [method_model]   Macro F1:     0.3353
2026-09-30 02:40:44,682 INFO [method_model]   Log Loss:     1.0027
2026-09-30 02:40:44,687 INFO [method_model]                 precision    recall  f1-score   support
2026-09-30 02:40:44,687 INFO [method_model]   
2026-09-30 02:40:44,687 INFO [method_model]         KO/TKO     0.4645    0.2885    0.3560       454
2026-09-30 02:40:44,687 INFO [method_model]     Submission     0.2143    0.0139    0.0261       216
2026-09-30 02:40:44,687 INFO [method_model]       Decision     0.5041    0.8183    0.6239       600
2026-09-30 02:40:44,687 INFO [method_model]   
2026-09-30 02:40:44,687 INFO [method_model]       accuracy                         0.4921      1270
2026-09-30 02:40:44,687 INFO [method_model]      macro avg     0.3943    0.3736    0.3353      1270
2026-09-30 02:40:44,687 INFO [method_model]   weighted avg     0.4407    0.4921    0.4264      1270
2026-09-30 02:40:44,687 INFO [method_model]   
2026-09-30 02:40:44,688 INFO [method_model] 
  Confusion Matrix:
2026-09-30 02:40:44,689 INFO [method_model]                   KO/TKO    Submit  Decision
2026-09-30 02:40:44,689 INFO [method_model]         KO/TKO       131         4       319
2026-09-30 02:40:44,689 INFO [method_model]     Submission        49         3       164
2026-09-30 02:40:44,689 INFO [method_model]       Decision       102         7       491
2026-09-30 02:40:44,777 INFO [method_model] 
  Saved calibrated model to /Users/rafeburns/Downloads/ALocks/alocks-backend/models/ufc/method/method_calibrated_v1.pkl
2026-09-30 02:40:44,784 INFO [method_model] 
============================================================
2026-09-30 02:40:44,784 INFO [method_model] Method model pipeline complete.
2026-09-30 02:40:44,784 INFO [method_model] ============================================================
2026-09-30 02:40:47,118 INFO [method_model] ============================================================
2026-09-30 02:40:47,118 INFO [method_model] GENERATING METHOD PREDICTIONS FOR ALL FIGHTS
2026-09-30 02:40:47,118 INFO [method_model] ============================================================
2026-09-30 02:40:47,148 INFO [model] Loading data from database...
2026-09-30 02:40:47,328 INFO [model]   Loaded 4617 fighters
2026-09-30 02:40:48,726 INFO [model]   Loaded 22299 fight-stat rows (11198 unique fights)
2026-09-30 02:40:48,726 INFO [model]   Loading per-round stats...
2026-09-30 02:40:50,622 INFO [model]   Loaded 61838 per-round stat rows
2026-09-30 02:40:50,813 INFO [model] Building features...
2026-09-30 02:40:53,312 INFO [career_rating]   Career ratings: 228719 pro bouts, 4040 linked UFC fighters, 20558/22299 rows covered
2026-09-30 02:40:53,661 INFO [model]   Computing defensive stats...
2026-09-30 02:40:55,638 INFO [model]   Computing Elo ratings...
2026-09-30 02:40:56,266 INFO [model]   Computing resume scores...
2026-09-30 02:40:56,418 INFO [model]   Loading Glicko rating snapshots from DB...
2026-09-30 02:40:56,764 INFO [model]   Loaded 21096 Glicko snapshots
2026-09-30 02:40:59,495 INFO [model]   Added 15 Glicko features  + 4 confidence features
2026-09-30 02:40:59,495 INFO [model]   Computing Elo-adjusted stats...
2026-09-30 02:40:59,496 INFO [model]   Computing rolling career averages...
2026-09-30 02:41:25,127 INFO [model]   Computing streaks and career stats...
2026-09-30 02:41:26,773 INFO [model]   Computing composite features...
2026-09-30 02:41:26,777 INFO [model]   Computing round-by-round profiles...
2026-09-30 02:41:35,702 INFO [model]   Computing age curve features...
2026-09-30 02:41:35,705 INFO [model]   Computing damage accumulation...
2026-09-30 02:41:37,051 INFO [model]   Computing weight-class movement...
2026-09-30 02:41:37,261 INFO [model]   Computing age-relative performance residuals...
2026-09-30 02:41:37,353 INFO [model]   Computing opponent-adjusted expected stats...
2026-09-30 02:41:37,375 INFO [expected_stats]   Expected stats: 59 refits x 5 stats
2026-09-30 02:41:46,826 INFO [model]   Computing fighter style clusters (k=6)...
2026-09-30 02:41:47,139 INFO [model]     Fit on 17081 rows, assigned 22299 fighter-fights
2026-09-30 02:41:47,139 INFO [model]     Style 0 (3349 fighter-fights): SigStr/5=15.4 TD/5=0.6 Sub/5=0.5 Ctrl/5=50.7 GndStr/5=3.1 top=ctrl_per5
2026-09-30 02:41:47,140 INFO [model]     Style 1 (10346 fighter-fights): SigStr/5=15.1 TD/5=0.5 Sub/5=0.3 Ctrl/5=43.5 GndStr/5=3.1 top=ctrl_per5
2026-09-30 02:41:47,140 INFO [model]     Style 2 (3759 fighter-fights): SigStr/5=16.7 TD/5=1.5 Sub/5=0.6 Ctrl/5=113.4 GndStr/5=8.0 top=ctrl_per5
2026-09-30 02:41:47,140 INFO [model]     Style 3 (4223 fighter-fights): SigStr/5=30.5 TD/5=0.3 Sub/5=0.2 Ctrl/5=33.7 GndStr/5=5.6 top=ctrl_per5
2026-09-30 02:41:47,140 INFO [model]     Style 4 (314 fighter-fights): SigStr/5=71.9 TD/5=0.7 Sub/5=0.3 Ctrl/5=55.9 GndStr/5=35.5 top=sig_str_landed_per5
2026-09-30 02:41:47,140 INFO [model]     Style 5 (308 fighter-fights): SigStr/5=11.6 TD/5=2.3 Sub/5=4.7 Ctrl/5=54.7 GndStr/5=3.9 top=ctrl_per5
2026-09-30 02:41:47,191 INFO [model]   Style matchup features computed expanding-in-time (6x6, 22202 fighter-fights)
2026-09-30 02:41:47,466 INFO [model]   Feature matrix shape: (22299, 369)
2026-09-30 02:41:47,510 INFO [method_model] Building method-specific features...
2026-09-30 02:41:51,519 INFO [method_model]   Computing per-method Elo ratings...
2026-09-30 02:41:52,485 INFO [method_model]   Method features added. Shape: (22299, 392)
2026-09-30 02:41:53,356 INFO [method_model]   Added 247 upcoming fights using latest fighter features
2026-09-30 02:41:54,213 INFO [method_model]   Ensemble blend weights: KO=0.4, Sub=1.0, Dec=1.0
2026-09-30 02:41:54,213 INFO [method_model]   Generated predictions for 11348 fights
2026-09-30 02:41:55,074 INFO [method_model]   Stored 11348 method predictions
2026-09-30 03:18:21,178 INFO [model] Loading data from database...
2026-09-30 03:18:21,280 INFO [model]   Loaded 4617 fighters
2026-09-30 03:18:22,768 INFO [model]   Added 57 upcoming fights
2026-09-30 03:18:22,951 INFO [model]   Loaded 22413 fight-stat rows (11255 unique fights)
2026-09-30 03:18:22,951 INFO [model]   Loading per-round stats...
2026-09-30 03:18:24,872 INFO [model]   Loaded 61838 per-round stat rows
2026-09-30 03:18:25,010 INFO [model] Building features...
2026-09-30 03:18:27,469 INFO [career_rating]   Career ratings: 228719 pro bouts, 4040 linked UFC fighters, 20663/22413 rows covered
2026-09-30 03:18:27,828 INFO [model]   Computing defensive stats...
2026-09-30 03:18:29,857 INFO [model]   Computing Elo ratings...
2026-09-30 03:18:30,498 INFO [model]   Computing resume scores...
2026-09-30 03:18:30,664 INFO [model]   Loading Glicko rating snapshots from DB...
2026-09-30 03:18:31,015 INFO [model]   Loaded 21096 Glicko snapshots
2026-09-30 03:18:33,932 INFO [model]   Added 15 Glicko features  + 4 confidence features
2026-09-30 03:18:33,933 INFO [model]   Computing Elo-adjusted stats...
2026-09-30 03:18:33,934 INFO [model]   Computing rolling career averages...
2026-09-30 03:18:59,866 INFO [model]   Computing streaks and career stats...
2026-09-30 03:19:01,569 INFO [model]   Computing composite features...
2026-09-30 03:19:01,573 INFO [model]   Computing round-by-round profiles...
2026-09-30 03:19:10,557 INFO [model]   Computing age curve features...
2026-09-30 03:19:10,560 INFO [model]   Computing damage accumulation...
2026-09-30 03:19:11,832 INFO [model]   Computing weight-class movement...
2026-09-30 03:19:12,030 INFO [model]   Computing age-relative performance residuals...
2026-09-30 03:19:12,128 INFO [model]   Computing opponent-adjusted expected stats...
2026-09-30 03:19:12,151 INFO [expected_stats]   Expected stats: 59 refits x 5 stats
2026-09-30 03:19:21,653 INFO [model]   Computing fighter style clusters (k=6)...
2026-09-30 03:19:22,005 INFO [model]     Fit on 17081 rows, assigned 22413 fighter-fights
2026-09-30 03:19:22,005 INFO [model]     Style 0 (3367 fighter-fights): SigStr/5=15.4 TD/5=0.6 Sub/5=0.5 Ctrl/5=50.7 GndStr/5=3.1 top=ctrl_per5
2026-09-30 03:19:22,006 INFO [model]     Style 1 (10378 fighter-fights): SigStr/5=15.1 TD/5=0.5 Sub/5=0.3 Ctrl/5=43.5 GndStr/5=3.1 top=ctrl_per5
2026-09-30 03:19:22,006 INFO [model]     Style 2 (3775 fighter-fights): SigStr/5=16.7 TD/5=1.5 Sub/5=0.6 Ctrl/5=113.4 GndStr/5=8.0 top=ctrl_per5
2026-09-30 03:19:22,006 INFO [model]     Style 3 (4268 fighter-fights): SigStr/5=30.5 TD/5=0.3 Sub/5=0.2 Ctrl/5=33.7 GndStr/5=5.6 top=ctrl_per5
2026-09-30 03:19:22,006 INFO [model]     Style 4 (316 fighter-fights): SigStr/5=71.9 TD/5=0.7 Sub/5=0.3 Ctrl/5=55.9 GndStr/5=35.5 top=sig_str_landed_per5
2026-09-30 03:19:22,006 INFO [model]     Style 5 (309 fighter-fights): SigStr/5=11.6 TD/5=2.3 Sub/5=4.7 Ctrl/5=54.7 GndStr/5=3.9 top=ctrl_per5
2026-09-30 03:19:22,055 INFO [model]   Style matchup features computed expanding-in-time (6x6, 22316 fighter-fights)
2026-09-30 03:19:22,321 INFO [model]   Feature matrix shape: (22413, 370)
2026-09-30 03:19:22,460 INFO [model]   Built latest feature snapshots for 3831 fighters
2026-09-30 03:19:23,224 INFO [model]   Added 195 upcoming fights using latest fighter features
2026-09-30 03:19:23,224 INFO [model]   Loading odds for predictions...
2026-09-30 03:19:24,404 INFO [model]   Odds matched: 2888/11353 fights (25.4%)
2026-09-30 03:19:54,667 INFO [model] Loading data from database...
2026-09-30 03:19:54,760 INFO [model]   Loaded 4617 fighters
2026-09-30 03:19:55,926 INFO [model]   Added 57 upcoming fights
2026-09-30 03:19:56,119 INFO [model]   Loaded 22413 fight-stat rows (11255 unique fights)
2026-09-30 03:19:56,119 INFO [model]   Loading per-round stats...
2026-09-30 03:19:57,957 INFO [model]   Loaded 61838 per-round stat rows
2026-09-30 03:19:58,077 INFO [model] Building features...
2026-09-30 03:20:00,492 INFO [career_rating]   Career ratings: 228719 pro bouts, 4040 linked UFC fighters, 20663/22413 rows covered
2026-09-30 03:20:00,845 INFO [model]   Computing defensive stats...
2026-09-30 03:20:02,772 INFO [model]   Computing Elo ratings...
2026-09-30 03:20:03,403 INFO [model]   Computing resume scores...
2026-09-30 03:20:03,570 INFO [model]   Loading Glicko rating snapshots from DB...
2026-09-30 03:20:03,903 INFO [model]   Loaded 21096 Glicko snapshots
2026-09-30 03:20:06,850 INFO [model]   Added 15 Glicko features  + 4 confidence features
2026-09-30 03:20:06,851 INFO [model]   Computing Elo-adjusted stats...
2026-09-30 03:20:06,853 INFO [model]   Computing rolling career averages...
2026-09-30 03:20:33,459 INFO [model]   Computing streaks and career stats...
2026-09-30 03:20:35,145 INFO [model]   Computing composite features...
2026-09-30 03:20:35,151 INFO [model]   Computing round-by-round profiles...
2026-09-30 03:20:44,368 INFO [model]   Computing age curve features...
2026-09-30 03:20:44,371 INFO [model]   Computing damage accumulation...
2026-09-30 03:20:45,818 INFO [model]   Computing weight-class movement...
2026-09-30 03:20:46,012 INFO [model]   Computing age-relative performance residuals...
2026-09-30 03:20:46,110 INFO [model]   Computing opponent-adjusted expected stats...
2026-09-30 03:20:46,134 INFO [expected_stats]   Expected stats: 59 refits x 5 stats
2026-09-30 03:20:55,636 INFO [model]   Computing fighter style clusters (k=6)...
2026-09-30 03:20:56,033 INFO [model]     Fit on 17081 rows, assigned 22413 fighter-fights
2026-09-30 03:20:56,034 INFO [model]     Style 0 (3367 fighter-fights): SigStr/5=15.4 TD/5=0.6 Sub/5=0.5 Ctrl/5=50.7 GndStr/5=3.1 top=ctrl_per5
2026-09-30 03:20:56,034 INFO [model]     Style 1 (10378 fighter-fights): SigStr/5=15.1 TD/5=0.5 Sub/5=0.3 Ctrl/5=43.5 GndStr/5=3.1 top=ctrl_per5
2026-09-30 03:20:56,034 INFO [model]     Style 2 (3775 fighter-fights): SigStr/5=16.7 TD/5=1.5 Sub/5=0.6 Ctrl/5=113.4 GndStr/5=8.0 top=ctrl_per5
2026-09-30 03:20:56,034 INFO [model]     Style 3 (4268 fighter-fights): SigStr/5=30.5 TD/5=0.3 Sub/5=0.2 Ctrl/5=33.7 GndStr/5=5.6 top=ctrl_per5
2026-09-30 03:20:56,034 INFO [model]     Style 4 (316 fighter-fights): SigStr/5=71.9 TD/5=0.7 Sub/5=0.3 Ctrl/5=55.9 GndStr/5=35.5 top=sig_str_landed_per5
2026-09-30 03:20:56,034 INFO [model]     Style 5 (309 fighter-fights): SigStr/5=11.6 TD/5=2.3 Sub/5=4.7 Ctrl/5=54.7 GndStr/5=3.9 top=ctrl_per5
2026-09-30 03:20:56,099 INFO [model]   Style matchup features computed expanding-in-time (6x6, 22316 fighter-fights)
2026-09-30 03:20:56,390 INFO [model]   Feature matrix shape: (22413, 370)
2026-09-30 03:20:56,535 INFO [model]   Built latest feature snapshots for 3831 fighters
2026-09-30 03:20:57,277 INFO [model]   Added 195 upcoming fights using latest fighter features
2026-09-30 03:20:57,278 INFO [model]   Loading odds for predictions...
2026-09-30 03:20:58,493 INFO [model]   Odds matched: 2888/11353 fights (25.4%)
2026-09-30 03:38:21,772 INFO [tune_ensemble] tuning split: fit 3016 fights (2015-01-03 -> 2021-02-06), validate 754 (2021-02-06 -> 2022-06-18); eval window starts 2022-06-18
2026-09-30 03:38:23,865 INFO [tune_ensemble] default CatBoost validation log loss: 0.6659
2026-09-30 03:40:36,110 INFO [tune_ensemble] best validation log loss 0.6529 (default 0.6659): {'depth': 5, 'learning_rate': 0.07465819696141414, 'l2_leaf_reg': 12.41175545036988, 'rsm': 0.9008373385021836, 'min_data_in_leaf': 8, 'random_strength': 4.732453270588694, 'subsample': 0.582027767988615, 'bootstrap_type': 'Bernoulli'}
2026-09-30 03:40:36,234 INFO [tune_ensemble] tuning split: fit 3016 fights (2015-01-03 -> 2021-02-06), validate 754 (2021-02-06 -> 2022-06-18); eval window starts 2022-06-18
2026-09-30 03:40:44,136 INFO [model]   Early stopping (chronological val, n=384): best_iter=68 val_logloss=0.6771
2026-09-30 03:40:44,829 INFO [tune_ensemble] all 310 features: mean validation log loss (catboost, hgb) 0.6732
2026-09-30 03:40:50,109 INFO [model]   Early stopping (chronological val, n=384): best_iter=88 val_logloss=0.6754
2026-09-30 03:40:50,732 INFO [tune_ensemble]   drop raw_rolling      (112 features): change -0.0025
2026-09-30 03:40:57,101 INFO [model]   Early stopping (chronological val, n=384): best_iter=77 val_logloss=0.6768
2026-09-30 03:40:57,600 INFO [tune_ensemble]   drop composites       ( 15 features): change +0.0033
2026-09-30 03:41:03,901 INFO [model]   Early stopping (chronological val, n=384): best_iter=78 val_logloss=0.6784
2026-09-30 03:41:04,645 INFO [tune_ensemble]   drop round_profile    ( 14 features): change +0.0120
2026-09-30 03:41:11,763 INFO [model]   Early stopping (chronological val, n=384): best_iter=60 val_logloss=0.6777
2026-09-30 03:41:12,188 INFO [tune_ensemble]   drop elo_adj_stats    ( 15 features): change +0.0082
2026-09-30 03:41:19,195 INFO [model]   Early stopping (chronological val, n=384): best_iter=46 val_logloss=0.6776
2026-09-30 03:41:19,598 INFO [tune_ensemble]   drop elo              (  7 features): change +0.0059
2026-09-30 03:41:26,446 INFO [model]   Early stopping (chronological val, n=384): best_iter=74 val_logloss=0.6767
2026-09-30 03:41:26,848 INFO [tune_ensemble]   drop glicko           ( 57 features): change +0.0034
2026-09-30 03:41:33,073 INFO [model]   Early stopping (chronological val, n=384): best_iter=46 val_logloss=0.6793
2026-09-30 03:41:33,461 INFO [tune_ensemble]   drop expected_stats   ( 19 features): change +0.0011
2026-09-30 03:41:39,725 INFO [model]   Early stopping (chronological val, n=384): best_iter=33 val_logloss=0.6819
2026-09-30 03:41:40,060 INFO [tune_ensemble]   drop sherdog_career   (  7 features): change -0.0004
2026-09-30 03:41:47,635 INFO [model]   Early stopping (chronological val, n=384): best_iter=65 val_logloss=0.6770
2026-09-30 03:41:48,080 INFO [tune_ensemble]   drop style_clusters   (  9 features): change +0.0082
2026-09-30 03:41:59,326 INFO [model]   Early stopping (chronological val, n=384): best_iter=96 val_logloss=0.6710
2026-09-30 03:42:00,303 INFO [tune_ensemble]   drop age_curve        ( 10 features): change -0.0015
2026-09-30 03:42:06,267 INFO [model]   Early stopping (chronological val, n=384): best_iter=56 val_logloss=0.6776
2026-09-30 03:42:06,643 INFO [tune_ensemble]   drop layoff           ( 10 features): change +0.0014
2026-09-30 03:42:12,180 INFO [model]   Early stopping (chronological val, n=384): best_iter=77 val_logloss=0.6772
2026-09-30 03:42:12,823 INFO [tune_ensemble]   drop damage           (  6 features): change +0.0112
2026-09-30 03:42:22,805 INFO [model]   Early stopping (chronological val, n=384): best_iter=72 val_logloss=0.6772
2026-09-30 03:42:23,312 INFO [tune_ensemble]   drop division_moves   (  9 features): change +0.0152
2026-09-30 03:42:29,777 INFO [model]   Early stopping (chronological val, n=384): best_iter=52 val_logloss=0.6774
2026-09-30 03:42:30,187 INFO [tune_ensemble]   drop physical_bio     ( 14 features): change +0.0103
2026-09-30 03:42:35,585 INFO [model]   Early stopping (chronological val, n=384): best_iter=55 val_logloss=0.6783
2026-09-30 03:42:35,983 INFO [tune_ensemble]   drop record           ( 13 features): change +0.0060
2026-09-30 03:42:42,087 INFO [model]   Early stopping (chronological val, n=384): best_iter=61 val_logloss=0.6760
2026-09-30 03:42:42,499 INFO [tune_ensemble]   drop fight_context    ( 18 features): change +0.0054
2026-09-30 03:43:24,719 INFO [tune_ensemble] rolling blocks: fit ..2017-11-04 score 2017-11-04..2018-12-29 (n=612); fit ..2018-12-29 score 2018-12-29..2020-02-22 (n=613); fit ..2020-02-22 score 2020-02-22..2021-05-15 (n=613); fit ..2021-05-15 score 2021-05-15..2022-06-18 (n=613)
2026-09-30 03:43:49,161 INFO [tune_ensemble] rolling-CV log loss, default CatBoost: 0.6721
2026-09-30 03:44:12,019 INFO [tune_ensemble] rolling-CV log loss, single-split winner: 0.6803
2026-09-30 04:27:45,315 INFO [tune_ensemble] rolling-CV best 0.6621 (default 0.6721): {'depth': 7, 'learning_rate': 0.011173782040395886, 'l2_leaf_reg': 1.0082128700222404, 'rsm': 0.39646171612349435, 'min_data_in_leaf': 1, 'random_strength': 2.0918090755320042, 'subsample': 0.8574875761682003, 'bootstrap_type': 'Bernoulli'}
2026-09-30 04:27:45,668 INFO [tune_ensemble] rolling blocks: fit ..2017-11-04 score 2017-11-04..2018-12-29 (n=612); fit ..2018-12-29 score 2018-12-29..2020-02-22 (n=613); fit ..2020-02-22 score 2020-02-22..2021-05-15 (n=613); fit ..2021-05-15 score 2021-05-15..2022-06-18 (n=613)
2026-09-30 04:31:03,339 WARNING [model]   Only 168 validation rows — skipping early stopping
2026-09-30 04:31:18,041 INFO [model]   Early stopping (chronological val, n=246): best_iter=282 val_logloss=0.6249
2026-09-30 04:31:28,550 INFO [model]   Early stopping (chronological val, n=324): best_iter=135 val_logloss=0.6577
2026-09-30 04:31:38,184 INFO [model]   Early stopping (chronological val, n=402): best_iter=288 val_logloss=0.6583
2026-09-30 04:31:40,866 INFO [tune_ensemble] rolling-CV all features (catboost+hgb mean): 0.6740
2026-09-30 04:33:33,757 WARNING [model]   Only 168 validation rows — skipping early stopping
2026-09-30 04:33:46,299 INFO [model]   Early stopping (chronological val, n=246): best_iter=199 val_logloss=0.6302
2026-09-30 04:33:53,709 INFO [model]   Early stopping (chronological val, n=324): best_iter=116 val_logloss=0.6614
2026-09-30 04:34:01,506 INFO [model]   Early stopping (chronological val, n=402): best_iter=200 val_logloss=0.6581
2026-09-30 04:34:03,126 INFO [tune_ensemble]   rolling-CV drop raw_rolling      (112): change +0.0028
2026-09-30 04:37:43,962 WARNING [model]   Only 168 validation rows — skipping early stopping
2026-09-30 04:38:05,210 INFO [model]   Early stopping (chronological val, n=246): best_iter=483 val_logloss=0.6328
2026-09-30 04:38:19,135 INFO [model]   Early stopping (chronological val, n=324): best_iter=66 val_logloss=0.6676
2026-09-30 04:38:29,452 INFO [model]   Early stopping (chronological val, n=402): best_iter=308 val_logloss=0.6592
2026-09-30 04:38:32,528 INFO [tune_ensemble]   rolling-CV drop age_curve        ( 10): change +0.0140
2026-09-30 04:41:38,413 WARNING [model]   Only 168 validation rows — skipping early stopping
2026-09-30 04:41:59,962 INFO [model]   Early stopping (chronological val, n=246): best_iter=411 val_logloss=0.6298
2026-09-30 04:42:15,577 INFO [model]   Early stopping (chronological val, n=324): best_iter=156 val_logloss=0.6622
2026-09-30 04:42:27,356 INFO [model]   Early stopping (chronological val, n=402): best_iter=170 val_logloss=0.6640
2026-09-30 04:42:29,353 INFO [tune_ensemble]   rolling-CV drop sherdog_career   (  7): change +0.0092
2026-09-30 04:45:33,526 WARNING [model]   Only 168 validation rows — skipping early stopping
2026-09-30 04:45:52,232 INFO [model]   Early stopping (chronological val, n=246): best_iter=324 val_logloss=0.6305
2026-09-30 04:46:03,484 INFO [model]   Early stopping (chronological val, n=324): best_iter=101 val_logloss=0.6578
2026-09-30 04:46:13,645 INFO [model]   Early stopping (chronological val, n=402): best_iter=105 val_logloss=0.6642
2026-09-30 04:46:15,044 INFO [tune_ensemble]   rolling-CV drop expected_stats   ( 19): change +0.0112
2026-09-30 04:50:53,122 WARNING [model]   Only 168 validation rows — skipping early stopping
2026-09-30 04:51:10,674 INFO [model]   Early stopping (chronological val, n=246): best_iter=324 val_logloss=0.6260
2026-09-30 04:51:23,094 INFO [model]   Early stopping (chronological val, n=324): best_iter=130 val_logloss=0.6562
2026-09-30 04:51:35,034 INFO [model]   Early stopping (chronological val, n=402): best_iter=130 val_logloss=0.6592
2026-09-30 04:51:36,794 INFO [tune_ensemble]   rolling-CV drop layoff           ( 10): change +0.0077
2026-09-30 04:52:37,852 INFO [model]     MarketAnchor: b=0.361 c=+0.039 on 402 priced rows (trusting 36% of disagreement)
2026-09-30 04:52:37,852 INFO [fast_wf]   noodds:catboost:0 fold 1/8 feats=310 anchor b=0.361
2026-09-30 04:52:43,964 INFO [model]     MarketAnchor: b=0.383 c=+0.158 on 493 priced rows (trusting 38% of disagreement)
2026-09-30 04:52:43,965 INFO [fast_wf]   noodds:catboost:0 fold 2/8 feats=310 anchor b=0.383
2026-09-30 04:52:55,906 INFO [model]     MarketAnchor: b=0.426 c=+0.091 on 529 priced rows (trusting 43% of disagreement)
2026-09-30 04:52:55,910 INFO [fast_wf]   noodds:catboost:0 fold 3/8 feats=310 anchor b=0.426
2026-09-30 04:53:12,194 INFO [model]     MarketAnchor: b=0.319 c=+0.093 on 595 priced rows (trusting 32% of disagreement)
2026-09-30 04:53:12,197 INFO [fast_wf]   noodds:catboost:0 fold 4/8 feats=310 anchor b=0.319
2026-09-30 04:53:27,955 INFO [model]     MarketAnchor: b=0.409 c=+0.054 on 628 priced rows (trusting 41% of disagreement)
2026-09-30 04:53:27,956 INFO [fast_wf]   noodds:catboost:0 fold 5/8 feats=310 anchor b=0.409
2026-09-30 04:53:38,051 INFO [model]     MarketAnchor: b=0.264 c=+0.047 on 689 priced rows (trusting 26% of disagreement)
2026-09-30 04:53:38,054 INFO [fast_wf]   noodds:catboost:0 fold 6/8 feats=310 anchor b=0.264
2026-09-30 04:53:50,369 INFO [model]     MarketAnchor: b=0.280 c=+0.068 on 707 priced rows (trusting 28% of disagreement)
2026-09-30 04:53:50,371 INFO [fast_wf]   noodds:catboost:0 fold 7/8 feats=310 anchor b=0.280
2026-09-30 04:54:05,554 INFO [model]     MarketAnchor: b=0.397 c=+0.073 on 771 priced rows (trusting 40% of disagreement)
2026-09-30 04:54:05,557 INFO [fast_wf]   noodds:catboost:0 fold 8/8 feats=310 anchor b=0.397
2026-09-30 04:54:11,435 INFO [model]     MarketAnchor: b=0.408 c=+0.025 on 402 priced rows (trusting 41% of disagreement)
2026-09-30 04:54:11,435 INFO [fast_wf]   noodds_noraw:catboost:0 fold 1/8 feats=173 anchor b=0.408
2026-09-30 04:54:16,069 INFO [model]     MarketAnchor: b=0.386 c=+0.149 on 493 priced rows (trusting 39% of disagreement)
2026-09-30 04:54:16,070 INFO [fast_wf]   noodds_noraw:catboost:0 fold 2/8 feats=173 anchor b=0.386
2026-09-30 04:54:22,131 INFO [model]     MarketAnchor: b=0.437 c=+0.085 on 529 priced rows (trusting 44% of disagreement)
2026-09-30 04:54:22,132 INFO [fast_wf]   noodds_noraw:catboost:0 fold 3/8 feats=173 anchor b=0.437
2026-09-30 04:54:31,596 INFO [model]     MarketAnchor: b=0.336 c=+0.087 on 595 priced rows (trusting 34% of disagreement)
2026-09-30 04:54:31,598 INFO [fast_wf]   noodds_noraw:catboost:0 fold 4/8 feats=173 anchor b=0.336
2026-09-30 04:54:41,738 INFO [model]     MarketAnchor: b=0.432 c=+0.050 on 628 priced rows (trusting 43% of disagreement)
2026-09-30 04:54:41,739 INFO [fast_wf]   noodds_noraw:catboost:0 fold 5/8 feats=173 anchor b=0.432
2026-09-30 04:54:47,753 INFO [model]     MarketAnchor: b=0.266 c=+0.046 on 689 priced rows (trusting 27% of disagreement)
2026-09-30 04:54:47,754 INFO [fast_wf]   noodds_noraw:catboost:0 fold 6/8 feats=173 anchor b=0.266
2026-09-30 04:54:56,724 INFO [model]     MarketAnchor: b=0.363 c=+0.068 on 707 priced rows (trusting 36% of disagreement)
2026-09-30 04:54:56,726 INFO [fast_wf]   noodds_noraw:catboost:0 fold 7/8 feats=173 anchor b=0.363
2026-09-30 04:55:06,039 INFO [model]     MarketAnchor: b=0.412 c=+0.073 on 771 priced rows (trusting 41% of disagreement)
2026-09-30 04:55:06,040 INFO [fast_wf]   noodds_noraw:catboost:0 fold 8/8 feats=173 anchor b=0.412
2026-09-30 04:56:05,986 INFO [model]     MarketAnchor: b=0.428 c=+0.032 on 402 priced rows (trusting 43% of disagreement)
2026-09-30 04:56:05,987 INFO [fast_wf]   noodds:catboost_tuned:0 fold 1/8 feats=310 anchor b=0.428
2026-09-30 04:56:58,997 INFO [model]     MarketAnchor: b=0.331 c=+0.165 on 493 priced rows (trusting 33% of disagreement)
2026-09-30 04:56:58,999 INFO [fast_wf]   noodds:catboost_tuned:0 fold 2/8 feats=310 anchor b=0.331
2026-09-30 04:58:01,718 INFO [model]     MarketAnchor: b=0.430 c=+0.089 on 529 priced rows (trusting 43% of disagreement)
2026-09-30 04:58:01,721 INFO [fast_wf]   noodds:catboost_tuned:0 fold 3/8 feats=310 anchor b=0.430
2026-09-30 04:58:59,904 INFO [model]     MarketAnchor: b=0.263 c=+0.105 on 595 priced rows (trusting 26% of disagreement)
2026-09-30 04:58:59,906 INFO [fast_wf]   noodds:catboost_tuned:0 fold 4/8 feats=310 anchor b=0.263
2026-09-30 05:00:17,937 INFO [model]     MarketAnchor: b=0.391 c=+0.054 on 628 priced rows (trusting 39% of disagreement)
2026-09-30 05:00:17,938 INFO [fast_wf]   noodds:catboost_tuned:0 fold 5/8 feats=310 anchor b=0.391
2026-09-30 05:01:07,185 INFO [model]     MarketAnchor: b=0.292 c=+0.043 on 689 priced rows (trusting 29% of disagreement)
2026-09-30 05:01:07,187 INFO [fast_wf]   noodds:catboost_tuned:0 fold 6/8 feats=310 anchor b=0.292
2026-09-30 05:01:45,540 INFO [model]     MarketAnchor: b=0.308 c=+0.065 on 707 priced rows (trusting 31% of disagreement)
2026-09-30 05:01:45,541 INFO [fast_wf]   noodds:catboost_tuned:0 fold 7/8 feats=310 anchor b=0.308
2026-09-30 05:03:00,205 INFO [model]     MarketAnchor: b=0.420 c=+0.073 on 771 priced rows (trusting 42% of disagreement)
2026-09-30 05:03:00,209 INFO [fast_wf]   noodds:catboost_tuned:0 fold 8/8 feats=310 anchor b=0.420
2026-09-30 05:03:19,148 INFO [model]     MarketAnchor: b=0.390 c=+0.030 on 402 priced rows (trusting 39% of disagreement)
2026-09-30 05:03:19,149 INFO [fast_wf]   noodds_noraw:catboost_tuned:0 fold 1/8 feats=173 anchor b=0.390
2026-09-30 05:03:47,511 INFO [model]     MarketAnchor: b=0.396 c=+0.153 on 493 priced rows (trusting 40% of disagreement)
2026-09-30 05:03:47,513 INFO [fast_wf]   noodds_noraw:catboost_tuned:0 fold 2/8 feats=173 anchor b=0.396
2026-09-30 05:04:09,997 INFO [model]     MarketAnchor: b=0.450 c=+0.092 on 529 priced rows (trusting 45% of disagreement)
2026-09-30 05:04:09,999 INFO [fast_wf]   noodds_noraw:catboost_tuned:0 fold 3/8 feats=173 anchor b=0.450
2026-09-30 05:04:51,458 INFO [model]     MarketAnchor: b=0.337 c=+0.094 on 595 priced rows (trusting 34% of disagreement)
2026-09-30 05:04:51,460 INFO [fast_wf]   noodds_noraw:catboost_tuned:0 fold 4/8 feats=173 anchor b=0.337
2026-09-30 05:05:35,954 INFO [model]     MarketAnchor: b=0.437 c=+0.053 on 628 priced rows (trusting 44% of disagreement)
2026-09-30 05:05:35,955 INFO [fast_wf]   noodds_noraw:catboost_tuned:0 fold 5/8 feats=173 anchor b=0.437
2026-09-30 05:06:06,779 INFO [model]     MarketAnchor: b=0.336 c=+0.040 on 689 priced rows (trusting 34% of disagreement)
2026-09-30 05:06:06,780 INFO [fast_wf]   noodds_noraw:catboost_tuned:0 fold 6/8 feats=173 anchor b=0.336
2026-09-30 05:06:53,015 INFO [model]     MarketAnchor: b=0.397 c=+0.063 on 707 priced rows (trusting 40% of disagreement)
2026-09-30 05:06:53,018 INFO [fast_wf]   noodds_noraw:catboost_tuned:0 fold 7/8 feats=173 anchor b=0.397
2026-09-30 05:07:38,168 INFO [model]     MarketAnchor: b=0.404 c=+0.074 on 771 priced rows (trusting 40% of disagreement)
2026-09-30 05:07:38,170 INFO [fast_wf]   noodds_noraw:catboost_tuned:0 fold 8/8 feats=173 anchor b=0.404
2026-09-30 05:07:47,269 INFO [model]   Early stopping (chronological val, n=480): best_iter=107 val_logloss=0.6535
2026-09-30 05:07:48,495 INFO [model]     MarketAnchor: b=0.255 c=+0.042 on 402 priced rows (trusting 25% of disagreement)
2026-09-30 05:07:48,496 INFO [fast_wf]   noodds:hgb:0 fold 1/8 feats=310 anchor b=0.255
2026-09-30 05:07:57,187 INFO [model]   Early stopping (chronological val, n=520): best_iter=188 val_logloss=0.6574
2026-09-30 05:07:59,950 INFO [model]     MarketAnchor: b=0.391 c=+0.154 on 493 priced rows (trusting 39% of disagreement)
2026-09-30 05:07:59,950 INFO [fast_wf]   noodds:hgb:0 fold 2/8 feats=310 anchor b=0.391
2026-09-30 05:08:08,708 INFO [model]   Early stopping (chronological val, n=560): best_iter=344 val_logloss=0.6573
2026-09-30 05:08:12,072 INFO [model]     MarketAnchor: b=0.415 c=+0.088 on 529 priced rows (trusting 42% of disagreement)
2026-09-30 05:08:12,073 INFO [fast_wf]   noodds:hgb:0 fold 3/8 feats=310 anchor b=0.415
2026-09-30 05:08:24,708 INFO [model]   Early stopping (chronological val, n=600): best_iter=161 val_logloss=0.6431
2026-09-30 05:08:26,964 INFO [model]     MarketAnchor: b=0.308 c=+0.097 on 595 priced rows (trusting 31% of disagreement)
2026-09-30 05:08:26,965 INFO [fast_wf]   noodds:hgb:0 fold 4/8 feats=310 anchor b=0.308
2026-09-30 05:08:37,594 INFO [model]   Early stopping (chronological val, n=640): best_iter=279 val_logloss=0.6416
2026-09-30 05:08:40,705 INFO [model]     MarketAnchor: b=0.432 c=+0.048 on 628 priced rows (trusting 43% of disagreement)
2026-09-30 05:08:40,706 INFO [fast_wf]   noodds:hgb:0 fold 5/8 feats=310 anchor b=0.432
2026-09-30 05:08:51,182 INFO [model]   Early stopping (chronological val, n=680): best_iter=125 val_logloss=0.6431
2026-09-30 05:08:52,705 INFO [model]     MarketAnchor: b=0.190 c=+0.053 on 689 priced rows (trusting 19% of disagreement)
2026-09-30 05:08:52,705 INFO [fast_wf]   noodds:hgb:0 fold 6/8 feats=310 anchor b=0.190
2026-09-30 05:09:03,204 INFO [model]   Early stopping (chronological val, n=720): best_iter=204 val_logloss=0.6422
2026-09-30 05:09:05,810 INFO [model]     MarketAnchor: b=0.318 c=+0.066 on 707 priced rows (trusting 32% of disagreement)
2026-09-30 05:09:05,810 INFO [fast_wf]   noodds:hgb:0 fold 7/8 feats=310 anchor b=0.318
2026-09-30 05:09:16,606 INFO [model]   Early stopping (chronological val, n=760): best_iter=257 val_logloss=0.6372
2026-09-30 05:09:19,819 INFO [model]     MarketAnchor: b=0.393 c=+0.070 on 771 priced rows (trusting 39% of disagreement)
2026-09-30 05:09:19,819 INFO [fast_wf]   noodds:hgb:0 fold 8/8 feats=310 anchor b=0.393
2026-09-30 05:09:20,200 INFO [model]     MarketAnchor: b=0.286 c=+0.034 on 402 priced rows (trusting 29% of disagreement)
2026-09-30 05:09:20,200 INFO [fast_wf]   noodds:logit:0 fold 1/8 feats=310 anchor b=0.286
2026-09-30 05:09:20,488 INFO [model]     MarketAnchor: b=0.258 c=+0.166 on 493 priced rows (trusting 26% of disagreement)
2026-09-30 05:09:20,488 INFO [fast_wf]   noodds:logit:0 fold 2/8 feats=310 anchor b=0.258
2026-09-30 05:09:20,783 INFO [model]     MarketAnchor: b=0.314 c=+0.082 on 529 priced rows (trusting 31% of disagreement)
2026-09-30 05:09:20,783 INFO [fast_wf]   noodds:logit:0 fold 3/8 feats=310 anchor b=0.314
2026-09-30 05:09:21,060 INFO [model]     MarketAnchor: b=0.373 c=+0.085 on 595 priced rows (trusting 37% of disagreement)
2026-09-30 05:09:21,060 INFO [fast_wf]   noodds:logit:0 fold 4/8 feats=310 anchor b=0.373
2026-09-30 05:09:21,343 INFO [model]     MarketAnchor: b=0.413 c=+0.047 on 628 priced rows (trusting 41% of disagreement)
2026-09-30 05:09:21,343 INFO [fast_wf]   noodds:logit:0 fold 5/8 feats=310 anchor b=0.413
2026-09-30 05:09:21,665 INFO [model]     MarketAnchor: b=0.322 c=+0.038 on 689 priced rows (trusting 32% of disagreement)
2026-09-30 05:09:21,665 INFO [fast_wf]   noodds:logit:0 fold 6/8 feats=310 anchor b=0.322
2026-09-30 05:09:22,009 INFO [model]     MarketAnchor: b=0.336 c=+0.063 on 707 priced rows (trusting 34% of disagreement)
2026-09-30 05:09:22,009 INFO [fast_wf]   noodds:logit:0 fold 7/8 feats=310 anchor b=0.336
2026-09-30 05:09:22,377 INFO [model]     MarketAnchor: b=0.386 c=+0.075 on 771 priced rows (trusting 39% of disagreement)
2026-09-30 05:09:22,377 INFO [fast_wf]   noodds:logit:0 fold 8/8 feats=310 anchor b=0.386
2026-09-30 05:09:25,081 INFO [model]     MarketAnchor: b=0.339 c=+0.042 on 402 priced rows (trusting 34% of disagreement)
2026-09-30 05:09:25,082 INFO [fast_wf]   noodds:xgboost:0 fold 1/8 feats=310 anchor b=0.339
2026-09-30 05:09:30,145 INFO [model]     MarketAnchor: b=0.433 c=+0.150 on 493 priced rows (trusting 43% of disagreement)
2026-09-30 05:09:30,146 INFO [fast_wf]   noodds:xgboost:0 fold 2/8 feats=310 anchor b=0.433
2026-09-30 05:09:35,568 INFO [model]     MarketAnchor: b=0.421 c=+0.093 on 529 priced rows (trusting 42% of disagreement)
2026-09-30 05:09:35,570 INFO [fast_wf]   noodds:xgboost:0 fold 3/8 feats=310 anchor b=0.421
2026-09-30 05:09:42,366 INFO [model]     MarketAnchor: b=0.338 c=+0.094 on 595 priced rows (trusting 34% of disagreement)
2026-09-30 05:09:42,369 INFO [fast_wf]   noodds:xgboost:0 fold 4/8 feats=310 anchor b=0.338
2026-09-30 05:09:50,635 INFO [model]     MarketAnchor: b=0.400 c=+0.054 on 628 priced rows (trusting 40% of disagreement)
2026-09-30 05:09:50,637 INFO [fast_wf]   noodds:xgboost:0 fold 5/8 feats=310 anchor b=0.400
2026-09-30 05:09:54,315 INFO [model]     MarketAnchor: b=0.252 c=+0.045 on 689 priced rows (trusting 25% of disagreement)
2026-09-30 05:09:54,315 INFO [fast_wf]   noodds:xgboost:0 fold 6/8 feats=310 anchor b=0.252
2026-09-30 05:09:59,055 INFO [model]     MarketAnchor: b=0.312 c=+0.068 on 707 priced rows (trusting 31% of disagreement)
2026-09-30 05:09:59,058 INFO [fast_wf]   noodds:xgboost:0 fold 7/8 feats=310 anchor b=0.312
2026-09-30 05:10:05,704 INFO [model]     MarketAnchor: b=0.430 c=+0.075 on 771 priced rows (trusting 43% of disagreement)
2026-09-30 05:10:05,705 INFO [fast_wf]   noodds:xgboost:0 fold 8/8 feats=310 anchor b=0.430
2026-09-30 05:10:05,800 INFO [fast_wf] wrote /private/tmp/claude-501/-Users-rafeburns-Downloads-ALocks/60bea722-ac8a-436f-a39d-88c0619ee942/scratchpad/arch.csv
2026-09-30 11:33:01,865 INFO [glicko_service]   Loading fight data...
2026-09-30 11:33:01,865 INFO [glicko_service]   Loading fight data...
2026-09-30 11:33:01,865 INFO [glicko_service]   Loading fight data...
2026-09-30 11:33:02,111 INFO [glicko_service]   Loaded 11616 fights
2026-09-30 11:33:02,111 INFO [glicko_service]   Loading per-round stats...
2026-09-30 11:33:02,113 INFO [glicko_service]   Loaded 11616 fights
2026-09-30 11:33:02,113 INFO [glicko_service]   Loading per-round stats...
2026-09-30 11:33:02,114 INFO [glicko_service]   Loaded 11616 fights
2026-09-30 11:33:02,114 INFO [glicko_service]   Loading per-round stats...
2026-09-30 11:33:04,193 INFO [glicko_service]   Loaded rounds for 11286 fights
2026-09-30 11:33:04,193 INFO [glicko_service]   Loading per-fight derived totals...
2026-09-30 11:33:04,194 INFO [glicko_service]   Loaded rounds for 11286 fights
2026-09-30 11:33:04,194 INFO [glicko_service]   Loading per-fight derived totals...
2026-09-30 11:33:04,202 INFO [glicko_service]   Loaded rounds for 11286 fights
2026-09-30 11:33:04,202 INFO [glicko_service]   Loading per-fight derived totals...
2026-09-30 11:33:05,170 INFO [glicko_service]   Loaded 22572 derived totals rows
2026-09-30 11:33:05,172 INFO [glicko_service]   Loaded 22572 derived totals rows
2026-09-30 11:33:05,173 INFO [glicko_service]   Loaded 22572 derived totals rows
2026-09-30 11:33:05,691 INFO [glicko_service]   Loaded 4617 fighters
2026-09-30 11:33:05,692 INFO [glicko_service]   Loaded 4617 fighters
2026-09-30 11:33:05,692 INFO [glicko_service]   Loaded 4617 fighters
2026-09-30 11:33:05,827 INFO [glicko_service]   Computing weight class baseline rates...
2026-09-30 11:33:05,829 INFO [glicko_service]   Computing weight class baseline rates...
2026-09-30 11:33:05,829 INFO [glicko_service]   Computing weight class baseline rates...
2026-09-30 11:33:05,906 INFO [glicko_service]     P4P: 1 rounds, KD=0.0000, SUB=0.0000, TD=0.0000, td15s_cap=10.0, ctrl15g_cap=10.0, gnp15g_cap=10.0
2026-09-30 11:33:05,906 INFO [glicko_service]     Flyweight: 1667 rounds, KD=0.0223, SUB=0.0687, TD=0.0837, td15s_cap=25.7, ctrl15g_cap=15.0, gnp15g_cap=79.1
2026-09-30 11:33:05,907 INFO [glicko_service]     P4P: 1 rounds, KD=0.0000, SUB=0.0000, TD=0.0000, td15s_cap=10.0, ctrl15g_cap=10.0, gnp15g_cap=10.0
2026-09-30 11:33:05,907 INFO [glicko_service]     Bantamweight: 3013 rounds, KD=0.0254, SUB=0.0624, TD=0.0770, td15s_cap=25.7, ctrl15g_cap=15.0, gnp15g_cap=84.0
2026-09-30 11:33:05,907 INFO [glicko_service]     P4P: 1 rounds, KD=0.0000, SUB=0.0000, TD=0.0000, td15s_cap=10.0, ctrl15g_cap=10.0, gnp15g_cap=10.0
2026-09-30 11:33:05,907 INFO [glicko_service]     Flyweight: 1667 rounds, KD=0.0223, SUB=0.0687, TD=0.0837, td15s_cap=25.7, ctrl15g_cap=15.0, gnp15g_cap=79.1
2026-09-30 11:33:05,908 INFO [glicko_service]     Flyweight: 1667 rounds, KD=0.0223, SUB=0.0687, TD=0.0837, td15s_cap=25.7, ctrl15g_cap=15.0, gnp15g_cap=79.1
2026-09-30 11:33:05,908 INFO [glicko_service]     Featherweight: 3365 rounds, KD=0.0254, SUB=0.0663, TD=0.0792, td15s_cap=26.8, ctrl15g_cap=15.0, gnp15g_cap=85.3
2026-09-30 11:33:05,908 INFO [glicko_service]     Bantamweight: 3013 rounds, KD=0.0254, SUB=0.0624, TD=0.0770, td15s_cap=25.7, ctrl15g_cap=15.0, gnp15g_cap=84.0
2026-09-30 11:33:05,908 INFO [glicko_service]     Bantamweight: 3013 rounds, KD=0.0254, SUB=0.0624, TD=0.0770, td15s_cap=25.7, ctrl15g_cap=15.0, gnp15g_cap=84.0
2026-09-30 11:33:05,909 INFO [glicko_service]     Featherweight: 3365 rounds, KD=0.0254, SUB=0.0663, TD=0.0792, td15s_cap=26.8, ctrl15g_cap=15.0, gnp15g_cap=85.3
2026-09-30 11:33:05,909 INFO [glicko_service]     Lightweight: 4960 rounds, KD=0.0249, SUB=0.0827, TD=0.0845, td15s_cap=25.7, ctrl15g_cap=15.0, gnp15g_cap=77.6
2026-09-30 11:33:05,909 INFO [glicko_service]     Featherweight: 3365 rounds, KD=0.0254, SUB=0.0663, TD=0.0792, td15s_cap=26.8, ctrl15g_cap=15.0, gnp15g_cap=85.3
2026-09-30 11:33:05,910 INFO [glicko_service]     Lightweight: 4960 rounds, KD=0.0249, SUB=0.0827, TD=0.0845, td15s_cap=25.7, ctrl15g_cap=15.0, gnp15g_cap=77.6
2026-09-30 11:33:05,910 INFO [glicko_service]     Welterweight: 4416 rounds, KD=0.0297, SUB=0.0721, TD=0.0818, td15s_cap=28.1, ctrl15g_cap=15.0, gnp15g_cap=77.8
2026-09-30 11:33:05,911 INFO [glicko_service]     Lightweight: 4960 rounds, KD=0.0249, SUB=0.0827, TD=0.0845, td15s_cap=25.7, ctrl15g_cap=15.0, gnp15g_cap=77.6
2026-09-30 11:33:05,911 INFO [glicko_service]     Middleweight: 4028 rounds, KD=0.0296, SUB=0.0745, TD=0.0734, td15s_cap=25.7, ctrl15g_cap=15.0, gnp15g_cap=94.7
2026-09-30 11:33:05,912 INFO [glicko_service]     Welterweight: 4416 rounds, KD=0.0297, SUB=0.0721, TD=0.0818, td15s_cap=28.1, ctrl15g_cap=15.0, gnp15g_cap=77.8
2026-09-30 11:33:05,912 INFO [glicko_service]     Welterweight: 4416 rounds, KD=0.0297, SUB=0.0721, TD=0.0818, td15s_cap=28.1, ctrl15g_cap=15.0, gnp15g_cap=77.8
2026-09-30 11:33:05,912 INFO [glicko_service]     Light Heavyweight: 2462 rounds, KD=0.0332, SUB=0.0515, TD=0.0675, td15s_cap=26.3, ctrl15g_cap=15.0, gnp15g_cap=106.6
2026-09-30 11:33:05,913 INFO [glicko_service]     Heavyweight: 2651 rounds, KD=0.0323, SUB=0.0576, TD=0.0590, td15s_cap=23.1, ctrl15g_cap=15.0, gnp15g_cap=103.8
2026-09-30 11:33:05,913 INFO [glicko_service]     P4P: 1 rounds, KD=0.0000, SUB=0.0000, TD=0.0000, td15s_cap=10.0, ctrl15g_cap=10.0, gnp15g_cap=10.0
2026-09-30 11:33:05,913 INFO [glicko_service]     Middleweight: 4028 rounds, KD=0.0296, SUB=0.0745, TD=0.0734, td15s_cap=25.7, ctrl15g_cap=15.0, gnp15g_cap=94.7
2026-09-30 11:33:05,913 INFO [glicko_service]     Middleweight: 4028 rounds, KD=0.0296, SUB=0.0745, TD=0.0734, td15s_cap=25.7, ctrl15g_cap=15.0, gnp15g_cap=94.7
2026-09-30 11:33:05,913 INFO [glicko_service]     Strawweight: 1380 rounds, KD=0.0092, SUB=0.0493, TD=0.0696, td15s_cap=23.4, ctrl15g_cap=15.0, gnp15g_cap=64.7
2026-09-30 11:33:05,913 INFO [glicko_service]     Light Heavyweight: 2462 rounds, KD=0.0332, SUB=0.0515, TD=0.0675, td15s_cap=26.3, ctrl15g_cap=15.0, gnp15g_cap=106.6
2026-09-30 11:33:05,913 INFO [glicko_service]     Flyweight: 1059 rounds, KD=0.0077, SUB=0.0465, TD=0.0616, td15s_cap=22.2, ctrl15g_cap=15.0, gnp15g_cap=77.1
2026-09-30 11:33:05,913 INFO [glicko_service]     Light Heavyweight: 2462 rounds, KD=0.0332, SUB=0.0515, TD=0.0675, td15s_cap=26.3, ctrl15g_cap=15.0, gnp15g_cap=106.6
2026-09-30 11:33:05,914 INFO [glicko_service]     Bantamweight: 1003 rounds, KD=0.0098, SUB=0.0489, TD=0.0621, td15s_cap=27.3, ctrl15g_cap=15.0, gnp15g_cap=78.8
2026-09-30 11:33:05,914 INFO [glicko_service]     Heavyweight: 2651 rounds, KD=0.0323, SUB=0.0576, TD=0.0590, td15s_cap=23.1, ctrl15g_cap=15.0, gnp15g_cap=103.8
2026-09-30 11:33:05,914 INFO [glicko_service]     P4P: 1 rounds, KD=0.0000, SUB=0.0000, TD=0.0000, td15s_cap=10.0, ctrl15g_cap=10.0, gnp15g_cap=10.0
2026-09-30 11:33:05,914 INFO [glicko_service]     Heavyweight: 2651 rounds, KD=0.0323, SUB=0.0576, TD=0.0590, td15s_cap=23.1, ctrl15g_cap=15.0, gnp15g_cap=103.8
2026-09-30 11:33:05,914 INFO [glicko_service]     P4P: 1 rounds, KD=0.0000, SUB=0.0000, TD=0.0000, td15s_cap=10.0, ctrl15g_cap=10.0, gnp15g_cap=10.0
2026-09-30 11:33:05,914 INFO [glicko_service]     Strawweight: 1380 rounds, KD=0.0092, SUB=0.0493, TD=0.0696, td15s_cap=23.4, ctrl15g_cap=15.0, gnp15g_cap=64.7
2026-09-30 11:33:05,914 INFO [glicko_service]     Strawweight: 1380 rounds, KD=0.0092, SUB=0.0493, TD=0.0696, td15s_cap=23.4, ctrl15g_cap=15.0, gnp15g_cap=64.7
2026-09-30 11:33:05,915 INFO [glicko_service]     Flyweight: 1059 rounds, KD=0.0077, SUB=0.0465, TD=0.0616, td15s_cap=22.2, ctrl15g_cap=15.0, gnp15g_cap=77.1
2026-09-30 11:33:05,915 INFO [glicko_service]     Flyweight: 1059 rounds, KD=0.0077, SUB=0.0465, TD=0.0616, td15s_cap=22.2, ctrl15g_cap=15.0, gnp15g_cap=77.1
2026-09-30 11:33:05,915 INFO [glicko_service]     Bantamweight: 1003 rounds, KD=0.0098, SUB=0.0489, TD=0.0621, td15s_cap=27.3, ctrl15g_cap=15.0, gnp15g_cap=78.8
2026-09-30 11:33:05,915 INFO [glicko_service]     Bantamweight: 1003 rounds, KD=0.0098, SUB=0.0489, TD=0.0621, td15s_cap=27.3, ctrl15g_cap=15.0, gnp15g_cap=78.8
2026-09-30 11:33:07,616 INFO [glicko_service]   Processed 27882 rounds
2026-09-30 11:33:07,638 INFO [glicko_service]   Processed 27882 rounds
2026-09-30 11:33:07,639 INFO [model] Loading data from database...
2026-09-30 11:33:07,650 INFO [glicko_service]   Processed 27882 rounds
2026-09-30 11:33:07,663 INFO [model] Loading data from database...
2026-09-30 11:33:07,675 INFO [model] Loading data from database...
2026-09-30 11:33:07,798 INFO [model]   Loaded 4617 fighters
2026-09-30 11:33:07,818 INFO [model]   Loaded 4617 fighters
2026-09-30 11:33:07,823 INFO [model]   Loaded 4617 fighters
2026-09-30 11:33:09,305 INFO [model]   Loaded 22299 fight-stat rows (11198 unique fights)
2026-09-30 11:33:09,305 INFO [model]   Loading per-round stats...
2026-09-30 11:33:09,310 INFO [model]   Loaded 22299 fight-stat rows (11198 unique fights)
2026-09-30 11:33:09,310 INFO [model]   Loading per-round stats...
2026-09-30 11:33:09,313 INFO [model]   Loaded 22299 fight-stat rows (11198 unique fights)
2026-09-30 11:33:09,313 INFO [model]   Loading per-round stats...
2026-09-30 11:33:11,420 INFO [model]   Loaded 61838 per-round stat rows
2026-09-30 11:33:11,428 INFO [model]   Loaded 61838 per-round stat rows
2026-09-30 11:33:11,448 INFO [model]   Loaded 61838 per-round stat rows
2026-09-30 11:33:11,572 INFO [model] Building features...
2026-09-30 11:33:11,583 INFO [model] Building features...
2026-09-30 11:33:11,597 INFO [model] Building features...
2026-09-30 11:33:14,279 INFO [career_rating]   Career ratings: 228719 pro bouts, 4040 linked UFC fighters, 20558/22299 rows covered
2026-09-30 11:33:14,280 INFO [career_rating]   Career ratings: 228719 pro bouts, 4040 linked UFC fighters, 20558/22299 rows covered
2026-09-30 11:33:14,286 INFO [career_rating]   Career ratings: 228719 pro bouts, 4040 linked UFC fighters, 20558/22299 rows covered
2026-09-30 11:33:14,653 INFO [model]   Computing defensive stats...
2026-09-30 11:33:14,703 INFO [model]   Computing defensive stats...
2026-09-30 11:33:15,058 INFO [model]   Computing defensive stats...
2026-09-30 11:33:16,661 INFO [model]   Computing Elo ratings...
2026-09-30 11:33:16,768 INFO [model]   Computing Elo ratings...
2026-09-30 11:33:17,104 INFO [model]   Computing Elo ratings...
2026-09-30 11:33:17,233 INFO [model]   Computing resume scores...
2026-09-30 11:33:17,373 INFO [model]   Computing resume scores...
2026-09-30 11:33:17,394 INFO [model]   Using 21096 caller-supplied Glicko snapshots
2026-09-30 11:33:17,561 INFO [model]   Using 21096 caller-supplied Glicko snapshots
2026-09-30 11:33:17,707 INFO [model]   Computing resume scores...
2026-09-30 11:33:17,891 INFO [model]   Using 21096 caller-supplied Glicko snapshots
2026-09-30 11:33:20,271 INFO [model]   Added 15 Glicko features  + 4 confidence features
2026-09-30 11:33:20,272 INFO [model]   Computing Elo-adjusted stats...
2026-09-30 11:33:20,273 INFO [model]   Computing rolling career averages...
2026-09-30 11:33:20,579 INFO [model]   Added 15 Glicko features  + 4 confidence features
2026-09-30 11:33:20,579 INFO [model]   Computing Elo-adjusted stats...
2026-09-30 11:33:20,580 INFO [model]   Computing rolling career averages...
2026-09-30 11:33:20,857 INFO [model]   Added 15 Glicko features  + 4 confidence features
2026-09-30 11:33:20,858 INFO [model]   Computing Elo-adjusted stats...
2026-09-30 11:33:20,861 INFO [model]   Computing rolling career averages...
2026-09-30 11:33:45,623 INFO [model]   Computing streaks and career stats...
2026-09-30 11:33:46,264 INFO [model]   Computing streaks and career stats...
2026-09-30 11:33:46,289 INFO [model]   Computing streaks and career stats...
2026-09-30 11:33:47,396 INFO [model]   Computing composite features...
2026-09-30 11:33:47,402 INFO [model]   Computing round-by-round profiles...
2026-09-30 11:33:48,053 INFO [model]   Computing composite features...
2026-09-30 11:33:48,057 INFO [model]   Computing round-by-round profiles...
2026-09-30 11:33:48,100 INFO [model]   Computing composite features...
2026-09-30 11:33:48,105 INFO [model]   Computing round-by-round profiles...
2026-09-30 11:33:56,699 INFO [model]   Computing age curve features...
2026-09-30 11:33:56,703 INFO [model]   Computing damage accumulation...
2026-09-30 11:33:57,331 INFO [model]   Computing age curve features...
2026-09-30 11:33:57,334 INFO [model]   Computing damage accumulation...
2026-09-30 11:33:57,469 INFO [model]   Computing age curve features...
2026-09-30 11:33:57,472 INFO [model]   Computing damage accumulation...
2026-09-30 11:33:58,062 INFO [model]   Computing weight-class movement...
2026-09-30 11:33:58,294 INFO [model]   Computing age-relative performance residuals...
2026-09-30 11:33:58,416 INFO [model]   Computing opponent-adjusted expected stats...
2026-09-30 11:33:58,441 INFO [expected_stats]   Expected stats: 59 refits x 5 stats
2026-09-30 11:33:58,735 INFO [model]   Computing weight-class movement...
2026-09-30 11:33:58,949 INFO [model]   Computing weight-class movement...
2026-09-30 11:33:58,974 INFO [model]   Computing age-relative performance residuals...
2026-09-30 11:33:59,108 INFO [model]   Computing opponent-adjusted expected stats...
2026-09-30 11:33:59,137 INFO [expected_stats]   Expected stats: 59 refits x 5 stats
2026-09-30 11:33:59,266 INFO [model]   Computing age-relative performance residuals...
2026-09-30 11:33:59,396 INFO [model]   Computing opponent-adjusted expected stats...
2026-09-30 11:33:59,422 INFO [expected_stats]   Expected stats: 59 refits x 5 stats
2026-09-30 11:34:10,024 INFO [model]   Computing fighter style clusters (k=6)...
2026-09-30 11:34:10,352 INFO [model]     Fit on 17081 rows, assigned 22299 fighter-fights
2026-09-30 11:34:10,352 INFO [model]     Style 0 (3349 fighter-fights): SigStr/5=15.4 TD/5=0.6 Sub/5=0.5 Ctrl/5=50.7 GndStr/5=3.1 top=ctrl_per5
2026-09-30 11:34:10,352 INFO [model]     Style 1 (10346 fighter-fights): SigStr/5=15.1 TD/5=0.5 Sub/5=0.3 Ctrl/5=43.5 GndStr/5=3.1 top=ctrl_per5
2026-09-30 11:34:10,352 INFO [model]     Style 2 (3759 fighter-fights): SigStr/5=16.7 TD/5=1.5 Sub/5=0.6 Ctrl/5=113.4 GndStr/5=8.0 top=ctrl_per5
2026-09-30 11:34:10,352 INFO [model]     Style 3 (4223 fighter-fights): SigStr/5=30.5 TD/5=0.3 Sub/5=0.2 Ctrl/5=33.7 GndStr/5=5.6 top=ctrl_per5
2026-09-30 11:34:10,353 INFO [model]     Style 4 (314 fighter-fights): SigStr/5=71.9 TD/5=0.7 Sub/5=0.3 Ctrl/5=55.9 GndStr/5=35.5 top=sig_str_landed_per5
2026-09-30 11:34:10,353 INFO [model]     Style 5 (308 fighter-fights): SigStr/5=11.6 TD/5=2.3 Sub/5=4.7 Ctrl/5=54.7 GndStr/5=3.9 top=ctrl_per5
2026-09-30 11:34:10,409 INFO [model]   Style matchup features computed expanding-in-time (6x6, 22202 fighter-fights)
2026-09-30 11:34:10,700 INFO [model]   Feature matrix shape: (22299, 371)
2026-09-30 11:34:10,729 INFO [model] Building matchup feature matrix...
2026-09-30 11:34:10,788 INFO [model]   Computing fighter style clusters (k=6)...
2026-09-30 11:34:10,868 INFO [model]   Loading odds from database...
2026-09-30 11:34:11,116 INFO [model]   Computing fighter style clusters (k=6)...
2026-09-30 11:34:11,120 INFO [model]     Fit on 17081 rows, assigned 22299 fighter-fights
2026-09-30 11:34:11,120 INFO [model]     Style 0 (3349 fighter-fights): SigStr/5=15.4 TD/5=0.6 Sub/5=0.5 Ctrl/5=50.7 GndStr/5=3.1 top=ctrl_per5
2026-09-30 11:34:11,120 INFO [model]     Style 1 (10346 fighter-fights): SigStr/5=15.1 TD/5=0.5 Sub/5=0.3 Ctrl/5=43.5 GndStr/5=3.1 top=ctrl_per5
2026-09-30 11:34:11,120 INFO [model]     Style 2 (3759 fighter-fights): SigStr/5=16.7 TD/5=1.5 Sub/5=0.6 Ctrl/5=113.4 GndStr/5=8.0 top=ctrl_per5
2026-09-30 11:34:11,120 INFO [model]     Style 3 (4223 fighter-fights): SigStr/5=30.5 TD/5=0.3 Sub/5=0.2 Ctrl/5=33.7 GndStr/5=5.6 top=ctrl_per5
2026-09-30 11:34:11,120 INFO [model]     Style 4 (314 fighter-fights): SigStr/5=71.9 TD/5=0.7 Sub/5=0.3 Ctrl/5=55.9 GndStr/5=35.5 top=sig_str_landed_per5
2026-09-30 11:34:11,121 INFO [model]     Style 5 (308 fighter-fights): SigStr/5=11.6 TD/5=2.3 Sub/5=4.7 Ctrl/5=54.7 GndStr/5=3.9 top=ctrl_per5
2026-09-30 11:34:11,176 INFO [model]   Style matchup features computed expanding-in-time (6x6, 22202 fighter-fights)
2026-09-30 11:34:11,458 INFO [model]     Fit on 17081 rows, assigned 22299 fighter-fights
2026-09-30 11:34:11,458 INFO [model]     Style 0 (3349 fighter-fights): SigStr/5=15.4 TD/5=0.6 Sub/5=0.5 Ctrl/5=50.7 GndStr/5=3.1 top=ctrl_per5
2026-09-30 11:34:11,458 INFO [model]     Style 1 (10346 fighter-fights): SigStr/5=15.1 TD/5=0.5 Sub/5=0.3 Ctrl/5=43.5 GndStr/5=3.1 top=ctrl_per5
2026-09-30 11:34:11,459 INFO [model]     Style 2 (3759 fighter-fights): SigStr/5=16.7 TD/5=1.5 Sub/5=0.6 Ctrl/5=113.4 GndStr/5=8.0 top=ctrl_per5
2026-09-30 11:34:11,459 INFO [model]     Style 3 (4223 fighter-fights): SigStr/5=30.5 TD/5=0.3 Sub/5=0.2 Ctrl/5=33.7 GndStr/5=5.6 top=ctrl_per5
2026-09-30 11:34:11,459 INFO [model]     Style 4 (314 fighter-fights): SigStr/5=71.9 TD/5=0.7 Sub/5=0.3 Ctrl/5=55.9 GndStr/5=35.5 top=sig_str_landed_per5
2026-09-30 11:34:11,459 INFO [model]     Style 5 (308 fighter-fights): SigStr/5=11.6 TD/5=2.3 Sub/5=4.7 Ctrl/5=54.7 GndStr/5=3.9 top=ctrl_per5
2026-09-30 11:34:11,506 INFO [model]   Feature matrix shape: (22299, 378)
2026-09-30 11:34:11,521 INFO [model]   Style matchup features computed expanding-in-time (6x6, 22202 fighter-fights)
2026-09-30 11:34:11,541 INFO [model] Building matchup feature matrix...
2026-09-30 11:34:11,708 INFO [model]   Loading odds from database...
2026-09-30 11:34:11,827 INFO [model]   Feature matrix shape: (22299, 374)
2026-09-30 11:34:11,855 INFO [model] Building matchup feature matrix...
2026-09-30 11:34:11,986 INFO [model]   Loading odds from database...
2026-09-30 11:34:12,383 INFO [model]   Odds matched: 2867/11101 fights (25.8%)
2026-09-30 11:34:12,421 INFO [model]   Filtered to modern era (2015+): 6284 fights (dropped 4587 pre-2015)
2026-09-30 11:34:12,421 INFO [model]   Red win rate (modern): 0.567
2026-09-30 11:34:12,435 INFO [model]   Matchup matrix: 6284 fights, 317 candidate features
2026-09-30 11:34:12,435 INFO [model]   Red win rate: 0.567
2026-09-30 11:34:12,436 INFO [model]   Date range: 2015-01-03 to 2026-09-26
2026-09-30 11:34:13,110 INFO [model]   Odds matched: 2867/11101 fights (25.8%)
2026-09-30 11:34:13,145 INFO [model]   Filtered to modern era (2015+): 6284 fights (dropped 4587 pre-2015)
2026-09-30 11:34:13,146 INFO [model]   Red win rate (modern): 0.567
2026-09-30 11:34:13,158 INFO [model]   Matchup matrix: 6284 fights, 324 candidate features
2026-09-30 11:34:13,158 INFO [model]   Red win rate: 0.567
2026-09-30 11:34:13,159 INFO [model]   Date range: 2015-01-03 to 2026-09-26
2026-09-30 11:34:13,425 INFO [model]   Odds matched: 2867/11101 fights (25.8%)
2026-09-30 11:34:13,460 INFO [model]   Filtered to modern era (2015+): 6284 fights (dropped 4587 pre-2015)
2026-09-30 11:34:13,461 INFO [model]   Red win rate (modern): 0.567
2026-09-30 11:34:13,472 INFO [model]   Matchup matrix: 6284 fights, 320 candidate features
2026-09-30 11:34:13,473 INFO [model]   Red win rate: 0.567
2026-09-30 11:34:13,473 INFO [model]   Date range: 2015-01-03 to 2026-09-26
2026-09-30 11:34:54,066 INFO [model]     MarketAnchor: b=0.393 c=+0.038 on 402 priced rows (trusting 39% of disagreement)
2026-09-30 11:34:54,066 INFO [fast_wf]   noodds:catboost:0 fold 1/8 feats=317 anchor b=0.393
2026-09-30 11:34:55,069 INFO [model]     MarketAnchor: b=0.361 c=+0.039 on 402 priced rows (trusting 36% of disagreement)
2026-09-30 11:34:55,069 INFO [fast_wf]   noodds:catboost:0 fold 1/8 feats=310 anchor b=0.361
2026-09-30 11:34:55,910 INFO [model]     MarketAnchor: b=0.396 c=+0.034 on 402 priced rows (trusting 40% of disagreement)
2026-09-30 11:34:55,910 INFO [fast_wf]   noodds:catboost:0 fold 1/8 feats=313 anchor b=0.396
2026-09-30 11:35:01,178 INFO [model]     MarketAnchor: b=0.398 c=+0.151 on 493 priced rows (trusting 40% of disagreement)
2026-09-30 11:35:01,179 INFO [fast_wf]   noodds:catboost:0 fold 2/8 feats=317 anchor b=0.398
2026-09-30 11:35:04,535 INFO [model]     MarketAnchor: b=0.383 c=+0.158 on 493 priced rows (trusting 38% of disagreement)
2026-09-30 11:35:04,536 INFO [fast_wf]   noodds:catboost:0 fold 2/8 feats=310 anchor b=0.383
2026-09-30 11:35:06,320 INFO [model]     MarketAnchor: b=0.416 c=+0.149 on 493 priced rows (trusting 42% of disagreement)
2026-09-30 11:35:06,321 INFO [fast_wf]   noodds:catboost:0 fold 2/8 feats=313 anchor b=0.416
2026-09-30 11:35:17,685 INFO [model]     MarketAnchor: b=0.426 c=+0.091 on 529 priced rows (trusting 43% of disagreement)
2026-09-30 11:35:17,687 INFO [fast_wf]   noodds:catboost:0 fold 3/8 feats=310 anchor b=0.426
2026-09-30 11:35:17,705 INFO [model]     MarketAnchor: b=0.437 c=+0.085 on 529 priced rows (trusting 44% of disagreement)
2026-09-30 11:35:17,706 INFO [fast_wf]   noodds:catboost:0 fold 3/8 feats=317 anchor b=0.437
2026-09-30 11:35:20,304 INFO [model]     MarketAnchor: b=0.425 c=+0.089 on 529 priced rows (trusting 42% of disagreement)
2026-09-30 11:35:20,306 INFO [fast_wf]   noodds:catboost:0 fold 3/8 feats=313 anchor b=0.425
2026-09-30 11:35:31,424 INFO [model]     MarketAnchor: b=0.319 c=+0.093 on 595 priced rows (trusting 32% of disagreement)
2026-09-30 11:35:31,425 INFO [fast_wf]   noodds:catboost:0 fold 4/8 feats=310 anchor b=0.319
2026-09-30 11:35:34,256 INFO [model]     MarketAnchor: b=0.319 c=+0.094 on 595 priced rows (trusting 32% of disagreement)
2026-09-30 11:35:34,257 INFO [fast_wf]   noodds:catboost:0 fold 4/8 feats=313 anchor b=0.319
2026-09-30 11:35:40,060 INFO [model]     MarketAnchor: b=0.333 c=+0.098 on 595 priced rows (trusting 33% of disagreement)
2026-09-30 11:35:40,061 INFO [fast_wf]   noodds:catboost:0 fold 4/8 feats=317 anchor b=0.333
2026-09-30 11:35:46,261 INFO [model]     MarketAnchor: b=0.409 c=+0.054 on 628 priced rows (trusting 41% of disagreement)
2026-09-30 11:35:46,262 INFO [fast_wf]   noodds:catboost:0 fold 5/8 feats=310 anchor b=0.409
2026-09-30 11:35:50,458 INFO [model]     MarketAnchor: b=0.411 c=+0.052 on 628 priced rows (trusting 41% of disagreement)
2026-09-30 11:35:50,459 INFO [fast_wf]   noodds:catboost:0 fold 5/8 feats=313 anchor b=0.411
2026-09-30 11:36:10,275 INFO [model]     MarketAnchor: b=0.264 c=+0.047 on 689 priced rows (trusting 26% of disagreement)
2026-09-30 11:36:10,277 INFO [fast_wf]   noodds:catboost:0 fold 6/8 feats=310 anchor b=0.264
2026-09-30 11:36:10,827 INFO [model]     MarketAnchor: b=0.249 c=+0.047 on 689 priced rows (trusting 25% of disagreement)
2026-09-30 11:36:10,828 INFO [fast_wf]   noodds:catboost:0 fold 6/8 feats=313 anchor b=0.249
2026-09-30 11:36:12,756 INFO [model]     MarketAnchor: b=0.416 c=+0.052 on 628 priced rows (trusting 42% of disagreement)
2026-09-30 11:36:12,757 INFO [fast_wf]   noodds:catboost:0 fold 5/8 feats=317 anchor b=0.416
2026-09-30 11:36:24,847 INFO [model]     MarketAnchor: b=0.280 c=+0.068 on 707 priced rows (trusting 28% of disagreement)
2026-09-30 11:36:24,849 INFO [fast_wf]   noodds:catboost:0 fold 7/8 feats=310 anchor b=0.280
2026-09-30 11:36:25,225 INFO [model]     MarketAnchor: b=0.281 c=+0.043 on 689 priced rows (trusting 28% of disagreement)
2026-09-30 11:36:25,226 INFO [fast_wf]   noodds:catboost:0 fold 6/8 feats=317 anchor b=0.281
2026-09-30 11:36:30,669 INFO [model]     MarketAnchor: b=0.317 c=+0.067 on 707 priced rows (trusting 32% of disagreement)
2026-09-30 11:36:30,670 INFO [fast_wf]   noodds:catboost:0 fold 7/8 feats=313 anchor b=0.317
2026-09-30 11:36:45,290 INFO [model]     MarketAnchor: b=0.397 c=+0.073 on 771 priced rows (trusting 40% of disagreement)
2026-09-30 11:36:45,292 INFO [fast_wf]   noodds:catboost:0 fold 8/8 feats=310 anchor b=0.397
2026-09-30 11:36:46,855 INFO [model]     MarketAnchor: b=0.436 c=+0.071 on 771 priced rows (trusting 44% of disagreement)
2026-09-30 11:36:46,856 INFO [fast_wf]   noodds:catboost:0 fold 8/8 feats=313 anchor b=0.436
2026-09-30 11:36:48,783 INFO [model]     MarketAnchor: b=0.343 c=+0.065 on 707 priced rows (trusting 34% of disagreement)
2026-09-30 11:36:48,785 INFO [fast_wf]   noodds:catboost:0 fold 7/8 feats=317 anchor b=0.343
2026-09-30 11:36:55,186 INFO [model]     MarketAnchor: b=0.408 c=+0.025 on 402 priced rows (trusting 41% of disagreement)
2026-09-30 11:36:55,187 INFO [fast_wf]   noodds_noraw:catboost:0 fold 1/8 feats=173 anchor b=0.408
2026-09-30 11:36:56,827 INFO [model]     MarketAnchor: b=0.367 c=+0.031 on 402 priced rows (trusting 37% of disagreement)
2026-09-30 11:36:56,828 INFO [fast_wf]   noodds_noraw:catboost:0 fold 1/8 feats=176 anchor b=0.367
2026-09-30 11:37:06,414 INFO [model]     MarketAnchor: b=0.386 c=+0.149 on 493 priced rows (trusting 39% of disagreement)
2026-09-30 11:37:06,414 INFO [fast_wf]   noodds_noraw:catboost:0 fold 2/8 feats=173 anchor b=0.386
2026-09-30 11:37:07,697 INFO [model]     MarketAnchor: b=0.423 c=+0.143 on 493 priced rows (trusting 42% of disagreement)
2026-09-30 11:37:07,698 INFO [fast_wf]   noodds_noraw:catboost:0 fold 2/8 feats=176 anchor b=0.423
2026-09-30 11:37:11,465 INFO [model]     MarketAnchor: b=0.396 c=+0.073 on 771 priced rows (trusting 40% of disagreement)
2026-09-30 11:37:11,468 INFO [fast_wf]   noodds:catboost:0 fold 8/8 feats=317 anchor b=0.396
2026-09-30 11:37:17,583 INFO [model]     MarketAnchor: b=0.467 c=+0.088 on 529 priced rows (trusting 47% of disagreement)
2026-09-30 11:37:17,584 INFO [fast_wf]   noodds_noraw:catboost:0 fold 3/8 feats=176 anchor b=0.467
2026-09-30 11:37:18,809 INFO [model]     MarketAnchor: b=0.437 c=+0.085 on 529 priced rows (trusting 44% of disagreement)
2026-09-30 11:37:18,810 INFO [fast_wf]   noodds_noraw:catboost:0 fold 3/8 feats=173 anchor b=0.437
2026-09-30 11:37:23,105 INFO [model]     MarketAnchor: b=0.385 c=+0.028 on 402 priced rows (trusting 38% of disagreement)
2026-09-30 11:37:23,107 INFO [fast_wf]   noodds_noraw:catboost:0 fold 1/8 feats=179 anchor b=0.385
2026-09-30 11:37:29,257 INFO [model]     MarketAnchor: b=0.316 c=+0.091 on 595 priced rows (trusting 32% of disagreement)
2026-09-30 11:37:29,258 INFO [fast_wf]   noodds_noraw:catboost:0 fold 4/8 feats=176 anchor b=0.316
2026-09-30 11:37:29,263 INFO [model]     MarketAnchor: b=0.418 c=+0.147 on 493 priced rows (trusting 42% of disagreement)
2026-09-30 11:37:29,265 INFO [fast_wf]   noodds_noraw:catboost:0 fold 2/8 feats=179 anchor b=0.418
2026-09-30 11:37:32,229 INFO [model]     MarketAnchor: b=0.336 c=+0.087 on 595 priced rows (trusting 34% of disagreement)
2026-09-30 11:37:32,229 INFO [fast_wf]   noodds_noraw:catboost:0 fold 4/8 feats=173 anchor b=0.336
2026-09-30 11:37:39,273 INFO [model]     MarketAnchor: b=0.430 c=+0.086 on 529 priced rows (trusting 43% of disagreement)
2026-09-30 11:37:39,274 INFO [fast_wf]   noodds_noraw:catboost:0 fold 3/8 feats=179 anchor b=0.430
2026-09-30 11:37:44,174 INFO [model]     MarketAnchor: b=0.432 c=+0.050 on 628 priced rows (trusting 43% of disagreement)
2026-09-30 11:37:44,174 INFO [fast_wf]   noodds_noraw:catboost:0 fold 5/8 feats=173 anchor b=0.432
2026-09-30 11:37:45,142 INFO [model]     MarketAnchor: b=0.444 c=+0.051 on 628 priced rows (trusting 44% of disagreement)
2026-09-30 11:37:45,143 INFO [fast_wf]   noodds_noraw:catboost:0 fold 5/8 feats=176 anchor b=0.444
2026-09-30 11:37:48,708 INFO [model]     MarketAnchor: b=0.260 c=+0.101 on 595 priced rows (trusting 26% of disagreement)
2026-09-30 11:37:48,709 INFO [fast_wf]   noodds_noraw:catboost:0 fold 4/8 feats=179 anchor b=0.260
2026-09-30 11:37:50,394 INFO [model]     MarketAnchor: b=0.266 c=+0.046 on 689 priced rows (trusting 27% of disagreement)
2026-09-30 11:37:50,394 INFO [fast_wf]   noodds_noraw:catboost:0 fold 6/8 feats=173 anchor b=0.266
2026-09-30 11:37:51,370 INFO [model]     MarketAnchor: b=0.295 c=+0.040 on 689 priced rows (trusting 30% of disagreement)
2026-09-30 11:37:51,370 INFO [fast_wf]   noodds_noraw:catboost:0 fold 6/8 feats=176 anchor b=0.295
2026-09-30 11:37:58,342 INFO [model]     MarketAnchor: b=0.333 c=+0.067 on 707 priced rows (trusting 33% of disagreement)
2026-09-30 11:37:58,344 INFO [fast_wf]   noodds_noraw:catboost:0 fold 7/8 feats=176 anchor b=0.333
2026-09-30 11:37:58,467 INFO [model]     MarketAnchor: b=0.405 c=+0.052 on 628 priced rows (trusting 40% of disagreement)
2026-09-30 11:37:58,468 INFO [fast_wf]   noodds_noraw:catboost:0 fold 5/8 feats=179 anchor b=0.405
2026-09-30 11:37:58,966 INFO [model]     MarketAnchor: b=0.363 c=+0.068 on 707 priced rows (trusting 36% of disagreement)
2026-09-30 11:37:58,966 INFO [fast_wf]   noodds_noraw:catboost:0 fold 7/8 feats=173 anchor b=0.363
2026-09-30 11:38:03,965 INFO [model]     MarketAnchor: b=0.241 c=+0.050 on 689 priced rows (trusting 24% of disagreement)
2026-09-30 11:38:03,965 INFO [fast_wf]   noodds_noraw:catboost:0 fold 6/8 feats=179 anchor b=0.241
2026-09-30 11:38:05,805 INFO [model]     MarketAnchor: b=0.476 c=+0.067 on 771 priced rows (trusting 48% of disagreement)
2026-09-30 11:38:05,805 INFO [fast_wf]   noodds_noraw:catboost:0 fold 8/8 feats=176 anchor b=0.476
2026-09-30 11:38:07,405 INFO [model]     MarketAnchor: b=0.412 c=+0.073 on 771 priced rows (trusting 41% of disagreement)
2026-09-30 11:38:07,405 INFO [fast_wf]   noodds_noraw:catboost:0 fold 8/8 feats=173 anchor b=0.412
2026-09-30 11:38:11,402 INFO [model]     MarketAnchor: b=0.383 c=+0.067 on 707 priced rows (trusting 38% of disagreement)
2026-09-30 11:38:11,403 INFO [fast_wf]   noodds_noraw:catboost:0 fold 7/8 feats=179 anchor b=0.383
2026-09-30 11:38:17,201 INFO [model]     MarketAnchor: b=0.415 c=+0.073 on 771 priced rows (trusting 41% of disagreement)
2026-09-30 11:38:17,202 INFO [fast_wf]   noodds_noraw:catboost:0 fold 8/8 feats=179 anchor b=0.415
2026-09-30 11:38:22,928 INFO [model]   Early stopping (chronological val, n=480): best_iter=94 val_logloss=0.6536
2026-09-30 11:38:23,400 INFO [model]   Early stopping (chronological val, n=480): best_iter=107 val_logloss=0.6535
2026-09-30 11:38:24,435 INFO [model]     MarketAnchor: b=0.282 c=+0.042 on 402 priced rows (trusting 28% of disagreement)
2026-09-30 11:38:24,436 INFO [fast_wf]   noodds:hgb:0 fold 1/8 feats=313 anchor b=0.282
2026-09-30 11:38:25,000 INFO [model]     MarketAnchor: b=0.255 c=+0.042 on 402 priced rows (trusting 25% of disagreement)
2026-09-30 11:38:25,001 INFO [fast_wf]   noodds:hgb:0 fold 1/8 feats=310 anchor b=0.255
2026-09-30 11:38:29,929 INFO [model]   Early stopping (chronological val, n=480): best_iter=104 val_logloss=0.6543
2026-09-30 11:38:31,565 INFO [model]     MarketAnchor: b=0.219 c=+0.048 on 402 priced rows (trusting 22% of disagreement)
2026-09-30 11:38:31,566 INFO [fast_wf]   noodds:hgb:0 fold 1/8 feats=317 anchor b=0.219
2026-09-30 11:38:36,850 INFO [model]   Early stopping (chronological val, n=520): best_iter=133 val_logloss=0.6569
2026-09-30 11:38:37,591 INFO [model]   Early stopping (chronological val, n=520): best_iter=188 val_logloss=0.6574
2026-09-30 11:38:38,806 INFO [model]     MarketAnchor: b=0.369 c=+0.159 on 493 priced rows (trusting 37% of disagreement)
2026-09-30 11:38:38,806 INFO [fast_wf]   noodds:hgb:0 fold 2/8 feats=313 anchor b=0.369
2026-09-30 11:38:40,086 INFO [model]     MarketAnchor: b=0.391 c=+0.154 on 493 priced rows (trusting 39% of disagreement)
2026-09-30 11:38:40,086 INFO [fast_wf]   noodds:hgb:0 fold 2/8 feats=310 anchor b=0.391
2026-09-30 11:38:42,314 INFO [model]   Early stopping (chronological val, n=520): best_iter=134 val_logloss=0.6579
2026-09-30 11:38:44,228 INFO [model]     MarketAnchor: b=0.397 c=+0.151 on 493 priced rows (trusting 40% of disagreement)
2026-09-30 11:38:44,229 INFO [fast_wf]   noodds:hgb:0 fold 2/8 feats=317 anchor b=0.397
2026-09-30 11:38:50,530 INFO [model]   Early stopping (chronological val, n=560): best_iter=318 val_logloss=0.6562
2026-09-30 11:38:52,334 INFO [model]   Early stopping (chronological val, n=560): best_iter=344 val_logloss=0.6573
2026-09-30 11:38:54,908 INFO [model]     MarketAnchor: b=0.430 c=+0.083 on 529 priced rows (trusting 43% of disagreement)
2026-09-30 11:38:54,908 INFO [fast_wf]   noodds:hgb:0 fold 3/8 feats=313 anchor b=0.430
2026-09-30 11:38:56,476 INFO [model]   Early stopping (chronological val, n=560): best_iter=367 val_logloss=0.6567
2026-09-30 11:38:56,851 INFO [model]     MarketAnchor: b=0.415 c=+0.088 on 529 priced rows (trusting 42% of disagreement)
2026-09-30 11:38:56,852 INFO [fast_wf]   noodds:hgb:0 fold 3/8 feats=310 anchor b=0.415
2026-09-30 11:39:02,376 INFO [model]     MarketAnchor: b=0.393 c=+0.085 on 529 priced rows (trusting 39% of disagreement)
2026-09-30 11:39:02,377 INFO [fast_wf]   noodds:hgb:0 fold 3/8 feats=317 anchor b=0.393
2026-09-30 11:39:08,818 INFO [model]   Early stopping (chronological val, n=600): best_iter=177 val_logloss=0.6439
2026-09-30 11:39:10,351 INFO [model]   Early stopping (chronological val, n=600): best_iter=161 val_logloss=0.6431
2026-09-30 11:39:11,411 INFO [model]     MarketAnchor: b=0.300 c=+0.095 on 595 priced rows (trusting 30% of disagreement)
2026-09-30 11:39:11,412 INFO [fast_wf]   noodds:hgb:0 fold 4/8 feats=313 anchor b=0.300
2026-09-30 11:39:12,810 INFO [model]     MarketAnchor: b=0.308 c=+0.097 on 595 priced rows (trusting 31% of disagreement)
2026-09-30 11:39:12,810 INFO [fast_wf]   noodds:hgb:0 fold 4/8 feats=310 anchor b=0.308
2026-09-30 11:39:15,083 INFO [model]   Early stopping (chronological val, n=600): best_iter=173 val_logloss=0.6433
2026-09-30 11:39:17,993 INFO [model]     MarketAnchor: b=0.284 c=+0.097 on 595 priced rows (trusting 28% of disagreement)
2026-09-30 11:39:17,994 INFO [fast_wf]   noodds:hgb:0 fold 4/8 feats=317 anchor b=0.284
2026-09-30 11:39:23,680 INFO [model]   Early stopping (chronological val, n=640): best_iter=243 val_logloss=0.6418
2026-09-30 11:39:24,978 INFO [model]   Early stopping (chronological val, n=640): best_iter=279 val_logloss=0.6416
2026-09-30 11:39:27,006 INFO [model]     MarketAnchor: b=0.421 c=+0.049 on 628 priced rows (trusting 42% of disagreement)
2026-09-30 11:39:27,006 INFO [fast_wf]   noodds:hgb:0 fold 5/8 feats=313 anchor b=0.421
2026-09-30 11:39:28,775 INFO [model]     MarketAnchor: b=0.432 c=+0.048 on 628 priced rows (trusting 43% of disagreement)
2026-09-30 11:39:28,775 INFO [fast_wf]   noodds:hgb:0 fold 5/8 feats=310 anchor b=0.432
2026-09-30 11:39:29,751 INFO [model]   Early stopping (chronological val, n=640): best_iter=239 val_logloss=0.6417
2026-09-30 11:39:33,117 INFO [model]     MarketAnchor: b=0.379 c=+0.055 on 628 priced rows (trusting 38% of disagreement)
2026-09-30 11:39:33,118 INFO [fast_wf]   noodds:hgb:0 fold 5/8 feats=317 anchor b=0.379
2026-09-30 11:39:38,829 INFO [model]   Early stopping (chronological val, n=680): best_iter=138 val_logloss=0.6437
2026-09-30 11:39:40,588 INFO [model]   Early stopping (chronological val, n=680): best_iter=125 val_logloss=0.6431
2026-09-30 11:39:40,890 INFO [model]     MarketAnchor: b=0.213 c=+0.051 on 689 priced rows (trusting 21% of disagreement)
2026-09-30 11:39:40,890 INFO [fast_wf]   noodds:hgb:0 fold 6/8 feats=313 anchor b=0.213
2026-09-30 11:39:42,554 INFO [model]     MarketAnchor: b=0.190 c=+0.053 on 689 priced rows (trusting 19% of disagreement)
2026-09-30 11:39:42,554 INFO [fast_wf]   noodds:hgb:0 fold 6/8 feats=310 anchor b=0.190
2026-09-30 11:39:45,217 INFO [model]   Early stopping (chronological val, n=680): best_iter=176 val_logloss=0.6453
2026-09-30 11:39:47,762 INFO [model]     MarketAnchor: b=0.196 c=+0.054 on 689 priced rows (trusting 20% of disagreement)
2026-09-30 11:39:47,763 INFO [fast_wf]   noodds:hgb:0 fold 6/8 feats=317 anchor b=0.196
2026-09-30 11:39:53,411 INFO [model]   Early stopping (chronological val, n=720): best_iter=190 val_logloss=0.6415
2026-09-30 11:39:55,427 INFO [model]   Early stopping (chronological val, n=720): best_iter=204 val_logloss=0.6422
2026-09-30 11:39:56,963 INFO [model]     MarketAnchor: b=0.327 c=+0.070 on 707 priced rows (trusting 33% of disagreement)
2026-09-30 11:39:56,964 INFO [fast_wf]   noodds:hgb:0 fold 7/8 feats=313 anchor b=0.327
2026-09-30 11:39:59,203 INFO [model]     MarketAnchor: b=0.318 c=+0.066 on 707 priced rows (trusting 32% of disagreement)
2026-09-30 11:39:59,203 INFO [fast_wf]   noodds:hgb:0 fold 7/8 feats=310 anchor b=0.318
2026-09-30 11:40:01,404 INFO [model]   Early stopping (chronological val, n=720): best_iter=179 val_logloss=0.6427
2026-09-30 11:40:04,009 INFO [model]     MarketAnchor: b=0.341 c=+0.070 on 707 priced rows (trusting 34% of disagreement)
2026-09-30 11:40:04,009 INFO [fast_wf]   noodds:hgb:0 fold 7/8 feats=317 anchor b=0.341
2026-09-30 11:40:10,247 INFO [model]   Early stopping (chronological val, n=760): best_iter=253 val_logloss=0.6375
2026-09-30 11:40:12,108 INFO [model]   Early stopping (chronological val, n=760): best_iter=257 val_logloss=0.6372
2026-09-30 11:40:13,928 INFO [model]     MarketAnchor: b=0.386 c=+0.069 on 771 priced rows (trusting 39% of disagreement)
2026-09-30 11:40:13,929 INFO [fast_wf]   noodds:hgb:0 fold 8/8 feats=313 anchor b=0.386
2026-09-30 11:40:14,210 INFO [model]     MarketAnchor: b=0.298 c=+0.027 on 402 priced rows (trusting 30% of disagreement)
2026-09-30 11:40:14,211 INFO [fast_wf]   noodds:logit:0 fold 1/8 feats=313 anchor b=0.298
2026-09-30 11:40:14,485 INFO [model]     MarketAnchor: b=0.230 c=+0.171 on 493 priced rows (trusting 23% of disagreement)
2026-09-30 11:40:14,486 INFO [fast_wf]   noodds:logit:0 fold 2/8 feats=313 anchor b=0.230
2026-09-30 11:40:14,785 INFO [model]     MarketAnchor: b=0.250 c=+0.089 on 529 priced rows (trusting 25% of disagreement)
2026-09-30 11:40:14,786 INFO [fast_wf]   noodds:logit:0 fold 3/8 feats=313 anchor b=0.250
2026-09-30 11:40:15,255 INFO [model]     MarketAnchor: b=0.251 c=+0.102 on 595 priced rows (trusting 25% of disagreement)
2026-09-30 11:40:15,255 INFO [fast_wf]   noodds:logit:0 fold 4/8 feats=313 anchor b=0.251
2026-09-30 11:40:15,590 INFO [model]     MarketAnchor: b=0.447 c=+0.041 on 628 priced rows (trusting 45% of disagreement)
2026-09-30 11:40:15,590 INFO [fast_wf]   noodds:logit:0 fold 5/8 feats=313 anchor b=0.447
2026-09-30 11:40:15,758 INFO [model]     MarketAnchor: b=0.393 c=+0.070 on 771 priced rows (trusting 39% of disagreement)
2026-09-30 11:40:15,759 INFO [fast_wf]   noodds:hgb:0 fold 8/8 feats=310 anchor b=0.393
2026-09-30 11:40:16,054 INFO [model]     MarketAnchor: b=0.359 c=+0.035 on 689 priced rows (trusting 36% of disagreement)
2026-09-30 11:40:16,055 INFO [fast_wf]   noodds:logit:0 fold 6/8 feats=313 anchor b=0.359
2026-09-30 11:40:16,113 INFO [model]     MarketAnchor: b=0.286 c=+0.034 on 402 priced rows (trusting 29% of disagreement)
2026-09-30 11:40:16,114 INFO [fast_wf]   noodds:logit:0 fold 1/8 feats=310 anchor b=0.286
2026-09-30 11:40:16,634 INFO [model]     MarketAnchor: b=0.258 c=+0.166 on 493 priced rows (trusting 26% of disagreement)
2026-09-30 11:40:16,634 INFO [fast_wf]   noodds:logit:0 fold 2/8 feats=310 anchor b=0.258
2026-09-30 11:40:16,675 INFO [model]     MarketAnchor: b=0.332 c=+0.060 on 707 priced rows (trusting 33% of disagreement)
2026-09-30 11:40:16,675 INFO [fast_wf]   noodds:logit:0 fold 7/8 feats=313 anchor b=0.332
2026-09-30 11:40:16,990 INFO [model]   Early stopping (chronological val, n=760): best_iter=308 val_logloss=0.6366
2026-09-30 11:40:17,031 INFO [model]     MarketAnchor: b=0.314 c=+0.082 on 529 priced rows (trusting 31% of disagreement)
2026-09-30 11:40:17,032 INFO [fast_wf]   noodds:logit:0 fold 3/8 feats=310 anchor b=0.314
2026-09-30 11:40:17,228 INFO [model]     MarketAnchor: b=0.412 c=+0.071 on 771 priced rows (trusting 41% of disagreement)
2026-09-30 11:40:17,229 INFO [fast_wf]   noodds:logit:0 fold 8/8 feats=313 anchor b=0.412
2026-09-30 11:40:17,272 INFO [fast_wf] wrote /private/tmp/claude-501/-Users-rafeburns-Downloads-ALocks/60bea722-ac8a-436f-a39d-88c0619ee942/scratchpad/wf_wd.csv
2026-09-30 11:40:17,563 INFO [model]     MarketAnchor: b=0.373 c=+0.085 on 595 priced rows (trusting 37% of disagreement)
2026-09-30 11:40:17,564 INFO [fast_wf]   noodds:logit:0 fold 4/8 feats=310 anchor b=0.373
2026-09-30 11:40:17,875 INFO [model]     MarketAnchor: b=0.413 c=+0.047 on 628 priced rows (trusting 41% of disagreement)
2026-09-30 11:40:17,875 INFO [fast_wf]   noodds:logit:0 fold 5/8 feats=310 anchor b=0.413
2026-09-30 11:40:18,336 INFO [model]     MarketAnchor: b=0.322 c=+0.038 on 689 priced rows (trusting 32% of disagreement)
2026-09-30 11:40:18,337 INFO [fast_wf]   noodds:logit:0 fold 6/8 feats=310 anchor b=0.322
2026-09-30 11:40:18,842 INFO [model]     MarketAnchor: b=0.336 c=+0.063 on 707 priced rows (trusting 34% of disagreement)
2026-09-30 11:40:18,843 INFO [fast_wf]   noodds:logit:0 fold 7/8 feats=310 anchor b=0.336
2026-09-30 11:40:19,279 INFO [model]     MarketAnchor: b=0.386 c=+0.075 on 771 priced rows (trusting 39% of disagreement)
2026-09-30 11:40:19,279 INFO [fast_wf]   noodds:logit:0 fold 8/8 feats=310 anchor b=0.386
2026-09-30 11:40:19,320 INFO [fast_wf] wrote /private/tmp/claude-501/-Users-rafeburns-Downloads-ALocks/60bea722-ac8a-436f-a39d-88c0619ee942/scratchpad/wf_base.csv
2026-09-30 11:40:19,697 INFO [model]     MarketAnchor: b=0.393 c=+0.073 on 771 priced rows (trusting 39% of disagreement)
2026-09-30 11:40:19,698 INFO [fast_wf]   noodds:hgb:0 fold 8/8 feats=317 anchor b=0.393
2026-09-30 11:40:19,963 INFO [model]     MarketAnchor: b=0.297 c=+0.032 on 402 priced rows (trusting 30% of disagreement)
2026-09-30 11:40:19,963 INFO [fast_wf]   noodds:logit:0 fold 1/8 feats=317 anchor b=0.297
2026-09-30 11:40:20,173 INFO [model]     MarketAnchor: b=0.279 c=+0.163 on 493 priced rows (trusting 28% of disagreement)
2026-09-30 11:40:20,174 INFO [fast_wf]   noodds:logit:0 fold 2/8 feats=317 anchor b=0.279
2026-09-30 11:40:20,390 INFO [model]     MarketAnchor: b=0.317 c=+0.083 on 529 priced rows (trusting 32% of disagreement)
2026-09-30 11:40:20,391 INFO [fast_wf]   noodds:logit:0 fold 3/8 feats=317 anchor b=0.317
2026-09-30 11:40:20,665 INFO [model]     MarketAnchor: b=0.365 c=+0.086 on 595 priced rows (trusting 36% of disagreement)
2026-09-30 11:40:20,665 INFO [fast_wf]   noodds:logit:0 fold 4/8 feats=317 anchor b=0.365
2026-09-30 11:40:20,936 INFO [model]     MarketAnchor: b=0.454 c=+0.045 on 628 priced rows (trusting 45% of disagreement)
2026-09-30 11:40:20,937 INFO [fast_wf]   noodds:logit:0 fold 5/8 feats=317 anchor b=0.454
2026-09-30 11:40:21,243 INFO [model]     MarketAnchor: b=0.341 c=+0.036 on 689 priced rows (trusting 34% of disagreement)
2026-09-30 11:40:21,244 INFO [fast_wf]   noodds:logit:0 fold 6/8 feats=317 anchor b=0.341
2026-09-30 11:40:21,571 INFO [model]     MarketAnchor: b=0.339 c=+0.063 on 707 priced rows (trusting 34% of disagreement)
2026-09-30 11:40:21,571 INFO [fast_wf]   noodds:logit:0 fold 7/8 feats=317 anchor b=0.339
2026-09-30 11:40:21,900 INFO [model]     MarketAnchor: b=0.417 c=+0.074 on 771 priced rows (trusting 42% of disagreement)
2026-09-30 11:40:21,900 INFO [fast_wf]   noodds:logit:0 fold 8/8 feats=317 anchor b=0.417
2026-09-30 11:40:21,933 INFO [fast_wf] wrote /private/tmp/claude-501/-Users-rafeburns-Downloads-ALocks/60bea722-ac8a-436f-a39d-88c0619ee942/scratchpad/wf_mm.csv
2026-09-30 13:19:24,001 INFO [glicko_service]   Loading fight data...
2026-09-30 13:19:24,743 INFO [glicko_service]   Loaded 11616 fights
2026-09-30 13:19:24,743 INFO [glicko_service]   Loading per-round stats...
2026-09-30 13:19:27,894 INFO [glicko_service]   Loaded rounds for 11286 fights
2026-09-30 13:19:27,894 INFO [glicko_service]   Loading per-fight derived totals...
2026-09-30 13:19:28,844 INFO [glicko_service]   Loaded 22572 derived totals rows
2026-09-30 13:19:29,629 INFO [glicko_service]   Loaded 4617 fighters
2026-09-30 13:19:29,811 INFO [glicko_service]   Computing weight class baseline rates...
2026-09-30 13:19:29,918 INFO [glicko_service]     P4P: 1 rounds, KD=0.0000, SUB=0.0000, TD=0.0000, td15s_cap=10.0, ctrl15g_cap=10.0, gnp15g_cap=10.0
2026-09-30 13:19:29,920 INFO [glicko_service]     Flyweight: 1667 rounds, KD=0.0223, SUB=0.0687, TD=0.0837, td15s_cap=25.7, ctrl15g_cap=15.0, gnp15g_cap=79.1
2026-09-30 13:19:29,921 INFO [glicko_service]     Bantamweight: 3013 rounds, KD=0.0254, SUB=0.0624, TD=0.0770, td15s_cap=25.7, ctrl15g_cap=15.0, gnp15g_cap=84.0
2026-09-30 13:19:29,922 INFO [glicko_service]     Featherweight: 3365 rounds, KD=0.0254, SUB=0.0663, TD=0.0792, td15s_cap=26.8, ctrl15g_cap=15.0, gnp15g_cap=85.3
2026-09-30 13:19:29,925 INFO [glicko_service]     Lightweight: 4960 rounds, KD=0.0249, SUB=0.0827, TD=0.0845, td15s_cap=25.7, ctrl15g_cap=15.0, gnp15g_cap=77.6
2026-09-30 13:19:29,926 INFO [glicko_service]     Welterweight: 4416 rounds, KD=0.0297, SUB=0.0721, TD=0.0818, td15s_cap=28.1, ctrl15g_cap=15.0, gnp15g_cap=77.8
2026-09-30 13:19:29,928 INFO [glicko_service]     Middleweight: 4028 rounds, KD=0.0296, SUB=0.0745, TD=0.0734, td15s_cap=25.7, ctrl15g_cap=15.0, gnp15g_cap=94.7
2026-09-30 13:19:29,929 INFO [glicko_service]     Light Heavyweight: 2462 rounds, KD=0.0332, SUB=0.0515, TD=0.0675, td15s_cap=26.3, ctrl15g_cap=15.0, gnp15g_cap=106.6
2026-09-30 13:19:29,930 INFO [glicko_service]     Heavyweight: 2651 rounds, KD=0.0323, SUB=0.0576, TD=0.0590, td15s_cap=23.1, ctrl15g_cap=15.0, gnp15g_cap=103.8
2026-09-30 13:19:29,930 INFO [glicko_service]     P4P: 1 rounds, KD=0.0000, SUB=0.0000, TD=0.0000, td15s_cap=10.0, ctrl15g_cap=10.0, gnp15g_cap=10.0
2026-09-30 13:19:29,930 INFO [glicko_service]     Strawweight: 1380 rounds, KD=0.0092, SUB=0.0493, TD=0.0696, td15s_cap=23.4, ctrl15g_cap=15.0, gnp15g_cap=64.7
2026-09-30 13:19:29,930 INFO [glicko_service]     Flyweight: 1059 rounds, KD=0.0077, SUB=0.0465, TD=0.0616, td15s_cap=22.2, ctrl15g_cap=15.0, gnp15g_cap=77.1
2026-09-30 13:19:29,931 INFO [glicko_service]     Bantamweight: 1003 rounds, KD=0.0098, SUB=0.0489, TD=0.0621, td15s_cap=27.3, ctrl15g_cap=15.0, gnp15g_cap=78.8
2026-09-30 13:19:32,229 INFO [glicko_service]   Processed 27882 rounds
2026-09-30 13:19:32,257 INFO [model] Loading data from database...
2026-09-30 13:19:32,443 INFO [model]   Loaded 4617 fighters
2026-09-30 13:19:33,894 INFO [model]   Loaded 22299 fight-stat rows (11198 unique fights)
2026-09-30 13:19:33,895 INFO [model]   Loading per-round stats...
2026-09-30 13:19:35,731 INFO [model]   Loaded 61838 per-round stat rows
2026-09-30 13:19:36,183 INFO [model] Building features...
2026-09-30 13:19:38,969 INFO [career_rating]   Career ratings: 228719 pro bouts, 4040 linked UFC fighters, 20558/22299 rows covered
2026-09-30 13:19:39,300 INFO [model]   Computing defensive stats...
2026-09-30 13:19:41,443 INFO [model]   Computing Elo ratings...
2026-09-30 13:20:25,082 INFO [glicko_service]   Loading fight data...
2026-09-30 13:20:25,293 INFO [glicko_service]   Loaded 11616 fights
2026-09-30 13:20:25,293 INFO [glicko_service]   Loading per-round stats...
2026-09-30 13:20:26,767 INFO [glicko_service]   Loaded rounds for 11286 fights
2026-09-30 13:20:26,767 INFO [glicko_service]   Loading per-fight derived totals...
2026-09-30 13:20:27,665 INFO [glicko_service]   Loaded 22572 derived totals rows
2026-09-30 13:20:27,747 INFO [glicko_service]   Loaded 4617 fighters
2026-09-30 13:20:27,891 INFO [glicko_service]   Computing weight class baseline rates...
2026-09-30 13:20:27,968 INFO [glicko_service]     P4P: 1 rounds, KD=0.0000, SUB=0.0000, TD=0.0000, td15s_cap=10.0, ctrl15g_cap=10.0, gnp15g_cap=10.0
2026-09-30 13:20:27,969 INFO [glicko_service]     Flyweight: 1667 rounds, KD=0.0223, SUB=0.0687, TD=0.0837, td15s_cap=25.7, ctrl15g_cap=15.0, gnp15g_cap=79.1
2026-09-30 13:20:27,970 INFO [glicko_service]     Bantamweight: 3013 rounds, KD=0.0254, SUB=0.0624, TD=0.0770, td15s_cap=25.7, ctrl15g_cap=15.0, gnp15g_cap=84.0
2026-09-30 13:20:27,971 INFO [glicko_service]     Featherweight: 3365 rounds, KD=0.0254, SUB=0.0663, TD=0.0792, td15s_cap=26.8, ctrl15g_cap=15.0, gnp15g_cap=85.3
2026-09-30 13:20:27,972 INFO [glicko_service]     Lightweight: 4960 rounds, KD=0.0249, SUB=0.0827, TD=0.0845, td15s_cap=25.7, ctrl15g_cap=15.0, gnp15g_cap=77.6
2026-09-30 13:20:27,973 INFO [glicko_service]     Welterweight: 4416 rounds, KD=0.0297, SUB=0.0721, TD=0.0818, td15s_cap=28.1, ctrl15g_cap=15.0, gnp15g_cap=77.8
2026-09-30 13:20:27,974 INFO [glicko_service]     Middleweight: 4028 rounds, KD=0.0296, SUB=0.0745, TD=0.0734, td15s_cap=25.7, ctrl15g_cap=15.0, gnp15g_cap=94.7
2026-09-30 13:20:27,975 INFO [glicko_service]     Light Heavyweight: 2462 rounds, KD=0.0332, SUB=0.0515, TD=0.0675, td15s_cap=26.3, ctrl15g_cap=15.0, gnp15g_cap=106.6
2026-09-30 13:20:27,975 INFO [glicko_service]     Heavyweight: 2651 rounds, KD=0.0323, SUB=0.0576, TD=0.0590, td15s_cap=23.1, ctrl15g_cap=15.0, gnp15g_cap=103.8
2026-09-30 13:20:27,975 INFO [glicko_service]     P4P: 1 rounds, KD=0.0000, SUB=0.0000, TD=0.0000, td15s_cap=10.0, ctrl15g_cap=10.0, gnp15g_cap=10.0
2026-09-30 13:20:27,976 INFO [glicko_service]     Strawweight: 1380 rounds, KD=0.0092, SUB=0.0493, TD=0.0696, td15s_cap=23.4, ctrl15g_cap=15.0, gnp15g_cap=64.7
2026-09-30 13:20:27,976 INFO [glicko_service]     Flyweight: 1059 rounds, KD=0.0077, SUB=0.0465, TD=0.0616, td15s_cap=22.2, ctrl15g_cap=15.0, gnp15g_cap=77.1
2026-09-30 13:20:27,976 INFO [glicko_service]     Bantamweight: 1003 rounds, KD=0.0098, SUB=0.0489, TD=0.0621, td15s_cap=27.3, ctrl15g_cap=15.0, gnp15g_cap=78.8
2026-09-30 13:20:29,637 INFO [glicko_service]   Processed 27882 rounds
2026-09-30 13:20:29,658 INFO [model] Loading data from database...
2026-09-30 13:20:29,750 INFO [model]   Loaded 4617 fighters
2026-09-30 13:20:31,095 INFO [model]   Loaded 22299 fight-stat rows (11198 unique fights)
2026-09-30 13:20:31,095 INFO [model]   Loading per-round stats...
2026-09-30 13:20:32,830 INFO [model]   Loaded 61838 per-round stat rows
2026-09-30 13:20:32,949 INFO [model] Building features...
2026-09-30 13:20:35,390 INFO [career_rating]   Career ratings: 228719 pro bouts, 4040 linked UFC fighters, 20558/22299 rows covered
2026-09-30 13:20:35,741 INFO [model]   Computing defensive stats...
2026-09-30 13:20:37,720 INFO [model]   Computing Elo ratings...
2026-09-30 13:20:38,345 INFO [model]   Computing resume scores...
2026-09-30 13:20:38,498 INFO [model]   Using 21096 caller-supplied Glicko snapshots
2026-09-30 13:20:41,218 INFO [model]   Added 15 Glicko features  + 4 confidence features
2026-09-30 13:20:41,219 INFO [model]   Computing Elo-adjusted stats...
2026-09-30 13:20:41,220 INFO [model]   Computing rolling career averages...
2026-09-30 13:21:06,763 INFO [model]   Computing streaks and career stats...
2026-09-30 13:21:08,572 INFO [model]   Computing composite features...
2026-09-30 13:21:08,576 INFO [model]   Computing round-by-round profiles...
2026-09-30 13:21:16,840 INFO [model]   Computing age curve features...
2026-09-30 13:21:16,844 INFO [model]   Computing damage accumulation...
2026-09-30 13:21:18,038 INFO [model]   Computing weight-class movement...
2026-09-30 13:21:18,233 INFO [model]   Computing age-relative performance residuals...
2026-09-30 13:21:18,337 INFO [model]   Computing opponent-adjusted expected stats...
2026-09-30 13:21:18,358 INFO [expected_stats]   Expected stats: 59 refits x 5 stats
2026-09-30 13:21:27,947 INFO [model]   Computing fighter style clusters (k=6)...
2026-09-30 13:21:28,563 INFO [model]     Fit on 17081 rows, assigned 22299 fighter-fights
2026-09-30 13:21:28,564 INFO [model]     Style 0 (3349 fighter-fights): SigStr/5=15.4 TD/5=0.6 Sub/5=0.5 Ctrl/5=50.7 GndStr/5=3.1 top=ctrl_per5
2026-09-30 13:21:28,564 INFO [model]     Style 1 (10346 fighter-fights): SigStr/5=15.1 TD/5=0.5 Sub/5=0.3 Ctrl/5=43.5 GndStr/5=3.1 top=ctrl_per5
2026-09-30 13:21:28,564 INFO [model]     Style 2 (3759 fighter-fights): SigStr/5=16.7 TD/5=1.5 Sub/5=0.6 Ctrl/5=113.4 GndStr/5=8.0 top=ctrl_per5
2026-09-30 13:21:28,564 INFO [model]     Style 3 (4223 fighter-fights): SigStr/5=30.5 TD/5=0.3 Sub/5=0.2 Ctrl/5=33.7 GndStr/5=5.6 top=ctrl_per5
2026-09-30 13:21:28,564 INFO [model]     Style 4 (314 fighter-fights): SigStr/5=71.9 TD/5=0.7 Sub/5=0.3 Ctrl/5=55.9 GndStr/5=35.5 top=sig_str_landed_per5
2026-09-30 13:21:28,564 INFO [model]     Style 5 (308 fighter-fights): SigStr/5=11.6 TD/5=2.3 Sub/5=4.7 Ctrl/5=54.7 GndStr/5=3.9 top=ctrl_per5
2026-09-30 13:21:28,643 INFO [model]   Style matchup features computed expanding-in-time (6x6, 22202 fighter-fights)
2026-09-30 13:21:29,185 INFO [model]   Feature matrix shape: (22299, 373)
2026-09-30 13:21:29,267 INFO [model] Building matchup feature matrix...
2026-09-30 13:21:29,527 INFO [model]   Loading odds from database...
2026-09-30 13:21:32,242 INFO [model]   Odds matched: 2867/11101 fights (25.8%)
2026-09-30 13:21:32,290 INFO [model]   Filtered to modern era (2015+): 6284 fights (dropped 4587 pre-2015)
2026-09-30 13:21:32,290 INFO [model]   Red win rate (modern): 0.567
2026-09-30 13:21:32,303 INFO [model]   Matchup matrix: 6284 fights, 319 candidate features
2026-09-30 13:21:32,304 INFO [model]   Red win rate: 0.567
2026-09-30 13:21:32,304 INFO [model]   Date range: 2015-01-03 to 2026-09-26
2026-09-30 13:21:43,740 INFO [model]     MarketAnchor: b=0.435 c=+0.029 on 402 priced rows (trusting 44% of disagreement)
2026-09-30 13:21:43,742 INFO [fast_wf]   noodds:catboost:0 fold 1/8 feats=312 anchor b=0.435
2026-09-30 13:21:51,048 INFO [model]     MarketAnchor: b=0.422 c=+0.148 on 493 priced rows (trusting 42% of disagreement)
2026-09-30 13:21:51,048 INFO [fast_wf]   noodds:catboost:0 fold 2/8 feats=312 anchor b=0.422
2026-09-30 13:21:56,595 INFO [model]     MarketAnchor: b=0.444 c=+0.094 on 529 priced rows (trusting 44% of disagreement)
2026-09-30 13:21:56,598 INFO [fast_wf]   noodds:catboost:0 fold 3/8 feats=312 anchor b=0.444
2026-09-30 13:22:03,987 INFO [model]     MarketAnchor: b=0.279 c=+0.100 on 595 priced rows (trusting 28% of disagreement)
2026-09-30 13:22:03,989 INFO [fast_wf]   noodds:catboost:0 fold 4/8 feats=312 anchor b=0.279
2026-09-30 13:22:10,716 INFO [model]     MarketAnchor: b=0.384 c=+0.056 on 628 priced rows (trusting 38% of disagreement)
2026-09-30 13:22:10,717 INFO [fast_wf]   noodds:catboost:0 fold 5/8 feats=312 anchor b=0.384
2026-09-30 13:22:14,597 INFO [model]     MarketAnchor: b=0.250 c=+0.046 on 689 priced rows (trusting 25% of disagreement)
2026-09-30 13:22:14,597 INFO [fast_wf]   noodds:catboost:0 fold 6/8 feats=312 anchor b=0.250
2026-09-30 13:22:23,203 INFO [model]     MarketAnchor: b=0.342 c=+0.066 on 707 priced rows (trusting 34% of disagreement)
2026-09-30 13:22:23,203 INFO [fast_wf]   noodds:catboost:0 fold 7/8 feats=312 anchor b=0.342
2026-09-30 13:22:28,366 INFO [model]     MarketAnchor: b=0.451 c=+0.072 on 771 priced rows (trusting 45% of disagreement)
2026-09-30 13:22:28,367 INFO [fast_wf]   noodds:catboost:0 fold 8/8 feats=312 anchor b=0.451
2026-09-30 13:22:31,255 INFO [model]     MarketAnchor: b=0.389 c=+0.027 on 402 priced rows (trusting 39% of disagreement)
2026-09-30 13:22:31,256 INFO [fast_wf]   noodds_noraw:catboost:0 fold 1/8 feats=175 anchor b=0.389
2026-09-30 13:22:33,056 INFO [model]     MarketAnchor: b=0.424 c=+0.146 on 493 priced rows (trusting 42% of disagreement)
2026-09-30 13:22:33,057 INFO [fast_wf]   noodds_noraw:catboost:0 fold 2/8 feats=175 anchor b=0.424
2026-09-30 13:22:36,167 INFO [model]     MarketAnchor: b=0.497 c=+0.092 on 529 priced rows (trusting 50% of disagreement)
2026-09-30 13:22:36,168 INFO [fast_wf]   noodds_noraw:catboost:0 fold 3/8 feats=175 anchor b=0.497
2026-09-30 13:22:40,960 INFO [model]     MarketAnchor: b=0.319 c=+0.096 on 595 priced rows (trusting 32% of disagreement)
2026-09-30 13:22:40,960 INFO [fast_wf]   noodds_noraw:catboost:0 fold 4/8 feats=175 anchor b=0.319
2026-09-30 13:22:44,790 INFO [model]     MarketAnchor: b=0.383 c=+0.056 on 628 priced rows (trusting 38% of disagreement)
2026-09-30 13:22:44,790 INFO [fast_wf]   noodds_noraw:catboost:0 fold 5/8 feats=175 anchor b=0.383
2026-09-30 13:22:48,028 INFO [model]     MarketAnchor: b=0.257 c=+0.047 on 689 priced rows (trusting 26% of disagreement)
2026-09-30 13:22:48,029 INFO [fast_wf]   noodds_noraw:catboost:0 fold 6/8 feats=175 anchor b=0.257
2026-09-30 13:22:52,907 INFO [model]     MarketAnchor: b=0.392 c=+0.065 on 707 priced rows (trusting 39% of disagreement)
2026-09-30 13:22:52,908 INFO [fast_wf]   noodds_noraw:catboost:0 fold 7/8 feats=175 anchor b=0.392
2026-09-30 13:22:58,763 INFO [model]     MarketAnchor: b=0.435 c=+0.071 on 771 priced rows (trusting 44% of disagreement)
2026-09-30 13:22:58,764 INFO [fast_wf]   noodds_noraw:catboost:0 fold 8/8 feats=175 anchor b=0.435
2026-09-30 13:23:02,142 INFO [model]   Early stopping (chronological val, n=480): best_iter=83 val_logloss=0.6546
2026-09-30 13:23:02,600 INFO [model]     MarketAnchor: b=0.287 c=+0.040 on 402 priced rows (trusting 29% of disagreement)
2026-09-30 13:23:02,600 INFO [fast_wf]   noodds:hgb:0 fold 1/8 feats=312 anchor b=0.287
2026-09-30 13:23:07,683 INFO [model]   Early stopping (chronological val, n=520): best_iter=133 val_logloss=0.6552
2026-09-30 13:23:08,504 INFO [model]     MarketAnchor: b=0.302 c=+0.166 on 493 priced rows (trusting 30% of disagreement)
2026-09-30 13:23:08,504 INFO [fast_wf]   noodds:hgb:0 fold 2/8 feats=312 anchor b=0.302
2026-09-30 13:23:12,920 INFO [model]   Early stopping (chronological val, n=560): best_iter=143 val_logloss=0.6574
2026-09-30 13:23:13,790 INFO [model]     MarketAnchor: b=0.414 c=+0.092 on 529 priced rows (trusting 41% of disagreement)
2026-09-30 13:23:13,790 INFO [fast_wf]   noodds:hgb:0 fold 3/8 feats=312 anchor b=0.414
2026-09-30 13:23:17,664 INFO [model]   Early stopping (chronological val, n=600): best_iter=201 val_logloss=0.6446
2026-09-30 13:23:18,677 INFO [model]     MarketAnchor: b=0.284 c=+0.098 on 595 priced rows (trusting 28% of disagreement)
2026-09-30 13:23:18,678 INFO [fast_wf]   noodds:hgb:0 fold 4/8 feats=312 anchor b=0.284
2026-09-30 13:23:22,616 INFO [model]   Early stopping (chronological val, n=640): best_iter=193 val_logloss=0.6431
2026-09-30 13:23:23,549 INFO [model]     MarketAnchor: b=0.380 c=+0.054 on 628 priced rows (trusting 38% of disagreement)
2026-09-30 13:23:23,549 INFO [fast_wf]   noodds:hgb:0 fold 5/8 feats=312 anchor b=0.380
2026-09-30 13:23:28,232 INFO [model]   Early stopping (chronological val, n=680): best_iter=124 val_logloss=0.6444
2026-09-30 13:23:29,229 INFO [model]     MarketAnchor: b=0.181 c=+0.055 on 689 priced rows (trusting 18% of disagreement)
2026-09-30 13:23:29,229 INFO [fast_wf]   noodds:hgb:0 fold 6/8 feats=312 anchor b=0.181
2026-09-30 13:23:34,121 INFO [model]   Early stopping (chronological val, n=720): best_iter=198 val_logloss=0.6411
2026-09-30 13:23:35,301 INFO [model]     MarketAnchor: b=0.324 c=+0.068 on 707 priced rows (trusting 32% of disagreement)
2026-09-30 13:23:35,303 INFO [fast_wf]   noodds:hgb:0 fold 7/8 feats=312 anchor b=0.324
2026-09-30 13:23:39,784 INFO [model]   Early stopping (chronological val, n=760): best_iter=220 val_logloss=0.6371
2026-09-30 13:23:41,115 INFO [model]     MarketAnchor: b=0.353 c=+0.077 on 771 priced rows (trusting 35% of disagreement)
2026-09-30 13:23:41,115 INFO [fast_wf]   noodds:hgb:0 fold 8/8 feats=312 anchor b=0.353
2026-09-30 13:23:41,306 INFO [model]     MarketAnchor: b=0.287 c=+0.034 on 402 priced rows (trusting 29% of disagreement)
2026-09-30 13:23:41,307 INFO [fast_wf]   noodds:logit:0 fold 1/8 feats=312 anchor b=0.287
2026-09-30 13:23:41,516 INFO [model]     MarketAnchor: b=0.234 c=+0.171 on 493 priced rows (trusting 23% of disagreement)
2026-09-30 13:23:41,516 INFO [fast_wf]   noodds:logit:0 fold 2/8 feats=312 anchor b=0.234
2026-09-30 13:23:41,708 INFO [model]     MarketAnchor: b=0.325 c=+0.081 on 529 priced rows (trusting 32% of disagreement)
2026-09-30 13:23:41,709 INFO [fast_wf]   noodds:logit:0 fold 3/8 feats=312 anchor b=0.325
2026-09-30 13:23:41,916 INFO [model]     MarketAnchor: b=0.362 c=+0.086 on 595 priced rows (trusting 36% of disagreement)
2026-09-30 13:23:41,916 INFO [fast_wf]   noodds:logit:0 fold 4/8 feats=312 anchor b=0.362
2026-09-30 13:23:42,137 INFO [model]     MarketAnchor: b=0.423 c=+0.047 on 628 priced rows (trusting 42% of disagreement)
2026-09-30 13:23:42,137 INFO [fast_wf]   noodds:logit:0 fold 5/8 feats=312 anchor b=0.423
2026-09-30 13:23:42,370 INFO [model]     MarketAnchor: b=0.345 c=+0.036 on 689 priced rows (trusting 34% of disagreement)
2026-09-30 13:23:42,370 INFO [fast_wf]   noodds:logit:0 fold 6/8 feats=312 anchor b=0.345
2026-09-30 13:23:42,644 INFO [model]     MarketAnchor: b=0.331 c=+0.065 on 707 priced rows (trusting 33% of disagreement)
2026-09-30 13:23:42,644 INFO [fast_wf]   noodds:logit:0 fold 7/8 feats=312 anchor b=0.331
2026-09-30 13:23:42,962 INFO [model]     MarketAnchor: b=0.385 c=+0.076 on 771 priced rows (trusting 38% of disagreement)
2026-09-30 13:23:42,962 INFO [fast_wf]   noodds:logit:0 fold 8/8 feats=312 anchor b=0.385
2026-09-30 13:23:42,998 INFO [fast_wf] wrote /private/tmp/claude-501/-Users-rafeburns-Downloads-ALocks/60bea722-ac8a-436f-a39d-88c0619ee942/scratchpad/wf_sc.csv
2026-09-30 15:54:36,583 INFO [glicko_service]   Loading fight data...
2026-09-30 15:54:36,903 INFO [glicko_service]   Loaded 11616 fights
2026-09-30 15:54:36,903 INFO [glicko_service]   Loading per-round stats...
2026-09-30 15:54:38,690 INFO [glicko_service]   Loaded rounds for 11286 fights
2026-09-30 15:54:38,690 INFO [glicko_service]   Loading per-fight derived totals...
2026-09-30 15:54:39,700 INFO [glicko_service]   Loaded 22572 derived totals rows
2026-09-30 15:54:40,260 INFO [glicko_service]   Loaded 4617 fighters
2026-09-30 15:54:40,411 INFO [glicko_service]   Computing weight class baseline rates...
2026-09-30 15:54:40,497 INFO [glicko_service]     P4P: 1 rounds, KD=0.0000, SUB=0.0000, TD=0.0000, td15s_cap=10.0, ctrl15g_cap=10.0, gnp15g_cap=10.0
2026-09-30 15:54:40,498 INFO [glicko_service]     Flyweight: 1667 rounds, KD=0.0223, SUB=0.0687, TD=0.0837, td15s_cap=25.7, ctrl15g_cap=15.0, gnp15g_cap=79.1
2026-09-30 15:54:40,499 INFO [glicko_service]     Bantamweight: 3013 rounds, KD=0.0254, SUB=0.0624, TD=0.0770, td15s_cap=25.7, ctrl15g_cap=15.0, gnp15g_cap=84.0
2026-09-30 15:54:40,500 INFO [glicko_service]     Featherweight: 3365 rounds, KD=0.0254, SUB=0.0663, TD=0.0792, td15s_cap=26.8, ctrl15g_cap=15.0, gnp15g_cap=85.3
2026-09-30 15:54:40,501 INFO [glicko_service]     Lightweight: 4960 rounds, KD=0.0249, SUB=0.0827, TD=0.0845, td15s_cap=25.7, ctrl15g_cap=15.0, gnp15g_cap=77.6
2026-09-30 15:54:40,502 INFO [glicko_service]     Welterweight: 4416 rounds, KD=0.0297, SUB=0.0721, TD=0.0818, td15s_cap=28.1, ctrl15g_cap=15.0, gnp15g_cap=77.8
2026-09-30 15:54:40,503 INFO [glicko_service]     Middleweight: 4028 rounds, KD=0.0296, SUB=0.0745, TD=0.0734, td15s_cap=25.7, ctrl15g_cap=15.0, gnp15g_cap=94.7
2026-09-30 15:54:40,504 INFO [glicko_service]     Light Heavyweight: 2462 rounds, KD=0.0332, SUB=0.0515, TD=0.0675, td15s_cap=26.3, ctrl15g_cap=15.0, gnp15g_cap=106.6
2026-09-30 15:54:40,505 INFO [glicko_service]     Heavyweight: 2651 rounds, KD=0.0323, SUB=0.0576, TD=0.0590, td15s_cap=23.1, ctrl15g_cap=15.0, gnp15g_cap=103.8
2026-09-30 15:54:40,505 INFO [glicko_service]     P4P: 1 rounds, KD=0.0000, SUB=0.0000, TD=0.0000, td15s_cap=10.0, ctrl15g_cap=10.0, gnp15g_cap=10.0
2026-09-30 15:54:40,505 INFO [glicko_service]     Strawweight: 1380 rounds, KD=0.0092, SUB=0.0493, TD=0.0696, td15s_cap=23.4, ctrl15g_cap=15.0, gnp15g_cap=64.7
2026-09-30 15:54:40,505 INFO [glicko_service]     Flyweight: 1059 rounds, KD=0.0077, SUB=0.0465, TD=0.0616, td15s_cap=22.2, ctrl15g_cap=15.0, gnp15g_cap=77.1
2026-09-30 15:54:40,506 INFO [glicko_service]     Bantamweight: 1003 rounds, KD=0.0098, SUB=0.0489, TD=0.0621, td15s_cap=27.3, ctrl15g_cap=15.0, gnp15g_cap=78.8
2026-09-30 15:54:42,313 INFO [glicko_service]   Processed 27882 rounds
2026-09-30 15:54:42,335 INFO [model] Loading data from database...
2026-09-30 15:54:42,489 INFO [model]   Loaded 4617 fighters
2026-09-30 15:54:44,175 INFO [model]   Loaded 22299 fight-stat rows (11198 unique fights)
2026-09-30 15:54:44,176 INFO [model]   Loading per-round stats...
2026-09-30 15:54:46,001 INFO [model]   Loaded 61838 per-round stat rows
2026-09-30 15:54:47,021 INFO [method_ratings]   method priors (pre-2015): KO 0.364 SUB 0.255 DEC 0.381; power 0.0247/head strike; sub 0.0836/min
2026-09-30 15:54:57,257 INFO [model] Building features...
2026-09-30 15:54:59,814 INFO [career_rating]   Career ratings: 228719 pro bouts, 4040 linked UFC fighters, 20558/22299 rows covered
2026-09-30 15:55:00,166 INFO [model]   Computing defensive stats...
2026-09-30 15:55:02,070 INFO [model]   Computing Elo ratings...
2026-09-30 15:55:02,678 INFO [model]   Computing resume scores...
2026-09-30 15:55:02,848 INFO [model]   Using 21096 caller-supplied Glicko snapshots
2026-09-30 15:55:05,544 INFO [model]   Added 15 Glicko features  + 4 confidence features
2026-09-30 15:55:05,544 INFO [model]   Computing Elo-adjusted stats...
2026-09-30 15:55:05,545 INFO [model]   Computing rolling career averages...
2026-09-30 15:55:29,743 INFO [model]   Computing streaks and career stats...
2026-09-30 15:55:31,360 INFO [model]   Computing composite features...
2026-09-30 15:55:31,365 INFO [model]   Computing round-by-round profiles...
2026-09-30 15:55:39,532 INFO [model]   Computing age curve features...
2026-09-30 15:55:39,535 INFO [model]   Computing damage accumulation...
2026-09-30 15:55:40,829 INFO [model]   Computing weight-class movement...
2026-09-30 15:55:41,037 INFO [model]   Computing age-relative performance residuals...
2026-09-30 15:55:41,134 INFO [model]   Computing opponent-adjusted expected stats...
2026-09-30 15:55:41,155 INFO [expected_stats]   Expected stats: 59 refits x 5 stats
2026-09-30 15:55:51,555 INFO [model]   Computing fighter style clusters (k=6)...
2026-09-30 15:55:51,914 INFO [model]     Fit on 17081 rows, assigned 22299 fighter-fights
2026-09-30 15:55:51,915 INFO [model]     Style 0 (3349 fighter-fights): SigStr/5=15.4 TD/5=0.6 Sub/5=0.5 Ctrl/5=50.7 GndStr/5=3.1 top=ctrl_per5
2026-09-30 15:55:51,915 INFO [model]     Style 1 (10346 fighter-fights): SigStr/5=15.1 TD/5=0.5 Sub/5=0.3 Ctrl/5=43.5 GndStr/5=3.1 top=ctrl_per5
2026-09-30 15:55:51,915 INFO [model]     Style 2 (3759 fighter-fights): SigStr/5=16.7 TD/5=1.5 Sub/5=0.6 Ctrl/5=113.4 GndStr/5=8.0 top=ctrl_per5
2026-09-30 15:55:51,915 INFO [model]     Style 3 (4223 fighter-fights): SigStr/5=30.5 TD/5=0.3 Sub/5=0.2 Ctrl/5=33.7 GndStr/5=5.6 top=ctrl_per5
2026-09-30 15:55:51,916 INFO [model]     Style 4 (314 fighter-fights): SigStr/5=71.9 TD/5=0.7 Sub/5=0.3 Ctrl/5=55.9 GndStr/5=35.5 top=sig_str_landed_per5
2026-09-30 15:55:51,916 INFO [model]     Style 5 (308 fighter-fights): SigStr/5=11.6 TD/5=2.3 Sub/5=4.7 Ctrl/5=54.7 GndStr/5=3.9 top=ctrl_per5
2026-09-30 15:55:51,974 INFO [model]   Style matchup features computed expanding-in-time (6x6, 22202 fighter-fights)
2026-09-30 15:55:52,369 INFO [model]   Feature matrix shape: (22299, 371)
2026-09-30 15:55:52,392 INFO [model] Building matchup feature matrix...
2026-09-30 15:55:52,519 INFO [model]   Loading odds from database...
2026-09-30 15:55:53,781 INFO [model]   Odds matched: 2867/11101 fights (25.8%)
2026-09-30 15:55:53,816 INFO [model]   Filtered to modern era (2015+): 6284 fights (dropped 4587 pre-2015)
2026-09-30 15:55:53,816 INFO [model]   Red win rate (modern): 0.567
2026-09-30 15:55:53,828 INFO [model]   Matchup matrix: 6284 fights, 317 candidate features
2026-09-30 15:55:53,828 INFO [model]   Red win rate: 0.567
2026-09-30 15:55:53,828 INFO [model]   Date range: 2015-01-03 to 2026-09-26
2026-09-30 15:56:27,624 INFO [glicko_service]   Loading fight data...
2026-09-30 15:56:28,179 INFO [glicko_service]   Loaded 11616 fights
2026-09-30 15:56:28,179 INFO [glicko_service]   Loading per-round stats...
2026-09-30 15:56:29,801 INFO [glicko_service]   Loaded rounds for 11286 fights
2026-09-30 15:56:29,801 INFO [glicko_service]   Loading per-fight derived totals...
2026-09-30 15:56:30,672 INFO [glicko_service]   Loaded 22572 derived totals rows
2026-09-30 15:56:31,041 INFO [glicko_service]   Loaded 4617 fighters
2026-09-30 15:56:31,164 INFO [glicko_service]   Computing weight class baseline rates...
2026-09-30 15:56:31,245 INFO [glicko_service]     P4P: 1 rounds, KD=0.0000, SUB=0.0000, TD=0.0000, td15s_cap=10.0, ctrl15g_cap=10.0, gnp15g_cap=10.0
2026-09-30 15:56:31,245 INFO [glicko_service]     Flyweight: 1667 rounds, KD=0.0223, SUB=0.0687, TD=0.0837, td15s_cap=25.7, ctrl15g_cap=15.0, gnp15g_cap=79.1
2026-09-30 15:56:31,246 INFO [glicko_service]     Bantamweight: 3013 rounds, KD=0.0254, SUB=0.0624, TD=0.0770, td15s_cap=25.7, ctrl15g_cap=15.0, gnp15g_cap=84.0
2026-09-30 15:56:31,247 INFO [glicko_service]     Featherweight: 3365 rounds, KD=0.0254, SUB=0.0663, TD=0.0792, td15s_cap=26.8, ctrl15g_cap=15.0, gnp15g_cap=85.3
2026-09-30 15:56:31,248 INFO [glicko_service]     Lightweight: 4960 rounds, KD=0.0249, SUB=0.0827, TD=0.0845, td15s_cap=25.7, ctrl15g_cap=15.0, gnp15g_cap=77.6
2026-09-30 15:56:31,250 INFO [glicko_service]     Welterweight: 4416 rounds, KD=0.0297, SUB=0.0721, TD=0.0818, td15s_cap=28.1, ctrl15g_cap=15.0, gnp15g_cap=77.8
2026-09-30 15:56:31,251 INFO [glicko_service]     Middleweight: 4028 rounds, KD=0.0296, SUB=0.0745, TD=0.0734, td15s_cap=25.7, ctrl15g_cap=15.0, gnp15g_cap=94.7
2026-09-30 15:56:31,251 INFO [glicko_service]     Light Heavyweight: 2462 rounds, KD=0.0332, SUB=0.0515, TD=0.0675, td15s_cap=26.3, ctrl15g_cap=15.0, gnp15g_cap=106.6
2026-09-30 15:56:31,252 INFO [glicko_service]     Heavyweight: 2651 rounds, KD=0.0323, SUB=0.0576, TD=0.0590, td15s_cap=23.1, ctrl15g_cap=15.0, gnp15g_cap=103.8
2026-09-30 15:56:31,252 INFO [glicko_service]     P4P: 1 rounds, KD=0.0000, SUB=0.0000, TD=0.0000, td15s_cap=10.0, ctrl15g_cap=10.0, gnp15g_cap=10.0
2026-09-30 15:56:31,252 INFO [glicko_service]     Strawweight: 1380 rounds, KD=0.0092, SUB=0.0493, TD=0.0696, td15s_cap=23.4, ctrl15g_cap=15.0, gnp15g_cap=64.7
2026-09-30 15:56:31,252 INFO [glicko_service]     Flyweight: 1059 rounds, KD=0.0077, SUB=0.0465, TD=0.0616, td15s_cap=22.2, ctrl15g_cap=15.0, gnp15g_cap=77.1
2026-09-30 15:56:31,253 INFO [glicko_service]     Bantamweight: 1003 rounds, KD=0.0098, SUB=0.0489, TD=0.0621, td15s_cap=27.3, ctrl15g_cap=15.0, gnp15g_cap=78.8
2026-09-30 15:56:32,750 INFO [glicko_service]   Processed 27882 rounds
2026-09-30 15:56:32,774 INFO [model] Loading data from database...
2026-09-30 15:56:32,910 INFO [model]   Loaded 4617 fighters
2026-09-30 15:56:34,249 INFO [model]   Loaded 22299 fight-stat rows (11198 unique fights)
2026-09-30 15:56:34,249 INFO [model]   Loading per-round stats...
2026-09-30 15:56:35,808 INFO [model]   Loaded 61838 per-round stat rows
2026-09-30 15:56:36,666 INFO [method_ratings]   method priors (pre-2015): KO 0.364 SUB 0.255 DEC 0.381; power 0.0247/head strike; sub 0.0836/min
2026-09-30 15:56:44,118 INFO [model] Building features...
2026-09-30 15:56:46,444 INFO [career_rating]   Career ratings: 228719 pro bouts, 4040 linked UFC fighters, 20558/22299 rows covered
2026-09-30 15:56:46,766 INFO [model]   Computing defensive stats...
2026-09-30 15:56:48,495 INFO [model]   Computing Elo ratings...
2026-09-30 15:56:49,042 INFO [model]   Computing resume scores...
2026-09-30 15:56:49,197 INFO [model]   Using 21096 caller-supplied Glicko snapshots
2026-09-30 15:56:51,978 INFO [model]   Added 15 Glicko features  + 4 confidence features
2026-09-30 15:56:51,978 INFO [model]   Computing Elo-adjusted stats...
2026-09-30 15:56:51,979 INFO [model]   Computing rolling career averages...
2026-09-30 15:57:17,234 INFO [model]   Computing streaks and career stats...
2026-09-30 15:57:18,955 INFO [model]   Computing composite features...
2026-09-30 15:57:18,960 INFO [model]   Computing round-by-round profiles...
2026-09-30 15:57:28,789 INFO [model]   Computing age curve features...
2026-09-30 15:57:28,792 INFO [model]   Computing damage accumulation...
2026-09-30 15:57:30,150 INFO [model]   Computing weight-class movement...
2026-09-30 15:57:30,398 INFO [model]   Computing age-relative performance residuals...
2026-09-30 15:57:30,499 INFO [model]   Computing opponent-adjusted expected stats...
2026-09-30 15:57:30,521 INFO [expected_stats]   Expected stats: 59 refits x 5 stats
2026-09-30 15:57:40,072 INFO [model]   Computing fighter style clusters (k=6)...
2026-09-30 15:57:40,398 INFO [model]     Fit on 17081 rows, assigned 22299 fighter-fights
2026-09-30 15:57:40,398 INFO [model]     Style 0 (3349 fighter-fights): SigStr/5=15.4 TD/5=0.6 Sub/5=0.5 Ctrl/5=50.7 GndStr/5=3.1 top=ctrl_per5
2026-09-30 15:57:40,398 INFO [model]     Style 1 (10346 fighter-fights): SigStr/5=15.1 TD/5=0.5 Sub/5=0.3 Ctrl/5=43.5 GndStr/5=3.1 top=ctrl_per5
2026-09-30 15:57:40,398 INFO [model]     Style 2 (3759 fighter-fights): SigStr/5=16.7 TD/5=1.5 Sub/5=0.6 Ctrl/5=113.4 GndStr/5=8.0 top=ctrl_per5
2026-09-30 15:57:40,398 INFO [model]     Style 3 (4223 fighter-fights): SigStr/5=30.5 TD/5=0.3 Sub/5=0.2 Ctrl/5=33.7 GndStr/5=5.6 top=ctrl_per5
2026-09-30 15:57:40,398 INFO [model]     Style 4 (314 fighter-fights): SigStr/5=71.9 TD/5=0.7 Sub/5=0.3 Ctrl/5=55.9 GndStr/5=35.5 top=sig_str_landed_per5
2026-09-30 15:57:40,399 INFO [model]     Style 5 (308 fighter-fights): SigStr/5=11.6 TD/5=2.3 Sub/5=4.7 Ctrl/5=54.7 GndStr/5=3.9 top=ctrl_per5
2026-09-30 15:57:40,453 INFO [model]   Style matchup features computed expanding-in-time (6x6, 22202 fighter-fights)
2026-09-30 15:57:40,737 INFO [model]   Feature matrix shape: (22299, 371)
2026-09-30 15:57:40,756 INFO [model] Building matchup feature matrix...
2026-09-30 15:57:40,869 INFO [model]   Loading odds from database...
2026-09-30 15:57:42,036 INFO [model]   Odds matched: 2867/11101 fights (25.8%)
2026-09-30 15:57:42,068 INFO [model]   Filtered to modern era (2015+): 6284 fights (dropped 4587 pre-2015)
2026-09-30 15:57:42,069 INFO [model]   Red win rate (modern): 0.567
2026-09-30 15:57:42,080 INFO [model]   Matchup matrix: 6284 fights, 317 candidate features
2026-09-30 15:57:42,080 INFO [model]   Red win rate: 0.567
2026-09-30 15:57:42,080 INFO [model]   Date range: 2015-01-03 to 2026-09-26
2026-09-30 15:57:42,165 INFO [method_wf] 6284 decided fights; class shares [0.33227244 0.17886696 0.4888606 ]
2026-09-30 15:57:42,206 INFO [method_wf]   base_rate fold 1/8
2026-09-30 15:57:42,210 INFO [method_wf]   base_rate fold 2/8
2026-09-30 15:57:42,216 INFO [method_wf]   base_rate fold 3/8
2026-09-30 15:57:42,221 INFO [method_wf]   base_rate fold 4/8
2026-09-30 15:57:42,226 INFO [method_wf]   base_rate fold 5/8
2026-09-30 15:57:42,231 INFO [method_wf]   base_rate fold 6/8
2026-09-30 15:57:42,237 INFO [method_wf]   base_rate fold 7/8
2026-09-30 15:57:42,243 INFO [method_wf]   base_rate fold 8/8
2026-09-30 15:57:50,426 INFO [method_wf]   old_style fold 1/8
2026-09-30 15:58:02,896 INFO [method_wf]   old_style fold 2/8
2026-09-30 15:58:16,494 INFO [method_wf]   old_style fold 3/8
2026-09-30 15:58:29,442 INFO [method_wf]   old_style fold 4/8
2026-09-30 15:58:54,526 INFO [method_wf]   old_style fold 5/8
2026-09-30 15:59:12,410 INFO [method_wf]   old_style fold 6/8
2026-09-30 15:59:29,223 INFO [method_wf]   old_style fold 7/8
2026-09-30 15:59:47,651 INFO [method_wf]   old_style fold 8/8
2026-09-30 15:59:55,467 INFO [method_wf]   v2_base fold 1/8
2026-09-30 16:00:01,511 INFO [method_wf]   v2_base fold 2/8
2026-09-30 16:00:08,436 INFO [method_wf]   v2_base fold 3/8
2026-09-30 16:00:15,338 INFO [method_wf]   v2_base fold 4/8
2026-09-30 16:00:22,052 INFO [method_wf]   v2_base fold 5/8
2026-09-30 16:00:30,225 INFO [method_wf]   v2_base fold 6/8
2026-09-30 16:00:38,208 INFO [method_wf]   v2_base fold 7/8
2026-09-30 16:00:48,297 INFO [method_wf]   v2_base fold 8/8
2026-09-30 16:00:58,502 INFO [method_wf]   v2_full fold 1/8
2026-09-30 16:01:03,542 INFO [method_wf]   v2_full fold 2/8
2026-09-30 16:01:08,813 INFO [method_wf]   v2_full fold 3/8
2026-09-30 16:01:18,119 INFO [method_wf]   v2_full fold 4/8
2026-09-30 16:01:26,114 INFO [method_wf]   v2_full fold 5/8
2026-09-30 16:01:33,810 INFO [method_wf]   v2_full fold 6/8
2026-09-30 16:01:41,630 INFO [method_wf]   v2_full fold 7/8
2026-09-30 16:01:49,250 INFO [method_wf]   v2_full fold 8/8
2026-09-30 16:02:00,562 INFO [method_wf]   v2_mkt fold 1/8
2026-09-30 16:02:08,046 INFO [method_wf]   v2_mkt fold 2/8
2026-09-30 16:02:12,624 INFO [method_wf]   v2_mkt fold 3/8
2026-09-30 16:02:20,527 INFO [method_wf]   v2_mkt fold 4/8
2026-09-30 16:02:26,558 INFO [method_wf]   v2_mkt fold 5/8
2026-09-30 16:02:34,442 INFO [method_wf]   v2_mkt fold 6/8
2026-09-30 16:02:43,480 INFO [method_wf]   v2_mkt fold 7/8
2026-09-30 16:02:53,403 INFO [method_wf]   v2_mkt fold 8/8
2026-09-30 16:03:53,447 INFO [method_wf] 6284 decided fights; class shares [0.33227244 0.17886696 0.4888606 ]
2026-09-30 16:03:53,491 INFO [method_wf]   base_rate fold 1/8
2026-09-30 16:03:53,496 INFO [method_wf]   base_rate fold 2/8
2026-09-30 16:03:53,501 INFO [method_wf]   base_rate fold 3/8
2026-09-30 16:03:53,506 INFO [method_wf]   base_rate fold 4/8
2026-09-30 16:03:53,511 INFO [method_wf]   base_rate fold 5/8
2026-09-30 16:03:53,518 INFO [method_wf]   base_rate fold 6/8
2026-09-30 16:03:53,524 INFO [method_wf]   base_rate fold 7/8
2026-09-30 16:03:53,530 INFO [method_wf]   base_rate fold 8/8
2026-09-30 16:04:00,101 INFO [method_wf]   old_style fold 1/8
2026-09-30 16:04:17,019 INFO [method_wf]   old_style fold 2/8
2026-09-30 16:04:30,884 INFO [method_wf]   old_style fold 3/8
2026-09-30 16:04:41,791 INFO [method_wf]   old_style fold 4/8
2026-09-30 16:05:05,362 INFO [method_wf]   old_style fold 5/8
2026-09-30 16:05:22,810 INFO [method_wf]   old_style fold 6/8
2026-09-30 16:05:38,315 INFO [method_wf]   old_style fold 7/8
2026-09-30 16:05:52,722 INFO [method_wf]   old_style fold 8/8
2026-09-30 16:06:02,932 INFO [method_wf]   v2_full fold 1/8
2026-09-30 16:06:07,054 INFO [method_wf]   v2_full fold 2/8
2026-09-30 16:06:11,884 INFO [method_wf]   v2_full fold 3/8
2026-09-30 16:06:18,697 INFO [method_wf]   v2_full fold 4/8
2026-09-30 16:06:24,631 INFO [method_wf]   v2_full fold 5/8
2026-09-30 16:06:31,081 INFO [method_wf]   v2_full fold 6/8
2026-09-30 16:06:37,426 INFO [method_wf]   v2_full fold 7/8
2026-09-30 16:06:44,484 INFO [method_wf]   v2_full fold 8/8
2026-09-30 16:06:49,533 INFO [method_wf]   v2_full_nocal fold 1/8
2026-09-30 16:06:56,575 INFO [method_wf]   v2_full_nocal fold 2/8
2026-09-30 16:07:02,838 INFO [method_wf]   v2_full_nocal fold 3/8
2026-09-30 16:07:08,215 INFO [method_wf]   v2_full_nocal fold 4/8
2026-09-30 16:07:15,844 INFO [method_wf]   v2_full_nocal fold 5/8
2026-09-30 16:07:23,959 INFO [method_wf]   v2_full_nocal fold 6/8
2026-09-30 16:07:33,227 INFO [method_wf]   v2_full_nocal fold 7/8
2026-09-30 16:07:43,265 INFO [method_wf]   v2_full_nocal fold 8/8
2026-09-30 16:07:48,518 INFO [method_wf]   v2_full_cb fold 1/8
2026-09-30 16:07:55,450 INFO [method_wf]   v2_full_cb fold 2/8
2026-09-30 16:08:01,582 INFO [method_wf]   v2_full_cb fold 3/8
2026-09-30 16:08:06,964 INFO [method_wf]   v2_full_cb fold 4/8
2026-09-30 16:08:14,421 INFO [method_wf]   v2_full_cb fold 5/8
2026-09-30 16:08:22,073 INFO [method_wf]   v2_full_cb fold 6/8
2026-09-30 16:08:32,271 INFO [method_wf]   v2_full_cb fold 7/8
2026-09-30 16:08:42,915 INFO [method_wf]   v2_full_cb fold 8/8
2026-09-30 16:08:56,071 INFO [method_wf]   v2_full_mc fold 1/8
2026-09-30 16:09:08,251 INFO [method_wf]   v2_full_mc fold 2/8
2026-09-30 16:09:30,032 INFO [method_wf]   v2_full_mc fold 3/8
2026-09-30 16:09:46,957 INFO [method_wf]   v2_full_mc fold 4/8
2026-09-30 16:10:04,454 INFO [method_wf]   v2_full_mc fold 5/8
2026-09-30 16:10:21,422 INFO [method_wf]   v2_full_mc fold 6/8
2026-09-30 16:10:44,195 INFO [method_wf]   v2_full_mc fold 7/8
2026-09-30 16:11:02,251 INFO [method_wf]   v2_full_mc fold 8/8
2026-09-30 16:15:41,564 INFO [method_model] Serving method_v2 (winner x method)
2026-09-30 16:15:41,564 INFO [model] Loading data from database...
2026-09-30 16:15:41,777 INFO [model]   Loaded 4617 fighters
2026-09-30 16:15:42,995 INFO [model]   Added 57 upcoming fights
2026-09-30 16:15:43,175 INFO [model]   Loaded 22413 fight-stat rows (11255 unique fights)
2026-09-30 16:15:43,175 INFO [model]   Loading per-round stats...
2026-09-30 16:15:45,433 INFO [model]   Loaded 61838 per-round stat rows
2026-09-30 16:15:46,380 INFO [method_ratings]   method priors (pre-2015): KO 0.364 SUB 0.255 DEC 0.381; power 0.0247/head strike; sub 0.0836/min
2026-09-30 16:15:53,940 INFO [model] Building features...
2026-09-30 16:15:56,339 INFO [career_rating]   Career ratings: 228719 pro bouts, 4040 linked UFC fighters, 20663/22413 rows covered
2026-09-30 16:15:56,734 INFO [model]   Computing defensive stats...
2026-09-30 16:15:58,649 INFO [model]   Computing Elo ratings...
2026-09-30 16:15:59,240 INFO [model]   Computing resume scores...
2026-09-30 16:15:59,414 INFO [model]   Loading Glicko rating snapshots from DB...
2026-09-30 16:15:59,851 INFO [model]   Loaded 21096 Glicko snapshots
2026-09-30 16:16:02,952 INFO [model]   Added 15 Glicko features  + 4 confidence features
2026-09-30 16:16:02,952 INFO [model]   Computing Elo-adjusted stats...
2026-09-30 16:16:02,953 INFO [model]   Computing rolling career averages...
2026-09-30 16:16:35,346 INFO [model]   Computing streaks and career stats...
2026-09-30 16:16:38,154 INFO [model]   Computing composite features...
2026-09-30 16:16:38,161 INFO [model]   Computing round-by-round profiles...
2026-09-30 16:16:52,134 INFO [model]   Computing age curve features...
2026-09-30 16:16:52,138 INFO [model]   Computing damage accumulation...
2026-09-30 16:16:54,113 INFO [model]   Computing weight-class movement...
2026-09-30 16:16:54,454 INFO [model]   Computing age-relative performance residuals...
2026-09-30 16:16:54,607 INFO [model]   Computing opponent-adjusted expected stats...
2026-09-30 16:16:54,639 INFO [expected_stats]   Expected stats: 59 refits x 5 stats
2026-09-30 16:17:08,239 INFO [model]   Computing fighter style clusters (k=6)...
2026-09-30 16:17:08,769 INFO [model]     Fit on 17081 rows, assigned 22413 fighter-fights
2026-09-30 16:17:08,770 INFO [model]     Style 0 (3367 fighter-fights): SigStr/5=15.4 TD/5=0.6 Sub/5=0.5 Ctrl/5=50.7 GndStr/5=3.1 top=ctrl_per5
2026-09-30 16:17:08,770 INFO [model]     Style 1 (10378 fighter-fights): SigStr/5=15.1 TD/5=0.5 Sub/5=0.3 Ctrl/5=43.5 GndStr/5=3.1 top=ctrl_per5
2026-09-30 16:17:08,770 INFO [model]     Style 2 (3775 fighter-fights): SigStr/5=16.7 TD/5=1.5 Sub/5=0.6 Ctrl/5=113.4 GndStr/5=8.0 top=ctrl_per5
2026-09-30 16:17:08,771 INFO [model]     Style 3 (4268 fighter-fights): SigStr/5=30.5 TD/5=0.3 Sub/5=0.2 Ctrl/5=33.7 GndStr/5=5.6 top=ctrl_per5
2026-09-30 16:17:08,771 INFO [model]     Style 4 (316 fighter-fights): SigStr/5=71.9 TD/5=0.7 Sub/5=0.3 Ctrl/5=55.9 GndStr/5=35.5 top=sig_str_landed_per5
2026-09-30 16:17:08,771 INFO [model]     Style 5 (309 fighter-fights): SigStr/5=11.6 TD/5=2.3 Sub/5=4.7 Ctrl/5=54.7 GndStr/5=3.9 top=ctrl_per5
2026-09-30 16:17:08,902 INFO [model]   Style matchup features computed expanding-in-time (6x6, 22316 fighter-fights)
2026-09-30 16:17:09,513 INFO [model]   Feature matrix shape: (22413, 372)
2026-09-30 16:17:09,796 INFO [model]   Built latest feature snapshots for 3831 fighters
2026-09-30 16:17:11,297 INFO [model]   Added 195 upcoming fights using latest fighter features
2026-09-30 16:17:11,297 INFO [model]   Loading odds for predictions...
2026-09-30 16:17:13,287 INFO [model]   Odds matched: 2888/11353 fights (25.4%)
2026-09-30 16:17:14,061 INFO [method_v2]   2514 past fights use out-of-sample method predictions
2026-09-30 16:17:15,957 INFO [method_v2]   stored 11353 method predictions (joint columns: True)
2026-10-01 01:41:05,611 INFO [model] Loading data from database...
2026-10-01 01:41:05,801 INFO [model]   Loaded 4617 fighters
2026-10-01 01:41:07,294 INFO [model]   Added 57 upcoming fights
2026-10-01 01:41:07,539 INFO [model]   Loaded 22413 fight-stat rows (11255 unique fights)
2026-10-01 01:41:07,539 INFO [model]   Loading per-round stats...
2026-10-01 01:41:09,774 INFO [model]   Loaded 61838 per-round stat rows
2026-10-01 01:41:10,908 INFO [method_ratings]   method priors (pre-2015): KO 0.364 SUB 0.255 DEC 0.381; power 0.0247/head strike; sub 0.0836/min
2026-10-01 01:41:20,222 INFO [model] Building features...
2026-10-01 01:41:23,006 INFO [career_rating]   Career ratings: 228719 pro bouts, 4040 linked UFC fighters, 20663/22413 rows covered
2026-10-01 01:41:23,406 INFO [model]   Computing defensive stats...
2026-10-01 01:41:25,723 INFO [model]   Computing Elo ratings...
2026-10-01 01:41:26,477 INFO [model]   Computing resume scores...
2026-10-01 01:41:26,676 INFO [model]   Loading Glicko rating snapshots from DB...
2026-10-01 01:41:27,087 INFO [model]   Loaded 21096 Glicko snapshots
2026-10-01 01:41:30,826 INFO [model]   Added 15 Glicko features  + 4 confidence features
2026-10-01 01:41:30,826 INFO [model]   Computing Elo-adjusted stats...
2026-10-01 01:41:30,828 INFO [model]   Computing rolling career averages...
2026-10-01 01:42:05,680 INFO [model]   Computing streaks and career stats...
2026-10-01 01:42:08,284 INFO [model]   Computing composite features...
2026-10-01 01:42:08,290 INFO [model]   Computing round-by-round profiles...
2026-10-01 01:42:21,729 INFO [model]   Computing age curve features...
2026-10-01 01:42:21,736 INFO [model]   Computing damage accumulation...
2026-10-01 01:42:23,709 INFO [model]   Computing weight-class movement...
2026-10-01 01:42:24,135 INFO [model]   Computing age-relative performance residuals...
2026-10-01 01:42:24,306 INFO [model]   Computing opponent-adjusted expected stats...
2026-10-01 01:42:24,341 INFO [expected_stats]   Expected stats: 59 refits x 5 stats
2026-10-01 01:42:41,087 INFO [model]   Computing fighter style clusters (k=6)...
2026-10-01 01:42:41,592 INFO [model]     Fit on 17081 rows, assigned 22413 fighter-fights
2026-10-01 01:42:41,594 INFO [model]     Style 0 (3367 fighter-fights): SigStr/5=15.4 TD/5=0.6 Sub/5=0.5 Ctrl/5=50.7 GndStr/5=3.1 top=ctrl_per5
2026-10-01 01:42:41,594 INFO [model]     Style 1 (10378 fighter-fights): SigStr/5=15.1 TD/5=0.5 Sub/5=0.3 Ctrl/5=43.5 GndStr/5=3.1 top=ctrl_per5
2026-10-01 01:42:41,594 INFO [model]     Style 2 (3775 fighter-fights): SigStr/5=16.7 TD/5=1.5 Sub/5=0.6 Ctrl/5=113.4 GndStr/5=8.0 top=ctrl_per5
2026-10-01 01:42:41,594 INFO [model]     Style 3 (4268 fighter-fights): SigStr/5=30.5 TD/5=0.3 Sub/5=0.2 Ctrl/5=33.7 GndStr/5=5.6 top=ctrl_per5
2026-10-01 01:42:41,595 INFO [model]     Style 4 (316 fighter-fights): SigStr/5=71.9 TD/5=0.7 Sub/5=0.3 Ctrl/5=55.9 GndStr/5=35.5 top=sig_str_landed_per5
2026-10-01 01:42:41,595 INFO [model]     Style 5 (309 fighter-fights): SigStr/5=11.6 TD/5=2.3 Sub/5=4.7 Ctrl/5=54.7 GndStr/5=3.9 top=ctrl_per5
2026-10-01 01:42:41,695 INFO [model]   Style matchup features computed expanding-in-time (6x6, 22316 fighter-fights)
2026-10-01 01:42:42,270 INFO [model]   Feature matrix shape: (22413, 372)
2026-10-01 01:42:42,507 INFO [model]   Built latest feature snapshots for 3831 fighters
2026-10-01 01:42:43,945 INFO [model]   Added 195 upcoming fights using latest fighter features
2026-10-01 01:42:43,945 INFO [model]   Loading odds for predictions...
2026-10-01 01:42:46,363 INFO [model]   Odds matched: 2888/11353 fights (25.4%)
2026-10-01 02:42:13,710 INFO [model] Loading data from database...
2026-10-01 02:42:14,555 INFO [model]   Loaded 4617 fighters
2026-10-01 02:42:19,440 INFO [model]   Added 57 upcoming fights
2026-10-01 02:42:20,174 INFO [model]   Loaded 22413 fight-stat rows (11255 unique fights)
2026-10-01 02:42:20,174 INFO [model]   Loading per-round stats...
2026-10-01 02:42:24,973 INFO [model]   Loaded 61838 per-round stat rows
2026-10-01 02:42:28,264 INFO [method_ratings]   method priors (pre-2015): KO 0.364 SUB 0.255 DEC 0.381; power 0.0247/head strike; sub 0.0836/min
2026-10-01 02:42:52,203 INFO [method_ratings]   timing priors (pre-2015): under 1.5 0.441, under 2.5 0.574, mean 9.0 min, R1 share of finishes 0.582
2026-10-01 02:43:11,993 INFO [round_features]   pace priors (pre-2015, sig. attempted/min): r1 6.45, r2 6.69, r3 6.89, late 6.78, r45 6.82
2026-10-01 02:43:30,195 INFO [short_notice]   Short-notice: 441 pulled bouts; 279 replacement rows, 285 opponent-changed rows
2026-10-01 02:43:30,215 INFO [model] Building features...
2026-10-01 02:43:36,309 INFO [career_rating]   Career ratings: 228719 pro bouts, 4040 linked UFC fighters, 20663/22413 rows covered
2026-10-01 02:43:37,637 INFO [model]   Computing defensive stats...
2026-10-01 02:43:52,144 INFO [model]   Computing Elo ratings...
2026-10-01 02:43:53,833 INFO [model]   Computing resume scores...
2026-10-01 02:43:54,389 INFO [model]   Loading Glicko rating snapshots from DB...
2026-10-01 02:43:55,366 INFO [model]   Loaded 21096 Glicko snapshots
2026-10-01 02:44:01,940 INFO [model]   Added 15 Glicko features  + 4 confidence features
2026-10-01 02:44:01,942 INFO [model]   Computing Elo-adjusted stats...
2026-10-01 02:44:01,945 INFO [model]   Computing rolling career averages...
2026-10-01 02:45:37,676 INFO [model]   Computing streaks and career stats...
2026-10-01 02:45:45,535 INFO [model]   Computing composite features...
2026-10-01 02:45:45,555 INFO [model]   Computing round-by-round profiles...
2026-10-01 02:46:21,021 INFO [model]   Computing age curve features...
2026-10-01 02:46:21,026 INFO [model]   Computing damage accumulation...
2026-10-01 02:46:23,193 INFO [model]   Computing weight-class movement...
2026-10-01 02:46:23,701 INFO [model]   Computing age-relative performance residuals...
2026-10-01 02:46:23,871 INFO [model]   Computing opponent-adjusted expected stats...
2026-10-01 02:46:23,904 INFO [expected_stats]   Expected stats: 59 refits x 5 stats
2026-10-01 02:47:02,642 INFO [model]   Computing fighter style clusters (k=6)...
2026-10-01 02:47:04,841 INFO [model]     Fit on 17081 rows, assigned 22413 fighter-fights
2026-10-01 02:47:04,845 INFO [model]     Style 0 (3367 fighter-fights): SigStr/5=15.4 TD/5=0.6 Sub/5=0.5 Ctrl/5=50.7 GndStr/5=3.1 top=ctrl_per5
2026-10-01 02:47:04,849 INFO [model]     Style 1 (10378 fighter-fights): SigStr/5=15.1 TD/5=0.5 Sub/5=0.3 Ctrl/5=43.5 GndStr/5=3.1 top=ctrl_per5
2026-10-01 02:47:04,849 INFO [model]     Style 2 (3775 fighter-fights): SigStr/5=16.7 TD/5=1.5 Sub/5=0.6 Ctrl/5=113.4 GndStr/5=8.0 top=ctrl_per5
2026-10-01 02:47:04,850 INFO [model]     Style 3 (4268 fighter-fights): SigStr/5=30.5 TD/5=0.3 Sub/5=0.2 Ctrl/5=33.7 GndStr/5=5.6 top=ctrl_per5
2026-10-01 02:47:04,850 INFO [model]     Style 4 (316 fighter-fights): SigStr/5=71.9 TD/5=0.7 Sub/5=0.3 Ctrl/5=55.9 GndStr/5=35.5 top=sig_str_landed_per5
2026-10-01 02:47:04,850 INFO [model]     Style 5 (309 fighter-fights): SigStr/5=11.6 TD/5=2.3 Sub/5=4.7 Ctrl/5=54.7 GndStr/5=3.9 top=ctrl_per5
2026-10-01 02:47:05,217 INFO [model]   Style matchup features computed expanding-in-time (6x6, 22316 fighter-fights)
2026-10-01 02:47:07,178 INFO [model]   Feature matrix shape: (22413, 372)
2026-10-01 02:47:08,020 INFO [model]   Built latest feature snapshots for 3831 fighters
2026-10-01 02:47:12,443 INFO [model]   Added 195 upcoming fights using latest fighter features
2026-10-01 02:47:12,443 INFO [model]   Loading odds for predictions...
2026-10-01 02:47:18,506 INFO [model]   Odds matched: 2888/11353 fights (25.4%)
