fight_id,red_ko,red_sub,red_dec,blue_ko,blue_sub,blue_dec
1180998120177106945,0.18352583372540016,0.12902337986746037,0.6874507864071395,0.2333868333954991,0.10218682875223656,0.6644263378522643
1181025723523006465,0.09804170568296126,0.13337320497458122,0.7685850893424575,0.3784695738807486,0.09850299444757606,0.5230274316716754
1180993905376624641,0.1286975660354162,0.1916047098033733,0.6796977241612105,0.27591232431718665,0.035109402384252426,0.688978273298561
1181001874591285249,0.4206232080419377,0.0389213345134266,0.5404554574446356,0.22658765750230203,0.012913507460747724,0.7604988350369503
1181034870259580929,0.33552705647499964,0.046105708000223095,0.6183672355247772,0.32379207215572153,0.033070707252782786,0.6431372205914957
1181016244860387329,0.28519789090654457,0.05384658317664319,0.6609555259168123,0.37717577042147554,0.043219427105362904,0.5796048024731615
1181020074421288961,0.4718066180276222,0.06269837480786915,0.46549500716450865,0.2261655747168029,0.14044650877455703,0.63338791650864
1181024926573101057,0.5540232114051394,0.13211585301239823,0.3138609355824623,0.3945932812015579,0.1619572578584866,0.4434494609399555
1181009647111733249,0.40313503924033556,0.18209767100249527,0.41476728975716914,0.44307859706615,0.04565387993585947,0.5112675229979906
1181028440528584705,0.3214055315415817,0.14315062496734343,0.5354438434910749,0.40688858366185204,0.03600216027354571,0.5571092560646023
1180996933117083649,0.5357730780086679,0.06499391933976648,0.3992330026515656,0.08190760410439099,0.47751911860744845,0.44057327728816054
1180986377882304513,0.6267177680648977,0.08911818399765105,0.2841640479374513,0.5338662823976673,0.08648523053620874,0.379648487066124
1181024671301369857,0.3456491567944787,0.16489745474779113,0.4894533884577301,0.16472830786014428,0.38413838074841644,0.4511333113914393
1181006062051328001,0.18592547508902196,0.254883370879845,0.559191154031133,0.23899772446150402,0.12202979265340219,0.6389724828850938
1181024196342644737,0.3261531489171644,0.09143933985197744,0.5824075112308582,0.3458163854114399,0.23439887578556995,0.41978473880299016
1180986419665436673,0.30631883791154224,0.2392684445522459,0.4544127175362118,0.35687376396575027,0.15737073866111714,0.4857554973731326
1180998453720907777,0.061274633001664726,0.38918128908103333,0.549544077917302,0.17262320973473316,0.056302051342539974,0.7710747389227268
1181027618154741761,0.245096153200108,0.1472915067310425,0.6076123400688496,0.2760270732627311,0.03357220999330377,0.6904007167439651
1180991417542344705,0.10884806565730319,0.5280936953973173,0.3630582389453795,0.3645060304472481,0.04047364084561368,0.5950203287071383
1181005425775673345,0.3704962614192001,0.056128791911501316,0.5733749466692986,0.3471585674194537,0.14707288767127172,0.5057685449092746
1180990067967983617,0.3628139675473914,0.18230885427634408,0.4548771781762645,0.23423967843734314,0.15304250498825336,0.6127178165744035
1180979999767592961,0.47607622826596036,0.02104938450662547,0.5028743872274142,0.4610973285728858,0.0374624420415155,0.5014402293855986
1181008816446832641,0.6306817613287331,0.017050193269516376,0.3522680454017505,0.08533002892607891,0.6090477444820462,0.3056222265918749
1180985345859715073,0.414801773482231,0.06457248566961236,0.5206257408481566,0.381737163651057,0.04451284043033222,0.5737499959186108
1181032486323716097,0.5827238501365648,0.04463495781854876,0.37264119204488644,0.4065662790151847,0.19993839651327527,0.39349532447154
1180994660706254849,0.166628882730783,0.05733938128358889,0.7760317359856281,0.059407258433556695,0.28685321845007916,0.6537395231163641
1181013265782800385,0.21521162342249478,0.05450010877681798,0.7302882678006872,0.2815484199810914,0.023853497484014722,0.6945980825348939
1180993525212446721,0.42895018991054834,0.20192871970004522,0.36912109038940644,0.23465922995037222,0.08331641594175258,0.6820243541078752
1181007821428588545,0.43368348927139183,0.10427135677226813,0.46204515395634005,0.2302369536688261,0.11366265839514779,0.6561003879360261
1180985290461577217,0.12403034605292411,0.09945630758985312,0.7765133463572228,0.26498301354921555,0.0764931471180995,0.6585238393326849
1181000092252897281,0.3003809259628641,0.041463896571115696,0.6581551774660201,0.4136386810649017,0.22175056234982457,0.36461075658527375
1181031021510656001,0.3390821796674913,0.07406138534149762,0.586856434991011,0.3996444277469383,0.04287916317125666,0.557476409081805
1180990277166825473,0.19550716519723643,0.3423705253425239,0.4621223094602397,0.4325802059618425,0.12439353295841976,0.44302626107973775
1181035531733991425,0.404125552761867,0.1313381688768437,0.4645362783612893,0.3016429911157343,0.06234723383970431,0.6360097750445615
1180983813066162177,0.43739769531106637,0.2254776157097264,0.3371246889792072,0.38321697748581596,0.10472336310675062,0.5120596594074334
1181018734277099521,0.282289289917103,0.007750289964698454,0.7099604201181986,0.3707235625026755,0.25026297389867197,0.3790134635986525
1181029185599307777,0.27753649477727255,0.01551214972907731,0.7069513554936502,0.2575399729347386,0.3373089569731701,0.4051510700920913
1180992978500124673,0.1665100128395796,0.11891841326754456,0.7145715738928758,0.15443989307454528,0.32296558850833385,0.5225945184171209
1181034175950684161,0.39982536672552677,0.07769525874622489,0.5224793745282483,0.39463247424550896,0.11672434468698635,0.4886431810675047
1180988725531869185,0.28912588035350284,0.20425919380066418,0.506614925845833,0.4651126654128389,0.04402541379076905,0.490861920796392
1181019526646038529,0.3574178384370775,0.06550416700496771,0.5770779945579548,0.22011033836566024,0.4067404817954998,0.3731491798388399
1180999730081234945,0.13861704554027826,0.40191933227647253,0.4594636221832492,0.4691736857069522,0.017662837728164925,0.5131634765648829
1181029232543432705,0.5191307902416022,0.08065159904323672,0.40021761071516104,0.24342086851345784,0.24760751227293248,0.5089716192136097
1180990989815808001,0.25302866964339876,0.0590072552187745,0.6879640751378268,0.5348538693484785,0.03729647324521688,0.42784965740630465
1181034251640012801,0.27280299661269086,0.23358846547773487,0.49360853790957426,0.32709225095923,0.1232511629224829,0.5496565861182872
1181017303599120385,0.40029283856544756,0.020976396470569217,0.5787307649639832,0.5013362392467202,0.12460531476399989,0.37405844598927984
1181033981594435585,0.1332314872488084,0.23096810536495294,0.6358004073862387,0.4243121757485114,0.16808846390119633,0.4075993603502923
1181000142896332801,0.09050032576964538,0.2995307154949482,0.6099689587354065,0.2321741410881074,0.159887983831892,0.6079378750800006
1181007536472686593,0.29478326665345767,0.04769478723620773,0.6575219461103345,0.2460070253421603,0.13368054694083642,0.6203124277170033
1180981314842034177,0.36293322342904566,0.06758790554127188,0.5694788710296825,0.060473795997742046,0.4372437050098095,0.5022824989924484
1181023607405084673,0.4640070110783379,0.13435821438058976,0.4016347745410723,0.2350244023253369,0.054871480717860584,0.7101041169568025
1181028005224841217,0.3588740375737426,0.032868846807718816,0.6082571156185386,0.134121662794805,0.14569806033609278,0.7201802768691022
1181022521717915649,0.14663361851700488,0.3362069726703604,0.5171594088126347,0.34004309911438885,0.10557427842606333,0.5543826224595478
1181029877336637441,0.3577339103586918,0.2904469991242868,0.3518190905170214,0.32522034435014385,0.04397357980898205,0.6308060758408741
1181022861390413825,0.3789328804868551,0.05753256445994452,0.5635345550532004,0.41821326725880487,0.058177673573393644,0.5236090591678015
1180988390859374593,0.3307398456466987,0.13780994753161682,0.5314502068216844,0.18661942879970994,0.214768563742386,0.598612007457904
1181010592862273537,0.4915232999400916,0.06932080850483044,0.43915589155507795,0.5201063065988799,0.2623912020785954,0.21750249132252464
1180996260060626945,0.08041082444963499,0.7335728421168581,0.18601633343350688,0.570771549011458,0.0170060108348558,0.41222244015368625
1180997104146710529,0.1332606078388326,0.3419042764390022,0.5248351157221653,0.21337304010300975,0.033734396598872674,0.7528925632981176
1181019072852590593,0.21173846286910822,0.17829243174986845,0.6099691053810233,0.3905528381551252,0.10030275097495822,0.5091444108699166
1180996927180472321,0.14376895273423723,0.10923852750288504,0.7469925197628777,0.5910094357167911,0.04602117013940227,0.3629693941438066
1181018909985341441,0.16952335134973354,0.3998204918096342,0.4306561568406323,0.3003695337908801,0.09604437600614642,0.6035860902029735
1180984133318737921,0.5844251209965707,0.05978439195098153,0.35579048705244776,0.7292660451276135,0.15735398917873009,0.11337996569365638
1180982478053015553,0.09967939506399585,0.46859769904876725,0.43172290588723694,0.457610459823992,0.08942924198266694,0.45296029819334105
1181022135227154433,0.3485915224206154,0.30480326161564564,0.34660521596373894,0.10757628732350737,0.2541193843436012,0.6383043283328914
1181033027291742209,0.1737987087678891,0.1821435951364278,0.6440576960956831,0.1897649878249095,0.23818173032401813,0.5720532818510724
1181008578401337345,0.30858480144839223,0.41083993889895426,0.2805752596526535,0.43434470854931817,0.13961202912920412,0.4260432623214777
1181006427794210817,0.2230687026452863,0.05603902912334598,0.7208922682313676,0.1707275358823153,0.13326396654258063,0.6960084975751041
1180998736063528961,0.2695132091273209,0.045696980861502146,0.6847898100111769,0.3186519338575283,0.11339802104451109,0.5679500450979607
1180995790555611137,0.2141912565417272,0.3129356619049309,0.47287308155334196,0.22118796769052004,0.21900027781743905,0.5598117544920409
1180999957637038081,0.4518361178785947,0.20648802631460886,0.3416758558067965,0.46389672722194236,0.10022272916494028,0.43588054361311734
1180999102095785985,0.520360477613315,0.258069747863899,0.22156977452278592,0.47070754241797086,0.1911302494851783,0.3381622080968508
1180991460807901185,0.3476677714802389,0.14739690228557134,0.5049353262341898,0.2654094296039657,0.23951057377154666,0.49507999662448765
1181030296734105601,0.2488628492454592,0.25568107539449036,0.49545607536005043,0.1833365508702268,0.08816221872657397,0.7285012304031993
1181029086773575681,0.230043696583725,0.3811133199396833,0.38884298347659174,0.40853649585785445,0.22115701624939896,0.37030648789274656
1180995682147991553,0.3061641759845318,0.19380602157409432,0.5000298024413738,0.42324278342960614,0.22346364668363147,0.3532935698867624
1180983053973749761,0.42496074912714654,0.02034996103234873,0.5546892898405047,0.46052954966793225,0.22572697028282115,0.31374348004924657
1181027553918976001,0.34937902778860125,0.11017249096704176,0.540448481244357,0.27045852486045713,0.03662554311651667,0.6929159320230263
1181001227633885185,0.1426705901944643,0.036336455419548414,0.8209929543859873,0.1613823476811123,0.11730431441577824,0.7213133379031095
1181028533028683777,0.40756759901293804,0.11223124400704529,0.48020115698001664,0.44379847816042683,0.09556957110395327,0.4606319507356199
1180982244267786241,0.35604774506662656,0.04597042029399319,0.5979818346393803,0.2401471403480586,0.35604173340313183,0.40381112624880955
1181004917071052801,0.5613747694234208,0.11486600288587424,0.323759227690705,0.3393021616587107,0.16026655145620564,0.5004312868850838
1181005737571745793,0.24997222473025732,0.009810718935839402,0.7402170563339032,0.1576276966801571,0.3373621342913176,0.5050101690285252
1181022775085727745,0.6038301995609833,0.022322080436021536,0.37384772000299515,0.5635559925328483,0.16820341515302378,0.2682405923141279
1181019747426271233,0.09781926562591278,0.32541152131563933,0.5767692130584479,0.2623013113509048,0.00844061009310389,0.7292580785559913
1180992043947589633,0.39930459237985233,0.21977453920274395,0.3809208684174037,0.4058606972864657,0.14806482544936472,0.4460744772641696
1181006415306817537,0.3581626902288683,0.15417515198110315,0.4876621577900285,0.4400730384175952,0.18565481954251045,0.37427214203989434
1181033059780427777,0.441872227075628,0.15649025038898756,0.40163752253538443,0.3675695592150191,0.08659979628951574,0.5458306444954651
1180995622590349313,0.4198263470296794,0.17971277087603146,0.4004608820942891,0.33216754137315146,0.23150145911108097,0.4363309995157676
1181024998908297217,0.30168529372935515,0.2227010728722597,0.47561363339838514,0.22686425746794017,0.33248087967276857,0.44065486285929123
1181006782921408513,0.2799326108140543,0.3131130420030359,0.4069543471829098,0.5460148993903456,0.04693894499297676,0.40704615561667756
1180982261014593537,0.37224509679436757,0.04577457280248931,0.5819803304031431,0.43209357553078426,0.04253200994049292,0.5253744145287228
1181026721995063297,0.2510772517369198,0.19866496405277437,0.5502577842103058,0.16869373882977892,0.4356110000962484,0.3956952610739727
1180986362848870401,0.09576493021730136,0.36916086580174706,0.5350742039809515,0.5491594563676756,0.10163423203172506,0.34920631160059934
1181007441133010945,0.17476348485868543,0.16633341329588786,0.6589031018454268,0.12233112935260848,0.22557619835601542,0.652092672291376
1181030564622336001,0.3609492139056791,0.20933186963182912,0.42971891646249183,0.3499604738983948,0.153347696713008,0.49669182938859724
1181023623882833921,0.4632794627420342,0.08315206392100491,0.45356847333696093,0.2921580482722047,0.04298561225603603,0.6648563394717593
1180990826657611777,0.12991107575675973,0.3698517031888119,0.5002372210544284,0.19049839495535198,0.17274278540697302,0.636758819637675
1181033428911357953,0.385030802120072,0.08984307327421717,0.5251261246057108,0.41721739061487345,0.14960975703083138,0.43317285235429515
1181012380302311425,0.4662355090737396,0.05353793308902395,0.48022655783723645,0.6732802473111698,0.060550639367754885,0.2661691133210754
1181021882310885377,0.08351118106160617,0.23331798252959993,0.6831708364087938,0.16869961452162138,0.12089356778900526,0.7104068176893734
1180989020811755521,0.258920546827442,0.2784272859275819,0.46265216724497604,0.33014933446489997,0.20825514841699203,0.461595517118108
1180992832506068993,0.26076838050174717,0.294937224967028,0.4442943945312249,0.28268372950207055,0.23763557081019507,0.4796806996877344
1181031497790095361,0.3226088821320258,0.248288251552865,0.4291028663151092,0.441620438394305,0.19893468237391188,0.35944487923178314
1181028294018236417,0.2854727767050352,0.06598005688671264,0.6485471664082522,0.42916062525124793,0.0856924145149907,0.48514696023376136
1180987170251702273,0.36635095764368464,0.2445037980272605,0.38914524432905484,0.5339676609930788,0.06323763394620364,0.4027947050607176
1181032045565181953,0.08168872758988475,0.4259121008189891,0.4923991715911261,0.5996011346027705,0.15649152442289657,0.24390734097433286
1180991777543651329,0.08807138270707356,0.15725932636018625,0.7546692909327402,0.41525968484873665,0.05455841305702058,0.5301819020942428
1180991708498657281,0.4117510575288511,0.08318447925694308,0.5050644632142058,0.15696200629683105,0.1867194809223355,0.6563185127808334
1181017897512402945,0.36580087227308383,0.14659587593492915,0.48760325179198705,0.38491894650938474,0.18497848074295642,0.43010257274765884
1180990522890944513,0.5643672989243819,0.059104195301485155,0.376528505774133,0.3742290309244492,0.21933494657971955,0.4064360224958312
1181021547411406849,0.30907491832177236,0.1508791646585399,0.5400459170196877,0.38729856103406146,0.2053638576078628,0.40733758135807574
1181006355812220929,0.3015967514748667,0.0466529066194352,0.651750341905698,0.06557827925893683,0.12051690361199603,0.8139048171290671
1181026114508521473,0.5723904717067823,0.06636780168884714,0.3612417266043706,0.17012662896867076,0.6106456561262171,0.21922771490511206
1180996542692196353,0.5172531252010547,0.11907972749425795,0.3636671473046873,0.12489136138008067,0.035691700962219054,0.8394169376577003
1180994602469818369,0.35820327030373045,0.044213220496886425,0.5975835091993831,0.4825769560272868,0.1847693303254635,0.3326537136472497
1181032439732928513,0.3660340694535156,0.2682218726121802,0.3657440579343042,0.5301261493377457,0.09171700903879622,0.3781568416234581
1180992883128729601,0.26061541280896916,0.38687172234749234,0.3525128648435385,0.4281811872527326,0.13616814308314437,0.435650669664123
1181009537511718913,0.4858163002237179,0.10974386221554046,0.40443983756074164,0.3602724127454513,0.33050358487861553,0.30922400237593317
1181030574172602369,0.5672067037178729,0.06935357488708817,0.363439721395039,0.4230111848404859,0.30341848875442096,0.27357032640509316
1180996181854355457,0.2209271900637005,0.26335758449394825,0.5157152254423513,0.38063685151441395,0.1695382209848516,0.44982492750073444
1181031908153589761,0.09101397378629747,0.15469127226586657,0.754294753947836,0.14927286632744613,0.18358124265785358,0.6671458910147003
1181032933084692481,0.48253683157534444,0.13018180945067617,0.3872813589739794,0.3560099588327794,0.19423168989703707,0.4497583512701835
1181006970987905025,0.30430209870243324,0.21603462723837336,0.4796632740591934,0.2770716950377309,0.0423548398320198,0.6805734651302493
1181004084114522113,0.1852620095453495,0.21274972969802536,0.6019882607566251,0.4629540870947765,0.06044812025439004,0.47659779265083346
1180980878247100417,0.3204683218502418,0.03897688286295417,0.640554795286804,0.16704988525740655,0.09312369305048568,0.7398264216921078
1180981926243663873,0.22298538614453395,0.16504416554958823,0.6119704483058779,0.1685314315069352,0.32557163706794046,0.5058969314251243
1181015310820704257,0.584843815027807,0.17797109949233056,0.2371850854798624,0.4129802481294412,0.21395208779784652,0.3730676640727123
1180980562577129473,0.14588968819144585,0.27832172134786076,0.5757885904606934,0.28147099327585645,0.19657989374045423,0.5219491129836893
1181001160846049281,0.32851985576720233,0.06109132633467642,0.6103888178981213,0.38661387454644236,0.15135552861399812,0.4620305968395595
1180995722607558657,0.690563827887866,0.017799622490861627,0.2916365496212724,0.3924219251234164,0.20544704137136224,0.4021310335052214
1180983319687462913,0.21048185566084923,0.18245548354318422,0.6070626607959666,0.2510623490564776,0.15972202374785804,0.5892156271956643
1180980206289682433,0.3861687609311962,0.17473623145776745,0.43909500761103637,0.23295518701126156,0.12919853558612132,0.6378462774026171
1180999966800805889,0.17034808502314347,0.38038787120103584,0.44926404377582074,0.34186105006772866,0.12993121288989107,0.5282077370423803
1181033318763823105,0.3181380132854036,0.27877036919594866,0.40309161751864775,0.4353385888730046,0.2040115407477716,0.3606498703792238
1181004237078724609,0.48802909183720666,0.21621451125221483,0.29575639691057853,0.3455346602362227,0.11208053843060883,0.5423848013331685
1181028660246577153,0.5412745639105517,0.12385106446571073,0.33487437162373757,0.6189624591774483,0.13318424242939714,0.24785329839315462
1181000164448468993,0.183703080323722,0.2939391341433483,0.5223577855329298,0.25162782066799194,0.18746478772640485,0.5609073916056032
1181020642007351297,0.38487438822120357,0.23727972473937217,0.37784588703942423,0.4920512677858803,0.15555980981009407,0.35238892240402564
1181000313023758337,0.4481677884848869,0.15815748534250496,0.3936747261726081,0.5108957096125751,0.1289472306027211,0.3601570597847038
1180987591004946433,0.21930134732254378,0.29389569810001004,0.48680295457744616,0.39588529711810966,0.10384154062780639,0.5002731622540839
1181022986478518273,0.5545235952181337,0.11419568422280676,0.33128072055905955,0.5248028750221639,0.15248376083958895,0.32271336413824714
1181035669759492097,0.1519960168736657,0.005797131781146401,0.8422068513451879,0.12643382297860914,0.13761462710717623,0.7359515499142146
1181019292989587457,0.4416487314344956,0.1030477066805832,0.45530356188492116,0.13218645040912963,0.11313614874487973,0.7546774008459907
1181032067150053377,0.4524192256393604,0.13895975269499256,0.40862102166564707,0.20597134676291773,0.13263170741535885,0.6613969458217235
1181005474334441473,0.4067197260271783,0.21533740079021202,0.37794287318260966,0.6321428441172151,0.017459659876777164,0.3503974960060078
1181001254799212545,0.2902729774251488,0.29318819529098494,0.41653882728386626,0.2988684896378263,0.13959799044241986,0.5615335199197538
1181026901122220033,0.21892053064893166,0.23991999344291146,0.5411594759081568,0.28842635849737314,0.3204849051785229,0.391088736324104
1181024275257458689,0.2792377867900993,0.22219829609783345,0.49856391711206727,0.2608434722269636,0.2996997416552802,0.4394567861177562
1181009165250002945,0.24287900911059337,0.010102246240005646,0.747018744649401,0.3494045173011562,0.022118350329093685,0.6284771323697501
1181002065750884353,0.32305988825861875,0.10356856369603308,0.5733715480453482,0.21051233447819473,0.2654083229360136,0.5240793425857917
1180990652627484673,0.41535017621309683,0.2707078838665395,0.3139419399203637,0.3681456441206334,0.02140583318082056,0.6104485226985461
1181003376148611073,0.38833549807219514,0.1445204910336562,0.4671440108941487,0.25684016879394683,0.20188128967533678,0.5412785415307164
1180998645531901953,0.24493261758910742,0.16110343087907855,0.593963951531814,0.49991052941133735,0.0412187177647752,0.45887075282388745
1180988471260119041,0.2735309813287144,0.3919899803938322,0.3344790382774534,0.30205064363843825,0.23404847193471442,0.4639008844268473
1180986937273974785,0.6012473101766797,0.10763951483942406,0.29111317498389633,0.40661226204463424,0.25524988709232405,0.3381378508630417
1181022045662773249,0.5524869600754471,0.11480317874702389,0.332709861177529,0.4208817321931904,0.1502501368577436,0.42886813094906595
1180979641540706305,0.3254446555773986,0.1673493793132268,0.5072059651093745,0.41432449615661066,0.1340411567160626,0.45163434712732675
1180988117131362305,0.29750947324413823,0.1744446462572518,0.5280458804986099,0.2952268780525847,0.33761018746319715,0.3671629344842181
1180980518279643137,0.42387911994980826,0.12646501569793847,0.44965586435225324,0.4116737283719397,0.16375605756661982,0.42457021406144047
1180998956554616833,0.3626854942695251,0.2265276376896573,0.41078686804081754,0.37372015904290384,0.0682455526596654,0.5580342882974307
1181000331123949569,0.19195848117076927,0.07681621357026255,0.7312253052589681,0.2319393953805854,0.10212334182741346,0.6659372627920012
1181022857584934913,0.24450323778428498,0.05046228562796209,0.705034476587753,0.2960996007155811,0.19111477333369295,0.512785625950726
1180996967315668993,0.63580464497355,0.132926729168884,0.2312686258575659,0.43306978213525543,0.021192638062849153,0.5457375798018954
1181021468107931649,0.46980759139072437,0.08851213781749992,0.44168027079177574,0.42538481566615444,0.10494584495984889,0.4696693393739967
1180997818638663681,0.34777599982771956,0.010198419210670308,0.6420255809616101,0.20888119440835937,0.28050935078209843,0.5106094548095422
1181031353118556161,0.40055035138776296,0.09259464094890786,0.5068550076633291,0.45860472171199906,0.16851496546190578,0.37288031282609513
1180981809383571457,0.23204513927311995,0.46639451084965444,0.3015603498772256,0.2260431097611206,0.15141705322280988,0.6225398370160695
1181025177973915649,0.424326364373012,0.11784707261924157,0.4578265630077464,0.30350909208286053,0.11576094377288036,0.5807299641442591
1180985849143558145,0.17259734026188825,0.2630352299854939,0.5643674297526178,0.512508487255233,0.05436446721050408,0.43312704553426296
1180980791231315969,0.2938158194592072,0.22664125496603094,0.47954292557476186,0.23012826001903453,0.05135726687945808,0.7185144731015074
1180989294248525825,0.23226040319180863,0.2934294178757554,0.474310178932436,0.354993891279134,0.1849286830520373,0.4600774256688287
1181022848517996545,0.482443352367432,0.20459491157934878,0.3129617360532192,0.5750315497832639,0.0837360802916776,0.34123236992505857
1180981405858267137,0.3622861068823335,0.21291573092275246,0.42479816219491406,0.4425356499632826,0.1637113384510956,0.3937530115856218
1180986270478008321,0.18102237028154666,0.3874140751754749,0.43156355454297846,0.35651748267247824,0.19631435755294985,0.4471681597745719
1181022835451363329,0.3477038619211143,0.08874690570557428,0.5635492323733113,0.35997821359290133,0.17189331994405183,0.46812846646304684
1181029430028763137,0.11679443243243598,0.35827275451283375,0.5249328130547303,0.4744141123544679,0.0516736922515198,0.4739121953940123
1180980088652529665,0.26923512866819393,0.21752792515140743,0.5132369461803986,0.03786465963660802,0.5530428945608319,0.4090924458025601
1180982430462541825,0.5103405167333207,0.16728921451550213,0.32237026875117714,0.5508157523240653,0.11984136842483886,0.32934287925109584
1180981310421106689,0.16895785241175262,0.10503618266591667,0.7260059649223307,0.27021879396059856,0.08831165259518549,0.641469553444216
1181006477640957953,0.238345602186982,0.1526069119153262,0.6090474858976918,0.19010498780705834,0.11223941512441452,0.6976555970685272
1180986232244830209,0.3743395723379328,0.09387452687426799,0.5317859007877992,0.2954542636279666,0.41228090750077534,0.29226482887125804
1181027673776488449,0.4032946993637327,0.0633662107870044,0.5333390898492629,0.38412641387106733,0.17010197150997858,0.4457716146189541
1180986034046926849,0.13487739128193374,0.4094141952039102,0.45570841351415603,0.5056093057389348,0.06566584937504547,0.4287248448860197
1181028857603227649,0.5687455902777526,0.04544805614938407,0.3858063535728633,0.48804611375219376,0.15173035757220463,0.3602235286756016
1180988807418675201,0.5662270001268822,0.024780434687542596,0.40899256518557525,0.14192779513672424,0.31822143548080534,0.5398507693824705
1180995665048698881,0.45590015963365876,0.12264717520615036,0.42145266516019086,0.5149993264219436,0.18773485004790524,0.2972658235301512
1181016953955745793,0.3189753195643483,0.16624006607292385,0.5147846143627278,0.18403474175005952,0.3798905128542359,0.43607474539570457
1181033710671724545,0.2487566190946487,0.04247794134875681,0.7087654395565945,0.34365977442343193,0.19578273036846722,0.46055749520810085
1181000829430890497,0.3686184984292155,0.10732958405227086,0.5240519175185137,0.21419355835263124,0.37016686919501807,0.4156395724523507
1181017127955202049,0.7467525084853851,0.0894124348559391,0.16383505665867582,0.522472780549094,0.15839315079181251,0.31913406865909355
1180981377951629313,0.23603426936455835,0.1892548117515977,0.574710918883844,0.2556770381800494,0.23947257805125927,0.5048503837686913
1181008675677339649,0.2812349094377948,0.40729774697997767,0.3114673435822275,0.15341472413514143,0.4054423605496601,0.44114291531519845
1180981409762770945,0.44046262559548693,0.21922786506127553,0.34030950934323756,0.4347989126842392,0.19425157355847678,0.370949513757284
1181001334135717889,0.28074014755312915,0.2325712204418359,0.486688632005035,0.14769934777417995,0.29455867577986583,0.5577419764459541
1181018108358656001,0.4161006402981384,0.1617423389744914,0.42215702072737016,0.2964890391542928,0.23395471807079327,0.4695562427749139
1180986469998002177,0.3011240520794877,0.38486493250335735,0.3140110154171549,0.2931813608006443,0.2450832443241764,0.46173539487517934
1180980260973969409,0.3853972944727426,0.18507158854372682,0.4295311169835305,0.2850859709032283,0.31499714208927254,0.39991688700749917
1180993462232514561,0.4399409907022763,0.22098887864413086,0.3390701306535928,0.24878571082103212,0.38112180291274383,0.37009248626622404
1180988777412329473,0.3218053158605031,0.06538867122931574,0.6128060129101811,0.5786348149223497,0.0652489664278476,0.3561162186498027
1180992202425794561,0.395079357484848,0.15824794966214606,0.4466726928530059,0.6105061826055143,0.09497120350898172,0.29452261388550405
1180993085584375809,0.239106671862661,0.19193578967001368,0.5689575384673253,0.2596232610007851,0.11450597212910359,0.6258707668701113
1181034137942360065,0.38338424437504115,0.07247422661128551,0.5441415290136733,0.2540397893931452,0.09120065623380873,0.654759554373046
1180981540850466817,0.24459072831458198,0.06827406911164627,0.6871352025737718,0.2704878213509034,0.33054439609534636,0.3989677825537502
1180985616359718913,0.2053856643263862,0.12727465785305855,0.6673396778205553,0.27700974676966167,0.09294803468918335,0.6300422185411549
1180998551869227009,0.12437049650807379,0.3883562431805345,0.48727326031139173,0.2327049344826858,0.020459860291739355,0.7468352052255749
1180989943106306049,0.3145143422442361,0.08216421120582341,0.6033214465499406,0.3289638926277067,0.07612641392633786,0.5949096934459555
1180993843623657473,0.10871647295427093,0.5289179652341094,0.3623655618116197,0.2645409299403814,0.16951106503300473,0.5659480050266139
1181032996480745473,0.2572795763359794,0.19344032488711782,0.5492800987769028,0.5026875623061051,0.04387121142604238,0.45344122626785255
1181021753062522881,0.5474390821096149,0.11055464371814436,0.3420062741722407,0.4009844576212332,0.15279856111713325,0.44621698126163356
1181017030356107265,0.307814978389696,0.11854895269314056,0.5736360689171633,0.4363829415999545,0.37890146663655655,0.18471559176348895
1180981249701412865,0.3301443399741573,0.29804384164010095,0.37181181838574173,0.33700531715260623,0.11797289193862891,0.5450217909087649
1180994487578329089,0.32378455845541926,0.21179602711474274,0.46441941442983803,0.5631830725768026,0.10953399803069558,0.3272829293925018
1181035421263036417,0.42529055011506683,0.12830017222328988,0.4464092776616433,0.6132817316375486,0.10188709388613118,0.2848311744763202
1181015188507721729,0.266530443171992,0.06563865968094101,0.667830897147067,0.24001974720454047,0.14587957818479644,0.6141006746106631
1180997769404284929,0.22863903130576305,0.08249822328754894,0.688862745406688,0.2564136363163078,0.19659065601577605,0.5469957076679162
1181024636080685057,0.22713455256266954,0.15224265170905102,0.6206227957282795,0.2541829534575169,0.22206566362732463,0.5237513829151584
1180984202943528961,0.093068426544724,0.04434592232632314,0.8625856511289529,0.3637674748954604,0.07061537283575321,0.5656171522687864
1181025113896517633,0.44941084787463254,0.050823066508321836,0.4997660856170456,0.23343280859628626,0.045395322143397664,0.7211718692603161
1180983456614776833,0.40253775466091224,0.040301265147368266,0.5571609801917194,0.13146858952373294,0.18032700665975024,0.6882044038165168
1181035139469672449,0.13748380245154182,0.3555601045974208,0.5069560929510373,0.381569767363428,0.03462863231802881,0.5838016003185431
1180988720854597633,0.42772051356965557,0.03447418567526125,0.5378053007550831,0.20885521739617724,0.14806673142023946,0.6430780511835833
1180999408667000833,0.4389346025975442,0.044785045616907396,0.5162803517855484,0.2602559789143328,0.39006676115744265,0.3496772599282246
1181021223223984129,0.5636125728277674,0.05324069110257426,0.3831467360696583,0.3906794311945512,0.29554275462836843,0.3137778141770804
1180999140554866689,0.3246566788038655,0.1695163766810497,0.5058269445150848,0.3063381739034904,0.02287287601373718,0.6707889500827724
1180993466879541249,0.18486854422817783,0.05368132174768703,0.7614501340241351,0.3140355850191966,0.027704263776904596,0.6582601512038988
1180989092985339905,0.18870848062955767,0.0405986365782826,0.7706928827921598,0.24087277487648598,0.09274785939766358,0.6663793657258504
1180997414727417857,0.39468617860274496,0.07606998212093999,0.529243839276315,0.3584133096624256,0.14171170705812827,0.49987498327944613
1181029313461256193,0.3872806147108352,0.0313326691471652,0.5813867161419997,0.3379968803942613,0.02331507368675142,0.6386880459189873
1181007005539041281,0.21055221176809508,0.301114785913672,0.48833300231823296,0.28936205480305754,0.19259429216654225,0.5180436530304002
1181029211408629761,0.316805442461061,0.1191711049298054,0.5640234526091337,0.35013251642035986,0.27995272832855606,0.3699147552510841
1181021570804252673,0.1804307482073046,0.08535034779243733,0.734218904000258,0.2050358673212432,0.031635919746860273,0.7633282129318966
1181024523435474945,0.5150866813798219,0.3373314932386453,0.14758182538153275,0.3661065903919124,0.3794645297720197,0.2544288798360679
1181027988512342017,0.1772136854925875,0.30053869621487195,0.5222476182925406,0.29286479946227195,0.2019026645981348,0.5052325359395933
1181022385531158529,0.19620934355832964,0.21509337610610194,0.5886972803355683,0.33839675621387305,0.41461596809932677,0.24698727568680023
1181019331772088321,0.2547632432760131,0.211875189354286,0.533361567369701,0.3810475320686919,0.2156879293925652,0.4032645385387429
1181025358974648321,0.27074923619825836,0.33385818133434725,0.3953925824673944,0.2642515087984187,0.1020817994588828,0.6336666917426985
1180985018477412353,0.19719553059223677,0.3459753723084827,0.45682909709928055,0.3108277712489234,0.16183851830971327,0.5273337104413633
1180994310321045505,0.22000157987983907,0.12221534714690038,0.6577830729732606,0.20092958561237756,0.17970500240836512,0.6193654119792573
1181020362731618305,0.41408471099120736,0.24431535069570462,0.341599938313088,0.3714094157538393,0.2081331901673347,0.420457394078826
1181020682562797569,0.23998380864793317,0.12040115215235135,0.6396150391997155,0.14598918964940075,0.3691150169505026,0.4848957934000967
1181028258495627265,0.26779132242439835,0.25454614959062655,0.4776625279849751,0.26686271522403926,0.45138331503186285,0.28175396974409794
1181017289403072513,0.36702371541865597,0.03590558509094934,0.5970706994903947,0.4925049264137265,0.07634889249537151,0.43114618109090197
1180983615223595009,0.35924333309520007,0.04545911156055628,0.5952975553442437,0.6641942774971573,0.1341276177047803,0.20167810479806236
1180995618427305985,0.47356643452308467,0.144691826310801,0.3817417391661143,0.4486511653689281,0.07047634366043924,0.48087249097063267
1181000561166876673,0.30466865016103023,0.20200345690535032,0.49332789293361945,0.3276812243085034,0.20034220935987804,0.47197656633161855
1181032873713893377,0.46420805741151866,0.18166604344297493,0.3541258991455064,0.09932600642806341,0.389766291730361,0.5109077018415756
1180999585118257153,0.502042369331255,0.07000024245701367,0.42795738821173135,0.5757193480179592,0.10187307436802663,0.3224075776140142
1180981460739981313,0.29694940016350796,0.05031229252643727,0.6527383073100548,0.21677632548137782,0.04861742508173055,0.7346062494368917
1181007988877819905,0.2756629371129683,0.015075487740489777,0.7092615751465419,0.3579212477053061,0.09864449529420863,0.5434342570004853
1181013568033226753,0.13792921770853334,0.3956843218955483,0.46638646039591836,0.36868400571156246,0.07831099557781498,0.5530049987106225
1181005692273426433,0.28797644977207043,0.3469051988555457,0.3651183513723839,0.28384243563621975,0.02669817127024601,0.6894593930935342
1181004722713493505,0.3913439696088068,0.15629664530990517,0.45235938508128803,0.3034920673231807,0.19728259374416202,0.4992253389326573
1181030507578720257,0.24560084441153873,0.26993511614575394,0.48446403944270733,0.2643610187475891,0.06777710053035396,0.6678618807220569
1181025451151392769,0.10576246945909246,0.34066867862528205,0.5535688519156254,0.20355790360847342,0.18187934586819565,0.6145627505233309
1181004782338867201,0.053726000376575114,0.397406838236926,0.5488671613864988,0.20621933216881363,0.06175066923757002,0.7320299985936163
1181027947604049921,0.42162045714770957,0.09766183586557677,0.4807177069867137,0.06817397527803815,0.3296232215878837,0.6022028031340781
1181026748741353473,0.17524865669828088,0.5825767654318225,0.2421745778698966,0.2668417512632876,0.20575100817147135,0.527407240565241
1180986415794913281,0.22027642502612269,0.2993477381654347,0.48037583680844265,0.41141935736335344,0.14079534452328946,0.4477852981133571
1180992157708156929,0.15132236382747383,0.1147542172004089,0.7339234189721173,0.13544128059160654,0.39703387313185723,0.46752484627653623
1180997875359776769,0.38120096999880976,0.31831439556179847,0.3004846344393918,0.22894588254473436,0.11141296604534155,0.6596411514099241
1181024192535298049,0.1768084703662375,0.06276922059933021,0.7604223090344323,0.3196035912256121,0.06628412150215143,0.6141122872722364
1181024661912158209,0.165292662423206,0.2006311713851062,0.6340761661916878,0.24625901763338576,0.12552739219392345,0.6282135901726909
1181022517812002817,0.4057587785076878,0.06240378923470129,0.5318374322576109,0.3430433114686737,0.1967586932754665,0.4601979952558598
1181014103515398145,0.49002876406718093,0.038462228565619795,0.47150900736719925,0.09391177914739882,0.46358974706687306,0.44249847378572815
1181028529157406721,0.2890470170283141,0.04891657843434327,0.6620364045373426,0.47889057164479054,0.16943371883284652,0.35167570952236293
1180987978526457857,0.07495303825059227,0.2334159230919302,0.6916310386574775,0.33831307785570713,0.037581002590384084,0.6241059195539087
1180983497170485249,0.2537414220998555,0.18009602220916973,0.5661625556909747,0.30111739364655193,0.047241892763807046,0.651640713589641
1181031223262052353,0.30785297414311047,0.32117985651019537,0.37096716934669416,0.33882649568703005,0.34344192572641175,0.3177315785865582
1181027160588713985,0.3391153757762569,0.011347088332099405,0.6495375358916438,0.08711839662809902,0.43963958395323394,0.47324201941866706
1180994265086525441,0.21076184835392628,0.13814369205394048,0.6510944595921333,0.254306857345465,0.04318885142213643,0.7025042912323987
1180984582045040641,0.3868826386334185,0.1413903863566512,0.4717269750099303,0.6064800731485567,0.09971662457883274,0.29380330227261064
1180979994830897153,0.5159230540729449,0.02941647004682871,0.4546604758802264,0.4284254322412322,0.10697476399649788,0.46459980376226995
1181000852758102017,0.06732479235553088,0.12116340972328438,0.8115117979211848,0.4245246982370062,0.0069420976088143274,0.5685332041541795
1181032372560658433,0.5697019443223437,0.03980676930487497,0.3904912863727814,0.3990458966490402,0.29396267279060173,0.30699143056035805
1181002194678054913,0.20705482236324957,0.1233008669592529,0.6696443106774975,0.41019628118444784,0.13569698447257794,0.4541067343429742
1180993784581128193,0.4716482562584146,0.0700048345962125,0.4583469091453729,0.4625614143900249,0.13253098238389244,0.40490760322608266
1181006519422255105,0.1268175683909618,0.2580969866775577,0.6150854449314804,0.3289377927649682,0.10960396925749107,0.5614582379775408
1181018476293849089,0.36814041614547166,0.03547407185911936,0.5963855119954089,0.3001421764505426,0.05027973310817003,0.6495780904412873
1180998355509903361,0.5644742809981852,0.1199553538433786,0.3155703651584362,0.4784995784374759,0.13353783890045598,0.38796258266206807
1180998449205608449,0.10878448123390831,0.3379374835740522,0.5532780351920394,0.207613405764152,0.050483656691917574,0.7419029375439304
1181028416171606017,0.38548044096457135,0.09442950439881563,0.520090054636613,0.2693856425737927,0.09632713257471945,0.6342872248514879
1180996963252207617,0.6055663247715941,0.1344975697630777,0.2599361054653282,0.3695458971208423,0.07209099645929683,0.5583631064198609
1181024431737274369,0.16642309732703564,0.06505699249476142,0.768519910178203,0.10934956456317298,0.19134357088814546,0.6993068645486815
1181018905695551489,0.21354979608827057,0.025950203345110764,0.7605000005666187,0.2019318670879421,0.17062074600335145,0.6274473869087065
1180995614040457217,0.3456851788644487,0.10260002949914544,0.5517147916364058,0.38422011286218277,0.06679978577540437,0.5489801013624129
1181003315201933313,0.6056253051839705,0.07412880004980671,0.3202458947662228,0.371622421136742,0.018525204979030176,0.6098523738842279
1181005764029022209,0.1525030643131699,0.13064313434175556,0.7168538013450745,0.3267472474029541,0.20595854082545167,0.46729421177159425
1180988112743858177,0.208384871173432,0.2526211056033811,0.5389940232231869,0.17880076924101806,0.13246176192838827,0.6887374688305936
1180999581278633985,0.3202833659193596,0.05258323797683057,0.6271333961038099,0.5028816058612758,0.2318988802043122,0.265219513934412
1181031839724175361,0.48640681785393747,0.06805880604371438,0.44553437610234814,0.5230941794244172,0.15359833290048286,0.3233074876751
1180998731483348993,0.2283100451318838,0.03428080124898525,0.737409153619131,0.2537965889693853,0.06937422365337959,0.6768291873772352
1181000136926822401,0.15587509480802075,0.016785268548224264,0.827339636643755,0.11101527185181179,0.10557131512965365,0.7834134130185346
1181001347621191681,0.25541688082109665,0.3592046406400904,0.3853784785388129,0.4346168795549392,0.08315903438095984,0.48222408606410094
1181024994682798081,0.4106455820575306,0.14233492786087104,0.44701949008159836,0.1470002896673831,0.23785563917189173,0.6151440711607252
1181030591336448001,0.6677993570571964,0.023110679383169866,0.3090899635596337,0.6125396849784697,0.05258463963681881,0.3348756753847115
1181022747239874561,0.4499771323323386,0.1405556041853694,0.409467263482292,0.22914940698392794,0.2673366030243135,0.5035139899917587
1181013034095312897,0.1954396253398579,0.08493293063565814,0.719627444024484,0.5044555924742947,0.10910268643745825,0.38644172108824704
1181008252245508097,0.15760375397220397,0.22246535461293745,0.6199308914148586,0.35405359409911996,0.06931667984844533,0.5766297260524347
1180985342438211585,0.17299547328934667,0.020918913748513627,0.8060856129621397,0.18209293233914647,0.38370153226303566,0.4342055353978179
1180982599557054465,0.2918777491188533,0.010217301280542355,0.6979049496006043,0.12952012309261776,0.38420508852667135,0.4862747883807109
1181017887285215233,0.25009027358961244,0.16490787141939822,0.5850018549909893,0.19276549891103306,0.08059439949332614,0.7266401015956407
1181028750745337857,0.38763835259343066,0.08860380730259781,0.5237578401039715,0.22773644068002816,0.21941528296977433,0.5528482763501975
1180990642107645953,0.48081419680235016,0.037425949768866235,0.4817598534287836,0.27698160684906203,0.02841845124227259,0.6945999419086654
1181006966373515265,0.34672876047059115,0.3858315891200777,0.26743965040933115,0.27184968055611936,0.03449428014755088,0.6936560392963298
1181011110600835073,0.3532893695180064,0.152624334652957,0.4940862958290366,0.2988864653155237,0.033886826620806276,0.66722670806367
1181021088781893633,0.5384366686284562,0.14330602041818516,0.31825731095335863,0.16209171199274522,0.37793678620980203,0.4599715017974527
1181031153823711233,0.08883541748901745,0.24266453548269387,0.6685000470282887,0.25199992997684323,0.18064500584025098,0.5673550641829058
1181027549625516033,0.29860749063889297,0.04041616777268354,0.6609763415884236,0.25360238362608506,0.09337950487127541,0.6530181115026394
1180997528619515905,0.6942230173030453,0.017867367558364565,0.28790961513859015,0.5419154887792664,0.04490866671268674,0.4131758445080468
1181000088565645313,0.4587413681979498,0.030889819222459862,0.5103688125795903,0.36263936597251845,0.16661127465324577,0.4707493593742358
1181026971812855809,0.1448709279648175,0.295210631353501,0.5599184406816815,0.4672308392723145,0.2568186390388047,0.2759505216888808
1180990058353098753,0.3006502737131147,0.2091458523722853,0.49020387391459996,0.2861760157423834,0.2640889753721818,0.44973500888543483
1181023603395592193,0.5713357458442782,0.15623058056774053,0.2724336735879813,0.3583814914876951,0.11320462885782791,0.5284138796544771
1181005733151506433,0.09122853536078142,0.22449020084276494,0.6842812637964537,0.26718064238261213,0.024115717805430727,0.7087036398119572
1180986358460743681,0.3002130647074021,0.2959413787284834,0.40384555656411447,0.2571457735424129,0.14147271840947429,0.6013815080481129
1180992261920292865,0.5210614823488263,0.020437704016728436,0.4585008136344453,0.33347562189364627,0.0337214817484111,0.6328028963579426
1180991555631939585,0.26205919511881365,0.14251413494365775,0.5954266699375286,0.3165191014155793,0.17499121149138377,0.5084896870930369
1181016235793383425,0.20646025811330831,0.05137932004189589,0.7421604218447958,0.23422904548497553,0.021899657048741198,0.7438712974662833
1180999319910481921,0.36786730620433816,0.026263480570595164,0.6058692132250667,0.2146269133298925,0.10851646067073607,0.6768566259993714
1181019522223996929,0.39606032146335474,0.1452666626322093,0.458673015904436,0.1200161764846885,0.16013772434058646,0.7198460991747251
1181027613734305793,0.3135725450761054,0.035200103659327485,0.6512273512645672,0.24128271085190975,0.2139328792347149,0.5447844099133754
1180990271262392321,0.23181361872652714,0.4697496180441052,0.29843676322936763,0.652919328815506,0.0326401584379456,0.3144405127465484
1181025383622541313,0.27187590916131876,0.1557291481762215,0.5723949426624597,0.37356213902293683,0.10297184182723783,0.5234660191498253
1180980558447476737,0.10951066482915124,0.29886016433252915,0.5916291708383197,0.32822459309006924,0.14392931235657228,0.5278460945533585
1181000663531061249,0.20545362644589032,0.16726586384565684,0.6272805097084528,0.35139451048972326,0.05559365999662701,0.5930118295136497
1181025839382233089,0.17853688944386312,0.05834517216418641,0.7631179383919504,0.07834353466219668,0.17631578490926247,0.7453406804285408
1180980235649351681,0.2623401813046348,0.25165045777259293,0.48600936092277225,0.27335955416389446,0.24524454331144052,0.481395902524665
1181030883615277057,0.10741054391778491,0.061775685692325145,0.8308137703898899,0.1372701795061213,0.09460854769867898,0.7681212727951997
1181021007738241025,0.44392112252707927,0.12081592616473855,0.43526295130818216,0.4800476059986173,0.059402150529351064,0.46055024347203166
1181011276048269313,0.0879237764699095,0.2629152363370661,0.6491609871930244,0.12191646778451634,0.09751649042331875,0.7805670417921649
1181004120669618177,0.39986396946506375,0.049597519079613954,0.5505385114553223,0.06544505441034205,0.5945325113891702,0.3400224342004877
1181003825648893953,0.4270312571527066,0.31385102411926813,0.25911771872802525,0.36235816352635786,0.2240858732906845,0.4135559631829576
1181032256442957825,0.564363186127427,0.12638519537554435,0.30925161849702865,0.6324978714054845,0.03654267860205242,0.3309594499924631
1180986227888652289,0.2711813666794662,0.16808710189632295,0.5607315314242108,0.38297461919739645,0.1803963902959102,0.43662899050669335
1181015768676728833,0.2846095111831459,0.023719935032724106,0.6916705537841299,0.5115848262840652,0.16093015310677608,0.32748502060915874
1180985612518916097,0.1640197301229276,0.19365769814812142,0.642322571728951,0.3049265181848923,0.035930556795972034,0.6591429250191356
1181015673886703617,0.26541644002725046,0.12362053150160507,0.6109630284711445,0.23387692533729837,0.34858555510045264,0.41753751956224894
1180982822405767169,0.32575815003781117,0.061760769433203445,0.6124810805289853,0.3498367845653412,0.13613697480039713,0.5140262406342617
1180996255930908673,0.3070828171727502,0.49334357223522934,0.1995736105920204,0.5918345260775706,0.08558619786097517,0.3225792760614542
1180982188870893569,0.2334080075990484,0.11138660170866066,0.655205390692291,0.28617739910776896,0.09786538205903804,0.615957218833193
1181021395869237249,0.11472933229111112,0.324170763390255,0.5610999043186339,0.3833165696823263,0.06557143821211998,0.5511119921055537
1181003416800591873,0.3896411509623431,0.08018573619867773,0.5301731128389792,0.26460268411186877,0.27609123346186437,0.4593060824262669
1181002824436711425,0.5030120464053192,0.09432016598756851,0.4026677876071123,0.15260778098124408,0.2478629034606053,0.5995293155581507
1181003298585313281,0.5524284734681426,0.09429408212198984,0.3532774444098675,0.5167286071935694,0.14554791111043605,0.33772348169599453
1181031708826959873,0.6036129672657972,0.040735806760148506,0.3556512259740543,0.4891483472351934,0.2255974331894447,0.2852542195753619
1180979780954587137,0.42436613190586797,0.09677002333985857,0.47886384475427346,0.33102250770656066,0.32624179734997577,0.34273569494346356
1180988467646955521,0.18621670704503818,0.43543833813571686,0.3783449548192449,0.3897610948701404,0.04151217799526979,0.5687267271345898
1181012365590167553,0.29397932131733456,0.5064736553590158,0.1995470233236497,0.7512320851119144,0.027684558900557977,0.2210833559875276
1180988497395154945,0.6727432103724306,0.03079580094017831,0.2964609886873911,0.1091454163126579,0.4006068542831647,0.4902477294041774
1180995824529506305,0.19937225309590098,0.3143197174682246,0.48630802943587437,0.2768368771374548,0.09967233549789468,0.6234907873646505
1180991187951550465,0.23200035725158782,0.1920154127197576,0.5759842300286546,0.20784648008947387,0.06490922574995493,0.7272442941605712
1181024757510832129,0.15564637920377622,0.38623158693380066,0.4581220338624231,0.27497336833115227,0.026019057303594117,0.6990075743652536
1180980202351788033,0.2069886512920682,0.35404301130253174,0.4389683374054001,0.254087853278441,0.22862118533296902,0.5172909613885899
1180994306093940737,0.28717077659597884,0.10063561166672276,0.6121936117372984,0.15805107115948966,0.37366389651112214,0.46828503232938823
1181030405431820289,0.2328256044638847,0.40680366738636015,0.3603707281497551,0.4495436497827593,0.08228173752867098,0.46817461268856975
1181004913071161345,0.5922663900482771,0.14324379382781682,0.2644898161239061,0.3011499346137127,0.12667072071063895,0.5721793446756483
1180994598632161281,0.5835734850244294,0.1592247195457417,0.2572017954298289,0.347891553680962,0.0719284055542749,0.580180040764763
1181022771858014209,0.6760980146666364,0.03238986695477646,0.29151211837858715,0.45009116110769776,0.4079826349140988,0.14192620397820344
1181016356944248833,0.22245286599558145,0.055553138017470485,0.7219939959869481,0.2779574756592014,0.06576461076273686,0.6562779135780616
1181022381015597057,0.30687146605037213,0.32586663250647513,0.36726190144315274,0.27951162067158875,0.34237611526456957,0.3781122640638417
1181019327414501377,0.35453328173529186,0.23394934199648487,0.41151737626822327,0.4114922719057137,0.1182293242287715,0.4702784038655148
1181020002731229185,0.3290911381917345,0.28852063854103016,0.3823882232672353,0.42489909081214516,0.21764270911829017,0.35745820006956464
1181027828419854337,0.433342342618696,0.11714748203175386,0.4495101753495502,0.506570195051396,0.1283723759878201,0.36505742896078386
1181024518950682625,0.2556473512263326,0.43144277193951613,0.3129098768341513,0.4776071753030951,0.02142857685704658,0.5009642478398584
1180989937172971521,0.6349173927002972,0.08255585318182568,0.2825267541178771,0.4098730531950094,0.20990914225784388,0.3802178045471467
1181031574094970881,0.6827412805908455,0.04513884881263167,0.2721198705965229,0.42702074471375967,0.10732728083546055,0.46565197445077977
1180984870547521537,0.39343924547923614,0.06862130715393966,0.5379394473668242,0.43899015741454117,0.08856271884629496,0.47244712373916387
1180990942292344833,0.5298392453066659,0.2309559599156898,0.23920479477764434,0.565398233954751,0.0567007225641509,0.3779010434810981
1181018097290706945,0.096944268897317,0.4375461292317767,0.4655096018709063,0.32533256845610325,0.05083439466050252,0.6238330368833942
1181023366577913857,0.23590065476660663,0.11554696729448186,0.6485523779389115,0.16802597686665732,0.13804640762476678,0.6939276155085758
1181032778021961729,0.22630332437645612,0.04743904198557041,0.7262576336379735,0.3369798822468504,0.12084217337471616,0.5421779443784335
1180989375003820033,0.21020679956615093,0.02872404943360965,0.7610691510002394,0.20505743289406597,0.22139701598174744,0.5735455511241866
1180987586779348993,0.2665481970665103,0.03742059188182439,0.6960312110516653,0.2254757808925765,0.3506498586602074,0.42387436044721605
1181001870296678401,0.5048130514436652,0.09882669320131081,0.39636025535502406,0.3370782993232615,0.029332321106895896,0.6335893795698426
1181020796519677953,0.6194217596975266,0.05144030388440287,0.32913793641807054,0.49580921572463293,0.043519176265373015,0.46067160800999407
1180984051173163009,0.2645217546725655,0.06988843847962424,0.6655898068478103,0.25469603095490423,0.25478746224622034,0.4905165067988755
1181001316099424257,0.3980315830756585,0.19168837480528758,0.4102800421190539,0.4879406815424995,0.14279359182133963,0.36926572663616086
1181030359942332417,0.6137629055044178,0.112347210229285,0.27388988426629723,0.39306507941988245,0.10687791235288742,0.5000570082272302
1180982818372222977,0.4688855259578477,0.10862974883465905,0.42248472520749325,0.26485443878808623,0.38087013439175493,0.3542754268201588
1180992828603465729,0.2549919343164168,0.21806228682170814,0.526945778861875,0.14958832711569459,0.20558516175460032,0.6448265111297051
1181023195676999681,0.42016704914746106,0.14189591503042842,0.4379370358221105,0.38576409419981916,0.13985235968050766,0.47438354611967315
1180990821431181313,0.2131461954928832,0.030043488349521082,0.7568103161575958,0.1536381988023266,0.3292899773603449,0.5170718238373285
1181030560879640577,0.4742064581568489,0.18681316553419225,0.33898037630895883,0.4792745247095882,0.08628760322652675,0.43443787206388507
1181011085144981505,0.1787709393276069,0.4482680135221603,0.3729610471502328,0.3664916469270679,0.040238283968898524,0.5932700691040336
1181004079952035841,0.33696290065360957,0.28246870824391224,0.3805683911024782,0.23875804255954247,0.16620074734186346,0.595041210098594
1180998218581835777,0.1067307862787788,0.34135326427494406,0.5519159494462771,0.24494003877631054,0.08950291832352729,0.6655570429001622
1181018901112782849,0.27487735926734463,0.26737953625651495,0.4577431044761404,0.4155248720910306,0.10298229393242962,0.48149283397653975
1181006779600273409,0.3750266384729592,0.14640696107865808,0.4785664004483827,0.5626569216158817,0.12595292548181466,0.31139015290230365
1180981373402087425,0.19279407747963453,0.20897488630257152,0.5982310362177939,0.4262713908807963,0.18814547549792723,0.3855831336212765
1181003130297024513,0.2133759673826301,0.143449473926286,0.643174558691084,0.22258498901892412,0.06630863867282885,0.711106372308247
1180981536593641473,0.14340174728088448,0.4730340768698476,0.38356417584926794,0.4807699604963682,0.281168607456574,0.23806143204705776
1181022131743293441,0.12751753580713043,0.34115306191483047,0.5313294022780392,0.4806119975989665,0.1004741153382793,0.41891388706275423
1181025490190467073,0.3830079919743694,0.12583855639523223,0.49115345163039836,0.3890351023617844,0.08634884768835582,0.5246160499498598
1180997999994273793,0.13034183383483677,0.28859744428588485,0.5810607218792784,0.12133194165110654,0.5236098245909545,0.3550582337579389
1181021464300322817,0.326481917781489,0.41895345680954776,0.2545646254089632,0.5853869232693449,0.05521891065173807,0.35939416607891694
1181005530602635265,0.3498083019308045,0.04572151550166886,0.6044701825675267,0.47757581696557366,0.037970460382428656,0.4844537226519977
1180986029659095041,0.46687410249841244,0.25591629340164046,0.2772096040999471,0.4063063791012179,0.04385686520668618,0.5498367556920959
1181030854188728321,0.15416479810687228,0.22376212791570976,0.622073073977418,0.12682194449166062,0.0921115175257222,0.7810665379826172
1181005470396547073,0.25773638789130904,0.05610233688669641,0.6861612752219945,0.4612015859763017,0.13824397877303407,0.40055443525066425
1181032111222063105,0.3192835966927475,0.23689551963949645,0.44382088366775607,0.41541343419860643,0.09068667339323846,0.49389989240815513
1181005421226917889,0.4574379603494698,0.0884326215601412,0.454129418090389,0.45389046765966434,0.09266049754219716,0.4534490347981385
1180983451355611137,0.29221837302718207,0.10546288991768614,0.6023187370551317,0.16491543341916637,0.05646644422328415,0.7786181223575495
1180986266153975809,0.1417622284363923,0.347873345302981,0.5103644262606268,0.1641209842120353,0.17332000280685714,0.6625590129811076
1181028739131342849,0.3675332077428869,0.40500356728596415,0.22746322497114901,0.47365923976260005,0.08120615280679189,0.44513460743060806
1181023887835791361,0.5069461726982749,0.052920339105394384,0.4401334881963307,0.29791892000743,0.13237211173966132,0.5697089682529087
1180990337402765313,0.4126847542545721,0.10327473273404521,0.48404051301138273,0.6303033029273641,0.08884721125521762,0.2808494858174182
1181007592836825089,0.17702025335535387,0.18584476248672893,0.6371349841579173,0.36262137060596006,0.09673140241132971,0.5406472269827103
1181028470147317761,0.5308698733940888,0.050072481552519754,0.4190576450533915,0.3908966557749857,0.16841798439136063,0.44068535983365364
1181025143161323521,0.3136063672550437,0.07733966014679462,0.6090539725981616,0.33508398799790884,0.22074574097380176,0.44417027102828943
1181032928952516609,0.42524099160069967,0.03947095183569315,0.5352880565636071,0.20867609021445616,0.37226655817041343,0.41905735161513036
1180981030532153345,0.2892668154267723,0.06943255035298915,0.6413006342202385,0.2318195558439979,0.09837453019666094,0.6698059139593411
1181025109218983937,0.23543753771618975,0.23502194597609194,0.5295405163077183,0.22900370108716175,0.009653996267242632,0.7613423026455957
1181028289565229057,0.42392694486934623,0.05773556901248275,0.5183374861181711,0.23520297758709346,0.0450851944461993,0.7197118279667072
1181000617555951617,0.3774248189200226,0.024898355826599855,0.5976768252533775,0.1281462964193474,0.0651403975988686,0.8067133059817839
1181006826542628865,0.23662507589834486,0.22746902240456607,0.5359059016970891,0.35189119643513844,0.052813596413024196,0.5952952071518374
1180986411986124801,0.3105004023461925,0.38022221967827075,0.3092773779755368,0.3290544703599007,0.2549477387839935,0.4159977908561058
1180990516115013633,0.2485377354442187,0.08752233741630179,0.6639399271394795,0.5105091622897021,0.1457429600031822,0.3437478777071157
1181021219095314433,0.3724757944167069,0.3077138840585321,0.31981032152476097,0.18374882272199564,0.6835553417266907,0.1326958355513136
1181007623165247489,0.30452383744822226,0.2509438219051037,0.444532340646674,0.15589991303697787,0.06152485435800377,0.7825752326050184
1181031206188023809,0.5897934813431551,0.20397590312430522,0.20623061553253963,0.31788810588248523,0.08760633121875461,0.5945055628987601
1181000308862681089,0.25378203394502147,0.45724965162713566,0.2889683144278429,0.42254179781472706,0.1931816537201528,0.38427654846512016
1180984199136378881,0.22776246813522402,0.15599667500754724,0.6162408568572287,0.33330712402963175,0.09116007952824635,0.575532796442122
1181000407654072321,0.5571427937609276,0.11160399740952287,0.33125320882954956,0.5287986861526902,0.1591270817657423,0.3120742320815675
1181000376197382145,0.4974654175336834,0.080924598333934,0.4216099841323826,0.3828676908068131,0.08892598134881556,0.5282063278443714
1180984007359758337,0.3280801120798256,0.39618943973740756,0.2757304481827668,0.45722856118880567,0.11267769931221623,0.4300937394989781
1180992785272832001,0.2146560457494683,0.06134893964599999,0.7239950146045318,0.26947967845396265,0.26753672290355884,0.4629835986424785
1181024427188879361,0.2237834016601116,0.09006654627088481,0.6861500520690036,0.17570874244754567,0.15468661004488607,0.6696046475075683
1181007001218416641,0.21323660840565106,0.3947495661864938,0.3920138254078551,0.25890537101227085,0.1963111494254038,0.5447834795623253
1181004042947198977,0.5116533029621918,0.04114857675907777,0.4471981202787304,0.7173714326725411,0.045234690612742275,0.23739387671471657
1181003544887361537,0.11024627177178639,0.39711932352502677,0.49263440470318687,0.29840418114478573,0.3168070148116104,0.3847888040436038
1181009287497711617,0.10555233225815981,0.4020504515305031,0.49239721621133703,0.19727794360095505,0.32011561003488415,0.48260644636416083
1180999576599920641,0.16726038760773804,0.14635161000678237,0.6863880023854796,0.3585070654952662,0.07857155261489994,0.5629213818898339
1180985338051461121,0.0765921161594228,0.5765274112624836,0.3468804725780936,0.34410721703594965,0.028822360777586504,0.6270704221864638
1181028035134750721,0.4974971940431695,0.08212756251500099,0.4203752434418295,0.25021137783342684,0.16787481669311372,0.5819138054734594
1181001156200038401,0.45889058505221103,0.12862850609129925,0.4124809088564897,0.27547039843435844,0.05927109746621208,0.6652585040994294
1180982473760047105,0.3773725564225409,0.10393265798964693,0.5186947855878121,0.05621050092117121,0.4181397905362882,0.5256497085425406
1180981921951318017,0.2580200774498689,0.14897062110274267,0.5930093014473885,0.5131546694028244,0.09022971558398465,0.396615615013191
1181000490927489025,0.6683750655896786,0.019876087556360715,0.31174884685396065,0.14409318039432017,0.37571161536579967,0.48019520423988016
1181021380092067841,0.6258237233643343,0.08580918459780495,0.2883670920378607,0.1886823681209177,0.29120883014123833,0.5201088017378439
1181033705414098945,0.3578994304253647,0.29804777823880885,0.34405279133582645,0.3052632746748059,0.0458368704999691,0.6488998548252249
1181006186362699777,0.4224518573770259,0.06849927502856422,0.5090488675944098,0.18582690806139746,0.5718066197678155,0.242366472170787
1181013481014427649,0.30653470891344947,0.021981198782459275,0.6714840923040912,0.19719922328309608,0.03127798650087771,0.7715227902160262
1180985285911740417,0.15410202742664844,0.20709727947945192,0.6388006930938996,0.2063944461755477,0.04484817574638939,0.748757378078063
1181021543572340737,0.1846674240116713,0.22255829787046805,0.5927742781178607,0.3656794217721049,0.0552185736150465,0.5791020046128486
1181023678731419649,0.1663837932435401,0.39850994908380166,0.4351062576726582,0.48483911388037043,0.07160876219386778,0.4435521239257618
1180981245926801409,0.08049657771150563,0.5886631588987496,0.3308402633897447,0.1429461259245272,0.011354488610001406,0.8456993854654714
1180982546969395201,0.1846397453742956,0.2602040873971099,0.5551561672285945,0.22477246899625355,0.1854107403768969,0.5898167906268496
1181005688892358657,0.4158619055521813,0.08944009522384958,0.4946979992239692,0.39715360044799225,0.08925320533069585,0.5135931942213119
1181004288119701505,0.23199449306578965,0.06329292961780011,0.7047125773164102,0.35140192503072526,0.031100948332672816,0.617497126636602
1181026110303961089,0.16599528899602423,0.694149794059572,0.13985491694440377,0.5537142273287685,0.13010036582710682,0.31618540684412466
1180991183630729217,0.1877748783225383,0.06912512773710279,0.7430999939403589,0.4603044388018809,0.04162595387328426,0.49806960732483485
1180996922825637889,0.36522527149776907,0.04449272591000304,0.590282002592228,0.1808161897196595,0.049809491738958774,0.7693743185413817
1180991772573564929,0.09195280544525593,0.04706332721766853,0.8609838673370755,0.12378228704661626,0.1262138006007414,0.7500039123526423
1180979990959226881,0.6496044158943896,0.0741797840976473,0.2762158000079631,0.5214724900170673,0.05053820713696823,0.4279893028459645
1181031464396652545,0.17425121680957567,0.16247550758253992,0.6632732756078844,0.1206341214548013,0.2854580638836911,0.5939078146615075
1180984948464779265,0.47516441026508227,0.11051869928050706,0.41431689045441067,0.1263276122284747,0.34900347774668167,0.5246689100248436
1181013020868116481,0.5046116874741666,0.06266549473170865,0.4327228177941247,0.26137379794208443,0.1081500975437028,0.6304761045142128
1181032869585289217,0.13027458002214007,0.40210271444645246,0.4676227055314075,0.30372567529571937,0.37662282289119536,0.3196515018130852
1180989289827237889,0.17559290153936127,0.0957327242533874,0.7286743742072513,0.3969130347911381,0.16950670844137744,0.43358025676748446
1181005729312735233,0.15856396003933462,0.07449113094127618,0.7669449090193892,0.1499915625251419,0.3653911938607922,0.4846172436140659
1181017274534330369,0.3422095060105717,0.018330674584720232,0.6394598194047081,0.5159026924381976,0.05075196338238663,0.4333453441794157
1180988803289481217,0.6327747055515074,0.10196449055214808,0.26526080389634454,0.22498931366993574,0.04738104660328186,0.7276296397267824
1180988416219152385,0.42502035946110384,0.23754757082340694,0.3374320697154892,0.4753212288195727,0.2104947373328411,0.3141840338475862
1181032719913844737,0.10288979350019294,0.3170251682150413,0.5800850382847658,0.1807956395422819,0.056068155750938695,0.7631362047067793
1181001223051051009,0.1729261784082278,0.049576275822133906,0.7774975457696383,0.1327640188740515,0.11482025137146784,0.7524157297544807
1180996684425756673,0.37031046068396517,0.2578567555906836,0.3718327837253512,0.16423500436968522,0.3721379033291482,0.4636270923011666
1181028746970628097,0.2982443670269706,0.25944636778122837,0.442309265191801,0.2872901372232697,0.13934073658952437,0.5733691261872059
1181008662321922049,0.11771413228466768,0.13268438990764533,0.7496014778076869,0.31435806207331535,0.01938130470898665,0.666260633217698
1180981455642853377,0.2219324626024056,0.022850335997387658,0.7552172014002068,0.19184593694094187,0.10258415441457547,0.7055699086444827
1180981306066305025,0.350926003160097,0.09277125662399147,0.5563027402159115,0.08941161009736273,0.2424582532145578,0.6681301366880794
1181035600262725633,0.2643516467816873,0.10227758209762881,0.6333707711206839,0.2858064524319892,0.09362901473190362,0.6205645328361071
1180985461137571841,0.2598100990460746,0.016580838474701962,0.7236090624792234,0.3926015369939693,0.12946884411933063,0.47792961888670005
1181006058371809281,0.4210136168847132,0.09661820621851486,0.4823681768967719,0.251304421767328,0.1515525737223428,0.5971430045103292
1180997243632123905,0.24942420502081916,0.10246376532185723,0.6481120296573236,0.4747730804608111,0.06907376806905251,0.45615315147013635
1181035130048086017,0.4970615534041738,0.22172431177718313,0.2812141348186431,0.5119276819872046,0.0814685477522253,0.40660377026057004
1181000326768623617,0.20396709664184193,0.03648168401420335,0.7595512193439548,0.09792330857374225,0.04194246469332551,0.8601342267329323
1181006618635403265,0.22360733280035783,0.12738035127367303,0.6490123159259691,0.24415685906802295,0.09543623521151015,0.6604069057204669
1181023535965077505,0.48340675703430935,0.19498342444587224,0.3216098185198184,0.16368603297888304,0.14258354666701498,0.6937304203541019
1181017066912776193,0.08340649076586704,0.5941083772135631,0.32248513202056983,0.281610013819415,0.03561709204422981,0.6827728941363552
1180988034214428673,0.8804722887020682,0.02692138958527326,0.09260632171265859,0.4865363591673857,0.11456346158093053,0.39890017925168375
1181034037312159745,0.36799591768330436,0.23170457700852634,0.40029950530816927,0.4018267625496964,0.046530316698160046,0.5516429207521436
1181034438900514817,0.2280718222509696,0.07945875383033928,0.692469423918691,0.5922946294704051,0.05300661415549143,0.3546987563741034
1180981097290203137,0.1919208733687903,0.3146010541619405,0.4934780724692692,0.20594838644762137,0.2424344064851541,0.5516172070672245
1180990265938640897,0.25812696203765095,0.4603010969913507,0.28157194097099836,0.2591541448357859,0.31216848614296844,0.42867736902124565
1181000556518998017,0.20925349554223951,0.09916380122723138,0.6915827032305291,0.29689690213783737,0.21872009014053917,0.48438300772162346
1181025774694039553,0.3371990992828122,0.2982185780376777,0.3645823226795101,0.5343805802000667,0.07668125800450903,0.3889381617954243
1181032041340895233,0.55908698323457,0.24422107729927872,0.19669193946615127,0.2598497727829649,0.30719533475263416,0.4329548924644009
1180995609653116929,0.5311317939327914,0.11544693463555211,0.35342127143165647,0.3739989816218741,0.1175830481261986,0.5084179702519273
1181034516881604609,0.5423243469075119,0.04632967226585398,0.4113459808266342,0.2086569478054298,0.1931269697547555,0.5982160824398147
1180988716854214657,0.20087772369488374,0.3093894288767485,0.48973284742836776,0.49205134524558974,0.024305421162695004,0.48364323359171524
1181002018518761473,0.24695136299394535,0.148234570664705,0.6048140663413497,0.4023308240762402,0.13414494790826148,0.4635242280154983
1180990703735930881,0.4355066899440211,0.05408928933187841,0.5104040207241005,0.25251278895275814,0.12069288995525959,0.6267943210919823
1180996177432346625,0.2744804018736706,0.24143936827435564,0.48408022985197374,0.33488500565161167,0.22692211938625045,0.4381928749621379
1180981401728286721,0.48570256228823505,0.07770249376997239,0.43659494394179255,0.45013709518471967,0.296396718388109,0.25346618642717134
1180999315779092481,0.5249871249635464,0.04716125295314398,0.4278516220833096,0.3017506534777218,0.15276778066196942,0.5454815658603088
1181002586458292225,0.16388632200298578,0.10071567462770654,0.7353980033693077,0.32572069892075095,0.3362868694630916,0.33799243161615744
1181017462887219201,0.10719659213838471,0.00941408734805728,0.883389320513558,0.061386816846809834,0.46377235515965665,0.47484082799353355
1180982814338809857,0.2083647560960412,0.14650609344527463,0.6451291504586842,0.30556550986493847,0.04694990421270321,0.6474845859223584
1181013561352749057,0.2594522860951146,0.39309652743538376,0.34745118646950157,0.5327133136479707,0.10285399721163427,0.36443268914039506
1181031569932484609,0.6674057409215055,0.03858812033152191,0.29400613874697257,0.5097785508111969,0.1611526446466478,0.32906880454215526
1181007404351455233,0.10883392771146295,0.5042890334452551,0.38687703884328195,0.46402515435963326,0.06548974212235255,0.4704851035180142
1180991178564632577,0.20146704599144713,0.031514263147024615,0.7670186908615283,0.4225013588430495,0.09397936709164058,0.4835192740653099
1180986540460769281,0.3236129066398228,0.052651708330556476,0.6237353850296208,0.2650612284206038,0.14000224577268,0.5949365258067162
1180993415514783745,0.2924664288362001,0.15958060234044194,0.547952968823358,0.4899800326934516,0.04146315489669304,0.46855681240985536
1180994594597765121,0.640151369824051,0.08423772783891485,0.2756109023370342,0.19677528808707484,0.08865812243243447,0.7145665894804907
1181034472681570305,0.23877011336726398,0.06365351964479495,0.6975763669879411,0.48882464578635293,0.11109381443192316,0.4000815397817239
1181031704728797185,0.43173480124404295,0.09632586631591389,0.47193933244004316,0.44552652757449457,0.1078403488206889,0.44663312360481655
1181034171560722433,0.1915401307934256,0.06606071962857306,0.7423991495780013,0.49791422530192214,0.08667852044876873,0.41540725424930913
1180994656351223809,0.324635274780155,0.1854109320819449,0.4899537931379001,0.18624109976277464,0.16582146058185165,0.6479374396553736
1180981805611188225,0.7015116430981948,0.046335913905413126,0.25215244299639206,0.30549875896129614,0.4345175794518297,0.25998366158687414
1181025955081388033,0.24858999017086236,0.01567809200221216,0.7357319178269255,0.2719282729706496,0.1155151672030542,0.6125565598262962
1180988386503065601,0.16420880411316904,0.05090299493543273,0.7848882009513982,0.1303542780100923,0.0657367690115092,0.8039089529783985
1180986354524291073,0.3047620991233751,0.20114963483718976,0.4940882660394351,0.297863761908641,0.12918819519722277,0.5729480428941363
1180989704579514369,0.5242031631238976,0.04000816946952396,0.4357886674065785,0.1756302912519048,0.22036184587048485,0.6040078628776104
1181023883897602049,0.3107110176922271,0.06408386472368441,0.6252051175840885,0.27352459581351607,0.02963421178114665,0.6968411924053373
1181034612061437953,0.6626031985921386,0.06475725202793028,0.2726395493799312,0.5640843599099408,0.18683067691245728,0.24908496317760198
1180990636011945985,0.6375813292561657,0.04785563144113715,0.31456303930269713,0.3882575399157716,0.018325836756751836,0.5934166233274766
1180988773057789953,0.3099266283430128,0.10607623824939627,0.5839971334075909,0.3406415238806907,0.035354597231624915,0.6240038788876844
1180995678115233793,0.48577500420887576,0.1883422910709586,0.3258827047201657,0.25591531919837596,0.1861242001344038,0.5579604806672203
1180998443623284737,0.11429635452039905,0.025230692693032384,0.8604729527865685,0.09417686525374004,0.22660425288774627,0.6792188818585136
1181007051965628417,0.5175004944488382,0.12603945854532925,0.35646004700583256,0.18336239740506693,0.3920406449144857,0.42459695768044736
1181022632898035713,0.43411590765750785,0.18110989799451493,0.3847741943479772,0.09894043023596459,0.24204880689980754,0.6590107628642279
1181011180806471681,0.6126936202465074,0.10132079298211366,0.28598558677137886,0.10321332420532721,0.7291322501247608,0.16765442566991196
1181000132345626625,0.2680177053160944,0.10205006674027155,0.629932227943634,0.07056712397380081,0.1003976945116206,0.8290351815145786
1181003811807592449,0.33975963659532715,0.37690351844906045,0.2833368449556124,0.3189524985606429,0.11456527083214982,0.5664822306072073
1180998546771378177,0.08610721153972692,0.27378028530537946,0.6401125031548937,0.18876330643430383,0.0064385684921172874,0.8047981250735788
1181003212668928001,0.16694057307390228,0.29241505698638615,0.5406443699397117,0.2474648371968416,0.00857672958591661,0.7439584332172418
1181021748028178433,0.42217301158365206,0.10288171298000703,0.4749452754363409,0.4483969893514467,0.21977194702794192,0.33183106362061143
1181035774132387841,0.24531862571991472,0.26453207489013286,0.49014929938995244,0.30089607367169274,0.17408689882583717,0.5250170275024701
1180994301447733249,0.29081843068260405,0.3015839229281919,0.40759764638920404,0.32338744314538265,0.13616710972217533,0.540445447132442
1181019606497820673,0.367216931499505,0.11834051980869352,0.5144425486918014,0.27359941118972636,0.22703742141887356,0.4993631673914001
1181034264482021377,0.34580866464342414,0.3471564061797903,0.30703492917678554,0.4461184970092446,0.128799959723721,0.4250815432670344
1181020550991577089,0.40981247761065065,0.21351531425817394,0.3766722081311754,0.2933720359360002,0.2494530849990822,0.4571748790649176
1181020518726795265,0.6031237918226139,0.11919815404651332,0.27767805413087276,0.29579385682958553,0.4297881212830614,0.2744180218873531
1181019508159381505,0.5315748109656475,0.07504726870568157,0.3933779203286709,0.40745745401410316,0.3151658447608471,0.27737670122504976
1181018359241375745,0.2958209067579073,0.25109025961342457,0.45308883362866814,0.23896485419509544,0.2865152350403002,0.4745199107646043
1180994796053037057,0.2500227093624721,0.19486042667156356,0.5551168639659643,0.2594509964169706,0.27286075687595407,0.4676882467070753
1181020677627478017,0.40841932336349457,0.13092500160074658,0.4606556750357589,0.20808280272087054,0.44708895862986,0.3448282386492695
1181018270902714369,0.3475023376787237,0.21691613776555893,0.4355815245557174,0.22472584053554373,0.34927760270169644,0.4259965567627598
1181020542472749057,0.38389966485752147,0.2156731381839718,0.4004271969585067,0.3260454729264819,0.19683575751668522,0.47711876955683286
1181009206224617473,0.3392687069183026,0.31491288030881404,0.3458184127728834,0.5758607265817778,0.09967861667563183,0.3244606567425904
1181012819644481537,0.5681778059130347,0.1686116345759161,0.2632105595110492,0.366353579255548,0.32301982024586096,0.31062660049859103
1181029038829305857,0.3300505260215461,0.1349891126736128,0.534960361304841,0.13787654956454062,0.3129258795819706,0.5491975708534887
1181006283444518913,0.346813245399416,0.2952254730438532,0.3579612815567308,0.3828026170362383,0.28245505615742195,0.33474232680633975
1181014031469150209,0.2858713756799412,0.1874379904647356,0.5266906338553232,0.39713595919257244,0.24900316706953882,0.35386087373788877
1180997276768796673,0.2054638792406168,0.4028965024512751,0.3916396183081081,0.37560211554780293,0.2632285428251388,0.36116934162705827
1181027943438450689,0.48088724994178306,0.04469541363516886,0.47441733642304806,0.12148077532141208,0.2746130719927149,0.6039061526858731
1180991551179030529,0.3517460760355078,0.1309106218631303,0.5173433021013619,0.23374384328412826,0.3571400132980608,0.409116143417811
1180983609933168641,0.3635098875450833,0.032216654031174165,0.6042734584237426,0.45020525179640264,0.1598701644198721,0.3899245837837253
1181029207022731265,0.309396603404756,0.06932105862398219,0.6212823379712618,0.28398393465788957,0.10253394616724798,0.6134821191748625
1181008086830022657,0.37961220418414077,0.10107429956227368,0.5193134962535856,0.5924328394659444,0.040669680162171075,0.3668974803718845
1180981917757177857,0.12314692373769945,0.21455035447835663,0.6623027217839439,0.2166609730825961,0.18227351278623186,0.601065514131172
1180980553712402433,0.45078830277004894,0.013888791084053127,0.535322906145898,0.19704230537981818,0.45172413283575036,0.35123356178443144
1180991408993370113,0.2657664647459896,0.29914477003684375,0.43508876521716666,0.16365655569104484,0.23793922799613124,0.5984042163128239
1181027824353869825,0.3123559375850323,0.11458008698242236,0.5730639754325453,0.5176977005532817,0.07659593215305915,0.40570636729365916
1181004777628467201,0.15517655970222605,0.05224254381756629,0.7925808964802077,0.21144411374416514,0.15792936024525497,0.6306265260105799
1180993081228099585,0.29542856577641863,0.18775613063173213,0.5168153035918492,0.3075123254965067,0.08385200418070686,0.6086356703227864
1180987943263109121,0.14966401458482434,0.25665413890903505,0.5936818465061406,0.17668339652394083,0.22571786255109463,0.5975987409249646
1181017843469418497,0.14487729192662424,0.1832417796288569,0.6718809284445189,0.10918736471806952,0.06879838869780107,0.8220142465841294
1180980786295832577,0.45983520059042654,0.10107994017596307,0.4390848592336104,0.5233967710920604,0.09886661281262163,0.37773661609531795
1180982595168960513,0.42620030096634615,0.038404300519348754,0.5353953985143052,0.25738611215937,0.060379695979583994,0.682234191861046
1181000658755911681,0.22199500017022333,0.12572080891187515,0.6522841909179016,0.1774985404412275,0.17293906207648094,0.6495623974822915
1180983315785646081,0.3590360166538703,0.09115232392678764,0.5498116594193421,0.3766488360396514,0.09658689195738356,0.526764272002965
1181015669757280257,0.26808499676538733,0.0757999004993889,0.6561151027352238,0.2803329489627284,0.1489839032174275,0.5706831478198441
1180987582456791041,0.34689258977377285,0.11703347208140327,0.5360739381448238,0.17549783463429572,0.28296908695700834,0.541533078408696
1181004908940853249,0.5285329612595152,0.2743101832146036,0.19715685552588125,0.4076191077921179,0.12004409977916326,0.47233679242871884
1180997410887139329,0.2534473787783896,0.5582866051425758,0.1882660160790347,0.4803196363233901,0.11550001119475578,0.40418035248185413
1180986660450271233,0.21318827804897036,0.12652712467189772,0.6602845972791319,0.19390198838413286,0.1793956812902664,0.6267023303256007
1180990937743163393,0.2659997100939653,0.04958883164699884,0.6844114582590359,0.5162062312683587,0.04479884050579309,0.4389949282258482
1180997099984977921,0.291960030592052,0.07545013836972554,0.6325898310382225,0.30771938723988623,0.022360230958410682,0.6699203818017031
1180981843259359233,0.1479383247061673,0.38733708170351666,0.46472459359031604,0.43549226498911603,0.04782159547134793,0.516686139539536
1181027669847441409,0.49473474169803855,0.23516736740831987,0.27009789089364156,0.5235891934950828,0.054375743147272754,0.4220350633576444
1181034412088229889,0.2895088446145028,0.031040412643908815,0.6794507427415883,0.4119290921306379,0.13924619227068294,0.4488247155986792
1180995786398957569,0.1497049205206418,0.4469017597105228,0.4033933197688354,0.35738246323849243,0.12228124532317274,0.5203362914383348
1180988108066488321,0.20549812813691035,0.17665901144786392,0.6178428604152257,0.3262926928380621,0.1145482199887276,0.5591590871732103
1180988428995461121,0.1924589530468147,0.39523965768077773,0.41230138927240756,0.14342428184488926,0.22105471096485263,0.6355210071902582
1180992255726714881,0.14012813922021924,0.19944417899801933,0.6604276817817614,0.36205044312005386,0.01018638191368036,0.6277631749662658
1181019675575386113,0.15515893769610747,0.2107524950870735,0.634088567216819,0.2846497782026131,0.09703564010991574,0.6183145816874711
1181000403041681409,0.4619478939118062,0.03987638211536919,0.4981757239728246,0.400021974623749,0.26535592183247847,0.33462210354377253
1181035591293763585,0.3273136433725361,0.12522170401799235,0.5474646526094715,0.3881256628793235,0.10136982409504551,0.5105045130256309
1181032107157192705,0.3222527833832476,0.15925666925644028,0.5184905473603121,0.2842345087406819,0.08668750291870393,0.6290779883406141
1181001865263972353,0.3142801943057666,0.013015672149843992,0.6727041335443894,0.47401694268774713,0.35913038346071985,0.16685267385153302
1181032469384986625,0.11736126369525908,0.1295680959446212,0.7530706403601197,0.08509246340432725,0.4306678204494339,0.48423971614623884
1180990260681277441,0.2837622961523039,0.4233865688268445,0.2928511350208516,0.42788065366004335,0.32695741382819465,0.245161932511762
1180985281879932929,0.1077991024562254,0.10409607423658687,0.7881048233071877,0.4265063825306661,0.053833350223629145,0.5196602672457048
1181029857526185985,0.432540345349058,0.20461982391415862,0.3628398307367834,0.14861943722963789,0.13193702561156528,0.7194435371587968
1180989932105465857,0.279454453097029,0.06965014033297724,0.6508954065699938,0.15708986331905736,0.43936570235736433,0.40354443432357834
1181001828353867777,0.24910189129606233,0.0733929644481585,0.6775051442557791,0.22504162226507307,0.15181709867150117,0.6231412790634258
1180981533107486721,0.21984765457794744,0.5854430077637799,0.19470933765827259,0.5807688453963851,0.03909836039142984,0.38013279421218504
1181024188791259137,0.21194546124695018,0.11303114200685216,0.6750233967461976,0.49814344148360407,0.2129355647217909,0.288920993794605
1181024791807623169,0.666259031572751,0.08373232221040945,0.2500086462168395,0.39727399417801385,0.13724188889410488,0.4654841169278813
1180989578041196545,0.3371960558998705,0.32619905028348445,0.33660489381664505,0.28564071628431337,0.34873872800267536,0.36562055571301133
1181007984360390657,0.35758808892755445,0.06297106579164871,0.5794408452807969,0.41134573318548573,0.04890964455419515,0.539744622260319
1181002853182865409,0.2323640889300843,0.3078180267686663,0.45981788430124937,0.22307530814900942,0.081019118686862,0.6959055731641286
1181033041841586177,0.1463249328164702,0.01837387900636347,0.8353011881771664,0.255894813034067,0.05549265238805309,0.68861253457788
1180997870841233409,0.34532085292968495,0.02866250514452191,0.6260166419257931,0.15780718045377876,0.36624963789861964,0.47594318164760163
1181024271744106497,0.35965217980568526,0.05436618656520775,0.585981633629107,0.5891343438421135,0.09186019694221365,0.3190054592156728
1180988493619265537,0.4501692049936706,0.12386961563106366,0.4259611793752658,0.30374851437957756,0.17439851493223768,0.5218529706881847
1181003295358713857,0.48307520338785953,0.17958590977920447,0.337338886832936,0.3579958146248441,0.21592939925783494,0.42607478611732097
1181016347620278273,0.2350331220147581,0.16257183359053376,0.6023950443947081,0.32076694578181825,0.11292058924439295,0.5663124649737887
1180992780763037697,0.2585920022838177,0.15615168405102978,0.5852563136651525,0.3468637007439439,0.141961551661974,0.5111747475940821
1180997038360756225,0.1947350772028719,0.04078837668159743,0.7644765461155307,0.23938598928362473,0.37676391218826316,0.38385009852811214
1180989370585710593,0.20644561561581123,0.026302902059348966,0.7672514823248398,0.18956707104161732,0.2622127585894916,0.548220170368891
1181021920996130817,0.5808605644192177,0.039713592634715,0.3794258429460673,0.48616898044295964,0.14344742469968808,0.3703835948573523
1181000084339195905,0.38874676245587464,0.03327617168973759,0.5779770658543878,0.3773175577932325,0.14747791112963474,0.4752045310771328
1181032814220902401,0.28970167968730093,0.040210267385490016,0.6700880529272091,0.38195272027515303,0.10427246411584454,0.5137748156090025
1181020646750060545,0.4040401941679836,0.18371340520483875,0.41224640062717766,0.3918696448643986,0.2572473072649763,0.3508830478706251
1180980198543687681,0.22125359237695336,0.09698149813704482,0.6817649094860019,0.26964957022428393,0.27947042154199575,0.4508800082337203
1181006474220535809,0.3589154681191016,0.0599317297996582,0.5811528020812402,0.2999838334373769,0.09043945967261993,0.6095767068900032
1181028735356862465,0.14967705669737336,0.6371110083096184,0.21321193499300817,0.6328035570444632,0.05935878938009121,0.30783765357544557
1181014095611101185,0.4297702692130018,0.25488865771695707,0.3153410730700411,0.5890013188675253,0.055924461280943624,0.3550742198515311
1181027502682505217,0.17888720048984497,0.14212921544120888,0.6789835840689462,0.2774390095561748,0.1067848398402825,0.6157761506035427
1181031201832435713,0.5512326073123283,0.07843734679803774,0.37033004588963403,0.4486799563420915,0.030772809283682225,0.5205472343742263
1180996505522995201,0.4819473883410173,0.21867964787889355,0.29937296378008915,0.688774448154668,0.06558683853060222,0.24563871331472975
1181026992622108673,0.6319612112476756,0.10912488733740394,0.25891390141492043,0.30865070865055083,0.18081873895424427,0.5105305523952048
1180993741541474305,0.1582468741491215,0.5640335670505375,0.27771955880034094,0.36882820435110936,0.30868128642966425,0.3224905092192264
1180993839236218881,0.12066362363334782,0.0391128593295828,0.8402235170370693,0.2818341132926002,0.12952212756635434,0.5886437591410454
1181024575606980609,0.3652322840441874,0.07435428381563372,0.5604134321401788,0.26034364204086974,0.13828516194325055,0.6013711960158796
1181000160384286721,0.10105722238511305,0.2544937355191805,0.6444490420957065,0.25429697615921776,0.05177676167413544,0.6939262621666469
1181000486669516801,0.17052752014682285,0.21047054278734637,0.6190019370658308,0.43765945476603907,0.1431782986960669,0.419162246537894
1180995820334153729,0.25120330867671437,0.15102586944010649,0.5977708218831792,0.1990858901913119,0.13076860922890354,0.6701455005797845
1180984578203516929,0.48548494896821504,0.08011343556913317,0.43440161546265177,0.5020653361875539,0.2016093754432832,0.29632528836916294
1181001311552569345,0.5691850786087072,0.028724638344515035,0.40209028304677785,0.3326690259872243,0.3322421429173022,0.3350888310954735
1181025878906273793,0.6432174275708,0.021159483971169894,0.3356230884580301,0.20046067042614862,0.4558645121716742,0.3436748174021772
1180984866160050177,0.2932585893539828,0.1285928789883318,0.5781485316576853,0.41911887421841265,0.05499460158917013,0.5258865241924172
1180998214355976193,0.28073295840088786,0.14499965598782777,0.5742673856112843,0.20287500071086947,0.1540083861011107,0.6431166131880198
1180998351186264065,0.558182773565262,0.08611050214520156,0.3557067242895364,0.23567058924894738,0.36511685811645544,0.3992125526345972
1181002521929580545,0.3241799872355699,0.1463921202406277,0.5294278925238024,0.2760042525518114,0.12762915119881205,0.5963665962493765
1180985110172762113,0.3386887598160458,0.10080879831699702,0.5605024418669572,0.2666899124145178,0.21732728949699753,0.5159827980884847
1181020371603718145,0.07950148999573764,0.11706793367906743,0.803430576325195,0.13378453853801184,0.01996587797520947,0.8462495834867787
1180996251542421505,0.24459019645153474,0.47875937912178196,0.2766504244266833,0.23669128206320175,0.4940713707619524,0.2692373471748458
1181030477314883585,0.4005619478426985,0.2693148025622234,0.3301232495950781,0.4208230191089448,0.1059385988458377,0.4732383820452175
1180985660172795905,0.3274381333741455,0.3221363341216096,0.3504255325042449,0.2044026169866588,0.30799423279871163,0.48760315021462963
1181003562923360257,0.21603153062676456,0.13521218771762766,0.6487562816556078,0.3637866577763666,0.0930513023034323,0.5431620399202011
1180985328694263809,0.3583517299558224,0.13611829232077322,0.5055299777234044,0.4479490190308673,0.07183410001319618,0.4802168809559365
1180984002906750977,0.5005334036712364,0.06776888286519989,0.43169771346356367,0.47672431493449885,0.19199697725044695,0.3312787078150542
1180984130028699649,0.6299328404599344,0.1583520632015464,0.21171509633851926,0.5963831672963654,0.11443999003880234,0.28917684266483223
1181030498318155777,0.3894114152194297,0.09682311032771367,0.5137654744528566,0.6096351462309895,0.11153331247705156,0.278831541291959
1181010578052874241,0.3924435656422561,0.08181147282843797,0.5257449615293059,0.5013084082201192,0.11702985455086397,0.38166173722901675
1181025571075981313,0.37137389602938103,0.04235224141384236,0.5862738625567766,0.03891796414939957,0.47079001972954876,0.49029201612105167
1181007497045770241,0.2048944073020186,0.2121504160487777,0.5829551766492036,0.4919333086416971,0.09728169206533537,0.4107849992929675
1180996650355687425,0.39575519082693744,0.10577248256321738,0.4984723266098452,0.3799420107106284,0.06340317991432172,0.5566548093750499
1180982036520828929,0.31520472863030796,0.024012997667955845,0.6607822737017361,0.07486214518199391,0.5993710481130077,0.32576680670499836
1181003013309333505,0.3778866343759271,0.09900200751966572,0.5231113581044071,0.26642519107857265,0.036756796758944416,0.696818012162483
1181005140208156673,0.58053668223862,0.2938243022897218,0.12563901547165823,0.6116478399557977,0.026029237268663106,0.3623229227755391
1181033631013339137,0.46390601865206493,0.05841066373515915,0.47768331761277594,0.492464001717611,0.10801983298272441,0.3995161652996646
1180991703916544001,0.07422718201940803,0.4242107285066878,0.5015620894739041,0.2787518636010279,0.038836727929025566,0.6824114084699466
1181004232915517441,0.1872522068504489,0.26697232281218186,0.5457754703373692,0.48039806882932756,0.16415757073479054,0.3554443604358819
1181026069231370241,0.4272251905820748,0.06493343714231624,0.507841372275609,0.5516399604057826,0.09040042632371395,0.3579596132705035
1181021003894489089,0.6408781714374661,0.07202553905301508,0.2870962895095188,0.5261605751291055,0.11002095665004795,0.3638184682208465
1180988463743139841,0.16023977363104158,0.6446961035532977,0.19506412281566077,0.3350880707997209,0.07021058104959489,0.5947013481506842
1181022768019341313,0.4990524645794317,0.06091942013147438,0.4400281152890939,0.6110579785021375,0.2627404349344441,0.1262015865634184
1180994010363232257,0.043430650230606806,0.5322447458355671,0.4243246039338261,0.4479429058160702,0.20527673240906977,0.34678036177486005
1180987788589400065,0.265027302708385,0.23191967623098048,0.5030530210606345,0.5296874504835449,0.031008925744539874,0.43930362377191523
1181009443493445633,0.32801198241765794,0.12772145070633803,0.544266566876004,0.24431211954641058,0.11013491689108007,0.6455529635625094
1181000551907196929,0.27464867461212433,0.09240551908126668,0.632945806306609,0.1422975205782319,0.5839972351640914,0.2737052442576767
1181023412974780417,0.5079768176370033,0.31116512432518856,0.1808580580378082,0.21309201250832796,0.14845707853114795,0.6384509089605241
1181017255784054785,0.3167302544973542,0.033511883982306666,0.6497578615203392,0.46444480461209037,0.07628164544498793,0.4592735499429217
1180981635835232257,0.29017720486267806,0.11144691855534716,0.5983758765819748,0.2836992150250616,0.30633544824147785,0.4099653367334606
1180991456323469313,0.2318382627747645,0.11657144723743183,0.6515902899878037,0.29613453193682465,0.08110717533533496,0.6227582927278403
1180982810337673217,0.33406668600882156,0.14915915856910927,0.5167741554220692,0.13424224232859489,0.5422491879924544,0.3235085696789507
1181004283408646145,0.38815872444234467,0.0847583816435322,0.5270828939141232,0.21095594263166106,0.18285734671427756,0.6061867106540614
1180988798869209089,0.350272746022669,0.05600128105431896,0.593725972923012,0.32488093998265394,0.04473300202568521,0.6303860579916609
1180985608228569089,0.3923009498106823,0.06990850344685773,0.53779054674246,0.2498166511643338,0.05010773043808122,0.7000756183975849
1181016943566258177,0.43730287989511507,0.0936129314210604,0.4690841886838245,0.2659386132421092,0.35865140643648863,0.37540998032140216
1180984943463661569,0.3855882749333978,0.1496741721756971,0.4647375528909051,0.35582075461136375,0.06568114077283042,0.5784981046158058
1180981877526298625,0.4077224868314249,0.1159315198724597,0.4763459932961154,0.5407189652639062,0.21368363975453997,0.24559739498155386
1181023841534607361,0.38660790166870646,0.20476362528614994,0.4086284730451436,0.5024606049348187,0.15506110896576641,0.3424782860994149
1180988688492888065,0.192827819117206,0.375456512934085,0.43171566794870897,0.44197385804581535,0.09484928295841377,0.4631768589957709
1180995655596933121,0.5302340515949439,0.10575595481778566,0.3640099935872705,0.3922799195684437,0.1364584501851334,0.47126163024642287
1181007424872579073,0.4086240178875511,0.1283539620486729,0.463022020063776,0.2771996886755334,0.21506164956580615,0.5077386617586604
1180999724562808833,0.4353501029293585,0.10701777592153486,0.4576321211491067,0.23284020993288881,0.3936321010274624,0.37352768903964884
1180982542483881985,0.13483050077774167,0.46244240442564366,0.4027270947966147,0.23888404225078047,0.08551481442113923,0.6756011433280803
1180987939197386753,0.1259708601677392,0.39331707688702133,0.4807120629452395,0.24768676606140064,0.08401588638783762,0.6682973475507618
1181026718099636225,0.12043032667807994,0.37865528958796363,0.5009143837339565,0.2042416779519572,0.16485031934594252,0.6309080027021003
1180997522651840513,0.6777196301646735,0.03977717734502511,0.2825031924903014,0.4115490327437053,0.08444499302395594,0.5040059742323388
1180999404150358017,0.3930340970874349,0.22342171940626396,0.38354418350630115,0.2947721998196882,0.024168875467614738,0.681058924712697
1180990699473862657,0.5392581521011648,0.08624376162595165,0.3744980862728835,0.38892961318377667,0.04753856548520857,0.5635318213310148
1180989319671906305,0.310074712977168,0.22654615096663813,0.46337913605619385,0.6474625541835499,0.0553374395328031,0.29720000628364696
1180997814057959425,0.311681825621205,0.12089740702474223,0.5674207673540528,0.2672318527158696,0.033959742715390435,0.6988084045687399
1181004718228668417,0.27023830877433613,0.3973699671434526,0.3323917240822113,0.4599225875813195,0.08157369348631346,0.4585037189323671
1181000268692717569,0.2659795747470767,0.2758035935460458,0.45821683170687755,0.34666333286832046,0.12639094290133682,0.5269457242303428
1180991413606252545,0.24834447718959923,0.4255054633243109,0.3261500594860899,0.6765990846320151,0.09653134482087455,0.22686957054711032
1181023531511742465,0.13043557035412734,0.3902495273779454,0.4793149022679273,0.34036480002208536,0.07639588060790159,0.583239319370013
1180984114250055681,0.5399309025060701,0.09701881502522573,0.3630502824687042,0.37465553180005423,0.23448180801626775,0.390862660183678
1180982469018779649,0.38527360194333726,0.1181115303659748,0.49661486769068797,0.4298015192576952,0.14457742191688555,0.42562105882541923
1180980477626286081,0.44123307910635784,0.1467564621711154,0.41201045872252673,0.37703913233521763,0.08417293397831399,0.5387879336864684
1181008073504849921,0.4111210222097877,0.11951637729072223,0.4693626004994901,0.36687474408973475,0.11078158577513869,0.5223436701351265
1181027695330394113,0.21717159902147534,0.31220460736711514,0.4706237936114095,0.2942720781579622,0.11184667499221733,0.5938812468498205
1181013615490727937,0.32411613303120546,0.3396661278553439,0.33621773911345065,0.33526036417809363,0.12421933973869713,0.5405202960832092
1181006125222887425,0.2321023248589881,0.3755296229327706,0.39236805220824134,0.3005299640442711,0.17412573310534038,0.5253443028503886
1181027875748937729,0.34033098491328473,0.09055467729571509,0.5691143377910002,0.09049336004528923,0.038065626458687725,0.8714410134960231
1181035256845533185,0.3471409854515956,0.23921261324322324,0.41364640130518116,0.39909977745425146,0.03316766974158043,0.5677325528041681
1181029307072774145,0.13587456840977608,0.3245489467836538,0.5395764848065701,0.6844727513676381,0.04485655250061082,0.2706706961317511
1181022513424629761,0.3946333200251595,0.22797424747722353,0.377392432497617,0.57533488527089,0.14567565277447328,0.2789894619546367
1181027596215353345,0.2557282385815884,0.21188813161431624,0.5323836298040954,0.2206102248562659,0.34417873765168383,0.43521103749205026
1180986407662682113,0.25588093070174417,0.3883843939311888,0.35573467536706704,0.15527501188013748,0.36475171561508557,0.47997327250477695
1181026106175062017,0.19701336320562907,0.6091682363441868,0.19381840045018406,0.38274610566636474,0.4063291627636649,0.21092473156997038
1181022355235602433,0.15671014344481074,0.32766094742879964,0.5156289091263896,0.23443747591523934,0.10207376702231674,0.6634887570624439
1181023868862693377,0.18237273785985478,0.13420327694627746,0.6834239851938677,0.4696809161164724,0.08872295184100601,0.44159613204252157
1181032764985180161,0.4296045245031188,0.26726834827441515,0.30312712722246604,0.6073432455780367,0.035878211524899346,0.356778542897064
1181030225333714945,0.48816166085738977,0.10322403675949485,0.40861430238311536,0.4317905636147239,0.19508328903111113,0.37312614735416494
1180989590333423617,0.5538596316723946,0.11000117772956108,0.3361391905980443,0.2406983800493189,0.24179181529995583,0.5175098046507253
1180983894049423361,0.29378772041640644,0.29039445730414415,0.4158178222794494,0.4394422112506221,0.17906665812635317,0.38149113062302475
1181020820813611009,0.1424462293150857,0.1492079238185157,0.7083458468663986,0.1490648123744413,0.12656351987740944,0.7243716677481493
1181034608381591553,0.611815447960313,0.13040355528063508,0.257780996759052,0.3066690427302996,0.4081181676651628,0.28521278960453755
1180991546534133761,0.3288246088261953,0.07020350337859972,0.600971887795205,0.1920455956466656,0.1081895174757164,0.6997648868776181
1180983808970588161,0.19205345300001966,0.41509073655129314,0.3928558104486872,0.41772645835886313,0.06308215571503396,0.5191913859261029
1180981026123251713,0.3022354487949678,0.18835504057386424,0.509409510631168,0.2809086138324174,0.08857230626996938,0.6305190798976132
1181013244972367873,0.42664236584407333,0.014193379468413713,0.559164254687513,0.1336801986018032,0.15328640942160654,0.7130333919765903
1180990511209807873,0.32465524159625697,0.04781485663837724,0.6275299017653657,0.2983487050319939,0.11170830781970657,0.5899429871482995
1181005759803392001,0.36980329442201504,0.15752883791396127,0.4726678676640237,0.3379693331758989,0.22872066335316726,0.43331000347093385
1180994260765605889,0.17328372561078637,0.03670789432658091,0.7900083800626327,0.26478319859043087,0.27194628558074835,0.46327051582882084
1181006411500191745,0.44908245669851377,0.13051370250095373,0.4204038408005325,0.5503688456582386,0.1345288456639676,0.31510230867779376
1181028853603139585,0.442585814087816,0.17526065657493933,0.38215352933724467,0.6381837985720695,0.02799501380592098,0.3338211876220095
1180987974138494977,0.1817804450515211,0.19662788474162757,0.6215916702068514,0.30158150040001935,0.06810450952242166,0.630313990077559
1181031565898874881,0.606184487940301,0.044248429727471686,0.34956708233222733,0.4246946906121968,0.14952528877632942,0.4257800206114738
1180986536627372033,0.1824616109834995,0.08823634850767066,0.7293020405088299,0.5007496435224112,0.06124409129921269,0.43800626517837604
1181022402663940097,0.37663168339540576,0.29071768787247165,0.3326506287321226,0.1646704728980629,0.28511732811421603,0.5502121989877211
1181009201804607489,0.454107758739374,0.15224704478807108,0.3936451964725549,0.3604937156603735,0.23315770619114878,0.4063485781484777
1181020538375766017,0.3377588106848559,0.18820595571630974,0.47403523359883437,0.28423397647028115,0.32761976658712233,0.3881462569425965
1180997272992645121,0.5226140399053837,0.129381362682866,0.34800459741175027,0.15801552045539785,0.4566229552341609,0.38536152431044124
1181020546732228609,0.23116219913889816,0.36196404912343205,0.4068737517376698,0.324999833828462,0.18835093901993472,0.4866492271516033
1181019503480471553,0.4443380868541115,0.1548181092341449,0.40084380391174357,0.3196114173202199,0.1656442206807459,0.5147443619990342
1180994791666024449,0.3384918730760934,0.42792811407796444,0.2335800128459422,0.21495086358482035,0.1305533386825829,0.6544957977325967
1181019553939980289,0.1673525729216812,0.13189248598116815,0.7007549410971506,0.19096488983010856,0.1685560324102754,0.6404790777596161
1180994297028739073,0.16445032203044418,0.32533656112408077,0.510213116845475,0.26808308961562144,0.0918690262301253,0.6400478841542533
1181031798747725825,0.4059494617313844,0.22385475579228958,0.370195782476326,0.5527257096651321,0.1321009595769743,0.31517333075789356
1180996632030281729,0.319781245780428,0.10662831928925316,0.5735904349303189,0.2223581010792075,0.31848220838771846,0.45915969053307404
1181029502589730817,0.37683091624722825,0.09730280802506894,0.5258662757277028,0.21322011952229783,0.275192562084366,0.5115873183933362
1180994909654974465,0.6671694801015614,0.11275196744961556,0.22007855244882302,0.6424535936176653,0.12194326926256621,0.23560313711976844
1180986898008866817,0.41098503970878836,0.13529296431872156,0.4537219959724901,0.2712452476113237,0.2385311501460196,0.4902236022426567
1180993350083674113,0.21510747521677379,0.1858923111367294,0.5990002136464968,0.38923805333480366,0.19612081224716194,0.4146411344180344
1181005465849167873,0.4705422002468793,0.12474796375925955,0.4047098359938611,0.39434949104712275,0.21472707209042347,0.3909234368624538
1181021603649617921,0.22035930198670556,0.2660512709533675,0.5135894270599269,0.4312451280387296,0.13100636333803325,0.4377485086232371
1181027195110850561,0.25190012687037755,0.18956689495878062,0.5585329781708418,0.2502574104749225,0.3928249958258088,0.3569175936992687
1181008560948576257,0.533429639431705,0.04916682972195144,0.41740353084634363,0.5613732097674244,0.10454464263195935,0.33408214760061616
1180993887341084673,0.41051719083816174,0.12453364949671294,0.4649491596651253,0.333064520959114,0.10889543153139651,0.5580400475094895
1181023375257272321,0.3658689575159937,0.09051295312794055,0.5436180893560658,0.4619151467928848,0.12842056455943107,0.4096642886476841
1180995501988282369,0.26679765641568176,0.08433871033531432,0.6488636332490039,0.33186257957039517,0.1387971813108092,0.5293402391187956
1181006016590315521,0.32877177549817693,0.0837034813383072,0.5875247431635159,0.18463184498240393,0.22480688717218894,0.5905612678454071
1181003838846795777,0.17100819229767522,0.014066424927543,0.8149253827747818,0.1961946620068805,0.2332035296437609,0.5706018083493587
1180986262345940993,0.1176154613666115,0.17899979932202098,0.7033847393113675,0.4170767627566368,0.16226747383474288,0.4206557634086203
1180990746515308545,0.23013543806761666,0.26689197785039276,0.5029725840819906,0.32513645216332593,0.2557013734681432,0.41916217436853087
1181034463452987393,0.2583958752218415,0.22802293186877398,0.5135811929093845,0.4201141047626272,0.12709695951443953,0.4527889357229332
1181023425429340161,0.3869067565684936,0.18740546114938306,0.42568778228212334,0.382186590197626,0.23181178664723837,0.38600162315513564
1181034281775661057,0.3211422668890398,0.2410041699805117,0.43785356313044854,0.5375322586506152,0.13129557303392264,0.33117216831546215
1180985431003889665,0.22266966713517025,0.19575402704645242,0.5815763058183774,0.14989202021319625,0.24792195320311566,0.602186026583688
1181021559349411841,0.7672531028667751,0.04243544880225912,0.1903114483309658,0.4948209291771077,0.0941353705669315,0.4110437002559608
1180996389082628097,0.48966762228094934,0.1317169837470677,0.37861539397198296,0.3858749956787057,0.1412632703168997,0.4728617340043946
1180998785070759937,0.2839028214489551,0.1665818484360221,0.5495153301150227,0.32128203819501255,0.22181273846798932,0.4569052233369981
1181030684320038913,0.3193304268078135,0.4697179130521999,0.21095166013998656,0.4014203831084963,0.054187421234624736,0.5443921956568789
1181035527087128577,0.6185646170147657,0.03238008608545024,0.349055296899784,0.5286856774484536,0.04493368967535609,0.4263806328761903
1181026896993091585,0.3593407507651895,0.024750138372628745,0.6159091108621817,0.11407248292608692,0.1861460622647993,0.6997814548091138
1181019412301742081,0.4536994011127972,0.08937447579505614,0.45692612309214664,0.4705988016306301,0.07810761638295022,0.45129358198641967
1180999980255674369,0.41260965777773795,0.13657127701108196,0.4508190652111801,0.2551468924783396,0.20699431389820216,0.5378587936234582
1180979986086232065,0.40466578332015113,0.012761668274854594,0.5825725484049943,0.23622131859859008,0.062438652505382664,0.7013400288960272
1181009160927903745,0.36976848290160436,0.04231653629914709,0.5879149807992485,0.25267739855149113,0.12734368664982287,0.619978914798686
1181024448514719745,0.33850443416694664,0.04609755831578085,0.6153980075172725,0.31066575844408567,0.01272879369155678,0.6766054478643575
1181018087260585985,0.28471102764877426,0.14300594632624417,0.5722830260249816,0.19875740582993806,0.10336251331384416,0.6978800808562178
1180996817967775745,0.2535568094822835,0.1384829435104288,0.6079602470072878,0.35663753877860627,0.16954702873504945,0.4738154324863443
1181025354489430017,0.27655643931832985,0.2823037277126461,0.44113983296902404,0.23996105663612227,0.19640809725973146,0.5636308461041463
1180999244056920065,0.5218384965013634,0.2555111280929053,0.2226503754057313,0.6493336024505788,0.10610076922405409,0.2445656283253671
1181022844774514689,0.5617663338726379,0.1077127388642647,0.33052092726309745,0.3967294475702525,0.14493835335820163,0.4583321990715459
1180981944116674561,0.25202886063569696,0.1659478088754424,0.5820233304888607,0.19653442602027396,0.16968557258915792,0.6337800013905681
1181006351456960513,0.10910228536540977,0.27435794474558206,0.6165397698890082,0.13025947147729472,0.0268515765940469,0.8428889519286584
1181020816490987521,0.24758846991428932,0.19608063492578745,0.5563308951599233,0.1807903988386882,0.04922589692440248,0.7699837042369093
1181026988912115713,0.26493562189133313,0.46055884420511695,0.2745055339035499,0.2886706815855486,0.20045454333748175,0.5108747750769697
1180995632203759617,0.13652531122872405,0.08680462374591971,0.7766700650253562,0.18789739479515472,0.07502426070956152,0.7370783444952838
1181004713907716097,0.5708089104266107,0.08451553518338932,0.34467555438999997,0.24919086747707783,0.34950502984297743,0.40130410267994476
1180992039847755777,0.47194319827156334,0.1750727357995758,0.3529840659288609,0.4514665563410092,0.22793960980341202,0.3205938338555788
1181006054273384449,0.439288062476396,0.07158546570185893,0.48912647182174507,0.18644929245340158,0.09043767242780694,0.7231130351187915
1180998346507878401,0.4948321097615478,0.2547125691536173,0.2504553210848349,0.4709348119093439,0.20305587232973993,0.3260093157609162
1181028634115440641,0.28688982455934897,0.25262830689813454,0.4604818685425165,0.2274283770076757,0.09976344003479176,0.6728081829575325
1181034100644282369,0.2614119187210424,0.34309297354983126,0.3954951077291263,0.3985512809016857,0.11224416203854505,0.4892045570597693
1180981583857188865,0.35133099061974443,0.2079248117103091,0.44074419766994644,0.346291104704821,0.22281650210702159,0.4308923931881574
1181021211478917121,0.48416367706250396,0.12255476065113535,0.3932815622863607,0.26153559437496054,0.2684137566988759,0.47005064892616355
1181019288989270017,0.15191028661198025,0.2608917344254679,0.5871979789625519,0.40805477836429854,0.027809688670829384,0.5641355329648721
1181015665176215553,0.08899022030397681,0.20933611712234967,0.7016736625736735,0.28736449946750087,0.11527929656023694,0.5973562039722622
1181004039236157441,0.48166207356933627,0.017895343878210856,0.5004425825524529,0.26936256855700963,0.08178340822454798,0.6488540232184423
1181032322810511361,0.19986639281850396,0.31710932141032694,0.48302428577116907,0.16121212980083113,0.1132526653783285,0.7255352048208403
1180995042968764417,0.34687596242822805,0.11190171215604917,0.5412223254157228,0.2497676116469555,0.06516026127139385,0.6850721270816507
1181003310717173761,0.40167676796044,0.03734146973683597,0.560981762302724,0.5952837124814384,0.060648236925134755,0.3440680505934268
1181032829803560961,0.21039881390438295,0.06985081530068035,0.7197503707949366,0.07619818524791086,0.14641255592080063,0.7773892588312885
1180986350716583937,0.2832710819435553,0.22497461057871296,0.49175430747773174,0.30988761795785774,0.31083930713881547,0.37927307490332673
1181006423405101057,0.2202600488127618,0.11400262487353979,0.6657373263136984,0.178486194911688,0.10106736183566671,0.7204464432526453
1181030171937374209,0.35805679185699996,0.16620548031620558,0.47573772782679447,0.45456938211281656,0.09229842403685731,0.4531321938503261
1180985685693497345,0.3874876673426307,0.21692552127752054,0.39558681137984875,0.4430959720321146,0.14297030002633518,0.41393372794155026
1181019340939689985,0.41948543975186964,0.1666856406444514,0.41382891960367896,0.3957200578719847,0.18472145565345974,0.4195584864745555
1181024016119169025,0.4742022159420018,0.09588867842318145,0.42990910563481677,0.4410594838472786,0.18084015322307384,0.37810036292964755
1180986933307604993,0.6052055801171087,0.1607645888485596,0.23402983103433173,0.45855668494691065,0.24260605583208597,0.29883725922100335
1181024242413764609,0.5073561970659187,0.10079349011944981,0.39185031281463145,0.4711704744209837,0.16417382353959775,0.36465570203941855
1180997305418022913,0.5616507133280713,0.1288463363317615,0.3095029503401673,0.5281755721301031,0.1468367670053032,0.32498766086459363
1181015255682416641,0.23501898566634713,0.22005892998871127,0.5449220843449416,0.3505575253408065,0.11293598319672284,0.5365064914624706
1180999311875932161,0.43841551507047416,0.03192062769930323,0.5296638572302226,0.3530757352650987,0.10411465780889388,0.5428096069260073
1180981301421768705,0.17227421033091955,0.06691683418347122,0.7608089554856092,0.3101344159282806,0.20400108325787916,0.48586450081384025
1180997866937778177,0.22852029684050032,0.4595850198113167,0.31189468334818293,0.4418999912107623,0.0672701956185561,0.49082981317068164
1180981021372186625,0.14403273249673784,0.21500373654752195,0.6409635309557402,0.17968577680953682,0.06131299164547943,0.7590012315449838
1181031971584704513,0.5406684562081694,0.15720401310567417,0.3021275306861565,0.6944347587482702,0.044567414379454426,0.26099782687227535
1180990629170839553,0.3545846706654015,0.14694812471611635,0.49846720461848215,0.23111123271045797,0.008277760902614038,0.760611006386928
1181024656525787137,0.23392210389127738,0.14079519550592473,0.6252827006027979,0.2811219276716352,0.24867276714918843,0.47020530517917636
1180983311652978689,0.3622022286658007,0.05561694388391423,0.5821808274502851,0.1754766896610128,0.29833288565084676,0.5261904246881404
1180998439074168833,0.23604173944911402,0.2066499592522503,0.5573083012986357,0.11941043828691962,0.12092688843502415,0.7596626732780563
1180986655999819777,0.10494824280488095,0.1346448727424247,0.7604068844526943,0.1629373708010473,0.08416976579333525,0.7528928634056175
1181002897319788545,0.18870408970258895,0.4469509558038995,0.36434495449351156,0.510633043603138,0.06845009571004919,0.4209168606868128
1180987775522439169,0.35244381752381604,0.2530135185797532,0.3945426638964308,0.48994949268443844,0.182043458674453,0.3280070486411085
1181023081333161985,0.1864998446704214,0.40422755203339983,0.40927260329617876,0.3917077673155034,0.08718634744657053,0.5211058852379261
1181032982606053377,0.3674847012101441,0.1885222250757952,0.4439930737140607,0.3809623079974357,0.2987613705200588,0.3202763214825055
1181016026272202753,0.4670775908645134,0.08946465512502354,0.44345775401046306,0.3780358884974231,0.15170243245776824,0.47026167904480864
1181003777090682881,0.1973390251663648,0.4784192848671456,0.3242416899664896,0.5546474347919347,0.0990339538826113,0.34631861132545405
1180985456459317249,0.360463784922759,0.12681389808972066,0.5127223169875204,0.5490627466108069,0.013505416352915708,0.4374318370362774
1181030982535380993,0.1254548341644651,0.36541259465670667,0.5091325711788282,0.5390132893409312,0.06729139179430167,0.39369531886476716
1180983446936190977,0.1518243385683408,0.01666305284400102,0.8315126085876582,0.11349271887893067,0.14036372884800602,0.7461435522730633
1180980514084519937,0.25402339219408615,0.026259487588249652,0.7197171202176642,0.19342429643292336,0.12340732037587847,0.6831683831911981
1181025105218535425,0.2868519474063108,0.031087290323654395,0.6820607622700348,0.43508995231906433,0.03315790391164419,0.5317521437692915
1181000127926370305,0.07651247345973776,0.15559900246684852,0.7678885240734137,0.10284613194220633,0.07164247174423165,0.8255113963135621
1181024846495645697,0.3515294914688328,0.26407253017397375,0.38439797835719347,0.4514615734192609,0.20017542306833572,0.34836300351240335
1180981092769136641,0.17843767532074709,0.36532654914413737,0.4562357755351155,0.295033868044459,0.09396481067507298,0.6110013212804679
1180990050545401857,0.1923536411855605,0.21093181216374404,0.5967145466506955,0.29799187404901073,0.1699136792260813,0.532094446724908
1181032865003765761,0.24695736987034522,0.4318994571566265,0.3211431729730283,0.3635108035454678,0.08362163263345801,0.5528675638210743
1181023209066463233,0.27845273335927756,0.41030693755232783,0.3112403290883946,0.4389573350431895,0.12918352499555824,0.43185913996125225
1181000156189032449,0.15680420844127632,0.1336264577143265,0.7095693338443971,0.13792278239782135,0.1008537747367438,0.7612234428654349
1181024300295389185,0.48333406818414526,0.16483951654165896,0.3518264152741958,0.6540293003078329,0.06242215472074541,0.2835485449714217
1181028161156808705,0.19016845901929785,0.11593056594195168,0.6939009750387505,0.3758881112577103,0.0868332913430758,0.5372785973992139
1181024515596222465,0.1720142125317694,0.24934387333123784,0.5786419141369927,0.5276165177029988,0.04020678647870105,0.4321766958183002
1180989315155755009,0.338295262903865,0.044603656119258955,0.617101080976876,0.4303742110242086,0.10514582771860995,0.4644799612571815
1180981397407956993,0.30596094239197896,0.2628751669260642,0.4311638906819568,0.3957989332900579,0.18992959728039038,0.41427146942955173
1181005187314221057,0.180929044770108,0.22191657881071056,0.5971543764191815,0.26072063320933,0.07252757967921585,0.6667517871114541
1181030710196862977,0.410389440653375,0.12085054180040486,0.4687600175462201,0.7031007813538702,0.08856128209622939,0.2083379365499004
1180994145646608385,0.46656115516254215,0.04820700617226578,0.48523183866519204,0.3777737292114066,0.3461335162994241,0.27609275448916926
1180984560265822209,0.4233667944200985,0.19721000194910876,0.37942320363079274,0.44429174962033213,0.2155834374037211,0.34012481297594677
1181001538592145409,0.12560031527870988,0.27275202728106035,0.6016476574402299,0.12107358065979418,0.49391919896036157,0.38500722037984425
1180990933419589633,0.48992087120833133,0.16597041073696833,0.34410871805470034,0.5037884760170884,0.0582884311281503,0.4379230928547613
1181025485899104257,0.24311262001516054,0.4027149121981595,0.3541724677866799,0.48335520297172657,0.06498637678567372,0.4516584202425997
1180981800704901121,0.11049832305618038,0.7469989340207556,0.14250274292306397,0.7360005879923426,0.038880952362093296,0.2251184596455641
1181027691395547137,0.1251610230363166,0.44454861252746947,0.43029036443621393,0.2879283241549546,0.0935539067878899,0.6185177690571555
1181006469960859649,0.21448810723923942,0.019008821817344458,0.7665030709434162,0.25895460096038064,0.10767024639492054,0.6333751526446989
1180989366360965121,0.24872416703461497,0.41480110793817093,0.3364747250272141,0.15606919467679897,0.33294647606816025,0.5109843292550408
1180988459742199809,0.11473870805604948,0.4579678469539254,0.4272934449900251,0.351448299270033,0.06391777551041596,0.584633925219551
1180988712336359425,0.32423165593748254,0.22192791748081644,0.453840426581701,0.4465319868707806,0.1028579363847653,0.4506100767444541
1180998727029227521,0.23355903485695162,0.2133173451904442,0.5531236199526042,0.30212972665619203,0.06445039114212045,0.6334198822016875
1180993076647329793,0.3378076812228312,0.0883992981011601,0.5737930206760087,0.09977861265029353,0.2682029969694673,0.6320183903802392
1180982806079930369,0.14730644137128135,0.03375329004740095,0.8189402685813177,0.20884713735647503,0.4313451782095924,0.3598076844339325
1181031017251405825,0.7102437636942727,0.15893545869160486,0.13082077761412247,0.6650760416734909,0.09669052500199601,0.23823343332451308
1180991452451635201,0.27283954054494913,0.06995089823953267,0.6572095612155182,0.15493697238547594,0.06394604574139014,0.7811169818731339
1181006346875437057,0.08680161332440725,0.047875770155513815,0.8653226165200789,0.18105617728070922,0.32504739299521085,0.49389642972408
1181004742071844865,0.534327160151723,0.13016206965931323,0.3355107701889638,0.3038808399429593,0.2673523470009898,0.4287668130560509
1180984126285971457,0.8257632514270422,0.04128383158456484,0.13295291698839296,0.6135746643439536,0.24529251642715846,0.14113281922888798
1181032270413692929,0.3914641865253876,0.1939378196145297,0.41459799386008267,0.37857985479535855,0.25092280602539013,0.3704973391792513
1180995782170247169,0.23102460309596815,0.18314025374575874,0.5858351431582731,0.2497435589253968,0.11601119829484541,0.6342452427797578
1181006955500863489,0.2455138122008249,0.05295482770800992,0.7015313600911652,0.2531765264077811,0.12559327192937003,0.6212302016628488
1180988684238192641,0.3751529257237379,0.19504148723603484,0.4298055870402273,0.4704273130578634,0.08667515202177774,0.4428975349203589
1181023409005297665,0.340313485012845,0.38894076381467385,0.2707457511724811,0.22562890394217547,0.17612130454598338,0.5982497915118412
1181014203403468801,0.24995524346912468,0.46864689896026623,0.2813978575706091,0.29569789587419343,0.1739142625293836,0.5303878415964229
1181000398878801921,0.5039692053693753,0.22106042327852538,0.27497037135209934,0.479174854759594,0.06426468520184983,0.4565604600385562
1181026064843014145,0.5209323580937419,0.06936165540432826,0.4097059865019298,0.45308471909785575,0.2404906599952712,0.30642462090687306
1180983002309033985,0.3443605223754623,0.35338228052896,0.30225719709557775,0.42160271777995767,0.10053046490364222,0.4778668173164001
1181031118236450817,0.21825498693085293,0.23183852031515859,0.5499064927539885,0.1401215746782516,0.05471086391286837,0.80516756140888
1180981528622891009,0.3340575605223114,0.5427691464251283,0.1231732930525603,0.32170235948090825,0.47230280217000353,0.20599483834908827
1180981241860685825,0.29497161781141285,0.32925361982586115,0.375774762362726,0.4146147382963033,0.060969900268892124,0.5244153614348046
1181025379300343809,0.5122738658224474,0.07038474048357923,0.4173413936939734,0.19120644417360114,0.25203904257833754,0.5567545132480614
1181002307890249729,0.2764295511465685,0.10545843058697865,0.6181120182664529,0.22095798687272042,0.1007422630700275,0.6782997500572521
1181031460202610689,0.2809997415289939,0.11909179141092528,0.5999084670600808,0.14696912557515465,0.08676148828294719,0.7662693861418981
1180989574137282561,0.42000201866759124,0.25472151776262997,0.3252764635697788,0.3004034846026936,0.45589968244530826,0.24369683295199818
1181023837051060225,0.3530505412113573,0.17919887922391228,0.46775057956473043,0.42791628235097173,0.08990096021542733,0.48218275743360095
1180980230904479745,0.489548159062351,0.08137940435915618,0.4290724365784928,0.21150829410028665,0.3841016702264328,0.4043900356732806
1181007698662457345,0.397256669303631,0.1349172519237911,0.46782607877257787,0.46346364951920366,0.048356390064899196,0.4881799604158972
1180986929111498753,0.4900960392651065,0.1570367228084828,0.3528672379264107,0.6347432667207084,0.0768971897315146,0.28835954354777704
1181003412283457537,0.2834830196440129,0.03992908944773619,0.6765878909082509,0.4670330777987846,0.1538245158412665,0.3791424063599489
1181008247859445761,0.2148599378346638,0.14870665523479656,0.6364334069305396,0.5218761406388939,0.16528576268104966,0.31283809668005647
1180984512000196609,0.23967729623321393,0.2599212400675483,0.5004014636992378,0.21077256190481958,0.12668058215513006,0.6625468559400504
1181020754640207873,0.25283464413934764,0.014432519433668297,0.7327328364269841,0.09769353335942425,0.47524332169590433,0.42706314494467146
1181034747149025281,0.4519903792496045,0.13243901444727982,0.4155706063031157,0.2441620369912375,0.21325343533546243,0.5425845276733001
1180989088565231617,0.11696156656344103,0.24705472792530508,0.6359837055112538,0.24143576964223673,0.023107359866649795,0.7354568704911135
1181009283240329217,0.1741591007955673,0.35038226253585203,0.4754586366685807,0.24405325843138762,0.18326726239839017,0.5726794791702222
1180990244322541569,0.3899163462336589,0.3704621938537145,0.23962145991262662,0.3869004900250079,0.2678293331774805,0.3452701767975116
1181006822605881345,0.09821719352519367,0.24404525210584546,0.6577375543689609,0.38083750983183506,0.06442781737660049,0.5547346727915645
1180997406856871937,0.3252131809168138,0.15476702073951532,0.520019798343671,0.49454826651210204,0.07966365117113405,0.4257880823167639
1181033115436613633,0.39559694216979435,0.1894786339575165,0.41492442387268913,0.5665363349594366,0.0882268412184911,0.3452368238220723
1181019310865088513,0.3397355096091813,0.09283797274851698,0.5674265176423017,0.5299043458169426,0.1133379354824947,0.3567577187005627
1181009157153259521,0.3664573963175762,0.014624565422095564,0.6189180382603283,0.3108625847312912,0.06110389867713905,0.6280335165915698
1181008657287446529,0.33153780286715884,0.09079856016596083,0.5776636369668804,0.31969269170767917,0.020991296454898098,0.6593160118374227
1180995816204959745,0.3976872343307447,0.08391406317057361,0.5183987024986817,0.39600893259118997,0.06464787018583118,0.5393431972229789
1181027912757510145,0.2781826150918523,0.39708934442153637,0.3247280404866113,0.25356686875074275,0.3442847398405657,0.4021483914086915
1181030426984251393,0.25401586718371294,0.37458456331414336,0.3713995695021437,0.24648122757319743,0.028650983761409867,0.7248677886653927
1180981119451529217,0.28043370246802335,0.17141173373787402,0.5481545637941025,0.06093501424105684,0.24808002763528011,0.6909849581236631
1181001534688362497,0.08758562424081238,0.35975913880351235,0.5526552369556753,0.32042975767803633,0.1581629932406493,0.5214072490813144
1181011269370544129,0.07522050968542232,0.3717199291366065,0.5530595611779712,0.25926397481988267,0.1824340008427376,0.5583020243373797
1181001250767175681,0.13156557471618402,0.46634917438952717,0.4020852508942888,0.15759890584187386,0.1785347072813074,0.6638663868768188
1180997034069590017,0.3167706844071966,0.22513145685286473,0.4580978587399387,0.21834160028959532,0.0776953169742644,0.7039630827361403
1181030291893682177,0.23083038148036022,0.3682678116288341,0.4009018068908057,0.31883100899401634,0.1694584500880876,0.5117105409178961
1181001861102469121,0.2593237429817241,0.025764301841059715,0.7149119551772162,0.15322862794444955,0.19435280484529419,0.6524185672102563
1181005526729097217,0.45614488505993145,0.054701911782649375,0.48915320315741917,0.5846447643295771,0.10200956943840342,0.3133456662320194
1181003008694550529,0.3278840230840631,0.11426197753871978,0.5578539993772171,0.4182443859883416,0.28015277000720457,0.3016028440044538
1181017236168540161,0.4032161123859267,0.15415001120429284,0.44263387640978047,0.4113530559545487,0.016889947558975903,0.5717569964864755
1180981839099002881,0.33903081648333766,0.12258720550167906,0.5383819780149832,0.40928802176469076,0.08175311524396042,0.5089588629913488
1180996100257251329,0.41465696316028255,0.11183139590182602,0.47351164093789144,0.09233383487965953,0.1901509942983678,0.7175151708219727
1181000547550167041,0.1404434765672278,0.49816417577546374,0.36139234765730843,0.2502701956647547,0.10211109457801601,0.6476187097572292
1180990694215680001,0.4311939092786896,0.09125099048388194,0.4775551002374284,0.48368068830948524,0.14045787192543288,0.3758614397650819
1180980780779470849,0.19888692617580603,0.06633757307169444,0.7347755007524995,0.15456118865531498,0.028678732107973264,0.8167600792367118
1181032130838953985,0.276144778555833,0.2643646401730783,0.45949058127108866,0.3741529430424421,0.03433509450267973,0.5915119624548781
1180986403694346241,0.347520028786574,0.2730188567587228,0.3794611144547032,0.31405938757543544,0.2086631743770235,0.4772774380475411
1181034459709931521,0.10234256179405149,0.418238265791494,0.47941917241445453,0.5328009965164244,0.05973832614991666,0.40746067733365887
1180990985201057793,0.41917840613883917,0.16027358195774924,0.4205480119034116,0.24690991199496873,0.17580812183807917,0.5772819661669522
1180988412122234881,0.42947618676161686,0.32633479970573437,0.24418901353264877,0.5481685072593534,0.07148961329855603,0.3803418794420905
1180987166025285633,0.29917734945577196,0.41058041904718856,0.2902422314970394,0.3741116488112978,0.10907679028861152,0.5168115609000907
1181027661807779841,0.33416251954307813,0.08771041811621813,0.5781270623407038,0.6805988145978341,0.05426759652571766,0.2651335888764482
1181003291585871873,0.522490538909374,0.1278761218237332,0.3496333392668928,0.720872104264819,0.0818796513207235,0.19724824441445754
1180983041152778241,0.5157850022379501,0.01563258446678567,0.4685824132952642,0.6407199199925411,0.11889479147143263,0.24038528853602625
1181030489285558273,0.537103605727647,0.012911520027618686,0.4499848742447343,0.10888702277032992,0.4771427597032278,0.41397021752644225
1180983605612216321,0.27319862660832106,0.017364561538875996,0.7094368118528029,0.5514429026660228,0.11109930186735095,0.33745779546662624
1180986258119622657,0.09136800890354915,0.18142736776667498,0.7272046233297759,0.2510851559969201,0.13547791800843811,0.6134369259946417
1181024184405196801,0.3523397301508375,0.14250312341062377,0.5051571464385387,0.2857951940734397,0.4806468339126106,0.2335579720139498
1181032712267137025,0.10162901360116303,0.5434531102335795,0.3549178761652575,0.14306109062734637,0.2517137432333924,0.6052251661392611
1180983804903587841,0.19838159579574538,0.22170217556627472,0.5799162286379799,0.29369508311626774,0.08228002748109803,0.6240248894026342
1180981451704795137,0.2742476720771848,0.12133592314430297,0.6044164047785122,0.08588672730271436,0.07754721625039725,0.8365660564468884
1181021461008515073,0.5251821629339067,0.07815286212072192,0.39666497494537134,0.360169422810453,0.3877737827727415,0.2520567944168055
1180991699303956481,0.09247491230144117,0.1152536182536991,0.7922714694448597,0.33304109811443594,0.029845096027464955,0.6371138058580992
1181034278194282497,0.5949130179183583,0.13000529288087997,0.2750816892007617,0.37389013973280677,0.13896129193696521,0.487148568330228
1180990810592018433,0.20518820343360378,0.16830797852038576,0.6265038180460105,0.1581331392653958,0.3113575845994862,0.530509276135118
1180986025109782529,0.3962324353508755,0.07314358400717899,0.5306239806419455,0.2433830631732889,0.032894389937716824,0.7237225468889943
1181004115410780161,0.4014880568202661,0.21916073926614654,0.37935120391358734,0.2049514272193427,0.5118948241556331,0.2831537486250242
1181000078820311041,0.443651897956938,0.050677751036862825,0.5056703510061992,0.49947846825876885,0.17814576895633552,0.32237576278489566
1181019284310851585,0.40586208799773554,0.08691966328567659,0.5072182487165879,0.16316109905412804,0.09006137716475263,0.7467775237811194
1181018896660398081,0.15198347422933697,0.13716180973334643,0.7108547160373166,0.2674191341054066,0.0653848328462104,0.667196033048383
1180999572343848961,0.5279301613411349,0.15734007464831343,0.31472976401055164,0.41377919668941304,0.07992783167338843,0.5062929716371986
1180983442614288385,0.12181268160273487,0.25874125087708155,0.6194460675201836,0.27619183956880355,0.03980911003460632,0.6839990503965901
1181032102220398593,0.18160055982435383,0.1422556956058729,0.6761437445697733,0.34473279923355143,0.17111963090531448,0.48414756986113405
1180986652031057921,0.2458709013047467,0.10690995130930714,0.6472191473859461,0.14671998467254918,0.12840200738540633,0.7248780079420445
1181018349496500225,0.21127268044525144,0.35054924007801985,0.4381780794767287,0.36381690938461,0.20102197111229114,0.4351611195030989
1181009197416906753,0.4642273473395464,0.20906320452472527,0.32670944813572833,0.26724997583619525,0.144809652789708,0.5879403713740967
1181019499544117249,0.3932909548063898,0.12653166686477765,0.48017737832883256,0.27213919991463564,0.3069291306002576,0.42093166948510674
1181007048223490049,0.34392766209156467,0.24026791986954835,0.415804418038887,0.49181285739616915,0.18215863579095942,0.32602850681287143
1180987578196393985,0.2329981805612909,0.1272505102616039,0.6397513091771052,0.21297252756151397,0.28063579387659904,0.5063916785618869
1180989925750177793,0.29495828153208653,0.11812060381889249,0.586921114649021,0.49351011362247826,0.0745025186219462,0.43198736775557556
1181031193121882113,0.46981471179840334,0.11126808009736591,0.4189172081042307,0.41693684705615736,0.12411609125884787,0.4589470616849948
1180999307489116161,0.10612079046100593,0.4673145126077138,0.4265646969312803,0.46898514980558265,0.01732914308713567,0.5136857071072817
1180992776366260225,0.2840159592229413,0.0692052464145873,0.6467787943624714,0.060716674435953674,0.5043379918965983,0.43494533366744803
1181026045034397697,0.25491529211254127,0.1261525820759706,0.6189321258114882,0.4261736688217454,0.09183887851688785,0.4819874526613668
1181003558923960321,0.24321398588838675,0.10639368605693175,0.6503923280546815,0.19777451484628045,0.044363935661745305,0.7578615494919743
1181007979873796097,0.3199113989082618,0.03250465069910179,0.6475839503926364,0.17771692627176536,0.11458002005020847,0.7077030536780262
1180989285633654785,0.3008592448362753,0.1914572268038586,0.5076835283598661,0.1536447824100342,0.18745018609322425,0.6589050314967415
1181008557107478529,0.32804976671463626,0.07917692039127583,0.592773312894088,0.49822467361592715,0.09963090186951183,0.402144424514561
1181010864007217153,0.5089449285522762,0.22084895389958362,0.27020611754814017,0.6389516757115042,0.20774503675202524,0.1533032875364705
1181006181652987905,0.27325802567203594,0.09473894903478962,0.6320030252931744,0.5970529460635685,0.19394932640290793,0.20899772753352353
1181004228366761985,0.39610089556044054,0.061808571337380276,0.5420905331021793,0.4066440364686081,0.16089265195731545,0.43246331157407647
1181032760759648257,0.28457525583732146,0.03114764194092106,0.6842771022217575,0.5014323811379728,0.11042288623728543,0.3881447326247417
1181031227612037121,0.11414293950837162,0.6237013872638849,0.26215567322774347,0.4103882562784687,0.05905375031429213,0.5305579934072392
1180990486786768897,0.5339177397708169,0.05731840660031455,0.4087638536288686,0.3971543478623009,0.16656928944052235,0.43627636269717673
1180996627544866817,0.34428366452874765,0.12137703974049388,0.5343392957307584,0.3905395632193011,0.06586205962290109,0.5435983771577978
1180982464920551425,0.3014292642426016,0.1451194516755647,0.5534512840818337,0.1555749332062259,0.10887302663454172,0.7355520401592324
1180994589919346689,0.34611634395936064,0.12397756275451462,0.5299060932861248,0.49945568726168615,0.07301102071053381,0.42753329202778
1181032878231224321,0.46671051704090144,0.191141489753124,0.34214799320597455,0.5880563039942097,0.09735518840807969,0.3145885075977106
1181035459720183809,0.38728894545203146,0.032551477090761144,0.5801595774572075,0.4892057381414967,0.2278444121514438,0.2829498497070595
1180995717931630593,0.29171757386747926,0.03060015732889066,0.6776822688036301,0.5008854201023514,0.034423206614554336,0.4646913732830943
1181032451509878785,0.41497275295250574,0.1923804367145797,0.3926468103329146,0.4536894290267324,0.202867648248713,0.34344292272455457
1181023864119525377,0.3964429374946508,0.047233110530847736,0.5563239519745015,0.36318168727812394,0.04735180039459996,0.5894665123272761
1180998542285832193,0.3545986080613005,0.05647562534869919,0.5889257665900003,0.18348179672601744,0.2843170087788827,0.5322011944950998
1181001610313564161,0.36385823879677026,0.1743816306195136,0.4617601305837161,0.43348611650837304,0.1615626251395466,0.40495125835208035
1181028254334615553,0.5054140160252829,0.1689074223384678,0.3256785616362493,0.2388322329806322,0.2986372742355068,0.46253049278386105
1181011173096030209,0.0877608430026429,0.661021046316228,0.2512181106811291,0.7276841417712796,0.06736358832863641,0.20495226990008397
1180985681628561409,0.48967309050856317,0.18978959539166448,0.3205373140997724,0.3669498029017051,0.09616360841505088,0.536886588683244
1180993411385655297,0.1532269019075431,0.038427956885903704,0.8083451412065532,0.2448340146913696,0.07190987308580125,0.6832561122228291
1181022350686224385,0.14910337506551777,0.13198409274695475,0.7189125321875275,0.06981194290379987,0.1849004760893392,0.7452875810068609
1180981912981635073,0.1627862115309509,0.1390870739180275,0.6981267145510216,0.18315623057371877,0.1254744615686198,0.6913693078576615
1180985603904897025,0.3416062272985971,0.060668990397050086,0.5977247823043528,0.237599439786529,0.07728646721801007,0.6851140929954609
1181031757061357569,0.3471463076193023,0.0621768593373723,0.5906768330433254,0.31230820534917164,0.22034577933197633,0.467346015318852
1181015178442997761,0.32092597205295775,0.06826161784624425,0.610812410100798,0.26587710836204653,0.15948062646610134,0.5746422651718521
1181029873529880577,0.49467821550099317,0.10887537953354279,0.396446404965464,0.38260861326216,0.2044131079795816,0.41297827875825843
1180980194061451265,0.30813671213555227,0.1537334712429896,0.5381298166214581,0.236171333357001,0.33437118074440064,0.42945748589859833
1181028157642342401,0.18847175068534766,0.16530254350592472,0.6462257058087276,0.41229855549267147,0.19260109068729545,0.39510035382003306
1181031922092081153,0.13057559490408907,0.4693983675106768,0.40002603758523414,0.34206431555079897,0.04789574986333336,0.6100399345858677
1181027497649504257,0.17475606691648934,0.32871863041211585,0.49652530267139483,0.3266383786013443,0.12554079759450276,0.5478208238041529
1180988424897101825,0.3669453249549172,0.2537063935437404,0.37934828150134237,0.2379724522594425,0.2832720877194771,0.4787554600210804
1180993734540066817,0.39213305389263126,0.3959430205259998,0.21192392558136897,0.3492477596664025,0.2268534978094207,0.4238987425241768
1181000371874332673,0.567690539077699,0.1723297917123328,0.2599796692099683,0.46684711469314705,0.07991682736398338,0.4532360579428696
1181030679964450817,0.5165310421183613,0.11237216863363458,0.37109678924800404,0.5048917349237954,0.24530836851893584,0.24979989655726886
1181029767897841665,0.49037880744644674,0.13346339464168547,0.37615779791186776,0.2990070337382624,0.27859727416100405,0.4223956921007336
1181027199691980801,0.28453604172877484,0.21820556491707557,0.49725839335414956,0.10672017677823235,0.5183175823194256,0.3749622409023421
1180981648741040129,0.1563999608321676,0.3942051401131373,0.4493948990546951,0.44752762541060814,0.08440213198437967,0.4680702426050122
1181000395297357825,0.6364183140121474,0.09114456766225683,0.2724371183255957,0.5032540721128241,0.06108113078409581,0.43566479710308004
1180986220145672193,0.4886400172702703,0.077755234540981,0.4336047481887487,0.28881008037855815,0.14881787036929472,0.5623720492521471
1181005975872339969,0.7239974080197933,0.03183727364696802,0.24416531833323873,0.5997236101263165,0.20289031677723735,0.19738607309644618
1181001979961901057,0.19981848679723313,0.21977549402115004,0.5804060191816168,0.26817975773945146,0.2312290554179045,0.500591186842644
1180996813965066241,0.4321989841180129,0.0742343948472072,0.4935666210347799,0.3063483722367399,0.16799627516351803,0.525655352599742
1180980472754438145,0.34759101961697664,0.06052640802458009,0.5918825723584433,0.3644113371922518,0.08774328836889261,0.5478453744388556
1180982591297617921,0.30236435404188206,0.0745173481786054,0.6231182977795126,0.42349833418752636,0.02636574685816962,0.550135918954304
1181034708173389825,0.2234779388486346,0.023996802982191586,0.7525252581691738,0.2062078473457024,0.028400128955641216,0.7653920236986564
1180999720077656065,0.11877159293631127,0.033381856281568104,0.8478465507821207,0.22433438393227498,0.2538197286601141,0.521845887407611
1181013009027203073,0.4313878742334618,0.24444917805467561,0.3241629477118626,0.3189974946824842,0.16962654579529357,0.5113759595222223
1181029537145421825,0.32642794325925867,0.24383128545541272,0.4297407712853286,0.4124195466014299,0.03671471641674759,0.5508657369818226
1181031507500433409,0.5013423877230774,0.2680904455611916,0.23056716671573108,0.5045137219062188,0.23301241963673358,0.2624738584570476
1180996958540201985,0.6305355056552355,0.03808176982507662,0.33138272451968787,0.3964342655384579,0.2967426908817014,0.3068230435798407
1180981796251729921,0.3176660310235292,0.10886054669507887,0.573473422281392,0.4423499432160684,0.33173613517645767,0.22591392160747392
1181027591698350081,0.1546545535203079,0.04298890161194751,0.8023565448677445,0.11198783591018062,0.4153346339982698,0.47267753009154956
1181027871943884801,0.20603664110609593,0.10928792467065523,0.6846754342232488,0.16493635464107229,0.033693639170313656,0.8013700061886141
1180981632223182849,0.35312518983553765,0.03212979723447051,0.6147450129299918,0.1367225181906523,0.4421002073847266,0.42117727442462105
1180985277717544961,0.12772169489660926,0.07887052816896786,0.7934077769344229,0.24758653629004498,0.04939706975882043,0.7030163939511346
1180991174014173185,0.24031130168729437,0.403059347433088,0.35662935087961756,0.4145217252032224,0.025224956370005137,0.5602533184267724
1180998609490903041,0.30401104988531613,0.237583911744749,0.45840503836993485,0.5273827428518544,0.14404757413007213,0.32856968301807354
1181029297877352449,0.42290297068012206,0.04593095595952827,0.5311660733603496,0.4716993385042158,0.2326105580532846,0.2956901034424996
1181027191304454145,0.39436188361674207,0.3728387655666834,0.23279935081657455,0.274191730750131,0.06438397658593807,0.6614242926639309
1181029228639715329,0.29322837923371514,0.20315397660434814,0.5036176441619367,0.5665287640975334,0.11368012939270264,0.31979110650976394
1180996646096535553,0.3053650267137597,0.06999175855721185,0.6246432147290284,0.30298493707449525,0.09437233371042647,0.6026427292150782
1180993833687973889,0.28280144565952314,0.041909687484649516,0.6752888668558273,0.17321648122474742,0.2001614195281316,0.626622099247121
1180982538549428225,0.11471697561108143,0.45450514612658294,0.4307778782623356,0.20879949660663838,0.10055954819576157,0.6906409551976
1181000264498413569,0.3201482141560127,0.3316637701159896,0.34818801572799774,0.22980982132022124,0.18870774409870986,0.581482434581069
1181035522765127681,0.7202261509414339,0.018583623336000426,0.26119022572256567,0.5095014648518463,0.129677869471905,0.3608206656762487
1180993952387563521,0.20894231260463886,0.10179005711264755,0.6892676302827137,0.14290416039700812,0.07795768156302643,0.7791381580399654
1180985324629229569,0.12876839126006456,0.6425056237416843,0.22872598499825114,0.423969408656444,0.08381957946235147,0.49221101188120453
1180997795861102593,0.19490503191635752,0.2651542323687874,0.5399407357148551,0.3573599572772147,0.08258503524825404,0.5600550074745312
1181003541147189249,0.2580962723325961,0.49220386296322266,0.24969986470418126,0.36221938819497573,0.1520927735095297,0.48568783829549456
1180982997854912513,0.5030466760695637,0.15393824379317503,0.34301508013726134,0.4041203414928577,0.1290434439527347,0.4668362145544076
1181028316377284609,0.30793377932738425,0.10511413686522805,0.5869520838073877,0.2918004070409927,0.13765032291478557,0.5705492700442217
1181035114658922497,0.20884836606348486,0.1172059224280085,0.6739457115085066,0.6695589351549596,0.03970403657621285,0.29073702826882764
1181033314765471745,0.4477991440394791,0.15693978644697396,0.3952610695135469,0.361091605808673,0.165020523675601,0.473887870515726
1181006120512290817,0.20726990910727267,0.06462254300230086,0.7281075478904264,0.3653823261840616,0.12080893016661576,0.5138087436493226
1181030184397045761,0.3340677174768661,0.19339550943586545,0.4725367730872685,0.2866578419289036,0.0510553599896556,0.6622867980814409
1181030472862400513,0.3279632612399515,0.1435674162236562,0.5284693225363923,0.3380130795776245,0.1326078778931156,0.5293790425292599
1181013607684308993,0.32398444865218756,0.2036201314938625,0.47239541985394995,0.10892612286057118,0.3100465588021881,0.5810273183372408
1180999400117731329,0.48867431041957593,0.11871510310260844,0.39261058647781566,0.4046863125027381,0.26250220674223235,0.33281148075502953
1181002061236142081,0.3380310749955363,0.13339624107248169,0.528572683931982,0.20669639609804136,0.07575119014933111,0.7175524137526275
1181002014324031489,0.37536357133614523,0.16436379349167046,0.4602726351721843,0.45962820804579557,0.13099510071274326,0.40937669124146114
1181032316614770689,0.1606780553803172,0.1179517520958699,0.721370192523813,0.18029499434259813,0.18645795385692776,0.633247051800474
1181032010817142785,0.2586484389473941,0.1295387475044653,0.6118128135481407,0.27307315856383824,0.21606756529395216,0.5108592761422096
1181034434576121857,0.24323500054932154,0.3292721776928527,0.42749282175782577,0.7365082524867311,0.03349235912881103,0.22999938838445788
1180984109863370753,0.6107727519460369,0.18758895912215554,0.20163828893180757,0.46648216218465527,0.0977936990050327,0.435724138810312
1180983493202018305,0.28954448310559305,0.046013282852733414,0.6644422340416736,0.19484267614180284,0.3431565963460567,0.4620007275121405
1181023495860322305,0.4689891433709626,0.09276979903612977,0.43824105759290766,0.3285266662150499,0.1667527379127662,0.5047205958721839
1180990624907034625,0.5871517138314125,0.11345979212341735,0.2993884940451701,0.3511051836068976,0.036108924767038114,0.6127858916260643
1180991448065638401,0.29846291967374716,0.05379184807806921,0.6477452322481836,0.13340558780970635,0.28136986833126776,0.5852245438590259
1181000305022238721,0.1956599537550057,0.4944056535406993,0.309934392704295,0.30874818006057647,0.10333053904052347,0.5879212808989001
1181001824417054721,0.33079668237042675,0.20366989041979117,0.4655334272097821,0.25678131636689755,0.03508795487174829,0.7081307287613541
1180981297357193217,0.1888829026758869,0.16892259156025488,0.6421945057638583,0.17940596266991968,0.19807215945174747,0.6225218778783328
1181025821283713025,0.345892454645059,0.10791146430393297,0.546196081051008,0.6740796226167828,0.08008977791767671,0.24583059946554053
1181024632036982785,0.35208925134149255,0.3023515184004824,0.34555923025802504,0.3712921419255026,0.13885497784113837,0.48985288023335904
1180987969429471233,0.18859227483590135,0.28983121410915985,0.5215765110549389,0.30823338367983916,0.02024603180779208,0.6715205845123687
1181006342359678977,0.10428838796548597,0.16098700406109046,0.7347246079734235,0.12016832619969964,0.17267488832533204,0.7071567854749683
1180993882792689665,0.47384259424799774,0.08159717217037052,0.44456023358163177,0.15894308875014157,0.07145150732103547,0.7696054039288229
1181002870992666625,0.2891669235021886,0.16619087692258047,0.5446421995752309,0.27680205156260546,0.3199906671272091,0.40320728131018546
1180992035653091329,0.5244275406693366,0.05450826830778555,0.42106419102287784,0.2769851628023808,0.2508074783423558,0.47220735885526344
1180995498083287041,0.21660835710974183,0.15535039924333413,0.628041243646924,0.3097952416326874,0.04563165407117206,0.6445731042961405
1181025719038345217,0.09804152833285076,0.03198720024202672,0.8699712714251225,0.23288302717241743,0.08679950318070379,0.6803174696468788
1180998137308971009,0.11643551834410161,0.08714309527629223,0.7964213863796061,0.3492925530214788,0.08338771052096645,0.5673197364575547
1180981873213603841,0.21397204770178221,0.2734691489067124,0.5125588033915054,0.3582405068682128,0.09849655921578393,0.5432629339160033
1181011069207805953,0.37548642017981876,0.04376762890229913,0.5807459509178821,0.2434726915993294,0.3771863668752408,0.37934094152542974
1180984935849132033,0.43114217715120057,0.12072787589542094,0.4481299469533785,0.23258633731885175,0.10099419820547668,0.6664194644756716
1180981523557089281,0.2785514689011296,0.4478830052118892,0.27356552588698124,0.4828105763268904,0.034636495708081146,0.48255292796502847
1180983574056501249,0.10688940020474288,0.32585358726237434,0.5672570125328829,0.24051829295563606,0.13729125014356305,0.6221904569008009
1180990505240657921,0.43782515273957295,0.07796774372264655,0.4842071035377805,0.36327998205961975,0.17983605486263343,0.4568839630777468
1181019866158235649,0.2259263285481224,0.017334885946074543,0.7567387855058031,0.11206689113885863,0.09073646926683433,0.7971966395943071
1181035792556326913,0.30280181867837297,0.1689356182510152,0.5282625630706118,0.3795908320541289,0.08595581680039975,0.5344533511454713
1181009464012603393,0.17194743530988515,0.03322798458753059,0.7948245801025843,0.2793593238566587,0.15501385289245453,0.5656268232508868
1181027156717305857,0.5062300425250176,0.06382164760621375,0.42994830986876864,0.22595345978208986,0.430858904827226,0.3431876353906842
1181003407766487041,0.7395762663247846,0.07293821116974539,0.18748552250547001,0.4652169532924536,0.02344906550779208,0.5113339811997544
1181029564698755073,0.29310404347994545,0.4676551960255988,0.23924076049445575,0.4557796915607935,0.06941126057460403,0.47480904786460243
1180990239457148929,0.29582981652688306,0.5496375844047741,0.15453259906834294,0.5824237754651022,0.21200138286442885,0.20557484167046902
1181023405715718145,0.23679657512102562,0.024320189271029614,0.7388832356079448,0.40441235057749864,0.32654573318103014,0.2690419162414712
1181012352748814337,0.6146269161931169,0.12667345164151736,0.25869963216536573,0.6460293435149993,0.10172507209922053,0.25224558438578015
1180982801851088897,0.21873275044110124,0.13881389160017094,0.6424533579587278,0.44801626839494996,0.07107122186869956,0.48091250973635047
1181031880214347777,0.6569670902445892,0.07495108718710462,0.26808182256830615,0.46362334621855694,0.0810543295619791,0.45532232421946395
1181007694339571713,0.2865609847375885,0.03893082198598344,0.6745081932764281,0.21259058784444262,0.27976745922454044,0.507641952931017
1181005135466594305,0.2735707487082278,0.02533461406657675,0.7010946372251955,0.6171737595116177,0.06019183565687963,0.32263440483150263
1180997030038077441,0.47231244511748016,0.16244731658400366,0.36524023829851615,0.31138976669905005,0.38261055157574253,0.3059996817252074
1181028743389904897,0.447144217333499,0.13199441663566644,0.42086136603083457,0.3147259255120043,0.06807131845263947,0.6172027560353562
1181029852879749121,0.27893889111164694,0.20034888949613813,0.5207122193922149,0.44395129340651435,0.3259992255377881,0.23004948105569756
1181023252105658369,0.41468295550692763,0.08433002995730235,0.50098701453577,0.2948751331259291,0.1093510464260432,0.5957738204480276
1180987161412501505,0.3201116037728995,0.1098003114396624,0.5700880847874381,0.5060203004259326,0.07053678939259131,0.42344291018147606
1181022918337003521,0.46857473149802265,0.20029025216892274,0.33113501633305464,0.2764485552294817,0.2792931876444144,0.4442582571261039
1181003372115066881,0.19138199204971096,0.07118169924483823,0.7374363087054507,0.2906421880754115,0.23703260116505903,0.4723252107595295
1181008553236299777,0.37804243484487665,0.2987557388782075,0.32320182627691585,0.6531656739037055,0.0782187267647627,0.2686155993315318
1181024706985099265,0.333261445897827,0.18740348008797147,0.4793350740142015,0.4139874595806104,0.12218084683453993,0.46383169358484966
1181010552276385793,0.04631937869424562,0.29597558449390443,0.65770503681185,0.2807915317702673,0.1373082386038604,0.5819002296258724
1181025951210700801,0.5176447079445137,0.06812773858091695,0.4142275534745694,0.520214886965918,0.11445461168583469,0.3653305013482473
1181023832663916545,0.3487200914357106,0.07094782642794087,0.5803320821363485,0.2994889673790602,0.11063874967591457,0.5898722829450251
1180999239928283137,0.5290160313243185,0.11293080917965746,0.358053159496024,0.770382113396937,0.06239802155420593,0.1672198650488571
1180988707981099009,0.21460326174972877,0.41637352903650604,0.3690232092137652,0.26847955889449054,0.2699910077911924,0.46152943331431706
1181020750349533185,0.48807776402018593,0.15394226747798193,0.3579799685018321,0.45002862208272626,0.042664936872767165,0.5073064410445065
1181027820224380929,0.6281624616739827,0.03227320312044823,0.33956433520556906,0.46314583345259613,0.10147044358740745,0.4353837229599964
1180988489618882561,0.43159485231067024,0.0674278869191375,0.5009772607701923,0.2919283996740056,0.23432569526525263,0.47374590506074177
1180985426647515137,0.05655745397136962,0.46596809609408,0.47747444993455035,0.3802025025019009,0.04721876790627205,0.572578729591827
1181021122141126657,0.16630919615120462,0.07256918725066612,0.7611216165981293,0.1777211437383794,0.1149437715436957,0.707335084717925
1180980873537945601,0.3749730784410071,0.060977237783914395,0.5640496837750786,0.2992068978491229,0.017802260836443422,0.6829908413144337
1181031197608312833,0.4522831955875914,0.18610127805220505,0.36161552636020355,0.5281247931730185,0.16308147914087973,0.3087937276861017
1180989570137260033,0.2560137005441483,0.3805490205201267,0.36343727893572497,0.2056041387952785,0.41588499941264967,0.37851086179207183
1181030978342813697,0.4527556975065385,0.1593077587595984,0.3879365437338631,0.28462440677243206,0.04870969712188439,0.6666658961056835
1180988672814841857,0.22643729677243396,0.1725009695058915,0.6010617337216746,0.4641249311248631,0.05328747183472683,0.4825875970404101
1180989362260869121,0.2951539922769022,0.37046626562726587,0.334379742095832,0.26445290390984916,0.13596428201784527,0.5995828140723056
1181001975123214337,0.23072826446500258,0.16670401218261058,0.6025677233523868,0.2326589783505779,0.1483883872991341,0.618952634350288
1180995605037645825,0.30569396024138573,0.04276380915167883,0.6515422306069354,0.2791109765048207,0.15249803195074915,0.5683909915444302
1181003208665661441,0.41120475583473526,0.1585874100764382,0.43020783408882657,0.45106097305772264,0.13894138021861893,0.40999764672365846
1181008721783619585,0.2518887580429099,0.06308541211717698,0.6850258298399131,0.16649533789223853,0.31015770458701936,0.5233469575207421
1181006407273316353,0.46512227997408984,0.09237982106400014,0.44249789896191005,0.3902142460273712,0.21752361687326036,0.3922621370993684
1180988764314599425,0.12300118547789364,0.47784075592783426,0.3991580585942721,0.5906982852164328,0.02653233172053874,0.38276938306302855
1180991542113402881,0.19603517725229977,0.16927358173522614,0.6346912410124741,0.18622020269259043,0.08395635049386073,0.7298234468135488
1181022764663046145,0.7802299318004572,0.019606012105664622,0.20016405609387822,0.11246124808358578,0.6510537630915953,0.23648498882481883
1181030907263221761,0.055870502611404894,0.1255942452438927,0.8185352521447025,0.16257542718191492,0.04449546989126868,0.7929291029268164
1181026324534657025,0.36973370751978246,0.10159162743936567,0.5286746650408518,0.5892677330744217,0.12279532791933968,0.2879369390062386
1180990618358120449,0.38028118874922057,0.02413765027400716,0.5955811609767723,0.4830025025163151,0.1553448513785133,0.36165264610517156
1180981017175851009,0.18019815250708213,0.20705348800484397,0.6127483594880738,0.17665972031478938,0.08012071827865858,0.743219561406552
1181025875130318849,0.49441097826255676,0.20894398173754603,0.2966450399998972,0.4528735729601908,0.258547138248136,0.28857928879167316
1181035787779047425,0.19612815710200845,0.12928732480247893,0.6745845180955126,0.2693754948415152,0.1449627038494017,0.5856618013090831
1181034063090450433,0.19129118163394632,0.23267363993176648,0.5760351784342872,0.1817573315577927,0.16605232349608404,0.6521903449461233
1181002987078352897,0.4024060128652949,0.15688482619630742,0.4407091609383976,0.10831726085945637,0.4070679262802367,0.48461481286030694
1180982181902024705,0.4995598436514589,0.13021376273276242,0.3702263936157787,0.33959422904712794,0.13423006148071004,0.526175709472162
1181023594845863937,0.23614010084404538,0.2280401929503191,0.5358197062056356,0.2596948776010063,0.24612774650792413,0.4941773758910696
1180989153479983105,0.3365790399647966,0.21235821280359451,0.4510627472316089,0.12074381199466257,0.5781001162213467,0.30115607178399073
1180980509277388801,0.23356218121625694,0.20767491667068977,0.5587629021130534,0.3202217131285539,0.06311781374397843,0.6166604731274676
1181033627043725313,0.364710865475897,0.035915725637630944,0.5993734088864721,0.6132743028750928,0.03769005626853789,0.3490356408563693
1180982768168501249,0.4415802366425498,0.10394834571223069,0.4544714176452195,0.30752963772804476,0.15878125391193687,0.5336891083600184
1181005924736466945,0.1428078392931722,0.1256343651327052,0.7315577955741226,0.17759221290989757,0.21314777493042444,0.6092600121596781
1180985451394957313,0.5162497648698304,0.028583253154697667,0.4551669819754719,0.46910060244121915,0.07079684823987904,0.4601025493189018
1180984971244437505,0.47733854023154865,0.07985272369137862,0.4428087360770727,0.18717605663019718,0.3279820691296179,0.4848418742401849
1181019994190774273,0.3337634920702818,0.13280029107187594,0.5334362168578423,0.24433498220208277,0.20064573533356733,0.5550192824643498
1180998434749775873,0.10883497316861375,0.11769985304802713,0.7734651737833591,0.11445917283209182,0.05653349411755134,0.8290073330503569
1181025155232006145,0.48598143881128264,0.0464849461214957,0.4675336150672217,0.5122741412685021,0.10237580941042723,0.38535004932107064
1180999694107377665,0.32876827741742254,0.12611434159583168,0.5451173809867458,0.15608744062076563,0.37346680004086386,0.4704457593383705
1181009439880314881,0.3496606214835093,0.03645347753868858,0.6138859009778022,0.19173199234675875,0.24418485629620906,0.5640831513570321
1181009192577105921,0.32296333761250184,0.08970357031164262,0.5873330920758555,0.31855475901642494,0.33949024024208485,0.3419550007414902
1181035093138800641,0.5577844313260941,0.17129241276220836,0.2709231559116976,0.464339230651095,0.13160982851873798,0.404050940830167
1181012097765441537,0.10546256985244544,0.10061100902479074,0.7939264211227638,0.2411510699263056,0.01646544004965741,0.7423834900240369
1181020357375131649,0.40639163479247303,0.2595034780563357,0.33410488715119124,0.4909996475354439,0.10091544648736937,0.4080849059771867
1180994322719014913,0.2765305345677697,0.23757559968268677,0.4858938657495435,0.3303451027647082,0.1347840890876881,0.5348708081476037
1181018261545156609,0.25118288140525047,0.35231144310829016,0.39650567548645943,0.28161394716219085,0.29799338136249603,0.4203926714753131
1180981653807136769,0.23522695645386002,0.36701241123528044,0.39776063231085956,0.23137821577972187,0.2557980355114755,0.5128237487088027
1181021370863288321,0.17193018550943445,0.189161595314342,0.6389082191762235,0.1937659346927952,0.26687203983816615,0.5393620254690387
1181020555540627457,0.2846748515331116,0.22989156530377025,0.48543358316311813,0.2751699291809081,0.26362988538977083,0.46120018542932106
1181029033768550401,0.42272169392406356,0.11734486457279124,0.4599334415031452,0.22710059548575137,0.5091236910067618,0.26377571350748685
1181033397132558337,0.30428531088072697,0.15019159948318744,0.5455230896360856,0.28735647394989094,0.2610130342417274,0.45163049180838166
1181030145868529665,0.2275356551126302,0.41408242447957044,0.35838192040779937,0.4867200697749841,0.12169012559047214,0.39158980463454374
1180981868941312001,0.31442987983516707,0.17299410972308205,0.5125760104417509,0.6956973638180627,0.06848072909359411,0.23582190708834316
1180981789411246081,0.14132900711502047,0.41387508114568095,0.44479591173929856,0.48061039791680854,0.20436984584244813,0.3150197562407433
1181005262423457793,0.15334532337994977,0.35509821585370904,0.4915564607663412,0.27524171955547294,0.12349314610863656,0.6012651343358906
1181025374782914561,0.42931359366742133,0.1879675581415265,0.3827188481910522,0.2088249366408662,0.10834078019812067,0.6828342831610131
1181024511271895041,0.18105984385120094,0.44219659473016865,0.3767435614186304,0.751882382061681,0.10485815138998125,0.14325946654833777
1181001218469527553,0.12014343216842865,0.07273333400800497,0.8071232338235663,0.283770725022408,0.2259526767708078,0.49027659820678415
1181027545173229569,0.31942403295287786,0.03842324302397633,0.6421527240231458,0.4236287368853529,0.15384026549443927,0.42253099762020785
1180989917651009537,0.3325359736364787,0.06735150037146577,0.6001125259920556,0.30770496825198723,0.14750748964090687,0.5447875421071059
1180995712798916609,0.3652821756709197,0.057472647896276034,0.5772451764328043,0.3829299003758661,0.018483144096430718,0.5985869555277032
1181023072041926657,0.25809604640485156,0.1723027890467539,0.5696011645483945,0.4711090134217351,0.19463261152315042,0.33425837505511447
1180997862259359745,0.28413478051404045,0.23743702647927886,0.4784281930066807,0.20927939038642937,0.3806082023033813,0.4101124073101893
1181012995605790721,0.3529019753351604,0.3556245608718308,0.29147346379300887,0.4373704042436022,0.08976305205684597,0.47286654369955183
1180997995519016961,0.1290291033769052,0.16314556854045406,0.7078253280826408,0.08243336817409136,0.16883328118772103,0.7487333506381877
1180984792404525057,0.5130301644586708,0.14009892410210223,0.346870911439227,0.6031695633475638,0.06506641764835287,0.33176401900408337
1181021599162368001,0.12774540990769043,0.03861015496607051,0.8336444351262391,0.17027378897399878,0.09917992741898625,0.7305462836070149
1181020695760437249,0.2084376319958937,0.4437211319518151,0.3478412360522911,0.33241725573936515,0.05166600184032078,0.615916742420314
1181006465864663041,0.12101265622490141,0.2649950175569001,0.6139923262181985,0.6027675443364399,0.06684881621096045,0.33038363945259963
1180991404508053505,0.2928807397869037,0.07581233036125437,0.6313069298518419,0.07540752251719941,0.1769074570065381,0.7476850204762625
1181033046003253249,0.1778074376600365,0.342775996275166,0.47941656606479754,0.23876970617881862,0.09696216770830428,0.6642681261128771
1180999962445086721,0.15513720835389902,0.3374968560886949,0.5073659355574061,0.28843165998085135,0.06025500702738203,0.6513133329917666
1181031795006013441,0.35419413596506644,0.1273029683783202,0.5185028956566133,0.5149171914133998,0.07415868549704215,0.41092412308955806
1181024922862354433,0.6615156531162927,0.1658486944961239,0.17263565238758338,0.49509944669512446,0.2254882967241107,0.27941225658076485
1181017215841533953,0.38095120299156615,0.060672614488338605,0.5583761825200952,0.453981746795863,0.023713662469315746,0.5223045907348213
1181003287615176705,0.5449353626478045,0.18645086232907193,0.26861377502312356,0.24884173650719776,0.25427860749961095,0.4968796559931913
1180992250788904961,0.4817412988562221,0.02652213414287275,0.4917365670009052,0.300824512144991,0.1849103465496429,0.514265141305366
1180993072162078721,0.25490692485247685,0.0980525157609882,0.6470405593865349,0.3047696440546116,0.031121465396654033,0.6641088905487343
1181018465582579713,0.4073143511245362,0.060786777994565395,0.5318988708808985,0.25097209392098263,0.06699123515365428,0.6820366709253631
1180981834388373505,0.3755639007198504,0.07886735682840192,0.5455687424517477,0.33971230619625753,0.10515157842592086,0.5551361153778216
1181033856020578305,0.6842193950912382,0.05721865768670059,0.25856194722206116,0.19852221785685878,0.5426191628848498,0.25885861925829134
1180983800418467841,0.17677104839908847,0.32431501883959496,0.49891393276131657,0.46977120443735804,0.07734059107216455,0.4528882044904774
1181004110957019137,0.14233123915818272,0.656244018057391,0.20142474278442635,0.45703736697124225,0.12400393981285555,0.4189586932159022
1181031086909456385,0.3557012823154705,0.19444742649386057,0.4498512911906689,0.28656214013017545,0.40335659374730315,0.3100812661225214
1181004904297857025,0.6095398953344537,0.19005043328133572,0.2004096713842105,0.35953917250749323,0.08374657795637884,0.5567142495361279
1180995811720953857,0.2830449292746752,0.1596419493317269,0.5573131213935978,0.3685802138312227,0.15998013346187998,0.47143965270689736
1181020811779735553,0.08133832392574902,0.06315932227631496,0.855502353797936,0.21739459483058743,0.1447862908744602,0.6378191142949523
1180981627511930881,0.09973820059379697,0.45284853795021446,0.4474132614559886,0.31095733579419255,0.09315154641997261,0.5958911177858348
1181003125909553153,0.27784087522171946,0.11010687564506455,0.612052249133216,0.29445770328389465,0.1466448610066735,0.5588974357094318
1180997095468400641,0.20043515733578637,0.10595757129729882,0.6936072713669148,0.3181213166888199,0.09680335464783262,0.5850753286633474
1181005124818173953,0.3482644063401473,0.0724723049421802,0.5792632887176725,0.39105799084048176,0.20052088341101168,0.40842112574850653
1181024295811448833,0.3687563663334861,0.0428816263070449,0.5883620073594691,0.2232120784346311,0.4319459959056635,0.3448419256597054
1181006951245316097,0.44862674814691283,0.02909599765698335,0.5222772541961038,0.21108045275702986,0.07445298844870163,0.7144665587942685
1181005832943927297,0.2764356164234982,0.06810850291023901,0.6554558806662628,0.25323820412048015,0.09559217403541669,0.6511696218441032
1181022398016487425,0.23804243264445824,0.18969545948916672,0.572262107866375,0.16302666567521776,0.32121059346157316,0.5157627408632091
1180981394146754561,0.395238136808367,0.03626867942611662,0.5684931837655164,0.5969393469445373,0.10643706864184659,0.29662358441361614
1181005182862360577,0.07177170998994031,0.3638531671223092,0.5643751228877505,0.3379562895431611,0.04758145628228672,0.6144622541745521
1181030586979844097,0.561092765915736,0.03637937740009446,0.40252785668416957,0.539030512215163,0.11283518124745785,0.3481343065373792
1181023098271956993,0.3743877598716996,0.10883264937942194,0.5167795907488785,0.22845333863214862,0.10922475235230072,0.6623219090155507
1181029369729187841,0.566465471400148,0.1047665138737952,0.32876801472605677,0.5264422486660637,0.03956908385711006,0.4339886674768262
1181006012427763713,0.4796541340957468,0.25368729931055073,0.26665856659370246,0.23617976404359667,0.16921612912293485,0.5946041068334684
1181029760896434177,0.3138539330070997,0.22078303564940513,0.4653630313434952,0.5351894951118537,0.04484157282088434,0.41996893206726205
1180999567599796225,0.4104758204972395,0.07152267679190907,0.5180015027108513,0.552722352640331,0.1928344351447882,0.25444321221488075
1181023859830456321,0.28915000001821534,0.055255730571761114,0.6555942694100236,0.4077557415665055,0.08229117861258424,0.5099530798209102
1181032707814457345,0.15492331773109566,0.1537013028002365,0.6913753794686679,0.05445513154182825,0.48019060466782093,0.46535426379035083
1181003554276474881,0.40465921860909654,0.0810221211733595,0.514318660217544,0.31367493548736103,0.10972600661599596,0.576599057896643
1180983601544855553,0.3508830522012423,0.013732027350100914,0.6353849204486568,0.4506259976832725,0.21071060055939728,0.33866340175733023
1181011260530032641,0.21196414951820222,0.3259148369830066,0.4621210134987912,0.2912563109089558,0.1691365346257944,0.5396071544652498
1181031013605048321,0.7319991911646364,0.11656087328886078,0.1514399355465028,0.70118631914752,0.12708539823607568,0.17172828261640427
1181015660625657857,0.3451594035311315,0.08343767883383829,0.5714029176350301,0.2191187786921499,0.4824945153305805,0.2983867059772696
1181019279567716353,0.3585553179672125,0.10351834385003407,0.5379263381827535,0.17224808082736587,0.08381785432643586,0.7439340648461983
1180990805171437569,0.12118118758247136,0.49922642588399474,0.3795923865335339,0.17276537292587496,0.07007182465574631,0.7571628024183787
1180986021271339009,0.3468680124499548,0.21951909665619285,0.43361289089385235,0.4476061888948773,0.06040782509449444,0.49198598601062826
1180987934906056705,0.31876438012603664,0.07723852625745527,0.6039970936165081,0.11030778879573908,0.34085788316248594,0.5488343280417749
1181004709098192897,0.5777832323662179,0.1419831737752961,0.280233593858486,0.2453794279490564,0.3952846557660547,0.3593359162848889
1181001307293220865,0.3619145799108589,0.21355941607732282,0.4245260040118183,0.4123092304174096,0.17013117574343858,0.41755959383915187
1181018892175343617,0.22545030568890995,0.07941792320817098,0.695131771102919,0.325126506842358,0.1434200487464087,0.5314534444112333
1180999302842253313,0.36025644681976743,0.06658234677842585,0.5731612064018068,0.39232840690196313,0.12519576891845538,0.48247582417958146
1180980084652900353,0.10350747568744889,0.39685527773341744,0.49963724657913366,0.23208914563203226,0.26786885175879155,0.5000420026091761
1181017830854754305,0.16794779455811165,0.18109669735365547,0.6509555080882329,0.23153031735403995,0.07461849341762028,0.6938511892283398
1180988455483965441,0.11159305944711542,0.4359710484932506,0.45243589205963397,0.525738858286611,0.05083939019625946,0.42342175151712946
1180995627140579329,0.26324205468345757,0.15462533456779326,0.5821326107487492,0.1542836816125706,0.0969164408765162,0.7487998775109133
1181002010483228673,0.2660292659977273,0.2410116376799347,0.49295909632233803,0.396306059747101,0.21474414142835627,0.3889497988245427
1181031543829299201,0.5021151901977084,0.05152955721815636,0.4463552525841352,0.3996767128568756,0.021382048685845305,0.5789412384572791
1181017447785889793,0.445727014718938,0.04262938580861656,0.5116435994724454,0.08679495792561072,0.48351608394131435,0.42968895813307495
1180994255342993409,0.4589229728375593,0.09123241721479608,0.44984460994764464,0.33067419201155424,0.056464566033501626,0.6128612419549442
1181000543322865665,0.2453077880694879,0.1122660545859442,0.642426157344568,0.28646663950489054,0.3871363543150073,0.32639700618010214
1181013600295944193,0.4343718450420515,0.2201940337235334,0.3454341212344151,0.1620466247874702,0.37783868714722413,0.46011468806530564
1180985422065369089,0.20450600531214122,0.17392482510860344,0.6215691695792553,0.06750543791824781,0.28659028849667634,0.6459042735850758
1181006116511842305,0.20673467412810465,0.20305453503217386,0.5902107908397215,0.3393529829038336,0.18907912666660473,0.4715678904295617
1181029425705680897,0.252609141777302,0.04450281214490932,0.7028880460777887,0.15703922936068435,0.2437600729897332,0.5992006976495825
1180992771849814017,0.20864127420527448,0.08695502570610457,0.704403700088621,0.1585251479512793,0.14334748828960014,0.6981273637591205
1181031188668678145,0.3118995853848999,0.13924405305883222,0.5488563615562678,0.40145325195265885,0.10020655872043288,0.49834018932690827
1180982460628992001,0.30242710511827575,0.19212426573955765,0.5054486291421666,0.3477701932753236,0.14276180017466011,0.5094680065500163
1180981292742934529,0.34533582926908823,0.07518194455559572,0.5794822261753161,0.3319650788306805,0.10267786619851559,0.5653570549708039
1180989280697090049,0.3444893652705826,0.0748921744141054,0.580618460315312,0.1637001303012774,0.15909688772770286,0.6772029819710197
1181007690115219457,0.32195529167399417,0.08442333763134025,0.5936213706946656,0.2950910276799352,0.1881928053871966,0.5167161669328681
1181031426001567745,0.3375134688918489,0.11539833430596462,0.5470881968021865,0.30369190457071304,0.30857409691811993,0.3877339985111671
1180981446285721601,0.15194459504369656,0.0738788472999987,0.7741765576563047,0.2652921786198952,0.02562250375390129,0.7090853176262035
1181000390619103233,0.596668748380194,0.03826570686268736,0.3650655447571186,0.4824389080052062,0.12013141935839805,0.3974296726363957
1181008718010449921,0.29401128634292245,0.3186039146727357,0.38738479898434186,0.2171171484340514,0.06263660525592268,0.7202462463100259
1180984122606321665,0.7839911108734638,0.11665401284599658,0.09935487628053963,0.6937123908745333,0.08080183340612086,0.2254857757193458
1181001605669093377,0.31585744648483216,0.09679337142207822,0.5873491820930896,0.11971953928840708,0.5234396023052035,0.35684085840638946
1180990499949936641,0.34075932689955624,0.10662188495216776,0.552618788148276,0.38400181986470533,0.11922710344713952,0.4967710766881551
1180996385212301313,0.2418329883760286,0.5461004587230096,0.21206655290096177,0.5609422098001263,0.1029687531632557,0.33608903703661797
1180983556472307713,0.21584536918491803,0.12405087408810227,0.6601037567269796,0.20450333612754062,0.2331249266594786,0.5623717372129808
1181001150973280257,0.24166331524056617,0.08642320253432485,0.6719134822251089,0.18678124700927384,0.0857044501668513,0.7275143028238749
1180990928869523457,0.5421393255394779,0.06256131741071276,0.39529935704980934,0.46710654630666004,0.026473882885743562,0.5064195708075965
1181019710840045569,0.14130961960183797,0.3869066864351389,0.4717836939630231,0.3871335081963689,0.14263473217472752,0.4702317596289036
1181021341828022273,0.29071991521238405,0.05198031950872452,0.6572997652788914,0.2512588281643489,0.16394624155457518,0.584794930281076
1181000151608492033,0.1586555885216626,0.11970526184332662,0.7216391496350107,0.21133606964458956,0.15740904713861126,0.6312548832167992
1181005970194169857,0.4639157667244391,0.16267972844504008,0.3734045048305208,0.46728377889624867,0.057276180364188294,0.47544004073956303
1180986532298358785,0.32483117473966827,0.03877815378540981,0.6363906714749219,0.34673564909894616,0.10552618475918504,0.5477381661418688
1181003143202144257,0.34141971541927624,0.12448593679301063,0.5340943477877131,0.36735627814894356,0.12471844000381584,0.5079252818472406
1181000300635783169,0.391950490876244,0.2565324509251794,0.3515170581985766,0.5678710295237459,0.136549626905354,0.2955793435709001
1180982032100655105,0.19590103157573655,0.3210172425865975,0.48308172583766595,0.3927928992556158,0.2238482720044402,0.383358828739944
1180998538381754369,0.11281023932140341,0.09166231198320302,0.7955274486953936,0.14285179900264292,0.09449219903110909,0.762656001966248
1181024291616686081,0.4891866792249379,0.1335810536402619,0.3772322671348002,0.5358993360312877,0.07330719131466837,0.39079347265404396
1181003403379048449,0.38674905181965813,0.13254152871549787,0.480709419464844,0.2797014505669128,0.12072078278137095,0.5995777666517162
1181026321148772353,0.6701174811204301,0.025379024545434687,0.30450349433413515,0.41322190033112643,0.14593501775109166,0.4408430819177819
1181029219701948417,0.4863290549993845,0.08394939997256531,0.42972154502805016,0.11658008356943872,0.18990122261118872,0.6935186938193725
1180994006459875329,0.40638474523860774,0.22494364356309557,0.3686716111982967,0.11650124621470645,0.3016387442626772,0.5818600095226163
1181008069601361921,0.2638239820329112,0.16966764825417763,0.5665083697129112,0.5262389210733326,0.05452123218996872,0.4192398467366987
1181034838189244417,0.49491370857062705,0.16560411190702268,0.33948217952235027,0.4957262027047538,0.16584575248029745,0.3384280448149487
1181002057007988737,0.11219103545630754,0.19524036418986637,0.6925686003538261,0.19243240901293865,0.06488398527944858,0.7426836057076127
1181016935210516481,0.20661470921964137,0.369019884786602,0.4243654059937566,0.3830612439800375,0.04709366362682836,0.5698450923931342
1180985677338017793,0.4071091160310334,0.14343479005435733,0.4494560939146093,0.5246232546772465,0.09671462415725403,0.37866212116549947
1181008652320374785,0.3939405481576951,0.05705399790712845,0.5490054539351765,0.15030068756513074,0.17405754021230693,0.6756417722225623
1181020367185543169,0.14503839862196957,0.09558237575204727,0.7593792256259831,0.10998334349935598,0.030816140255298795,0.8592005162453452
1180993829396316161,0.19388573761523864,0.04386566604838604,0.7622485963363753,0.25883428615136256,0.1594908878473849,0.5816748260012525
1180999234990014465,0.6818200937543625,0.047546651077869324,0.27063325516776815,0.20428765587868492,0.15345068773174764,0.6422616563895674
1180981114581319681,0.21554123402637815,0.03641182375275565,0.7480469422208662,0.08835686356837531,0.31601315666150576,0.5956299797701189
1180979776468254721,0.45421954445682267,0.16682945220686907,0.37895100333630827,0.33412234721739126,0.31062269508968904,0.3552549576929197
1180998319600828417,0.30211435289969085,0.2624160369368604,0.43546961016344876,0.2835312198438723,0.17567172787892701,0.5407970522772008
1180999208114257921,0.5864721857995642,0.140607196475507,0.2729206177249288,0.4316750815445938,0.14812755406993003,0.42019736438547617
1181023421200596993,0.6727038774673094,0.06087807127671797,0.2664180512559726,0.4223582226122254,0.2869011631550871,0.2907406142326875
1181012725233942529,0.3513537842562624,0.17371842412067948,0.4749277916230581,0.3662255445398325,0.16191965532452932,0.4718548001356382
1181022853163909121,0.435003028872994,0.056654415221325284,0.5083425559056807,0.5085001807112594,0.11354444672334842,0.37795537256539224
1181001970733940737,0.17942114231999196,0.010441851188032451,0.8101370064919756,0.1568708003904363,0.2716603680550991,0.5714688315544646
1180996641676066817,0.4169506549455409,0.09735944205067242,0.48568990300378667,0.1489578579753827,0.22612219828128408,0.6249199437433333
1181005416612790273,0.24405427810435273,0.11358856722995105,0.6423571546656962,0.3672878030081577,0.04511698163448374,0.5875952153573585
1180980190284382209,0.20088642778975221,0.2621851353121144,0.5369284368981334,0.329298376460341,0.21864765917073103,0.452053964368928
1181006291219775489,0.32867307709218074,0.07601631522779927,0.59531060768002,0.5579618568863067,0.07448716010443361,0.3675509830092597
1180979981344210945,0.36484758854466925,0.2401524948453415,0.39499991660998923,0.5168569469624649,0.021579245239503556,0.4615638077980315
1181035126370205697,0.46516152487197027,0.08076207840969472,0.454076396718335,0.39767165812901956,0.0786183634489394,0.523709978422041
1180991272645558273,0.406950338784126,0.08667518883288469,0.5063744723829893,0.21341039884800234,0.4325089580656201,0.35408064308637754
1181029347500785665,0.21703531833374687,0.1064193601145059,0.6765453215517472,0.09688045547484395,0.4184085939648496,0.48471095056030644
1181033174607298561,0.6086952012781482,0.034273286130625635,0.3570315125912261,0.7698337341598561,0.03629568011200668,0.1938705857281372
1181028967334477825,0.7043862189192064,0.05245868332643074,0.24315509775436284,0.514659442582222,0.13026889719551485,0.3550716602222632
1180996796188524545,0.35017347548824485,0.13734305708447633,0.5124834674272788,0.3669506343065802,0.21583785776281889,0.4172115079306009
1180989214814502913,0.382602891091685,0.13335389941629824,0.48404320949201673,0.538094909531982,0.18398958824071684,0.2779155022273011
1181003772960702465,0.42669443493382014,0.2439765914706896,0.3293289735954903,0.4780466673134954,0.24173407286784745,0.28021925981865714
1181015782550503425,0.24044688119638555,0.2750817804728079,0.4844713383308066,0.24594707280260433,0.36451089684279875,0.3895420303545969
1181008643283714049,0.5279083991964443,0.15818020571460017,0.3139113950889555,0.516760841899051,0.10062123151411942,0.3826179265868296
1181025613730447361,0.2193064947428766,0.20248345407859536,0.578210051178528,0.15112259040710402,0.1998857328285114,0.6489916767643846
1181009188222304257,0.4911066263523068,0.08512533754540892,0.4237680361022843,0.17112323034511992,0.04021566549926109,0.788661104155619
1181035801461096449,0.1784945943100447,0.36372223397267833,0.457783171717277,0.33936465101532354,0.10973348727720822,0.5509018617074682
1181018252479299585,0.11232525415985073,0.17857558176687954,0.7090991640732698,0.2836700654580691,0.2504556275431152,0.4658743069988157
1181002982723026945,0.3077587644593551,0.16318064927005685,0.5290605862705879,0.10752553997342021,0.1708143257056974,0.7216601343208824
1181027983897624577,0.2860440122317092,0.25696266060523937,0.4569933271630514,0.2109896122604559,0.4177763780309834,0.3712340097085607
1180987628818202625,0.32000677845151254,0.0374200306861845,0.6425731908623029,0.1606062182095197,0.21703727301815992,0.6223565087723204
1180999684974772225,0.08624246021652654,0.14636135213180376,0.7673961876516697,0.19247379982315807,0.12955620391722641,0.6779699962596155
1181030283248304129,0.5234420264121508,0.15492130851004562,0.32163666507780364,0.39384954493529495,0.18048610915911528,0.42566434590558977
1181019990441033729,0.3220299337672654,0.07697008483006905,0.6009999814026655,0.07554221539375287,0.09926250400879501,0.8251952805974521
1181012084538015745,0.17636636163818112,0.032267297047327975,0.7913663413144909,0.04602442194569955,0.05945805962647987,0.8945175184278206
1181023274497605633,0.2387326325388625,0.4001750481673375,0.3610923192937999,0.4610992381730126,0.09706848510326169,0.4418322767237257
1180988760055087105,0.5285006127036501,0.06302967506963934,0.4084697122267106,0.2540938494977835,0.07300896273150836,0.6728971877707082
1180991443680067585,0.30317297990697,0.056447095733932924,0.6403799243590971,0.2124266148150907,0.2007541515465108,0.5868192336383985
1181022629608194049,0.2787460483723803,0.29797750216031454,0.42327644946730514,0.24927861801533113,0.23092652401626806,0.5197948579684009
1180997301159854081,0.43515544240242854,0.26069818009950074,0.3041463774980707,0.6206508372725332,0.11248095649924499,0.2668682062282218
1181024180596899841,0.18284350543998817,0.19577140182137576,0.6213850927386361,0.4080855959791911,0.10184180439547724,0.4900725996253317
1181026101849456641,0.6677086328778173,0.09976405566164769,0.23252731146053496,0.15360604087920482,0.7033870477359292,0.143006911384866
1180988702948950017,0.4709768571705635,0.0307155154172921,0.4983076274121444,0.3150524039793324,0.12775537104935816,0.5571922249713095
1181029408638009345,0.2003677986103421,0.22218209269889524,0.5774501086907626,0.3196097132394971,0.08970311999691408,0.5906871667635889
1180993345598652417,0.2345126547741213,0.08008089564393349,0.6854064495819452,0.21614136030812564,0.030174953466032245,0.7536836862258421
1180982763136188417,0.5318889614299767,0.1443674013553688,0.3237436372146546,0.3087296098724121,0.3394310336681594,0.35183935645942854
1180989173550415873,0.40626088207869315,0.21904277802905245,0.37469633989225437,0.3748790065639345,0.21076277274377525,0.4143582206922902
1181000123247886337,0.3434361449970002,0.30994208094597114,0.34662177405702865,0.4033840689617527,0.11088940042677685,0.4857265306114704
1181000228654350337,0.2925038052025353,0.28356252703390644,0.42393366776355823,0.18994022787759246,0.3808551660308576,0.42920460609155
1180984304735813633,0.21294487936470932,0.14681267835859332,0.6402424422766974,0.38341707931206687,0.09157925370736388,0.5250036669805693
1181033609267937281,0.4950990539109966,0.13114428500620143,0.3737566610828019,0.2886795690129656,0.3638232990254944,0.3474971319615401
1180996900272013313,0.27796482090373786,0.28918367634224046,0.43285150275402173,0.26832249662611585,0.22381956088158553,0.5078579424922987
1180986283317002241,0.2537973413848219,0.2719034616913166,0.47429919692386147,0.29287991728129903,0.11816016604424975,0.5889599166744512
1180994690711846913,0.45816112751413046,0.2161944021184505,0.32564447036741906,0.4028056580635914,0.2174579035190091,0.37973643841739946
1180993355086987265,0.3029891937146749,0.20933159850870187,0.4876792077766232,0.4639074495901912,0.20783328868720494,0.3282592617226039
1181004101698748417,0.5019128603852362,0.18875076367778504,0.3093363759369787,0.22955287798176222,0.3760610286425147,0.39438609337572306
1180989083500347393,0.385715860194663,0.12659219345192227,0.48769194635341473,0.2496162785077018,0.1588598659506646,0.5915238555416336
1181005685239971841,0.4999766063785529,0.04826420173541282,0.4517591918860343,0.39880562106421036,0.1345241975591269,0.4666701813766627
1180990736578314241,0.15979730692124813,0.45817834749465175,0.38202434558410014,0.4462598604856145,0.113826071034946,0.4399140684794395
1181000539613134849,0.21026383862381584,0.5152250124951756,0.27451114888100847,0.44104726730437976,0.16543366583872815,0.3935190668568921
1181030188780879873,0.4709059495922387,0.11703805185227972,0.4120559985554816,0.2071919732050066,0.28678795448571837,0.506020072309275
1180983998454202369,0.48368194796544434,0.031151366064621593,0.48516668596993406,0.3158535965985515,0.21330195228975524,0.47084445111169326
1181000260498063361,0.365209240405514,0.2775147229567089,0.3572760366377771,0.28917894243592124,0.15399925106722603,0.5568218064968528
1181033822142955521,0.3166736851236927,0.27056320569576625,0.41276310918054104,0.23403858190043708,0.15704263829513798,0.6089187798044249
1180999976319483905,0.2484475938698935,0.1493896924054015,0.602162713724705,0.22548144427996078,0.063788724716946,0.7107298310030932
1180982534513426433,0.06548824760599314,0.3340864681370192,0.6004252842569877,0.32361306636477855,0.059840724228626026,0.6165462094065954
1180982796948766721,0.2617653960251481,0.18003528883950592,0.5581993151353459,0.3744679630677792,0.17609639851173087,0.44943563842048995
1181028086593388545,0.5472860605572278,0.14119091885911947,0.31152302058365267,0.509515436603529,0.13623540741827764,0.3542491559781933
1181021796295737345,0.5796677292994094,0.1641442835568308,0.2561879871437598,0.5879641478705114,0.12016641082403777,0.2918694413054508
1180986893686177793,0.30416007674547607,0.16619692300524275,0.5296430002492811,0.4144478300318544,0.13005843177421234,0.45549373819393324
1180991768058757121,0.20996632886351063,0.38484933223624423,0.4051843389002451,0.46035124290733936,0.2120797515153545,0.32756900557730617
1181017876153630721,0.3462864488042254,0.11878820407391115,0.5349253471218635,0.3637415369716945,0.04786730943927094,0.5883911535890346
1180993730249162753,0.28327977234465324,0.4066176858735912,0.31010254178175556,0.35266685132109654,0.07178662093322083,0.5755465277456826
1180980776487616513,0.28276586934058606,0.051608794332942916,0.665625336326471,0.08827126438237781,0.039626358324407474,0.8721023772932147
1181029963094065153,0.22299990098290912,0.4300645201959102,0.34693557882118065,0.3736482320053515,0.08961790067429086,0.5367338673203577
1181007584288473089,0.3382010169845928,0.16372183145311237,0.4980771515622948,0.12835404132574824,0.1362370730821428,0.735408885592109
1181000612845158401,0.4962778044533449,0.058306223263864594,0.4454159722827905,0.1814303331649479,0.18847609357979223,0.6300935732552599
1181023402132340737,0.36903553053870186,0.21002575319328687,0.42093871626801127,0.5029508522701365,0.15980920159038903,0.3372399461394745
1181032455608336385,0.4344141355713716,0.10459080454240315,0.46099505988622524,0.24764355725490908,0.08717889217791609,0.6651775505671749
1180984932009574401,0.34229556097074576,0.22513287032977927,0.432571568699475,0.5970964478982902,0.06128841165130433,0.34161514045040553
1180983303102922753,0.22027585877656122,0.5274180717487374,0.25230606947470136,0.29224294869543327,0.14129019738177193,0.5664668539227948
1181005958193053697,0.5362565094303154,0.1358512167444226,0.327892273825262,0.3201052350384401,0.21968532906889487,0.46020943589266505
1180987250525274113,0.4800686123384427,0.15515749484449767,0.36477389281705963,0.2739799538553418,0.22057099350042025,0.5054490526442379
1181034638613479425,0.4506097421901064,0.13467407191678724,0.4147161858931063,0.49393872474079625,0.2027557060863734,0.30330556917283036
1181023430267797505,0.592225510551929,0.20895529542682786,0.19881919402124315,0.563969541800919,0.11682378446989984,0.3192066737291812
1181009529122226177,0.23861685406164196,0.3254285080181577,0.4359546379202004,0.5872663081781425,0.14810751627677907,0.2646261755450784
1180995098559545345,0.17939222185697967,0.20604212002046352,0.6145656581225568,0.1843755939613811,0.19043136322377727,0.6251930428148416
1181004817569087489,0.550294389915438,0.10568565109729225,0.3440199589872698,0.2929206859561034,0.3586022981887603,0.34847701585513624
1181035293981114369,0.4589488615699508,0.12884921452248127,0.41220192390756794,0.3377177898860417,0.1366094809611823,0.5256727291527761
1181033993013329921,0.534674037053067,0.18482396607122337,0.28050199687570954,0.5702087087501342,0.1610289982452049,0.2687622930046609
1180994419469352961,0.4465132384037388,0.3049534367063155,0.24853332488994573,0.6248841634516108,0.12755363549219162,0.24756220105619764
1180986342618660865,0.2918572066934895,0.16345361813747314,0.5446891751690373,0.27669624274337207,0.22128104758016806,0.5020227096764599
1180996954185859073,0.588662221861409,0.08282461842429126,0.32851315971429973,0.5197596915401668,0.1961008904038926,0.2841394180559407
1181004737167556609,0.44917764426449086,0.05854213747339571,0.49228021826211343,0.3314083472576366,0.16018831442895548,0.5084033383134079
1180993878728998913,0.4739701858575921,0.049447904806088724,0.47658190933631916,0.09512211257097265,0.29736176774537815,0.6075161196836492
1180993341404119041,0.2487163003917766,0.04660352031103444,0.704680179297189,0.25822197772318345,0.11085833210310815,0.6309196901737084
1181021594613776385,0.18441751911837778,0.09767725481331208,0.7179052260683101,0.2145391365604151,0.05717843259285923,0.7282824308467257
1181020691305824257,0.3921739661952529,0.11024683351344654,0.49757920029130054,0.24864267406381335,0.31365816809698044,0.4376991578392062
1180981908690370561,0.2566114646390503,0.1559386909088624,0.5874498444520873,0.18235620806075348,0.22398937941729008,0.5936544125219565
1181019407913877505,0.25566034620086736,0.3830433062702563,0.3612963475288764,0.5389721384446924,0.07223660956142537,0.3887912519938822
1180989565748641793,0.35459703608192633,0.1511817029939351,0.49422126092413854,0.2906337455500884,0.34043545890856136,0.3689307955413502
1181027152749559809,0.23538320279752223,0.4850430933262582,0.2795737038762196,0.5426353650334215,0.08823629768514886,0.3691283372814297
1181031113912844289,0.1342482307530844,0.05238507273962755,0.8133666965072881,0.23892538269674915,0.33898773990650793,0.4220868773967429
1181000368195076097,0.48911130120322494,0.13457627005397063,0.37631242874280446,0.29753702062301834,0.030033910952386438,0.6724290684245953
1180981519009251329,0.3342096229364328,0.20947995837478034,0.45631041868878686,0.2941821870823502,0.19927398260277118,0.5065438303148786
1181004633891799041,0.5345986410089762,0.11885060578081559,0.3465507532102081,0.29806423369933277,0.19838287236405244,0.5035528939366147
1181033935518498817,0.4995849101966204,0.1223243125053501,0.37809077729802953,0.46812414614181486,0.12587242363964454,0.4060034302185406
1181001957055168513,0.4703735548504897,0.2916949575656641,0.2379314875838462,0.43407281369389866,0.08623344170981859,0.4796937445962828
1180991754829922305,0.21860813385764072,0.2914749889333534,0.4899168772090059,0.3263149473089433,0.22804467143308782,0.4456403812579689
1181029148560293889,0.43223839459726593,0.1944129862008605,0.37334861920187357,0.523139425941768,0.13058540258409446,0.34627517147413756
1181033415812022273,0.3866633703449075,0.3284042434489214,0.2849323862061711,0.4696591942486259,0.12978162067143215,0.4005591850799419
1181011052076990465,0.18561106548544748,0.054750627431728816,0.7596383070828236,0.3102434938557607,0.08821505043949077,0.6015414557047485
1180990612648493057,0.3743671826085439,0.03731134529696334,0.5883214720944927,0.27218721514224264,0.024632646545839194,0.7031801383119182
1181031008862732289,0.6496749502846623,0.08008124164846697,0.27024380806687076,0.6908747100035622,0.11828011163510752,0.1908451783613303
1180981865069969409,0.5115460112314179,0.0802366685224281,0.4082173202461541,0.40090538516991864,0.1149167294300927,0.48417788539998863
1181009459240042497,0.07737028324831167,0.16105532992523788,0.7615743868264504,0.27856682908985914,0.09211105015492067,0.6293221207552202
1180999563533942785,0.21663436877909498,0.21075796682834652,0.5726076643925585,0.41331708727784283,0.11441148464856837,0.4722714280735888
1181023527190724609,0.19656082774347938,0.043031651174856494,0.7604075210816641,0.14055330505792224,0.12085897963768888,0.7385877153043889
1181025715620675585,0.18217936410158084,0.17602843992911535,0.6417921959693038,0.29554339148523945,0.01625874698498407,0.6881978615297765
1181002190193557505,0.05854821980751976,0.1269534074403247,0.8144983727521555,0.08635451856189466,0.029178366726453936,0.8844671147116514
1180980868374953985,0.45229609658973313,0.11364770080722819,0.4340562026030387,0.21387795186509503,0.14366004979245448,0.6424619983424504
1181030735716024321,0.15356434698878077,0.2453343633195879,0.6011012896916313,0.15993826778343334,0.35116812268659736,0.4888936095299693
1181000042105733121,0.33550150365117154,0.09054997956749254,0.5739485167813358,0.28559644633160625,0.15988379473321201,0.5545197589351818
1180983130427129857,0.5223715793711919,0.09561877635894969,0.3820096442698584,0.40333690336439243,0.3395952724392758,0.2570678241963318
1181025229336543233,0.5664241991356644,0.2248863618093818,0.20868943905495374,0.5708030762920682,0.14765695256295028,0.2815399711449815
1180987955685261313,0.416627929141033,0.16465501192860438,0.4187170589303626,0.4647984070710588,0.1886927502810294,0.3465088426479118
1180991863558930433,0.3757487745361052,0.202782662131482,0.4214685633324128,0.46802769758690216,0.12710214234555833,0.4048701600675395
1180983569378836481,0.1708502595819008,0.2718663896782322,0.557283350739867,0.409954664335477,0.2583881714616132,0.3316571642029098
1181033164927631361,0.40485431551283935,0.3000825627726421,0.29506312171451854,0.16115725028586464,0.46577061317213525,0.3730721365420001
1181025829995511809,0.12420322355740752,0.29923011714413555,0.576566659298457,0.11072826950994366,0.0723311792075412,0.8169405512825152
1181030400237961217,0.20515098157702275,0.05858030543731227,0.736268712985665,0.21078527570507422,0.23764882073951635,0.5515659035554095
1181006817832108033,0.3215551209546124,0.05235002434211547,0.6260948547032721,0.44182595734543517,0.20001138252467424,0.3581626601298906
1180992824505401345,0.18413055590888242,0.43220261367811996,0.38366683041299765,0.39584518498936894,0.05318226628675864,0.5509725487238724
1181030618505609217,0.4131731255129513,0.09592198894856482,0.4909048855384839,0.2020894631737157,0.5126384540611421,0.28527208276514227
1181034158590918657,0.6766797377020115,0.09100351621657556,0.23231674608141295,0.4902016645831046,0.16265177456942564,0.34714656084746975
1181007043931897857,0.45512123444621605,0.16767128849857657,0.3772074770552074,0.4262345437931606,0.1863633228272228,0.3874021333796166
1181035311694282753,0.3490420433655852,0.08353310591081103,0.5674248507236037,0.20611196484386848,0.2140409047452623,0.5798471304108692
1181027540981022721,0.16571374913517858,0.018263200184329094,0.8160230506804923,0.17077078616274202,0.11601901958312391,0.713210194254134
1180997857839742977,0.14599455517991108,0.16462614946019624,0.6893792953598927,0.3014350144403746,0.2566330327685104,0.44193195279111497
1181020725766520833,0.4370963960842795,0.223976396732835,0.3389272071828855,0.3857563404485163,0.31348166095831803,0.30076199859316566
1181008540298379265,0.3102226045782374,0.05835767226218682,0.6314197231595757,0.1416418450618452,0.3991926862848313,0.4591654686533235
1180980075392860161,0.27192390004614025,0.4062402098047548,0.32183589014910496,0.3591153967906537,0.22547306298446027,0.415411540224886
1180998271559434241,0.2347229434040275,0.20086947978521563,0.5644075768107568,0.1652980156828247,0.1449806400431311,0.6897213442740442
1181011285729738753,0.27199003691398954,0.21699358847007846,0.511016374615932,0.28807837975551265,0.12709571124614477,0.5848259089983425
1181019851993120769,0.11092222963297736,0.1433005371701933,0.7457772331968293,0.15264348532666797,0.13149177412921645,0.7158647405441156
1180983552245006337,0.2847109716081089,0.06528785857951347,0.6500011698123777,0.14550549223446824,0.20511394123039692,0.6493805665351349
1181011164255158273,0.20995418834118634,0.49367431041257614,0.29637150124623746,0.45332833782147924,0.2968670050370244,0.24980465714149636
1180981623123836929,0.32743051182611854,0.0413340148920733,0.6312354732818082,0.23428390988094888,0.16898619954196065,0.5967298905770905
1181001343169036289,0.30632780100775414,0.2571379763097442,0.43653422268250164,0.2746879329955299,0.29130575306487827,0.43400631393959177
1181001214115184641,0.26276872756338127,0.0849863698595641,0.6522449025770547,0.10449999037781703,0.1344352804967415,0.7610647291254414
1181008713620783105,0.3670878419918028,0.22880982811379094,0.4041023298944063,0.2325427703687038,0.08746375960886826,0.6799934700224279
1181018887819788289,0.30585063215297653,0.2098809985657782,0.4842683692812453,0.18021738160914327,0.06666639181182347,0.7531162265790332
1180998604780732417,0.3136306221489013,0.11047746768699114,0.5758919101641076,0.6561708195496555,0.11208724442183442,0.23174193602851012
1181030849542586369,0.06449493322089826,0.5383509205609579,0.3971541462181438,0.19907777748612676,0.0569469556835887,0.7439752668302846
1181004278636806145,0.21740457198908622,0.0484421837175262,0.7341532442933876,0.20646549674111364,0.0689127024479843,0.724621800810902
1181015656140734465,0.20795808815946878,0.05930957353659053,0.7327323383039407,0.2668461082715983,0.07512791508406778,0.6580259766443339
1180983036798205953,0.4111705320362082,0.0176631287692181,0.5711663391945737,0.4507617665410365,0.040785831320458286,0.5084524021385053
1181029862688620545,0.27679178831131757,0.3966781078896363,0.3265301037990461,0.4632230250379642,0.15279128120690433,0.3839856937551315
1180984105957949441,0.6276104055812397,0.09437249261538397,0.27801710180337635,0.3996121116927969,0.1714025012692118,0.4289853870379913
1181002844148793345,0.19513924422682263,0.15720041713121705,0.6476603386419604,0.40350380037896416,0.08394196030741051,0.5125542393136253
1180999716173938689,0.15041346765007935,0.019996865658656274,0.8295896666912643,0.20464195044151884,0.3931420984596185,0.40221595109886266
1181028426494509057,0.4340770718064313,0.2767104043538511,0.28921252383971763,0.47541263381760257,0.06085501577465177,0.46373235040774563
1180994137837568001,0.4868645139459363,0.022631460996662075,0.49050402505740165,0.48101472467938133,0.21658445903107695,0.30240081628954174
1181024287487066113,0.43804137675833726,0.10052850315108582,0.46143012009057693,0.35163753321681795,0.06511720570150363,0.5832452610816784
1180986253634797569,0.12461776813584144,0.2572370997975439,0.6181451320666147,0.27761594998546163,0.22025755141872824,0.50212649859581
1180985844982874113,0.4336531232323405,0.12746250466499687,0.4388843721026626,0.5723269090859887,0.08503727343798137,0.3426358174760299
1181013231776628737,0.22355635507982954,0.18755715016501504,0.5888864947551554,0.4106216907284452,0.024411785757604432,0.5649665235139504
1181003283420872705,0.4333013753067928,0.17870350240129987,0.38799512229190736,0.6838117060086889,0.06110631929360222,0.2550819746977089
1181014657452965889,0.33734002833662974,0.1116046134006794,0.5510553582626909,0.20320120626251872,0.2973005734228693,0.499498220314612
1181023828274348033,0.3590520664781835,0.03889749934162953,0.602050434180187,0.20185747223285552,0.15324029335439612,0.6449022344127484
1181034247348813825,0.20609953562556227,0.16156997046266974,0.632330493911768,0.17088926537812468,0.3992061664630237,0.4299045681588516
1180982993402134529,0.26096959461393393,0.12707241128152458,0.6119579941045414,0.2441374565250496,0.35264154246491447,0.4032210010100359
1181027867425210369,0.1937101217583389,0.017180639657911386,0.7891092385837497,0.26454238888343345,0.1323038718959223,0.6031537392206443
1180983796191625217,0.38178148297355075,0.2236272604729483,0.3945912565535009,0.3642375057530918,0.06166570102204975,0.5740967932248584
1180997025713717249,0.19913252383149685,0.05454792676070033,0.7463195494078028,0.1232755346507911,0.20599034682573952,0.6707341185234694
1180987964460040193,0.150335176279674,0.20492388173692055,0.6447409419834055,0.18634455058582253,0.04892349580133168,0.7647319536128458
1181010542174732289,0.1960275672343029,0.06257610166204006,0.7413963311036571,0.25654594597856656,0.13067054007114856,0.6127835139502849
1181006175102664705,0.30167488868340653,0.4909414553291377,0.20738365598745578,0.5273135127985168,0.048821941732839,0.42386454546864416
1180980548770004993,0.31230166852371344,0.161789589064769,0.5259087424115176,0.23787821798861936,0.13072763610499588,0.6313941459063848
1181028375419617281,0.4286384513991957,0.11759264015284794,0.45376890844795637,0.18866054702563312,0.4839519688112231,0.3273874841631438
1180986017207058433,0.41002668446393187,0.05140179069366719,0.538571524842401,0.12111636369715834,0.32038951927232,0.5584941170305217
1181034020921212929,0.2497436233291324,0.13528296876567603,0.6149734079051916,0.4022455292579431,0.08521221326043776,0.5125422574816192
1181006461542236161,0.09906253852505395,0.08483927328021793,0.8160981881947281,0.26195616162357066,0.04911066183627561,0.6889331765401537
1181007022799552513,0.35447600899645365,0.2091904617956259,0.43633352920792046,0.2907682841149357,0.18827339596621753,0.5209583199188468
1181027858521817089,0.24824851736129766,0.09184141184747453,0.6599100707912278,0.3359466976417228,0.12954786111096522,0.534505441247312
1181024176852664321,0.275678450248732,0.25367030123619966,0.47065124851506834,0.7044692820790731,0.08937172848721756,0.20615898943370936
1180987931260092417,0.23142292639012324,0.057163481303992784,0.711413592305884,0.08961258125518946,0.19058444606763805,0.7198029726771724
1180998205225271297,0.2841473076293342,0.45206097680541335,0.2637917155652524,0.30981276716294254,0.379222282121214,0.3109649507158434
1180979772565159937,0.6150753093546868,0.17027657436680577,0.21464811627850744,0.5024873451047542,0.10233550388544792,0.3951771510097979
1181032098350956545,0.45227972479617223,0.03585178080386531,0.5118684943999625,0.2734717851482166,0.08187748823777269,0.6446507266140107
1180988408379473921,0.598159220086168,0.05581522367194023,0.3460255562418918,0.14828281584608427,0.4599124987207695,0.39180468543314617
1181031456072630273,0.18861469064833875,0.08664941473875339,0.7247358946129079,0.08811492095100129,0.41506442437847024,0.4968206546705285
1181001601087176705,0.20551729234788135,0.15742565480166698,0.6370570528504517,0.12961602256975963,0.06626386413453553,0.8041201132957049
1180996246928130049,0.421591462621084,0.41264191474290796,0.16576662263600805,0.2646568263454187,0.5878354384108354,0.14750773524374594
1181029848557322241,0.44133482102845556,0.1844985178764759,0.3741666610950686,0.2983447291307977,0.15144143687141276,0.5502138339977896
1180999230763532289,0.2293887880083968,0.14158178270606897,0.6290294292855343,0.6665155575404444,0.04875763650458535,0.28472680595497024
1181018954153033729,0.35280435475718486,0.1998093941153649,0.44738625112745023,0.6240990214345944,0.04689833380786278,0.3290026447575428
1180983438224719873,0.25760187246298155,0.255438964025033,0.4869591635119854,0.2983943408690873,0.1304344467302536,0.5711712124006592
1180993779353747457,0.35005019164127055,0.5358332792595624,0.11411652909916714,0.7326841168343983,0.040621859699512694,0.22669402346608902
1180989149643407361,0.23367385976341173,0.22804724308992905,0.5382788971466592,0.19893206778697126,0.3821333959831487,0.4189345362298801
1181016925564305409,0.2934401258967064,0.35446122551646697,0.3520986485868266,0.22695279073449467,0.2004776555811378,0.5725695536843676
1181025100701564929,0.41357553687313503,0.029133990306605472,0.5572904728202595,0.5029577261241677,0.11843209909490773,0.3786101747809246
1181023247881404417,0.4639415784321321,0.1631728731532007,0.37288554841466726,0.36702091480782634,0.07432822177179416,0.5586508634203795
1181009278593531905,0.1864587087388326,0.10882176777664816,0.7047195234845192,0.10143681723187647,0.46437805999918746,0.43418512276893606
1181018243541925889,0.22800125011093622,0.3325596236141485,0.4394391262749153,0.20241191985405171,0.1608547727943182,0.6367333073516301
1181029365274935297,0.4169146457782415,0.058545010083154506,0.5245403441386041,0.5021738307844719,0.10596528090174695,0.3918608883137812
1181011252240809985,0.10149695015328664,0.3999484266308576,0.49855462321585575,0.3134274535799595,0.1532365148010661,0.5333360316189744
1181032464640245761,0.16598335644943704,0.02328902456795225,0.8107276189826107,0.09183070812392005,0.15108730924273064,0.7570819826333492
1181003121747099649,0.11361358954738537,0.23923371461699935,0.6471526958356153,0.44442991841408147,0.11157540683436133,0.4439946747515572
1181022114966339585,0.20951679354234412,0.11913251435984348,0.6713506920978124,0.12215136534374142,0.21337481144314943,0.6644738232131091
1181003398185582593,0.3890748081184721,0.028474762748079994,0.5824504291334479,0.38379431912233114,0.13260293924089267,0.4836027416367762
1181024338496684033,0.5199814114187645,0.05096220835032517,0.4290563802309103,0.38372700919358027,0.04676748324824972,0.5695055075581701
1181033588650147841,0.4024317187710215,0.11777900751335528,0.4797892737156232,0.42970280042225467,0.03218903198084428,0.538108167596901
1181019915521753089,0.48141799619926745,0.1425531326659261,0.37602887113480643,0.469796922003248,0.12152055417924675,0.40868252381750525
1180994319420424193,0.24903214088673759,0.10648958450077367,0.6444782746124887,0.2828043576135778,0.059021642892556944,0.6581739994938652
1181002978367635457,0.15589040290340248,0.17884490367059255,0.6652646934260049,0.11288515375614486,0.05138338741182225,0.8357314588320329
1180999095418847233,0.6291890479417896,0.21651627107788532,0.15429468098032506,0.5970976173069921,0.16772575984987462,0.23517662284313334
1180986338553331713,0.30517277590206154,0.13961420095065724,0.5552130231472812,0.27333871592512204,0.35060980857243373,0.3760514755024442
1180990495529795585,0.5058265799433208,0.07229389117506749,0.42187952888161173,0.4130433017213814,0.10398592296761887,0.48297077531099974
1181007040513343489,0.40831900399889126,0.20243721246775453,0.3892437835333542,0.20820471164858473,0.21465785771283752,0.5771374306385777
1181000535774658561,0.21776534433339698,0.27676728773164977,0.5054673679349533,0.4485957197025831,0.17063566307973826,0.38076861721767863
1181005461588541441,0.2833212899614892,0.09537971233721318,0.6212989977012977,0.29922850771457055,0.05355434990246014,0.6472171423829693
1181002582232530945,0.17623543075830214,0.08767553556623378,0.7360890336754641,0.10558257639639086,0.20260652291026673,0.6918109006933424
1180982577363124225,0.3079920977430254,0.09890474263558874,0.5931031596213858,0.3718879318267042,0.0726689943762969,0.5554430737969989
1181032368494280705,0.51843470623415,0.06655070439329633,0.41501458937255364,0.5887380354691942,0.20455665856266256,0.20670530596814318
1180983984360259585,0.23481144234133056,0.3663839963643749,0.39880456129429454,0.37422276837893553,0.04465411083853685,0.5811231207825276
1180994218433380353,0.45749966715442586,0.13235407670454588,0.4101462561410283,0.42596493319288503,0.05580893470879037,0.5182261320983246
1181008243793428481,0.17245435082474245,0.20180156741320263,0.625744081762055,0.30968030877291325,0.42869855988142014,0.26162113134566656
1181023854765408257,0.3268573155710334,0.3654658034628022,0.3076768809661643,0.5212337686834287,0.04425017101868095,0.43451606029789025
1181007399935016961,0.11965118800919548,0.19443468050524199,0.6859141314855626,0.224514976185678,0.37130161997387745,0.4041834038404445
1180994001588060161,0.11533485796554101,0.1491318299989158,0.7355333120355432,0.3304448630174247,0.12528063070217738,0.544274506280398
1181007492658626561,0.34802533084489023,0.21040313145577486,0.4415715376993349,0.4115617685339416,0.21294326891985987,0.3754949625461985
1180982028133990401,0.22681166510587944,0.5700576936929114,0.20313064120120927,0.30669577314722635,0.021701322606131355,0.6716029042466423
1181032006365184001,0.3925548191994622,0.08436021253854219,0.5230849682619956,0.2593293070706234,0.23040253916614303,0.5102681537632336
1181018456678400001,0.23044448699693007,0.054579133885518084,0.7149763791175519,0.2058537459192143,0.15052375066578455,0.6436225034150012
1180984574009835521,0.40441917442891073,0.01662307839343417,0.578957747177655,0.4686242404053619,0.14729786381663112,0.384077895778007
1181030180359700481,0.17170943461246416,0.033960213627206165,0.7943303517603297,0.18628908190404314,0.33093283638070903,0.48277808171524783
1181034953372827649,0.6523044323124919,0.10108098682880898,0.24661458085869914,0.38496009585149976,0.13434850342402874,0.4806914007244715
1180990606194311169,0.21668255809100204,0.15998377288523477,0.6233336690237632,0.5079713437628375,0.011686207919119965,0.4803424483180425
1181019705774276609,0.395705236676845,0.08765208480330121,0.5166426785198538,0.27419581266789705,0.10089963324699976,0.6249045540851033
1181017196514836481,0.4680480866280455,0.05257959853848179,0.47937231483347276,0.37069611876327746,0.06271333036465086,0.5665905508720717
1181024753315151873,0.3785875306763593,0.03699182258321189,0.5844206467404288,0.3614402903477627,0.024742362650990134,0.6138173470012471
1181020807233110017,0.1518879769953936,0.08950465369445262,0.7586073693101538,0.16568170434981194,0.036843272481005315,0.7974750231691827
1181014648419254273,0.10694483204237253,0.2100947673510687,0.6829604006065588,0.1699241122896212,0.10076580194265834,0.7293100857677204
1180981861036687361,0.24517160794780612,0.1396868190995621,0.6151415729526317,0.693484927393616,0.040940442939840095,0.2655746296665439
1181005120333283329,0.3981612509711012,0.05603669393735786,0.5458020550915409,0.4078685911542302,0.20622069993798084,0.385910708907789
1180996914305925121,0.3642851881038413,0.09401029158352539,0.5417045203126333,0.3298587820682313,0.024107996644167035,0.6460332212876017
1180990981362352129,0.32455398811899566,0.1691587085272533,0.506287303353751,0.16624950486986434,0.3484031599442665,0.48534733518586914
1181000147349667841,0.2055907587753831,0.12762578805351274,0.6667834531711041,0.1340790215685123,0.12083235771583238,0.7450886207156553
1181031700793655297,0.35381250686704113,0.2507026467901917,0.39548484634276715,0.39176492481886765,0.06545428186476905,0.5427807933163633
1180986279058735105,0.2446223250370555,0.2920926705090088,0.4632850044539357,0.13507449079384293,0.2744177957527122,0.5905077134534449
1180991763960987649,0.3501203283052312,0.08749302281684024,0.5623866488779286,0.18765740696591235,0.3840046005024966,0.4283379925315911
1181027186852724737,0.310372738276318,0.1027686905027495,0.5868585712209324,0.0930249922533891,0.17491770900200088,0.73205729874461
1180998533768118273,0.2480149798189559,0.20539112022559372,0.5465938999554504,0.20146650595142068,0.05391620025505411,0.7446172937935251
1181009435783692289,0.36159606595355975,0.03312299505413497,0.6052809389923053,0.2979037959027059,0.07893227293925097,0.6231639311580431
1181030485444591617,0.10230182471102851,0.6752422039461294,0.222455971342842,0.3372494639891965,0.019653605888909572,0.643096930121894
1180981368819843073,0.33166215294495877,0.07066969537599954,0.5976681516790416,0.11066864495020302,0.401253959318138,0.488077395731659
1181026060746620929,0.5268211572299343,0.11375700137767272,0.35942184139239297,0.5793325108016868,0.12065169226636514,0.300015796931948
1180986604699222017,0.39096575590124805,0.2334995548811314,0.37553468921762057,0.45015415381920243,0.23531736530511652,0.3145284808756811
1181000607457542145,0.16864435797455576,0.0929006949132223,0.7384549471122219,0.17983984143494547,0.19114146142647603,0.6290186971385785
1180992820019429377,0.17300059098757695,0.2613740270223046,0.5656253819901185,0.32214910441831257,0.17430621925038672,0.5035446763313007
1181005178344669185,0.27221070279999565,0.22671507485267386,0.5010742223473306,0.4813778784689702,0.10519135660793369,0.41343076492309616
1181024507627929601,0.2950736061021002,0.28087640971416006,0.42404998418373974,0.4423475092924333,0.19382160562163905,0.36383088508592765
1181031109557387265,0.1782158982317407,0.20289329418518828,0.618890807583071,0.12634268759020592,0.06166661330626181,0.8119906991035323
1181034734148517889,0.28305650078988187,0.12314964377990575,0.5937938554302123,0.1329082845905034,0.16119608580707162,0.705895629602425
1181012340295008257,0.5874440156098104,0.1014028901596927,0.31115309423049686,0.6358971325450172,0.044049959842932036,0.32005290761205074
1180981785507987457,0.22201050794660437,0.4631236381789977,0.3148658538743979,0.4677326288148838,0.1897224141454741,0.34254495703964205
1180997853419831297,0.2799337116141249,0.2492278905083918,0.4708383978774833,0.45003917043198916,0.1537876056247731,0.39617322394323773
1181001329651089409,0.6047884946763605,0.08155649349800304,0.3136550118256364,0.37342595355957103,0.19947642257251214,0.42709762386791683
1180985599710953473,0.5397652297918923,0.051417603870983646,0.40881716633712406,0.30736459560451096,0.14647553697462126,0.5461598674208679
1180998201384992769,0.51603451235159,0.18052272772874106,0.30344275991966885,0.11633368037968804,0.47473646784246615,0.4089298517778458
1181029180435988481,0.23445098042388243,0.350803776597016,0.41474524297910154,0.42425482318166485,0.040687802986402295,0.5350573738319329
1181008742592512001,0.32225637424152537,0.2720823875521368,0.4056612382063378,0.6677211825382825,0.07251681805838385,0.25976199940333367
1180990800556982273,0.16436908262019806,0.16921339238705352,0.6664175249927484,0.1528631727059718,0.18967307339883374,0.6574637538951944
1181024279744741377,0.3600039819875336,0.06761692604539592,0.5723790919670705,0.414423168172598,0.10526637073930172,0.48031046108810027
1181028153670860801,0.330825659789365,0.04719925710625321,0.6219750831043818,0.16778729749968146,0.2066881347807305,0.625524567719588
1180979977215115265,0.2683125826121094,0.012118288457705859,0.7195691289301848,0.28342092924505413,0.25448750247107343,0.46209156828387243
1180979742236770305,0.49587786713320525,0.05497112540770702,0.44915100745908776,0.34196590298830176,0.11293066718108465,0.5451034298306137
1181005966355333121,0.47132808581804664,0.12034579561300472,0.4083261185689486,0.5043010925515597,0.07471204079620748,0.4209868666522327
1181030582464741377,0.5678414371331147,0.05463026976746148,0.3775282930994238,0.6293802631705873,0.020022621836141324,0.3505971149932714
1180981237507489793,0.28986216994730246,0.2604051192365487,0.44973271081614885,0.2937077226269829,0.04905964562768166,0.6572326317453354
1180997791278465025,0.3735565168095947,0.11851883114987193,0.5079246520405334,0.2913730610308565,0.16092955401514725,0.5476973849539963
1181019323608137729,0.3031701244143391,0.21844333657085346,0.47838653901480743,0.35684539315414193,0.10324716745782302,0.539907439388035
1181018078319181825,0.340546542912247,0.07256177689298615,0.5868916801947668,0.20151516416974974,0.21800974840698667,0.5804750874232636
1181019306314661889,0.2698611075227909,0.282074995845075,0.4480638966321341,0.3790450551787239,0.1350961788263897,0.4858587659948864
1181025370588086273,0.15682569273207447,0.10348684691512422,0.7396874603528013,0.36966483590148336,0.27950247688791074,0.3508326872106059
1181035110625935361,0.6387148311949487,0.017280809600026814,0.3440043592050246,0.4150766726739227,0.259056349172052,0.3258669781540253
1180988755731611649,0.34395739953355864,0.15754039651152743,0.49850220395491396,0.5602990999823898,0.03172364231965825,0.4079772576979519
1181000072690204673,0.3612423526422509,0.1527946858126977,0.48596296154505136,0.38650142997195086,0.05128443014817013,0.562214139879879
1180989276083060737,0.2638822727565392,0.19617430918962056,0.5399434180538403,0.4014024081033142,0.1355259608630478,0.463071631033638
1181035036515762177,0.4596416316303896,0.1975847796209471,0.34277358874866326,0.12838023936448878,0.5049417024391678,0.36667805819634336
1181035345926651905,0.362085630330157,0.2766662836833595,0.3612480859864835,0.36831269343867074,0.20321510296941198,0.4284722035919173
1181032986930053121,0.315216757720017,0.1070462272606611,0.577737015019322,0.41007598760710484,0.1298780331504712,0.46004597924242396
1180992246014083073,0.5597540803906411,0.023234746597295436,0.4170111730120635,0.5637067011743141,0.0820323267839334,0.35426097204175255
1180984507225505793,0.1440922959034172,0.12714772432556487,0.7287599797710179,0.2754693872810299,0.0734796094581618,0.6510510032608083
1181025481997254657,0.3793305277906646,0.060915217183712865,0.5597542550256225,0.19532296977782684,0.17788879676467587,0.6267882334574972
1180988485553717249,0.5167626844113052,0.08194024327517532,0.4012970723135194,0.3560280034144096,0.2078588803608989,0.4361131162246915
1181027420150693889,0.4629842312863612,0.05887272918870386,0.478143039524935,0.23652376922589735,0.111038528825554,0.6524377019485487
1180980185962053633,0.21233773621638494,0.2903706370775132,0.49729162670610183,0.28804007774052554,0.17209660439269256,0.5398633178667819
1181019861576417281,0.17284335252901867,0.025086702346031952,0.8020699451249493,0.1707693854370861,0.15217555863245544,0.6770550559304584
1181012060212002817,0.30247616010319084,0.09409203252459238,0.6034318073722168,0.16490936877614168,0.06818574155601916,0.7669048896678392
1180990732414779393,0.5358548780433179,0.11296830977201695,0.3511768121846651,0.30041025108472,0.3559575594834367,0.34363218943184326
1181031219288178689,0.336560702920471,0.4425737507343788,0.2208655463451502,0.17234800995418934,0.4518175358727311,0.3758344541730796
1180998315180359681,0.20386383214224316,0.3456064456879252,0.45052972216983167,0.4088141384452216,0.08674366801938606,0.5044421935353924
1180988451290120193,0.10681470359412208,0.3818180517107275,0.5113672446951504,0.5967977090682323,0.025966346416452752,0.37723594451531495
1180979768311054337,0.684366823145597,0.08282096475042663,0.2328122121039763,0.22529737599817015,0.40407646985834006,0.37062615414348976
1180984862224384001,0.34192492436305755,0.17131683360164854,0.48675824203529394,0.3104157774413199,0.04191199063490717,0.6476722319237729
1180995807655067649,0.37297789513135376,0.12218906318901519,0.5048330416796311,0.22325901140237644,0.16444231725108024,0.6122986713465433
1181026316920815617,0.573119303155042,0.0904912763895578,0.3363894204554002,0.6271300152245335,0.15286307567397664,0.2200069091014899
1181004274021629953,0.19154126388729759,0.1388658474531108,0.6695928886595917,0.19367443050625,0.1185475088639224,0.6877780606298276
1180990925127221249,0.3999515105736854,0.12122844781504805,0.47882004161126657,0.44265699921521307,0.11809499949583169,0.43924800128895525
1181035595584143361,0.33803688352932326,0.059186830231202046,0.6027762862394748,0.3258082109579776,0.41559709500582304,0.2585946940361994
1180993407674286081,0.2028061764789391,0.0446502153914777,0.7525436081295832,0.3932810715465635,0.014959132475889876,0.5917597959775467
1180986216952659969,0.20852167905760485,0.12334793998058877,0.6681303809618064,0.2229385418270432,0.07788224905274109,0.6991792091202157
1181025600631046145,0.5657310304190046,0.2272092353103985,0.20705973427059687,0.24893149538402076,0.1003478660184039,0.6507206385975753
1180984101829246977,0.5999218298991716,0.08217330851835286,0.31790486158247544,0.6101149605118028,0.17381591888933295,0.21606912059886418
1180981514813898753,0.2092103363324404,0.538263942785217,0.2525257208823426,0.2249045906455566,0.4421659362586541,0.33292947309578935
1180981830031278081,0.39758190685433636,0.11790805791728944,0.4845100352283742,0.3120739831725297,0.04687543501390678,0.6410505818135634
1181024787063373825,0.2952907977634106,0.1653137962318633,0.5393954060047261,0.3058884091712006,0.09090154911469835,0.6032100417141011
1180990228642496513,0.6697534581645058,0.1483136372433581,0.18193290459213607,0.3894155942858432,0.3352929756055049,0.27529143010865187
1180985673306865665,0.6286248951440632,0.053714637119320834,0.31766046773661605,0.2054693886475229,0.4426328385943248,0.35189777275815226
1180981009399971841,0.15308761203321533,0.09911958804486416,0.7477927999219205,0.14949146000426777,0.05026035157854077,0.8002481884171915
1181021554994642945,0.39981507791936255,0.07583687239038428,0.5243480496902532,0.7065537046852022,0.0753189123002195,0.21812738301457835
1181009153085734913,0.39671867102520847,0.027093182864038924,0.5761881461107525,0.29910687319363594,0.07777457970635654,0.6231185471000076
1180981618768609281,0.5310825777808971,0.037430531902377516,0.4314868903167254,0.15409857121000423,0.2775939045827443,0.5683075242072515
1180982456564056065,0.2981662332156683,0.19037444675888082,0.5114593200254509,0.4181082869754319,0.06471531063167321,0.5171764023928949
1181018883432022017,0.31052461604923454,0.10064393034095374,0.5888314536098117,0.23324599906727214,0.09763825766353837,0.6691157432691894
1181035513117540353,0.4134161379873037,0.04005979462718037,0.5465240673855158,0.17006423588649902,0.38166646829079826,0.4482692958227027
1181024990423908353,0.36718588894820603,0.04957225761835977,0.5832418534334343,0.21122000599880011,0.18585393590108715,0.6029260581001128
1180999089319182337,0.48997941190220173,0.14143386190599602,0.3685867261918022,0.33878038512481673,0.1367853648498017,0.5244342500253816
1181022508682444801,0.3212893038780364,0.07358681297889495,0.6051238831430686,0.19330325039878204,0.23520750649885538,0.5714892431023626
1181003278941683713,0.587001632487798,0.2096765865699486,0.2033217809422534,0.45502052757215866,0.038481709609533774,0.5064977628183076
1181022127356641281,0.12052773602747771,0.11864700947060688,0.7608252545019154,0.21582886494515913,0.02244007537360947,0.7617310596812314
1180984927977537537,0.4451602735266656,0.08821578040874276,0.4666239460645917,0.6161692802868383,0.0495649872667766,0.33426573244638513
1181004034653192193,0.5191318004635469,0.03007313214184127,0.45079506739461184,0.6225198874057724,0.03696483933342947,0.3405152732607982
1180983031699275777,0.7278549471564224,0.03523902556527778,0.2369060272782998,0.5456440889648073,0.043936452248096405,0.4104194587870963
1181007686337757185,0.3823398621781518,0.06064753883969896,0.5570125989821493,0.5982470868613786,0.03530990718568158,0.36644300595293977
1180987927065952257,0.08642081360470513,0.304597942602623,0.6089812437926718,0.29208043609617484,0.16876862854004837,0.5391509353637768
1181015169248788481,0.1485385353148937,0.04990450014927215,0.8015569645358341,0.11745726399940397,0.11817867355047174,0.7643640624501243
1180999558533152769,0.17988389838180513,0.16907888991763143,0.6510372117005634,0.2918794180010265,0.0317240681085007,0.6763965138904728
1181028849569529857,0.3833285238549049,0.027816979165083258,0.5888544969800118,0.34898529231376446,0.18679589919509607,0.4642188084911395
1181028082721882113,0.19637752262350014,0.3274330527483966,0.4761894246281032,0.35097103857190864,0.08047730887794509,0.5685516525501463
1181000118569730049,0.36864437973768566,0.10840120818289742,0.522954412079417,0.4281547697723413,0.13046713724360307,0.4413780929840556
1180991695432122369,0.31194569969357405,0.08066447657110312,0.6073898237353228,0.3135724041589196,0.0721193983616541,0.6143081974794262
1180994251504812033,0.22908919334075378,0.055828947668697664,0.7150818589905485,0.47894367917946995,0.13596232858352267,0.38509399223700735
1181011036554395649,0.28070618797373953,0.06700249487578847,0.6522913171504721,0.2720256410720291,0.26747126328536175,0.46050309564260916
1180985655883530241,0.2824794488114656,0.08759942759628069,0.6299211235922537,0.3323812429894988,0.1565030301529629,0.5111157268575384
1181029144398168065,0.4372148888059173,0.08275325486425911,0.4800318563298236,0.37573696716777255,0.16738954337549247,0.456873489456735
1180995600650502145,0.5099264819533722,0.04093742261643489,0.44913609543019295,0.25173256149728274,0.23967913939907934,0.5085882991036379
1180996809321119745,0.26282956415704806,0.15525381343443825,0.5819166224085137,0.23173457716001497,0.20564159241650684,0.5626238304234782
1181000364162351105,0.2817912621652487,0.27917883393027293,0.4390299039044784,0.27358645450068747,0.07359166851217677,0.6528218769871358
1181004097344208897,0.16028743035085385,0.3049351443236465,0.5347774253254997,0.385721008923895,0.14605518452990768,0.46822380654619733
1181000385973125121,0.5016994600127521,0.07807703124534189,0.42022350874190595,0.337461758271546,0.08107178334261363,0.5814664583858404
1181025567205359617,0.21631332642309342,0.09270818240499733,0.6909784911719092,0.12808147445242754,0.22338702938906893,0.6485314961585036
1180989078789390337,0.3021099500889618,0.08464394568546593,0.6132461042255722,0.1220687992895605,0.15559014170152283,0.7223410590089167
1181010568825438209,0.460851691229264,0.03316288298509666,0.5059854257856393,0.39395762972545983,0.26226519811929433,0.34377717215524584
1180985106107203585,0.19199025946681245,0.12664035676776683,0.6813693837654207,0.2685651002548335,0.08571543047518679,0.6457194692699797
1181003138879455233,0.2725183108732159,0.04270960809377161,0.6847720810330125,0.3494683240463107,0.057096583127209624,0.5934350928264798
1180993874403885057,0.17353313866985956,0.08541257645577197,0.7410542848743684,0.35510550037554506,0.08599377486232167,0.5589007247621333
1181030468216881153,0.26865561199338184,0.1279398323070153,0.6034045556996028,0.4636205561589967,0.08978136928780293,0.44659807455320033
1181012982764273665,0.059543075364497135,0.527956810571965,0.4125001140635379,0.42067605545337133,0.17225874869798327,0.4070651958486454
1180999971510091777,0.23596033123946994,0.08100913597887024,0.6830305327816598,0.18880738476865475,0.18381200733805023,0.6273806078932951
1180987784362754049,0.2451088797806249,0.22228508645111206,0.532606033768263,0.3448159184026164,0.039637282677560774,0.6155467989198229
1181001965991624705,0.2286587242058177,0.09744053908136109,0.6739007367128211,0.23970949958155807,0.09103766904386762,0.6692528313745743
1180999299034251265,0.3164372908508824,0.34900031584150076,0.33456239330761683,0.6717513452392005,0.029826091495104567,0.29842256326569494
1181027415699193857,0.12588040871675535,0.23822123855893748,0.6358983527243072,0.36975593501478177,0.14163549906288672,0.4886085659223315
1181025187330064385,0.41501221068488003,0.02848247713591226,0.5565053121792077,0.15941489363619965,0.41312134533179956,0.4274637610320008
1180995803202682881,0.1668449262083451,0.3198733348619488,0.5132817389297061,0.1600933411557255,0.2693250416420586,0.5705816172022159
1181005724505538561,0.17320826802553302,0.2795309935458607,0.5472607384286063,0.161354718236789,0.02365991042480266,0.8149853713384083
1180988668296855553,0.25517483247240397,0.21253114830517064,0.5322940192224254,0.3678359035932729,0.06031933772428491,0.5718447586824422
1181006337647542273,0.08123804785856212,0.14329502060797797,0.7754669315334599,0.12386133472212169,0.06420616935509632,0.811932495922782
1180993726216044545,0.16912404242794635,0.4616503074046899,0.36922565016736375,0.3004279371943618,0.026350168157722644,0.6732218946479156
1180997297222025217,0.3709763075324058,0.11218249141598245,0.5168412010516117,0.4431516920128577,0.08631136377951792,0.4705369442076244
1181014877525442561,0.3220796486124767,0.07946500305741122,0.598455348330112,0.21799640044377971,0.061024573830104005,0.7209790257261163
1181001820384067585,0.3801355942608296,0.028286501845950513,0.5915779038932198,0.13142994978698588,0.4499864429131137,0.4185836072999004
1181026097493999617,0.24112723370486291,0.05358484471383986,0.7052879215812973,0.13709731116455326,0.5652288808067469,0.2976738080286998
1181003768380162049,0.47311799023958895,0.18138041601618587,0.3455015937442252,0.26160454931601124,0.48569730379501874,0.25269814688896997
1181023362255814657,0.17767877093756673,0.20956137174016692,0.6127598573222663,0.16348532635024102,0.12934721734818452,0.7071674563015744
1180989561327845377,0.1106132985740497,0.4777476747413767,0.41163902668457364,0.5031169245126172,0.1221009906299749,0.3747820848574078
1181008529749475329,0.36956695922541644,0.16957172515026836,0.4608613156243152,0.32125190027492984,0.10039375151453966,0.5783543482105304
1180981110450651137,0.18169388216948273,0.11097389512416711,0.7073322227063501,0.05394753974326804,0.1149185764699557,0.8311338837867763
1181004813699481601,0.520582242408435,0.17371730635203997,0.30570045123952505,0.39733405334210026,0.05304890826234491,0.5496170383955548
1181002866637471745,0.29568520890396827,0.08184616064708947,0.6224686304489422,0.122486349520296,0.09535136210545386,0.7821622883742502
1180985418774642689,0.2679760144941202,0.049109620514281464,0.6829143649915983,0.034864826341184124,0.4544645131385331,0.5106706605202828
1180990688440156161,0.5101535147189489,0.10749759631430102,0.3823488889667501,0.40036286008328886,0.061573449084548544,0.5380636908321625
1181001856229998593,0.2997747236230858,0.020172865288167963,0.6800524110887463,0.3827266879840798,0.04414727087723571,0.5731260411386845
1181022393887948801,0.18201801591835393,0.3330402462985259,0.4849417377831201,0.32949378209537944,0.12735976354266418,0.5431464543619564
1180993775453470721,0.5272864193902139,0.12389028899781104,0.348823291611975,0.38567964551389494,0.29782424592627227,0.3164961085598328
1181001339007860737,0.3211902419933781,0.2296412544136628,0.4491685035929591,0.37733806737153647,0.25721138000169413,0.3654505526267694
1181014187335581697,0.235854514906632,0.3218576317426887,0.4422878533506793,0.2990953817711086,0.26407124390257797,0.4368333743263134
1181023397133516801,0.40600729502422556,0.03798082065782022,0.5560118843179542,0.6270557683536548,0.1726202441782475,0.20032398746809765
1181015651720462337,0.20066829315909257,0.14065279273111253,0.6586789141097948,0.20138635181664413,0.0440302734433992,0.7545833747399566
1181026967553015809,0.11485158497547872,0.22272102299299268,0.6624273920315287,0.4837407055232671,0.05777900829994845,0.4584802861767845
1181017429815492609,0.14123352466108693,0.00987089548897724,0.8488955798499358,0.04165286949590635,0.42286159317972183,0.5354855373243719
1181007018896228353,0.26647313342972245,0.25912989581400614,0.4743969707562714,0.4529187986053035,0.10715227019485518,0.43992893119984133
1180995493921030145,0.35127546051612113,0.0643705121048912,0.5843540273789877,0.15762347012132852,0.18892948670490828,0.6534470431737632
1181021215803080705,0.32936005263212015,0.4886409630809459,0.18199898428693395,0.6143918370114718,0.07854920371100238,0.3070589592775258
1181031476978843649,0.2910379492487164,0.17397984594874602,0.5349822048025377,0.3301199105174259,0.17433938826566525,0.49554070121690885
1181000297247309825,0.18577081225653694,0.35116255693159176,0.46306663081187127,0.6134953213952026,0.05339698404668457,0.33310769455811284
1181032225857142785,0.26117462055908347,0.1947940556529683,0.5440313237879482,0.20058432089739311,0.17772081614733284,0.6216948629552741
1181004106440736769,0.47509781533682277,0.12472814127901663,0.4001740433841606,0.1359258129848671,0.5988825557230467,0.2651916312920862
1180982530481324033,0.07143900671873488,0.7302650892906014,0.19829590399066366,0.32331125160613305,0.1114566753165243,0.5652320730773426
1181033311084314625,0.4572222853194144,0.17620384969667863,0.366573864983907,0.4255631084871725,0.10951222625872649,0.46492466525410103
1180989912135041025,0.17855509201821276,0.053051447066447724,0.7683934609153396,0.2423929681693491,0.14024690781556956,0.6173601240150813
1181024267966185473,0.3428814663598428,0.20692850319334213,0.45019003044681505,0.29707316709858006,0.08301854586513341,0.6199082870362865
1180980504889524225,0.18863121537809413,0.28309207275774756,0.5282767118641583,0.24457074109736548,0.08785429041596733,0.6675749684866672
1180981390403502081,0.5295207354108591,0.16546296973029934,0.3050162948588415,0.23980251298005145,0.47917496857976816,0.28102251844018034
1180993825459011585,0.10892319012387498,0.0942367852434912,0.7968400246326338,0.24624153339885624,0.11763446777517833,0.6361239988259655
1180994087474757633,0.3438726563433941,0.03754978571729502,0.6185775579393109,0.275215416511598,0.15241325588041213,0.5723713276079898
1181001302967910401,0.3031842093991145,0.24424594227564367,0.45256984832524183,0.44674923342465184,0.10629975311843437,0.4469510134569138
1181034604381765633,0.4499394895943036,0.3253330185034818,0.22472749190221464,0.6290553666993386,0.11498392360087205,0.25596070969978935
1181023850473422849,0.5055526008175214,0.09940155710883339,0.39504584207364524,0.5830940084827596,0.03813010222728402,0.3787758892899564
1180993067579736065,0.1758475181216039,0.009224953000601934,0.8149275288777942,0.1826331231085999,0.12336658010398802,0.6940002967874122
1180996623608676353,0.25174614304836657,0.07804109827206136,0.6702127586795721,0.2269888133805474,0.07307708623073558,0.699934100388717
1181032703717441537,0.176007113191387,0.02276724957538692,0.801225637233226,0.03698235275708779,0.3843613824981282,0.5786562647447839
1181026714057736193,0.19124282879214813,0.27678241621192995,0.531974754995922,0.2260224453960915,0.17933965992948497,0.5946378946744235
1181031534022426625,0.35405141653310523,0.024545526934620525,0.6214030565322742,0.33075793384578944,0.029401087692534484,0.6398409784616761
1180986600988180481,0.4928760984226772,0.08836962768471335,0.41875427389260944,0.20053242346471029,0.29287565493970086,0.5065919215955887
1181033794364899329,0.22326218057915256,0.026576264262669073,0.7501615551581784,0.11023330791445994,0.30696772768603314,0.5827989643995068
1181034273805500417,0.26779288915197264,0.050451654079542475,0.6817554567684849,0.4132028897697909,0.13616321556091504,0.45063389466929404
1181019068336504833,0.3921736837337359,0.12168952834044819,0.48613678792581594,0.3748324186272822,0.12953661281413706,0.4956309685585807
1180988404381810689,0.42991132826577316,0.04419829817060543,0.5258903735636213,0.17938357272563368,0.28780786819320564,0.5328085590811606
1180998197126299649,0.34280424687541156,0.4403146710989772,0.21688108202561118,0.4139390266900859,0.2594552042719391,0.326605769037975
1181025477641240577,0.3168720391344009,0.16547545658110832,0.5176525042844908,0.5081599933480109,0.054046446689948485,0.4377935599620406
1181017058586591233,0.2930889712355918,0.06178245702295609,0.6451285717414521,0.3264961967665866,0.06552229843203669,0.6079815048013767
1181003393604747265,0.34641221802704186,0.041694759983664974,0.6118930219892932,0.2721732552118726,0.29611686220558137,0.43170988258254606
1181003833907642369,0.20624923393991054,0.15369683048911395,0.6400539355709756,0.32528782771035486,0.048504546622131474,0.6262076256675136
1181031822590279681,0.2820921135067255,0.19524740244712202,0.5226604840461525,0.5029705437884082,0.1737445956787337,0.3232848605328581
1181007579544780801,0.1787087387586392,0.19732824264489526,0.6239630185964655,0.1330919776281965,0.054080875397774605,0.8128271469740289
1180982792948449281,0.23337595248730572,0.04549457194354815,0.7211294755691462,0.1456333802668511,0.33121302460369056,0.5231535951294584
1180998342218186753,0.2400993944774537,0.24041420264472793,0.5194864028778183,0.5912342384892219,0.02834836618008853,0.38041739533068963
1181002075107033089,0.44998385267319413,0.036290070196161366,0.5137260771306444,0.36478755132705604,0.13177405742846823,0.5034383912444758
1180981645323272193,0.12001131225460891,0.16345910201975944,0.7165295857256316,0.2889585971854468,0.058561794973294556,0.6524796078412587
1180986013303570433,0.4114908774408185,0.07312166620147575,0.5153874563577057,0.5176461353803474,0.0770370848111583,0.40531677980849423
1181024645038735361,0.35897786157458483,0.20544754840747767,0.4355745900179375,0.5943336161412708,0.06264405314481811,0.3430223307139111
1181022376142209025,0.3584599081868999,0.10042163115004311,0.541118460663057,0.17969202769315823,0.19521331289616528,0.6250946594106765
1180990920998060033,0.4783705818450644,0.2177135562935526,0.303915861861383,0.4887705733587505,0.08886330401040955,0.42236612263083995
1180980863373279233,0.3967582598410572,0.04957171162000975,0.5536700285389331,0.22404419810590187,0.013390165633566856,0.7625656362605313
1181033293695090689,0.20088451886435318,0.19484606554729153,0.6042694155883552,0.5379579927937139,0.1821806221624503,0.27986138504383584
1180991170239463425,0.2113547604420457,0.34834368356520995,0.44030155599274434,0.5450631751384262,0.021159466555037885,0.43377735830653597
1181033831854276609,0.2313797784795809,0.09088784350561964,0.6777323780147995,0.4575536034361974,0.011942736425366016,0.5305036601384365
1180991868269101057,0.38093807189116363,0.16361128468730274,0.45545064342153363,0.45626634681515205,0.10454576988845107,0.4391878832963969
1181023204806983681,0.15450323643637176,0.43114770123853896,0.4143490623250893,0.1539558322005788,0.1119894436769273,0.734054724122494
1181011245495451649,0.2587351048008717,0.21219829044463553,0.5290666047544927,0.2376400958968999,0.09916610022185697,0.663193803881243
1181006947822174209,0.18121485153678968,0.042046483252518384,0.7767386652106919,0.3414884185755808,0.2509574953417372,0.40755408608268195
1181030902684549121,0.1284554681920371,0.034158213270712126,0.8373863185372508,0.08076091551405958,0.1098591042130695,0.809379980272871
1181006457252642817,0.2336667381067073,0.04936346675635768,0.716969795136935,0.21163006068726736,0.2500429748735384,0.5383269644391943
1180998267623440385,0.423453823588768,0.062051645529875535,0.5144945308813564,0.1457673947809372,0.2942445769066365,0.5599880283124263
1180995799298703361,0.19261794239516714,0.400757822184786,0.4066242354200469,0.4518961112561164,0.13047390949986495,0.4176299792440187
1181035797684420609,0.1464103386930689,0.32387107862945447,0.5297185826774766,0.2524071666204325,0.0959456458022035,0.651647187577364
1181019495574700033,0.4308811749925255,0.07531574225521814,0.4938030827522564,0.2554377891979109,0.22198929426918826,0.5225729165329009
1180986330293698561,0.329455894313263,0.19792416314645483,0.47261994254028217,0.3120966354228186,0.30655282177054155,0.3813505428066398
1181035242972676097,0.24055723874510532,0.2757205399796026,0.4837222212752921,0.32708957192446814,0.0972803961512946,0.5756300319242372
1181002973947985921,0.271659379848215,0.0807644206841751,0.6475761994676099,0.21048701313244114,0.10219167435887304,0.6873213125086859
1180980244424622081,0.4954146027996215,0.16101970467020224,0.3435656925301762,0.22182174494992696,0.28885730589113134,0.48932094915894175
1181020340210663425,0.28890036481761694,0.3731039424415293,0.3379956927408537,0.23435773813341754,0.24084377004388863,0.5247984918226938
1181028267787681793,0.4492512872408698,0.1379727472326917,0.41277596552643847,0.3508215693546875,0.28040756950300433,0.36877086114230817
1180983163724922881,0.5217697910439546,0.0989204766117034,0.37930973234434195,0.20640421129363648,0.31013410262007834,0.48346168608628515
1181018230507143169,0.19536569499288406,0.060749754776625677,0.7438845502304903,0.17962696783076074,0.30334922502755574,0.5170238071416835
1181016337555587073,0.4125278084227933,0.16969879352409142,0.4177733980531153,0.240940710564768,0.25929929011641906,0.499759999318813
1180992052753661953,0.39097020653117903,0.0927159718029455,0.5163138216658755,0.5104535835081497,0.15123374754413854,0.3383126689477117
1180997086627823617,0.5563142821840673,0.1065132593406544,0.3371724584752783,0.3125206145464708,0.33669254812634547,0.35078683732718374
1180997269120122881,0.27603939022190255,0.2920266715515743,0.43193393822652315,0.4055442439900967,0.2901234013320555,0.3043323546778478
1181023585262436353,0.40891493185848377,0.146220232105079,0.44486483603643723,0.3810707094238411,0.12621831938136133,0.49271097119479756
1181015787293310977,0.1876029213870243,0.45404981382154974,0.358347264791426,0.42028169054599906,0.10656862495355754,0.47314968450044337
1181019558844858369,0.23340880479860693,0.2333428964036861,0.533248298797707,0.35864130520282406,0.1543620339067519,0.48699666089042404
1181035783297204225,0.2165185054402674,0.08621435020959047,0.6972671443501421,0.27057814837001065,0.0662828863351472,0.6631389652948422
1181001948892921857,0.4492596335564397,0.1982277953036521,0.3525125711399082,0.25510105355214224,0.30587133974321684,0.4390276067046409
1180986483385827329,0.27678298208685875,0.18709223006576622,0.5361247878473749,0.3328741548308231,0.1728312491077378,0.4942945960614391
1180993948063465473,0.10299467108460242,0.2447427376231749,0.6522625912922226,0.16603579035712576,0.032910053081459514,0.8010541565614148
1180984300412403713,0.2053813947679417,0.06695985049096727,0.7276587547410911,0.3797239969202962,0.08136148472209523,0.5389145183576086
1180989145608192001,0.40990812548246,0.04416582055880414,0.5459260539587358,0.2143787612983425,0.510081387167558,0.27553985153409943
1181003536628482049,0.19407297631370932,0.27749407332889364,0.528432950357397,0.18465465265462383,0.4441025397393544,0.3712428076060218
1181013592681545729,0.23538893707093825,0.40301665185513963,0.3615944110739221,0.15882625645337947,0.40259383781233743,0.43857990573428307
1181032279704403969,0.648428827741008,0.15916265178110475,0.19240852047788726,0.6124061932414107,0.10619036457429494,0.28140344218429436
1181005411741073409,0.2194822398693067,0.1504388205027951,0.6300789396278982,0.2571965525909251,0.02228103114585968,0.7205224162632152
1180983548115976193,0.14020733377290825,0.14799685997212383,0.7117958062549679,0.11854441755963131,0.07820127421843819,0.8032543082219306
1181017167512076289,0.46845093465626714,0.01478641122176437,0.5167626541219685,0.3686203967798097,0.1270887910760103,0.50429081214418
1181009455270821889,0.19679804558509678,0.26510218119521206,0.5380997732196912,0.2568666729826843,0.24876186006952006,0.49437146694779566
1181028066042839041,0.41940656848644264,0.038077400324318576,0.5425160311892387,0.43785205216063317,0.17912235747795902,0.3830255903614078
1180995595907399681,0.19170042799311562,0.2272527837009672,0.5810467883059172,0.5366373058154121,0.043274684095483185,0.4200880100891047
1181034421412593665,0.35361829007621687,0.1446655145008168,0.5017161954229663,0.34026868960577045,0.04644139191511512,0.6132899184791145
1180986399919964161,0.21330975045712747,0.22054779057326826,0.5661424589696042,0.19541719644085273,0.4090760284340997,0.3955067751250476
1181012969406922753,0.2263964450502506,0.480083026943281,0.29352052800646844,0.3521028113239034,0.13796760875744193,0.5099295799186546
1181000602745241601,0.11741689436217789,0.1766786369461362,0.705904468691686,0.4671222862791439,0.052885292329671124,0.47999242139118503
1180997021583343617,0.33243218714959594,0.24237515102248858,0.4251926618279155,0.14625007231522433,0.15524246609982015,0.6985074615849556
1181033851795505153,0.5047732629057021,0.1987389865008885,0.29648775059340937,0.37063647200730476,0.2758975276816247,0.35346600031107056
1180983994164248577,0.277325099498725,0.21217554139327988,0.5104993591079952,0.40110445130220423,0.11064925283099275,0.488246295866803
1181008638831984641,0.38986878485780324,0.061991218643385276,0.5481399964988115,0.37267444020938795,0.08790942504089194,0.5394161347497202
1180994327452712961,0.4758720366562341,0.04371574948250634,0.48041221386125954,0.1734446670298575,0.26858063464643456,0.5579746983237079
1181005828879253505,0.3997303487198395,0.1026767319873977,0.49759291929276284,0.37735692779307867,0.14750486150401462,0.47513821070290674
1181027755471110145,0.6552026793653657,0.11225183260298512,0.2325454880316492,0.35126451904631584,0.17642497819924788,0.4723105027544363
1180990600160378881,0.40373277382526146,0.052039533937803306,0.5442276922369352,0.5897112635614334,0.021157583130378577,0.38913115330818804
1180998430329470977,0.12002192008868189,0.07183353220307263,0.8081445477082455,0.17554741679433197,0.153962403925084,0.670490179280584
1181031214869184513,0.7426950879737391,0.046826062658377715,0.2104788493678832,0.14719705601300603,0.6119825570762945,0.2408203869106995
1181026312501854209,0.4438720532936034,0.09500376910633984,0.46112417760005675,0.48748554762466234,0.18274953034208782,0.3297649220332498
1181023371030757377,0.3294898685527946,0.0815465887756437,0.5889635426715617,0.26402087078317504,0.07102622771624646,0.6649529015005785
1181000531676725249,0.17086874611580716,0.2897030424070317,0.5394282114771611,0.4651275271503993,0.1643442361939336,0.37052823665566714
1181034512494264321,0.15609764279446162,0.17618296992771118,0.6677193872778272,0.30238340227607663,0.02626752735719531,0.6713490703667281
1181025446894075905,0.10664023483734819,0.13284770922099395,0.7605120559416578,0.07574795395083996,0.12832293993984836,0.7959291061093117
1180985595419787265,0.3814082524877035,0.008179421303444906,0.6104123262088517,0.44894047271003396,0.1800003859466987,0.37105914134326734
1180993997006340097,0.1574360263208655,0.26908453823033496,0.5734794354487995,0.16257047622918577,0.19742335824856874,0.6400061655222455
1181024571187822593,0.13661157966847448,0.3239621046147917,0.5394263157167338,0.29301773352568966,0.10109586539944815,0.6058864010748621
1181028421911904257,0.24402149130162293,0.11659584225211407,0.639382666446263,0.2812876978811086,0.20450792063160164,0.5142043814872899
1180981088672612353,0.21750941212927347,0.33844236377466985,0.4440482240960567,0.15949508400048124,0.1382437721728479,0.7022611438266708
1180988029954916353,0.3598914434399688,0.05628017043044115,0.5838283861295901,0.6597077654233372,0.06057769716894574,0.279714537407717
1181012326293995521,0.499965690176299,0.027659498178715138,0.47237481164498585,0.6312983220991008,0.07025027755367202,0.2984514003472273
1180979738009174017,0.3130177259473301,0.0482341720908838,0.638748101961786,0.31232082651336096,0.10313956570667533,0.5845396077799637
1180984923330314241,0.3772609525178124,0.022936631762585383,0.5998024157196022,0.4633036885748121,0.06734922118219733,0.4693470902429906
1181007421161111553,0.337972672736501,0.08154850031272508,0.5804788269507739,0.24189269448084036,0.14514468501999436,0.6129626204991653
1181027657065267201,0.5843861650227076,0.10312400920763687,0.31248982576965556,0.5363422572134755,0.02884486954059229,0.4348128732459322
1181028091369095169,0.39203421820356643,0.10274155477129411,0.5052242270251395,0.29234106314750224,0.3853203100277391,0.32233862682475867
1181027853971030017,0.27605045740001244,0.1295122317272212,0.5944373108727663,0.2209060978075862,0.09963365292409189,0.6794602492683219
1181001596473212929,0.28778293367047264,0.16202365686594325,0.5501934094635841,0.21644630860562483,0.0737320825988896,0.7098216087954856
1181019736812453889,0.14306060675216867,0.3927600242826151,0.4641793689652163,0.29400807251259875,0.011712943828080784,0.6942789836593204
1180988751633645569,0.3383247862857506,0.29679039691006026,0.36488481680418916,0.6703549950543308,0.03800930132080226,0.2916357036248669
1181031835367178241,0.5214708772756114,0.20197574180834352,0.2765533809160451,0.5876085715097035,0.06470319709682117,0.3476882313934754
1181029560568807425,0.7207443650942482,0.10520593154330861,0.1740497033624432,0.40914779456583517,0.3534448394800691,0.23740736595409573
1181023094174842881,0.4701554851737052,0.0812098017205598,0.448634713105735,0.178549810766124,0.3047171007032489,0.516733088530627
1181010852523376641,0.4006101829455722,0.1131290638024392,0.4862607532519886,0.5779779183863193,0.05876876857872867,0.363253313034952
1180997402338951169,0.4001647525968556,0.07838302625266613,0.5214522211504783,0.2862797996836988,0.32681713841405313,0.3869030619022481
1181033160572928001,0.2569737513580514,0.2572300185319069,0.4857962301100417,0.28641749650500453,0.07518272170679904,0.6383997817881965
1180999225991495681,0.6904940718021794,0.053369327688790644,0.25613660050903,0.4236523589139807,0.18202315438392758,0.39432448670209175
1180982452305297409,0.3687850427238078,0.12111678443861233,0.5100981728375799,0.4665087993901906,0.12893328627346426,0.40455791433634514
1180983433805070337,0.13186367122850562,0.1572739878663901,0.7108623409051043,0.11970689451604971,0.036156095436857584,0.8441370100470927
1180993869855031297,0.26927817109855157,0.11075182586005153,0.6199700030413969,0.363412795868444,0.06116457469737814,0.5754226294341779
1181027687168966657,0.32088528094402946,0.07268404330852925,0.6064306757474414,0.14515211601193737,0.2030074891784562,0.6518403948096064
1181035123112148993,0.649306465552591,0.060204820608546546,0.29048871383886243,0.36784232038823056,0.23473822172125133,0.39741945789051814
1180997787215331329,0.2808649972679408,0.09766572790677684,0.6214692748252824,0.624302636441036,0.1454576676394492,0.23023969591951476
1181025366490054657,0.25576602077616906,0.20483109117720721,0.5394028880466237,0.4225733401995169,0.04676764536547536,0.5306590144350077
1181022761180954625,0.7994748943218897,0.0183682148915799,0.1821568907865304,0.3994781878619336,0.48767458158642474,0.11284723055164159
1180988446901501953,0.5311023405453642,0.023278863120108774,0.44561879633452706,0.07628474683790773,0.4240335839551064,0.49968166920698587
1181020745155608577,0.13613552642352267,0.1629852461682219,0.7008792274082554,0.2133240888625203,0.049383442914750164,0.7372924682227295
1181005681109991425,0.3090381786212261,0.041123379214153113,0.6498384421646208,0.4031954680656442,0.015910397074586982,0.5808941348597688
1180996909595328513,0.16211752987093728,0.05069699722978664,0.7871854728992761,0.3092856914384146,0.022421451511425418,0.66829285705016
1181021551703031809,0.6658443300858663,0.07333546420200618,0.2608202057121275,0.4887575828490012,0.08217331055573934,0.42906910659525943
1180990491400306689,0.42932208463402965,0.27732119322032756,0.2933567221456428,0.5462707681716982,0.07268357736097657,0.3810456544673253
1181013218839429121,0.49419672554295135,0.03008246939663073,0.4757208050604179,0.3139206457209513,0.1279068671506293,0.5581724871284194
1181005954449997825,0.6337842399573147,0.053362939437542674,0.31285282060514263,0.19038652521617105,0.3680790258819877,0.44153444890184124
1181015647269289985,0.2075540986575962,0.042079861898064175,0.7503660394443397,0.25441706260650915,0.1673299543029129,0.578252983090578
1180981510426198017,0.09438140319121882,0.1420327007431067,0.7635858960656745,0.2047751315520611,0.12084641773998364,0.6743784507079553
1181003275066703873,0.6478531495820182,0.1400420400380626,0.21210481037991913,0.3901130019474108,0.31607807430868134,0.2938089237439079
1181000255948455937,0.3823369506198911,0.106756144767516,0.5109069046125929,0.4993025531098849,0.20238327676338183,0.2983141701267332
1180991759797616641,0.41623021885617667,0.08496001563085645,0.49880976551296685,0.21776906122969186,0.2884687570231509,0.49376218174715725
1181031752512667649,0.3387585798552102,0.26190597161626705,0.39933544852852276,0.3330654403776138,0.030450419216123095,0.6364841404062631
1181018730147315713,0.16129221999911406,0.012101628973904686,0.8266061510269813,0.3251891152448398,0.12115948825638542,0.5536513964987748
1181029755347304449,0.3740272160405794,0.09759141462989948,0.5283813693295211,0.30588011382107677,0.037023285210831154,0.6570966009680921
1180996501523759105,0.3844124681324323,0.28963064567023405,0.32595688619733365,0.5905535209455857,0.03507390259550728,0.3743725764589071
1181012956795011073,0.3551637728883592,0.1934034880989216,0.4514327390127192,0.2494957172944952,0.08792886848738789,0.6625754142181168
1180995707960131585,0.49496075415348034,0.10487257062050534,0.40016667522601435,0.45141171745366815,0.022659893536455766,0.525928389009876
1181008549976768513,0.2795083533527235,0.4893956658350336,0.23109598081224292,0.6503546274529454,0.1673928551567972,0.1822525173902575
1180981614315175937,0.1665986315254171,0.3064458964659309,0.526955472008652,0.44585382779195376,0.03992741345667338,0.5142187587513729
1181025770532274177,0.3555022344442426,0.044310922244135784,0.6001868433116215,0.3500681584261626,0.043865761867702434,0.606066079706135
1180990543667232769,0.45808809580678994,0.0668125221864577,0.4750993820067524,0.2783126978786718,0.19406334051264254,0.5276239616086856
1180998192385654785,0.4562953586833644,0.021427108786597995,0.5222775325300376,0.3757857936634359,0.38292308283818943,0.24129112349837467
1181028721868800001,0.4228076530234005,0.06423996183307767,0.5129523851435218,0.40858116908438036,0.12657124821046342,0.46484758270515625
1181026963359399937,0.11374529934311714,0.21144845926076147,0.6748062413961213,0.20335600715343163,0.2847660641663468,0.5118779286802215
1180986008818188289,0.49256385488974763,0.05818006100679975,0.44925608410345264,0.32804124937188367,0.05521579565395907,0.6167429549741572
1180984097536933889,0.6586475680455262,0.0699721352536628,0.2713802967008111,0.2578728388324272,0.3548207627418388,0.387306398425734
1181022124226969601,0.24160408444228798,0.029114625353828475,0.7292812902038835,0.5077336042934429,0.11159040739809731,0.3806759883084597
1181032417277935617,0.14134336102981046,0.05088913886675851,0.807767500103431,0.1138896836049551,0.13635501808666387,0.7497552983083811
1180987922838814721,0.1948080143150933,0.11003234282068727,0.6951596428642195,0.15518174298820941,0.5001778477554546,0.344640409256336
1181032860195782657,0.19488001386399423,0.07201601543115305,0.7331039707048528,0.29846048221475013,0.1521041113984645,0.5494354063867853
1180990977008402433,0.25848934640938204,0.09784703105856186,0.6436636225320561,0.19780895772806836,0.38182671337039803,0.42036432890153363
1180995489535131649,0.15618782073982534,0.1055608214495549,0.7382513578106198,0.1947857602659219,0.051494914116510804,0.7537193256175673
1181034467809427457,0.301617945003195,0.05606162308281597,0.642320431913989,0.3722993814975592,0.04050209418605187,0.5871985243163889
1181004093566615553,0.4153503889738957,0.18860648237486946,0.3960431286512348,0.19806736756873525,0.2378061190366417,0.564126513394623
1181000359387201537,0.4089641857641775,0.29613422934989786,0.29490158488592466,0.5262278189131738,0.07251903482157337,0.40125314626525277
1181030423014932481,0.4210066831576649,0.27749847237584235,0.3014948444664928,0.37610023167347173,0.17815402925109844,0.4457457390754298
1181020718537736193,0.16892066540491837,0.27470776609269354,0.5563715685023881,0.5469080129003344,0.09685767372784461,0.356234313371821
1180989357841285121,0.26002515790389813,0.2526367899972509,0.48733805209885095,0.36968661266125785,0.06663797915261553,0.5636754081861266
1181024173304479745,0.23975284383842033,0.10441642600373213,0.6558307301578475,0.30308238815764105,0.14853752861651345,0.5483800832258455
1180986275252862977,0.12218885497661022,0.3925213283699572,0.4852898166534326,0.26222087978198155,0.06267905717261452,0.6751000630454039
1181007014445514753,0.24054954708085857,0.4245925075227103,0.3348579453964311,0.28882087173891613,0.23537406685111317,0.4758050614099707
1181001961280110593,0.17306762086898872,0.3083834065860592,0.518548972544952,0.3493112825387941,0.05743052986245063,0.5932581875987553
1180993519825190913,0.5121283773429094,0.12514089175352347,0.3627307309035671,0.26667385589571685,0.17472808312874882,0.5585980609755343
1181003549792894977,0.23285998392202742,0.05192235712631131,0.7152176589516612,0.16298396346926114,0.3505677851077783,0.48644825142296055
1181012044045582337,0.10323201435737767,0.054023533131755626,0.8427444525108667,0.13393731643043325,0.03516891868533951,0.8308937648842273
1180999553468366849,0.5193462713711459,0.20457640603099833,0.2760773225978558,0.3012671780145891,0.31355546486922375,0.38517735711618717
1181026057003597825,0.7004743085847359,0.05295146281681574,0.24657422859844835,0.2670025230070613,0.3248185757152542,0.4081789012776845
1180990223189278721,0.6170908054180099,0.20835691604952494,0.17455227853246513,0.3216466557255034,0.26508320522265544,0.4132701390518412
1181019999021596673,0.4402884917708072,0.0973126149409267,0.4623988932882661,0.22749680515760343,0.35821941923544054,0.41428377560695606
1180991691431673857,0.12556445436736685,0.3105472888420868,0.5638882567905463,0.32093366853568067,0.0798725219391507,0.5991938095251687
1181003117360513025,0.348985473619116,0.17480799440992667,0.4762065319709573,0.055741133083868424,0.3531257967736264,0.5911330701425053
1181018447191736321,0.14623076829802573,0.03564593003684181,0.8181233016651325,0.1617228567147928,0.18267529021940654,0.6556018530658007
1180982573424902145,0.2822801969301944,0.04752885421192935,0.6701909488578762,0.3990717335538396,0.026472864357985376,0.574455402088175
1181035053777846273,0.6446855813011446,0.130698868326338,0.22461555037251735,0.3693034767269819,0.2570879044191194,0.37360861885389873
1181000037232345089,0.4506777066122371,0.17369329514097379,0.3756289982467891,0.37208279623377827,0.130679792450639,0.49723741131558274
1181002633724231681,0.5099045593718733,0.18003888178896998,0.3100565588391567,0.31205122259825835,0.357028740673313,0.3309200367284286
1180997082078609409,0.2679764577927165,0.38948544902145055,0.34253809318583295,0.23521641340317964,0.2615167289700359,0.5032668576267845
1180988900693180417,0.5195915699232125,0.13835474687641722,0.3420536832003702,0.5397793803571665,0.15016455022431113,0.31005606941852226
1180994133063794689,0.584965987231621,0.21770148491050945,0.1973325278578696,0.41268684229348424,0.34142944838818273,0.24588370931833303
1181015642428604417,0.4884195165922557,0.16232706304665354,0.34925342036109075,0.1486891069254327,0.38688656304612495,0.4644243300284424
1181028972399591425,0.5663536008497558,0.11665261973889522,0.316993779411349,0.3345413161245662,0.13476621962127097,0.5306924642541628
1181028464726867969,0.407385833833184,0.06600434298411047,0.5266098231827055,0.5541168329836452,0.02478963241969262,0.4210935345966621
1180992241400741889,0.3662489793508792,0.04424173580767965,0.5895092848414412,0.40835404276304943,0.037266330259392605,0.5543796269775579
1181011020423659521,0.15292660933866165,0.4940277747084978,0.35304561595284056,0.31989225482328937,0.027842517187948414,0.6522652279887622
1180982788623335425,0.16730369280716373,0.035996663257945975,0.7966996439348903,0.11061661139940786,0.4003493288658167,0.48903405973477543
1181026093234421761,0.11977322508157923,0.6872236175375881,0.19300315738083273,0.5391643361052938,0.03180239245268361,0.42903327144202263
1181028031165988865,0.46220298186008546,0.09144277730198556,0.44635424083792896,0.377514628911879,0.058334389820455745,0.5641509812676653
1180985414452412417,0.31624815730797373,0.18145879906087287,0.5022930436311535,0.1635221161014177,0.4064950925594146,0.4299827913391677
1180983980064014337,0.07170115781117473,0.43465539242173773,0.4936434497670875,0.3638102722200058,0.152114104081079,0.4840756236989152
1180985447425474561,0.5559479929823471,0.04171777295183169,0.40233423406582125,0.2523341809783519,0.03336767036343023,0.7142981486582178
1181013585615847425,0.44410158234882796,0.0909936140862207,0.46490480356495134,0.250541097272784,0.3673723092400987,0.38208659348711727
1180996822418587649,0.4491645457358844,0.16513515676357982,0.3857002975005358,0.41920076099738074,0.20730434328763775,0.3734948957149815
1181012885230157825,0.41463670522924745,0.31202811644643835,0.2733351783243142,0.4299859534923312,0.27406305423948524,0.29595099226818355
1180998281013690369,0.21395923039235376,0.2748913573461571,0.5111494122614891,0.2724030158961131,0.19111627631995456,0.5364807077839324
1181033402068893697,0.3726224708773825,0.18349234605466816,0.44388518306794933,0.4459436890954631,0.1753216660442024,0.3787346448603345
1180989268792115201,0.2090687578733845,0.09871934913755823,0.6922118929890573,0.13353685715057687,0.06215008949047021,0.8043130533589529
1181033344091193345,0.17022209014205394,0.3695240013187953,0.4602539085391507,0.3083012222215484,0.12108486708888995,0.5706139106895617
1181034503233863681,0.5078249407964118,0.1958406642754959,0.2963343949280923,0.13997954007073604,0.16135968869022682,0.6986607712390371
1181023581132587009,0.45096569932452624,0.05921780532603416,0.4898164953494396,0.26106118307521536,0.10486128380870828,0.6340775331160764
1181020534245261313,0.4565874975998831,0.15412671406513373,0.3892857883349832,0.27829147280624883,0.1623474180518215,0.5593611091419297
1181019491154362369,0.5103526115603747,0.05683077095234864,0.4328166174872766,0.5230889989827359,0.08735856875926064,0.3895524322580035
1181024735344852993,0.2500154965082097,0.2517951965422726,0.4981893069495177,0.32259929054190073,0.08965257926427751,0.5877481301938218
1180980240358244353,0.5469747503256189,0.12450627160856113,0.32851897806582,0.27719633007297256,0.1597536753541235,0.563049994572904
1181035106432253953,0.1313451148857187,0.12495044791359194,0.7437044372006894,0.31413431549089915,0.07508407978941985,0.610781604719681
1180992048463577089,0.43003412635001587,0.09473099181709649,0.47523488183288765,0.2619277519551487,0.19501999623632246,0.5430522518085288
1181035238520520705,0.24143761443755543,0.21466629285074254,0.543896092711702,0.25704071638215253,0.06543584230349749,0.67752344131435
1180996381340631041,0.5159720293865943,0.2676466810578024,0.21638128955560332,0.46195332843540515,0.14345317976615457,0.3945934917984403
1181035722768547841,0.6940868611607479,0.08390912816356527,0.22200401067568676,0.8021017767801123,0.041572461687340086,0.15632576153254762
1181035778521235457,0.1936939619265616,0.11108765151822354,0.6952183865552148,0.09903623201935413,0.2553008140337382,0.6456629539469076
1180997490773098497,0.4708437358443799,0.10658536259704697,0.42257090155857313,0.10873494332234536,0.24879410486298048,0.6424709518146742
1181035748514725889,0.5196713318092981,0.14259779136640252,0.33773087682429936,0.16903278365783717,0.4511640607567485,0.37980315558541433
1181029868431572993,0.343477505168064,0.3122410150798998,0.34428147975203616,0.16849753992978048,0.07116560624101581,0.7603368538292037
1180988664103075841,0.2652099783676079,0.12372563580056806,0.6110643858318241,0.33201407805689964,0.10225734859169637,0.5657285733514039
1181029140657373185,0.4694187618778037,0.11317886538132065,0.41740237274087566,0.3655141781743741,0.08452221357285718,0.5499636082527688
1180995591519469569,0.407378420457228,0.0276240925436449,0.5649974869991271,0.4395251789762042,0.02955520676799549,0.5309196142558004
1181018879237226497,0.2864102575999611,0.07922409733399824,0.6343656450660407,0.19316877350890152,0.0687875843751523,0.7380436421159462
1181024334010646529,0.2816134062487818,0.06582168095713666,0.6525649127940816,0.32747561912523293,0.03704635936302849,0.6354780215117386
1181014867460685825,0.25441363204629447,0.11805247593678975,0.6275338920169158,0.19732400642345868,0.10494240268559399,0.6977335908909473
1181023482309279745,0.4063618299923843,0.3357712067200706,0.2578669632875451,0.5364385359087588,0.1287425876438469,0.3348188764473943
1180985439069306881,0.48534132113432915,0.09125564018313327,0.4234030386825376,0.5420064543208413,0.12282534611951117,0.3351681995596476
1181005447747010561,0.5506135999397752,0.1416639293672677,0.3077224706929571,0.4767937237698251,0.2153152290829099,0.307891047147265
1180979646482153473,0.5991931690689478,0.12462307516265637,0.2761837557683958,0.5758873674714577,0.15298995051565173,0.27112268201289047
1181031123301498881,0.28514034496346546,0.26666746927669466,0.4481921857598399,0.38373934024131423,0.11436095767756509,0.5018997020811207
1181008786051268609,0.12080213821549202,0.38177560489714657,0.4974222568873614,0.5220468081993853,0.08777613934793395,0.39017705245268075
1181025933339328513,0.2962280096806068,0.3181876567002649,0.38558433361912836,0.5224496897138107,0.11121703851177007,0.3663332717744192
1180993847979638785,0.34834879064477703,0.11756265931912432,0.5340885500360986,0.442061461871546,0.2117068416580327,0.3462316964704213
1180995210708549633,0.4811554730798205,0.22842495657024314,0.2904195703499364,0.314030112579615,0.4228023631612292,0.2631675242591558
1181028276823031809,0.4509262523134178,0.1953738496025202,0.353699898084062,0.5270443641254923,0.18564383793459385,0.2873117979399139
1181025817026330625,0.35386190362190556,0.051137210819971364,0.595000885558123,0.48503016623702855,0.15109796476977763,0.3638718689931938
1181006614796828673,0.32267936724865953,0.07859175232750472,0.5987288804238358,0.20363661365736138,0.15431478953764102,0.6420485968049976
1180988697946718209,0.3428422237238586,0.13472757359605142,0.52243020268009,0.252690293386863,0.05404970295815298,0.6932600036549841
1180985102171013121,0.1419492494465195,0.07875288433493821,0.7792978662185424,0.13528522619813718,0.13232834645022803,0.7323864273516347
1181003134976098305,0.22267066398017524,0.12940622342736205,0.6479231125924627,0.3163181499465182,0.07087369572890247,0.6128081543245794
1181019063950966785,0.23552630184084425,0.02190021627150738,0.7425734818876484,0.22445527171622434,0.10396679282718026,0.6715779354565954
1180998328536924161,0.35203255899570746,0.13380774768121081,0.5141596933230816,0.47335669316389767,0.10696593426022476,0.41967737257587756
1180990481074159617,0.17175191390377437,0.03746337068910414,0.7907847154071215,0.41567515438364744,0.07459860906655406,0.5097262365497985
1181002840245010433,0.33181693843469284,0.04869085591671971,0.6194922056485874,0.2646436976361435,0.18963176692193218,0.5457245354419243
1181033262076559361,0.327619484260681,0.27696762869171443,0.3954128870476046,0.6384365397425207,0.06855856859074114,0.29300489166673815
1180990916803559425,0.6495773951513449,0.06770611642395019,0.28271648842470487,0.2574318932124838,0.3574656186983583,0.3851024880891579
1181032447766593537,0.24931705760360248,0.15623047178068497,0.5944524706157126,0.33523320220564506,0.11821106270822768,0.5465557350861272
1181030550037626881,0.24308390406933647,0.4594185238829045,0.29749757204775906,0.5402635341480038,0.13390041248571502,0.3258360533662812
1181000721379950593,0.3319529106116815,0.14801834389925608,0.5200287454890624,0.34971466677697577,0.13607408135146312,0.5142112518715611
1181000002032861185,0.3973843328376756,0.16611173172255933,0.43650393543976507,0.5730736067705297,0.11425472119120719,0.3126716720382632
1180987952037920769,0.3833818413754797,0.20761313502026682,0.4090050236042535,0.5681651352289272,0.11327191889337963,0.3185629458776932
1181004525904003073,0.49115517651758445,0.24604883632453947,0.2627959871578761,0.4707465550461599,0.12427180864145662,0.4049816363123835
1180984169292824577,0.4182455078044872,0.2534079185642697,0.3283465736312431,0.5902992603433544,0.14464720247584503,0.2650535371808005
1181004269245399041,0.2606040838245557,0.07778579118918731,0.6616101249862569,0.35455774187807804,0.04311751861679012,0.6023247395051319
1181022504261582849,0.05111059929326546,0.4747336910567178,0.47415570965001674,0.4192152419223597,0.0882428605456629,0.4925418975319774
1180997293383778305,0.6092705444086653,0.05497312265742415,0.3357563329339105,0.40795636650653866,0.13572870661899142,0.45631492687446995
1181031030446358529,0.14104518902743937,0.11182641024058147,0.7471284007319792,0.3381011714969477,0.13059745078385293,0.5313013777191994
1181022110835605505,0.36637342614569846,0.27063314367626123,0.3629934301780403,0.17228654749466574,0.27639507507322153,0.5513183774321128
1180995391224610817,0.35569477582149417,0.16119047617674115,0.4831147480017647,0.33689610744259263,0.10580064221481007,0.5573032503425973
1181005720762253313,0.2253605943170201,0.2800669282198745,0.4945724774631054,0.11694888439625016,0.009530358971886324,0.8735207566318635
1181031917607026689,0.21601833265931167,0.3244432970377763,0.459538370302912,0.5730838318338772,0.09401517168454773,0.332900996481575
1181023393163673601,0.3605731743640768,0.2623794179416081,0.3770474076943151,0.4572614137535606,0.03539791718619805,0.5073406690602413
1180999675166982145,0.2997194253722777,0.22871485931592692,0.47156571531179536,0.4926223982765992,0.12943636787933394,0.37794123384406686
1181003204312072193,0.4008738281615612,0.016293634129131485,0.5828325377093073,0.21823158294120987,0.19229208432112455,0.5894763327376655
1181005824491913217,0.3151277960266331,0.08801476687779855,0.5968574370955684,0.16626195643259573,0.21498218666731278,0.6187558569000915
1180980181637955585,0.3426827396054338,0.32433510983450636,0.33298215056005986,0.23929835032216432,0.0832913194619577,0.677410330215878
1181005514115317761,0.32147628008413903,0.1926931456087176,0.4858305743071434,0.47471290984509773,0.1434872271016574,0.38179986305324487
1181022411406049281,0.3824610941622805,0.29573948714760073,0.32179941869011874,0.4023856345707614,0.14784553773326212,0.4497688276959765
1180994394271416321,0.29852462364302085,0.26891315350222117,0.432562222854758,0.3100311050719921,0.15882671923935535,0.5311421756886525
1180982357191950337,0.5248934351821771,0.13083850318248175,0.34426806163534107,0.45915933864599234,0.26632190425654567,0.274518757097462
1181015575126310913,0.4702456470893444,0.10396353844515022,0.4257908144655054,0.4641261534969604,0.21106842114789678,0.3248054253551428
1180998108175826945,0.40572840205587607,0.30738920530962216,0.28688239263450177,0.4647027864115161,0.10177070832274485,0.4335265052657391
1180985406546542593,0.42469430688474136,0.31450031225364244,0.2608053808616162,0.5112495595985761,0.19236844963301364,0.2963819907684102
1181024305198727169,0.390753155302846,0.1820352615821707,0.4272115831149833,0.37585331779597947,0.27134949395990265,0.3527971882441179
1181032389724635137,0.35354497261042284,0.09961323404507144,0.5468417933445058,0.19807342330563707,0.164599305244199,0.6373272714501639
1180993891729211393,0.4241191262435727,0.1560804704837553,0.419800403272672,0.35991989463639784,0.190841925618795,0.4492381797448072
1180986528075186177,0.22815402703480717,0.03830681740986732,0.7335391555553255,0.42532326897361805,0.049236321253422866,0.525440409772959
1181023358254186497,0.20926522101239023,0.08987138945532133,0.7008633895322884,0.06940830833337104,0.3346620555335446,0.5959296361330844
1181018069254144001,0.2950938458859409,0.08178958270341723,0.6231165714106419,0.4004158479795084,0.15469092211507077,0.4448932299054208
1180986915369287681,0.5297138674588567,0.028016609514716285,0.44226952302642697,0.3983164067222663,0.1802521792489931,0.4214314140287406
1181028078658125825,0.22113927109487688,0.3471948845613451,0.43166584434377797,0.37972781308687403,0.09886585560386658,0.5214063313092594
1180996497747836929,0.3564997177872276,0.17933230220568136,0.46416798000709103,0.6036231263109585,0.10220469833423233,0.2941721753548092
1181024168884305921,0.1353338057581326,0.3562558564899582,0.5084103377519091,0.29171263676116527,0.10429754720930566,0.6039898160295291
1181032364719669249,0.6088771035603966,0.07682242738394508,0.31430046905565834,0.5683913496982679,0.04594940460193059,0.3856592456998015
1180992768142737409,0.07944188917816483,0.3753750679576769,0.5451830428641582,0.368613778305715,0.11302880599111859,0.5183574157031664
1181031210865655809,0.5451261818540283,0.12081288830547263,0.33406092984049907,0.16639264859156105,0.3554546734016548,0.4781526780067842
1181001628190507009,0.501532532883258,0.25184099874487065,0.2466264683718713,0.5466670979010277,0.21022689702522684,0.24310600507374547
1180992031814615041,0.5024359589475282,0.08398480852596651,0.4135792325265052,0.33289862616910676,0.1463876322183141,0.5207137416125791
1180992061205774337,0.3916510704487555,0.11071777685134195,0.49763115269990255,0.24592076417038594,0.26168882315313174,0.4923904126764823
1180982352997220353,0.49540934555439015,0.11720675108444538,0.38738390336116446,0.4663840880613937,0.15616622488158413,0.3774496870570222
1181010511397191681,0.2571412667111736,0.1672117858597431,0.5756469474290833,0.28229429514031784,0.20262017607777713,0.515085528781905
1180995829012987905,0.3604489764451618,0.26195870703816,0.37759231651667824,0.5824861197526974,0.143763206748321,0.27375067349898163
1180998840018436097,0.4586845784019808,0.1791834899943036,0.3621319316037156,0.23833416615985342,0.4024498019258491,0.3592160319142975
1181005950642159617,0.7097154529151084,0.07383541183333106,0.2164491352515605,0.3821567628191271,0.09879384278201118,0.5190493943988617
1181033817464766465,0.2136701552544789,0.13873378642991768,0.6475960583156034,0.2295160561956693,0.170388755295131,0.6000951885091996
1181027043375054849,0.1837695730373483,0.3191064891982922,0.4971239377643595,0.20420548396591137,0.16345435362733823,0.6323401624067504
1181034742826172417,0.42843483892848017,0.08869687038481372,0.4828682906867061,0.48978823960000656,0.10411077535500976,0.4061009850449837
1180993943740317697,0.29020734283578753,0.16189179027353853,0.547900866890674,0.18528754671080006,0.04280815646712114,0.7719042968220788
1181027908852580353,0.6702496100105277,0.038151957470823825,0.2915984325186485,0.12443411567142884,0.6635304553005484,0.21203542902802275
1181024261160796161,0.43065150717788653,0.10710504389968893,0.4622434489224245,0.502271152730373,0.07979806732851964,0.4179307799411073
1180989141542928385,0.2653245968459623,0.5746013682637944,0.1600740348902433,0.2698306252436009,0.18368511130463003,0.546484263451769
1180986249441771521,0.24108696801861976,0.02335319127924726,0.735559840702133,0.04177150152787933,0.21095523728461463,0.747273261187506
1180983028249001985,0.4291891358184511,0.032738248654817656,0.5380726155267312,0.6580814655809815,0.031332591652681825,0.31058594276633666
1181031874019065857,0.4800654041834761,0.08784639984833499,0.4320881959681889,0.605533634717496,0.054714459832382635,0.33975190545012135
1181009274173227009,0.16787750375544735,0.23501628855734719,0.5971062076872055,0.15175186535563,0.18105998898922326,0.6671881456551467
1181000598326968321,0.056574459551042844,0.14418139621395304,0.7992441442350041,0.3332688818025291,0.0686248281022399,0.598106290095231
1180991750214975489,0.5824380550867418,0.10415525319667084,0.3134066917165873,0.5415909017549305,0.11660566981597373,0.3418034284290957
1181025081922387969,0.18337181796040783,0.27090936004977423,0.5457188219898179,0.2994129730593891,0.13695918437312032,0.5636278425674905
1180995103206440961,0.3653900840518788,0.15861095917967474,0.4759989567684465,0.4866587479580652,0.16573174244563837,0.34760950959629644
1180998835564216321,0.4721099463571688,0.24072275275143168,0.2871673008913995,0.508578815710065,0.13381265116670027,0.3576085331232347
1181003147235885057,0.528530664939013,0.12135848365652313,0.35011085140446385,0.45877277993471616,0.2760152818992228,0.26521193816606103
1180999221893103617,0.48505179931394377,0.030619130198650337,0.4843290704874059,0.5770389083613903,0.0872710506520622,0.33569004098654753
1180992815825879041,0.23612582585015465,0.2135575587025311,0.5503166154473143,0.3326574260809694,0.2687423977943396,0.398600176124691
1180982024067743745,0.49685764363550755,0.11222193232945943,0.390920424035033,0.24855488481722118,0.4751439681211649,0.2763011470616139
1180981084606398465,0.21034294691896444,0.234647761145795,0.5550092919352405,0.21191312805406132,0.26829801510517604,0.5197888568407627
1181003389085777921,0.2292873873253962,0.41050776803858957,0.3602048446360142,0.3884257486135974,0.03537787850906724,0.5761963728773354
1180981826225111041,0.22486145370114224,0.04425496440139058,0.7308835818974672,0.3535537229295225,0.06840328813124576,0.5780429889392318
1181005407804555265,0.4731654718748195,0.26427925346234904,0.26255527466283146,0.41639615148428466,0.05664162363531665,0.5269622248803987
1181021391706030081,0.25460175556766446,0.2965028209842517,0.44889542344808386,0.2942741428917537,0.25883727153022595,0.44688858557802036
1181021112010964993,0.09627507465482996,0.10594907676384753,0.7977758485813226,0.08610795185902499,0.03628089455739722,0.8776111535835778
1181029404766339073,0.17873302101306016,0.17400494972814373,0.6472620292587961,0.2463492467866834,0.12459213286588544,0.6290586203474311
1181028763168079873,0.40052226389822304,0.20599913952440066,0.39347859657737627,0.23496028374833777,0.29595030256450644,0.46908941368715573
1181031184153116673,0.4724775578201315,0.11048884092926861,0.41703360125059985,0.4305013774501813,0.1490027850138393,0.4204958375359794
1180999110839631873,0.19875523616284055,0.1757024953073044,0.6255422685298551,0.301319592844587,0.15964829523166735,0.5390321119237457
1181022474128162817,0.40187231692782416,0.15458040256100117,0.44354728051117465,0.555279289615782,0.1733263361495383,0.2713943742346797
1181029778060378113,0.5849425784735269,0.13366533614737838,0.28139208537909466,0.4341250603609947,0.1269034079556778,0.4389715316833275
1181032786700009473,0.43539165298795335,0.299809697808162,0.26479864920388463,0.5494491775244166,0.08672191616690438,0.36382890630867903
1181027862949724161,0.5072475122764188,0.15697757218400013,0.33577491553958105,0.37334487416360296,0.28833455036172195,0.3383205754746751
1181026744643878913,0.31141971599171975,0.3504005694420226,0.3381797145662577,0.30724266231143854,0.2515969962320495,0.44116034145651195
1181004733296705537,0.6218155600908428,0.09878297467644734,0.2794014652327098,0.3921318736380966,0.07957831533908288,0.5282898110228205
1181023521675182081,0.22795443121010328,0.11895870517845114,0.6530868636114455,0.21404269811629745,0.13666986164234557,0.649287440241357
1180996367690956801,0.32376007876257856,0.21471285370982238,0.4615270675275991,0.26421145996570256,0.2544609490650282,0.48132759096926925
1181030418271666177,0.45859158158834634,0.10337941841808562,0.43802899999356804,0.3933942387506498,0.12604889782071668,0.48055686342863346
1181035646916001793,0.33959921722265857,0.12677404286194494,0.5336267399153964,0.14710847995983425,0.008838780415060721,0.844052739625105
1180981505167556609,0.32024733899292906,0.21460061911717504,0.4651520418898959,0.4005011007755237,0.3234005457357151,0.2760983534887612
1180983299490414593,0.19564941882422632,0.25610951578393476,0.5482410653918389,0.27719388642422466,0.11358389819570675,0.6092222153800686
1180985669046501377,0.32112032662571055,0.039211400975263065,0.6396682723990263,0.290290009937439,0.12440920731387703,0.585300782748684
1180986596858396673,0.28706802762419403,0.2022330072906124,0.5106989650851936,0.4292863354038401,0.06122517127393015,0.5094884933222297
1181012943725101057,0.5634128092827284,0.16868832998883637,0.2678988607284353,0.20809868775041032,0.39388098185363274,0.39802033039595697
1181007488334331905,0.3509234245431619,0.27382193582115916,0.37525463963567895,0.1772955345533829,0.14884446369081408,0.673860001755803
1180999288485412865,0.4414204510711524,0.09690613127358834,0.46167341765525927,0.3858320733620941,0.060387763114960316,0.5537801635229456
1181003830455861249,0.13936434625035213,0.006416988171941244,0.8542186655777066,0.10870551751292303,0.11852648098901504,0.7727680014980619
1180981780990885889,0.4439772028632596,0.0835399975147907,0.4724827996219497,0.14086968904816058,0.41794075656905094,0.4411895543827885
1180986395758821377,0.1596574212884371,0.1743449894083621,0.6659975893032009,0.17953572174926757,0.11812329859139103,0.7023409796593414
1180998528960266241,0.11449598968224456,0.3027948955318205,0.5827091147859349,0.189573372022969,0.08328071500116427,0.7271459129758667
1181035062713417729,0.19726269459383142,0.34683250230054347,0.4559048031056251,0.4574422830614029,0.042393901842718275,0.5001638150958788
1181028062235328513,0.39401023790265505,0.029972388457575105,0.5760173736397698,0.5465032520885353,0.024143007833098005,0.4293537400783667
1181009149860642817,0.468434887032609,0.02242301342780541,0.5091420995395857,0.1216829334551592,0.12696290073049407,0.7513541658143468
1180982526449287169,0.10575942128596658,0.5125417247140589,0.3816988539999746,0.3599532415712846,0.03886725734532651,0.6011795010833889
1181024566863527937,0.20232611772338197,0.14118203627527812,0.6564918460013399,0.22261611449904142,0.13118861319507727,0.6461952723058813
1180979733364047873,0.44698734437808946,0.09617207481416463,0.4568405808077459,0.521622826567838,0.049824101174938046,0.42855307225722394
1181020686887419905,0.43162868867104764,0.03932706870997669,0.5290442426189756,0.2346839916872653,0.18684541426685639,0.5784705940458783
1180981386243571713,0.4514959209344256,0.08919006803230381,0.45931401103327063,0.2749473376688103,0.3013097036730875,0.4237429586581022
1180998308017930241,0.23187304701683076,0.20275383663329583,0.5653731163498734,0.4571279289014786,0.09327813757600023,0.4495939335225212
1181005677109084161,0.5411994645172776,0.02520823939296162,0.4335922960897608,0.4956663182146008,0.19929318198165863,0.3050404998037406
1181007036155985921,0.3002309496417954,0.21241946330476136,0.4873495870534432,0.21654041440950875,0.2383993814490135,0.5450602041414778
1181020830105436161,0.466687617739166,0.0927305368718887,0.4405818453889453,0.165595344096675,0.17094085142609974,0.6634638044772252
1181000527707439105,0.18461495521371746,0.5227222533866464,0.29266279139963614,0.13096345125960746,0.15144477727128255,0.71759177146911
1180996619354505217,0.35444783825119597,0.09175524677121921,0.5537969149775848,0.1791159872427112,0.15458804967071846,0.6662959630865704
1181004809310109697,0.542211553890685,0.07429208970374573,0.3834963564055692,0.5375443536159908,0.047661090304501615,0.41479455607950755
1180981106126389249,0.07407951003725603,0.3981646740377156,0.5277558159250284,0.25689979794507195,0.05915540446710861,0.6839447975878195
1181000322186969089,0.10487169416153362,0.10893201895876667,0.7861962868796997,0.07969519335079257,0.0230187591160517,0.8972860475331558
1181000289019592705,0.6252176948351398,0.15368560019404595,0.22109670497081424,0.3685502061630577,0.16820234799052897,0.4632474458464133
1180998263557193729,0.2724244907810753,0.3641322487548728,0.36344326046405195,0.26336163719203204,0.1648665960053808,0.5717717668025872
1180995587777331201,0.3376566254858151,0.031126815454082555,0.6312165590601023,0.3250645033593086,0.05426465870958478,0.6206708379311066
1180983543889461249,0.27154263524450983,0.16632790022740931,0.5621294645280808,0.14039387087569005,0.1310270067935141,0.7285791223307958
1180994415694512129,0.3822431584294224,0.09660632538292614,0.5211505161876515,0.2498320816369041,0.4877189185295988,0.2624489998334971
1181027390630592513,0.2856615223979996,0.2540532583571703,0.4602852192448301,0.24817986578677867,0.3533715306807524,0.3984486035324689
1180990793683795969,0.07141556277479012,0.33712120885958896,0.5914632283656209,0.14517478524086155,0.021836490444908273,0.8329887243142302
1181006453378351105,0.14124177752700817,0.031113966679011045,0.8276442557939808,0.10253452305122587,0.09639810147087921,0.801067375477895
1181026053260738561,0.6196169196847457,0.050765213813081286,0.32961786650217295,0.624448060034868,0.05089331622780774,0.32465862373732435
1181006279250149377,0.44783830964851484,0.29150459093235553,0.2606570994191296,0.4436752658491009,0.2028384532179626,0.35348628093293655
1180985590935814145,0.2170834911649476,0.05572076290311342,0.7271957459319389,0.2488661735508879,0.0659035966313309,0.6852302298177813
1180988442609713153,0.1461639704291409,0.49686022250437994,0.35697580706647913,0.5731691116950601,0.07470738567320236,0.35212350263173753
1181000381326852097,0.47003480797359415,0.039537392891138744,0.49042779913526713,0.30493452821109807,0.08969334834059763,0.6053721234483043
1181025942499033089,0.3467303610421491,0.37590765671548737,0.2773619822423635,0.3455945866607129,0.3088099476920491,0.345595465647238
1180988475551481857,0.29736620762865723,0.26949549356535446,0.4331382988059883,0.3842442929131143,0.03952222150056877,0.5762334855863169
1181018437092540417,0.12179329809705455,0.02437770307209244,0.853828998830853,0.22657381295437726,0.024046373313599396,0.7493798137320233
1180982448241049601,0.4116557036531274,0.08786078961274761,0.5004835067341249,0.4408844300054322,0.051575851699551055,0.5075397182950168
1181025596081733633,0.5901026806387576,0.1505067975846034,0.259390521776639,0.3724149661032724,0.1289854024338346,0.498599631462893
1180997398370025473,0.31948444496680817,0.19287184821640546,0.48764370681678637,0.411727646517078,0.31950777844436445,0.26876457503855755
1181020999508262913,0.6028473233420957,0.02128420048605275,0.3758684761718516,0.4668926717913547,0.07622710271818073,0.4568802254904646
1181002643532873729,0.5530306239129242,0.11894422862101021,0.3280251474660656,0.2961245397134217,0.1460711397701782,0.5578043205164
1180989064851554305,0.05582555983699489,0.2859024103139283,0.6582720298490767,0.533826328090328,0.025438242530684916,0.440735429378987
1181024782354743297,0.09685872596822395,0.3575825988721293,0.5455586751596467,0.36854325412278205,0.0328784964293514,0.5985782494478665
1181001146326908929,0.14718445659228996,0.18726529385400165,0.6655502495537085,0.4172877133681269,0.020348386601013305,0.5623639000308598
1181034189726121985,0.19587745086136604,0.20213590979604223,0.6019866393425917,0.28867232228876516,0.2174020180501096,0.4939256596611252
1180988746956406785,0.6284920061404914,0.06553461112092153,0.3059733827385871,0.13890757789437483,0.33063709063636004,0.530455331469265
1181028730840383489,0.25601138947571217,0.27050839702386825,0.4734802135004196,0.3485268821932999,0.32810365908818034,0.32336945871851974
1180997486806859777,0.17126886917953055,0.40621190185911915,0.4225192289613503,0.43835385643180996,0.3375378814650302,0.22410826210315982
1180987960265179137,0.11035849850230152,0.1478153857848799,0.7418261157128185,0.10044235893290548,0.040637279226773765,0.8589203618403207
1180998337409351681,0.6940664597062273,0.02401731599819208,0.2819162242955806,0.076136433805649,0.6238459432422516,0.30001762295209944
1181012023849189377,0.1811325758146629,0.04893546465569886,0.7699319595296382,0.1556126610223207,0.05931629857556103,0.7850710404021183
1181014348816384001,0.10212000918459127,0.5222692674253108,0.37561072339009793,0.3393077700025805,0.04725047267254054,0.6134417573248789
1180990902800089089,0.44248814827889865,0.22098671328885883,0.3365251384322425,0.5486560985695724,0.12450748678259639,0.3268364146478312
1181010841489866753,0.2781664672477342,0.14144386144059648,0.5803896713116694,0.3166292763442145,0.28024880472350694,0.40312191893227856
1180981609960144897,0.2542667803284936,0.09716450293664217,0.6485687167348643,0.12569309687235572,0.3958496510722339,0.47845725205541034
1181007417129205761,0.3202523559710327,0.16521326294968577,0.5145343810792815,0.41464541988188,0.06445180262318563,0.5209027774949344
1180997091114254337,0.2367755494121287,0.04591729942092964,0.7173071511669417,0.23256581995977751,0.24350912179163742,0.523925058248585
1180981365433663489,0.3874909267602693,0.1748899300149287,0.437619143224802,0.26685556600102195,0.2917345525916899,0.4414098814072882
1181014088865808385,0.34900965217054547,0.12479423002852662,0.5261961178009279,0.4731050495715034,0.1573537529962225,0.3695411974322741
1181026308694867969,0.5266594149078346,0.06686965029382624,0.4064709347983392,0.5028744998361139,0.05980770084642453,0.4373177993174616
1181023846117376001,0.0859540658199795,0.04708379815719437,0.8669621360228261,0.21470487801740362,0.009479198180675446,0.7758159238019209
1180981640771796993,0.6339486575584731,0.08531835443141693,0.28073298801011004,0.19932747287198235,0.14900510741423847,0.6516674197137792
1180995584134152193,0.46727794366392844,0.03214347400061767,0.5005785823354538,0.29496664129412625,0.04906759449534579,0.6559657642105279
1181023270624952321,0.4086557778536602,0.10985711541467175,0.48148710673166806,0.3289120914902499,0.09859877785520857,0.5724891306545415
1180993515757666305,0.42104799830899486,0.23408108891713195,0.34487091277387316,0.37751079136786897,0.12171986802447214,0.5007693406076589
1181033326634991617,0.36698732301873704,0.0956905056071971,0.5373221713740659,0.41627235857809214,0.15626129129259175,0.4274663501293161
1180984093601759233,0.48827824641337547,0.2714122818955377,0.24030947169108685,0.6057639486500095,0.04613675741388256,0.34809929393610795
1180985273363759105,0.4118729495476307,0.08608115323918641,0.5020458972131829,0.21117998964241433,0.2746272009940756,0.5141928093635101
1180993402710982657,0.2015539457508288,0.06965423855925525,0.728791815689916,0.4254200252399428,0.029169131086134132,0.5454108436739231
1181000593035100161,0.05408493704856026,0.08104621090159654,0.8648688520498432,0.31443883266561906,0.03220902800807206,0.6533521393263089
1181000355419717633,0.36331610214475324,0.39810548386131833,0.23857841399392843,0.6564620734391874,0.0642687573661457,0.27926916919466693
1180997849515360257,0.21600126370981657,0.42994697505586627,0.35405176123431714,0.6445664373100307,0.15962739360496367,0.1958061690850056
1180985443553476609,0.520813476720094,0.035858642305043105,0.44332788097486286,0.5802228672228241,0.07378186119564466,0.3459952715815312
1181028149316157441,0.29704088093528697,0.05902118964972046,0.6439379294149925,0.22158104970048517,0.062329117138897404,0.7160898331606174
1180979760207527937,0.5896776967296952,0.10029239084802079,0.31002991242228406,0.2975856528418645,0.21139325580756135,0.49102109135057415
1181030287669690369,0.15649871861510412,0.40349064517084954,0.44001063621404635,0.2663386968186195,0.017538024545956103,0.7161232786354244
1181003270387040257,0.10505681657071696,0.33310493991721873,0.5618382435120644,0.38663222598034314,0.05401076039887325,0.5593570136207836
1181027493360041985,0.22238274545292286,0.15308628547551278,0.6245309690715644,0.1389580498418688,0.1394009871006864,0.7216409630574447
1180996363013685249,0.22304647811861125,0.0405841784383407,0.736369343443048,0.12643001311152757,0.4846631403381746,0.38890684655029784
1180984165067718657,0.5917111244519563,0.14437241380114296,0.26391646174690075,0.5793144922083374,0.14507772633484833,0.2756077814568142
1180981856553435137,0.38742234898338423,0.03982339962456649,0.5727542513920493,0.35718670388990975,0.15905299247725183,0.4837603036328384
1180994083247456257,0.2921790033064765,0.021046893624110496,0.686774103069413,0.3006159116273089,0.05833780577018683,0.6410462826025043
1180989556941586433,0.2423968856370382,0.3880588654123531,0.36954424895060867,0.3579944338460983,0.07842949419056991,0.5635760719633318
1181004870353387521,0.362590172564398,0.22125603017484977,0.4161537972607522,0.44719666517374557,0.13260048969976654,0.42020284512648787
1180988104226963457,0.2977993396970934,0.10943990266192918,0.5927607576409775,0.1445881794737856,0.1484602375959505,0.7069515829302639
1180993865436135425,0.17159998901050344,0.16954549610764041,0.6588545148818561,0.38540024268137324,0.09137907510303343,0.5232206822155934
1181006147968303105,0.34452049463653167,0.2075345255053299,0.4479449798581384,0.3328721870536963,0.15021277896142235,0.5169150339848814
1180982551840489473,0.39731104447261595,0.11432892850217752,0.48836002702520653,0.22772075735630684,0.3757087005306675,0.39657054211302567
1181019701613854721,0.28931295202226187,0.17086364397575718,0.5398234040019809,0.40560499646656434,0.10359998429107563,0.49079501924236
1181005945997852673,0.5125709261775776,0.061422538109024025,0.4260065357133984,0.42562813603955674,0.11068875852577155,0.4636831054346717
1180981441932722177,0.1893381214889698,0.056607879987304176,0.754053998523726,0.2838439830387347,0.0974288113100165,0.6187272056512487
1181028311570317313,0.133065320879623,0.05908939416549917,0.8078452849548778,0.1087557334470734,0.14313220899874024,0.7481120575541864
1181004900391813121,0.24706513595685353,0.06974285344831808,0.6831920105948284,0.4726795114903585,0.07573163147695615,0.45158885703268536
1180995579872575489,0.48271473252354513,0.13898462591704627,0.37830064155940857,0.5092555330747324,0.02079820776686293,0.4699462591584047
1181018875464318977,0.10781308344560193,0.12570038536426892,0.7664865311901292,0.40525696114507165,0.06896037036097441,0.5257826684939539
1180990912609681409,0.40512293056492704,0.3287866161212765,0.26609045331379644,0.6262554409152643,0.08754046603931095,0.2862040930454247
1181005130081533953,0.5646907050812626,0.026920100385530228,0.4083891945332071,0.4599540051020198,0.32023794938652517,0.21980804551145505
1181029289682108417,0.2674525721657057,0.026112046886502153,0.7064353809477921,0.2734666539346412,0.057559652523683814,0.668973693541675
1181004681384919041,0.3112977973399721,0.17019629764015493,0.518505905019873,0.5213657791821565,0.08575840325621739,0.39287581756162604
1181003384375640065,0.15173646806011534,0.1153021570536619,0.7329613748862227,0.2963657020780004,0.17884685883269835,0.5247874390893013
1181014077189259265,0.46781602055221155,0.15402877904844964,0.3781552003993388,0.315021007560248,0.2754079234247516,0.4095710690150004
1181020523502731265,0.28917835332259473,0.2988930052075357,0.4119286414698696,0.266623283278777,0.19320317440349036,0.5401735423177326
1181004030071537665,0.47550307719729085,0.05253629486402181,0.4719606279386873,0.5232180713749758,0.0236393358301885,0.4531425927948357
1181023388422635521,0.2520354491769793,0.01397915747539832,0.7339853933476224,0.6101408851681902,0.1894706629880461,0.20038845184376375
1181027816125431809,0.46502165247944455,0.1515879646964147,0.38339038282414073,0.46644337281748366,0.0711532123820157,0.4624034148005006
1181003763605667841,0.35441791013235235,0.11744857252190503,0.5281335173457427,0.3358647903501687,0.17935201151998412,0.48478319812984716
1180990217155969025,0.37474366638216455,0.3362752825381869,0.28898105107964855,0.47131948970775317,0.178902503843867,0.34977800644837986
1181029400668372993,0.30241152381809056,0.12992385555341623,0.5676646206284932,0.16041291040752345,0.2944434520672793,0.5451436375251972
1181023577068568577,0.40740519718736246,0.08084279969237401,0.5117520031202636,0.2242859997484894,0.10002038846063509,0.6756936117908755
1181035303111294977,0.7085741672330549,0.013100033715939267,0.27832579905100585,0.6272000703581766,0.20738473173407723,0.16541519790774617
1181001592278876161,0.28672859050785,0.20147692253411578,0.5117944869580342,0.2616307460597107,0.10828333455070947,0.6300859193895798
1181001325488603137,0.538480686963999,0.0800336415238639,0.3814856715121371,0.23537466081454114,0.4207545480176611,0.34387079116779773
1181028263302758401,0.39408676139085835,0.06205099831872405,0.5438622402904176,0.32158081735521943,0.1213125733065541,0.5571066093382264
1181005173794799617,0.3739010742563341,0.06681216748681769,0.5592867582568481,0.13064796164318254,0.35811460609544316,0.5112374322613744
1180989261435469825,0.17570554091111376,0.10203551092571901,0.7222589481631672,0.31189172721989017,0.07027911451739224,0.6178291582627176
1180999671006101505,0.18671234494196082,0.13390132407672684,0.6793863309813124,0.3022023191212858,0.03649118725506855,0.6613064936236457
1181017147926249473,0.4155890213926532,0.021034752971776156,0.5633762256355707,0.3339134865400811,0.09836499238201278,0.5677215210779061
1181031831688970241,0.6091850641440774,0.08686260621669278,0.3039523296392298,0.3501961374966017,0.1455816794281675,0.5042221830752308
1180986391408476161,0.38319407394025307,0.25970490649278577,0.35710101956696116,0.43334472240459215,0.04588348868015131,0.5207717889152566
1180986212788436993,0.29306628268720913,0.1932066898924188,0.513727027420372,0.30317690898907,0.10499824183095986,0.5918248491799701
1180991686882951169,0.18410459363903053,0.26367008221864074,0.5522253241423287,0.5033641119146942,0.07405246150510347,0.4225834265802023
1180986004270317569,0.5528847788425378,0.03783074060144962,0.4092844805560125,0.4483270401059281,0.12706599583952757,0.42460696405454434
1180981776602300417,0.1151232807924988,0.3938081980312508,0.49106852117625044,0.4575282691456632,0.04464864269824279,0.497823088156094
1180980544380502017,0.15998649201331386,0.3613067464718407,0.4787067615148455,0.2009268608721331,0.014564149001373306,0.7845089901264936
1181027682843230209,0.1951770206685225,0.17147061231964056,0.633352367011837,0.14300961558824013,0.4079462076346813,0.44904417677707853
1180986245280563201,0.16633899999626509,0.20247469888208927,0.6311863011216456,0.05467871607810336,0.16257437397222774,0.7827469099496689
1181022222856126465,0.5818012386580534,0.11215735607048222,0.3060414052714643,0.3362441564918151,0.20842835344853422,0.4553274900596507
1181026049452507137,0.6144340986901966,0.0823314104902027,0.30323449081960074,0.5329163452241362,0.01794627519626397,0.44913737957959976
1180995484822863873,0.220463072664277,0.07087758556708869,0.7086593417686343,0.1973470379632835,0.25393969752443013,0.5487132645122863
1180995386902446081,0.26204602583457537,0.1966702117418778,0.5412837624235468,0.29195498088819255,0.058635331919039545,0.6494096871927679
1181022119715504129,0.3151460355548396,0.0226138064254721,0.6622401580196883,0.4991984467601861,0.13818075608895297,0.36262079715086093
1181030973985423361,0.43347237050233445,0.11784369382587447,0.4486839356717911,0.32223793297513076,0.21007094864620396,0.4676911183786653
1180995795234652161,0.31192392229301175,0.1304633861966265,0.5576126915103617,0.17868038692079471,0.13534696342812333,0.685972649651082
1180998324159152129,0.2830727037656765,0.34020900658447745,0.3767182896498461,0.5859560028365162,0.0592328388638467,0.35481115829963716
1181019336674803713,0.1500503385793786,0.26925638930190277,0.5806932721187186,0.4735488423550782,0.052367289387090246,0.47408386825783155
1181009352187346945,0.4743123783691648,0.14707537851450384,0.37861224311633135,0.4516607606555484,0.2175418277083342,0.3307974116361174
1180989137220796417,0.08162891140057303,0.6484796277761321,0.26989146082329485,0.5152528989305213,0.043309104221415845,0.44143799684806284
1180998259427344385,0.2820092115544185,0.34817341456600437,0.36981737387957714,0.1622346880777767,0.39681394789055635,0.4409513640316669
1181011156414922753,0.3540672290778026,0.07526827205042971,0.5706644988717677,0.23466118442439754,0.30790473691676645,0.457434078658836
1180988659681591297,0.4493108746359431,0.05684345424593765,0.4938456711181193,0.4825739205837283,0.07695999640219477,0.44046608301407697
1181027751051591681,0.45635979495975976,0.1540519477038225,0.3895882573364178,0.3317886974696353,0.19324920792148295,0.4749620946088817
1180990972523380737,0.3357005014327328,0.26654493369195587,0.39775456487531136,0.20762612794844318,0.29031088593357035,0.5020629861179865
1181024986294616065,0.3247076237662263,0.10980699600047888,0.5654853802332949,0.29633950033110895,0.3119752817627492,0.39168521790614186
1181023598716256257,0.3476528264736339,0.2555482135701312,0.39679895995623493,0.434283985361943,0.11829929144520966,0.4474167231928473
1181025183006621697,0.2588375485034611,0.15786400604285297,0.583298445453686,0.23631102249404784,0.014715838537887391,0.7489731389680647
1181032385111359489,0.33710905387059203,0.056712917409117186,0.6061780287202908,0.2958962900489239,0.1452789566591166,0.5588247532919595
1181007682272559105,0.3539777440869293,0.050105503268258654,0.5959167526448121,0.1707195336048224,0.0253729776111155,0.803907488784062
1181019814700515329,0.24880040155726793,0.15047140599287342,0.6007281924498586,0.3074339868568965,0.1563788194644307,0.5361871936786728
1180993939933462529,0.1715110110324901,0.13596688393676387,0.692522105030746,0.17177705543190208,0.2872254398668359,0.5409975047012621
1180997289414000641,0.4599939665403236,0.17561245775068632,0.3643935757089901,0.5284350487038894,0.06603059704609875,0.40553435425001194
1181031421645586433,0.7090978577201441,0.11485194467412276,0.17605019760573315,0.16569413463752072,0.34041720810297504,0.49388865725950426
1181019910586499073,0.28146261667024774,0.2838203581276467,0.43471702520210553,0.21052523899569334,0.015637123838450617,0.7738376371658561
1181029136493346817,0.2843881958126173,0.41325961878007245,0.30235218540731024,0.4788767449234403,0.08849143087698601,0.4326318241995737
1181003266579070977,0.5994148267494367,0.07803333832975656,0.32255183492080675,0.6620414734329991,0.10024960440730243,0.2377089221596984
1180980177315528705,0.21643227993787548,0.13771644073944653,0.645851279322678,0.1642772915010798,0.3269684505768258,0.5087542579220945
1181000523868143617,0.26458293168283514,0.2177141393913217,0.5177029289258431,0.16370247912591865,0.5677517671653707,0.2685457537087107
1181004264825290753,0.286770133865839,0.07315544461273413,0.6400744215214269,0.11444368645873508,0.23612679419962795,0.649429519341637
1180999284289372161,0.4914149918175995,0.07388358588953782,0.4347014222928627,0.2874637481777579,0.03068348146642582,0.6818527703558164
1180986902722117633,0.6755498916006358,0.07745872644384354,0.24699138195552062,0.47911846535120284,0.10116227862656745,0.4197192560222297
1180988693270167553,0.3515872153573624,0.05717248436169459,0.591240300280943,0.18301701017004288,0.18687543378828889,0.6301075560416682
1180990212799463425,0.43719879578923293,0.2743388555754571,0.28846234863530995,0.5271973235580749,0.23665635833905196,0.23614631810287312
1181027263994134529,0.2887742926973923,0.0528348979998941,0.6583908093027135,0.15385300448785208,0.4377538372512497,0.40839315826089817
1181013204193181697,0.5095898431135694,0.020402879080430637,0.47000727780600005,0.30107782077601747,0.2859414951568419,0.4129806840671406
1181005522470240257,0.3276941036897195,0.018580036522960284,0.6537258597873201,0.3806475713723931,0.13023476520190433,0.4891176634257026
1181034634418454529,0.29708488436256525,0.13464180806399606,0.5682733075734387,0.20353767752638685,0.25816757699806797,0.5382947454755451
1180996905080782849,0.3502443426289658,0.027139411449754427,0.6226162459212798,0.16377909164424578,0.16608177524936932,0.6701391331063848
1181026382224064513,0.17571589028090337,0.24893628989039177,0.5753478198287049,0.15444984567294415,0.08099775245625634,0.7645524018707995
1181022499744710657,0.23280516468367554,0.08048616598701305,0.6867086693293114,0.09717215298366975,0.5343080984727732,0.36851974854355707
1181029498170867713,0.32690959307373074,0.03724233711490501,0.6358480698113642,0.4355107626029474,0.21126072518361746,0.3532285122134351
1181021387383439361,0.19252248313223977,0.43626734716333687,0.37121016970442333,0.2801797423242332,0.11014489076392793,0.6096753669118389
1181015160151769089,0.11225945902436955,0.03685568541671528,0.8508848555589151,0.14631376929862852,0.22980682491626978,0.6238794057851017
1180982569229746177,0.19752306677186365,0.029196941736145753,0.7732799914919906,0.3790672397300655,0.05439594100496733,0.5665368192649671
1180998302306500609,0.3625273641423968,0.06998250490397172,0.5674901309536315,0.4227759726256294,0.13253721207514768,0.44468681529922294
1181009239167762433,0.5609268266447798,0.07908185374395628,0.35999131961126396,0.24858896886408147,0.23183836523013915,0.5195726659057793
1180984160613040129,0.5351489279371581,0.16040735398690195,0.30444371807593995,0.5092874546247932,0.17052614723196463,0.3201863981432421
1181001841355390977,0.2710037925507951,0.022853291505784638,0.7061429159434203,0.539658505005107,0.023590854358134537,0.4367506406367584
1180996950345318401,0.43324493345809517,0.04491508509039356,0.5218399814515113,0.19663095665584093,0.4544702227112992,0.3488988206328598
1181018871074717697,0.4939212272897377,0.05687015606103079,0.4492086166492315,0.2032332201590651,0.13042897045382862,0.6663378093871063
1181000717155532801,0.34237031421744807,0.1635415679206962,0.4940881178618557,0.2766615257746807,0.07690343140200605,0.6464350428233132
1180992057109282817,0.20829318982355735,0.021748372222621472,0.7699584379538211,0.366678149045463,0.10487789212700993,0.5284439588275271
1180980463817293825,0.3880541464622861,0.23257940084856207,0.3793664526891518,0.4310860464470733,0.06726727005317099,0.5016466834997557
1181004521547792385,0.5832714010956829,0.23328414106205259,0.1834444578422646,0.328237638188907,0.15278243190391974,0.5189799299071732
1181019059464732673,0.2871808796767271,0.06883768920861479,0.6439814311146581,0.278828879775191,0.029071544059123603,0.6920995761656854
1181020016217194497,0.2670418153813207,0.196688507485544,0.5362696771331352,0.30745438187019375,0.05019310106616824,0.6423525170636379
1181020956401467393,0.40337071908521605,0.21425336630174874,0.3823759146130352,0.36390926328037626,0.2838140119205211,0.35227672479910266
1181031128011800577,0.555398518141398,0.04400312955058546,0.40059835230801655,0.25983189554332164,0.4104636165952601,0.32970448786141826
1180984296025587713,0.30426162194592704,0.0430020945260583,0.6527362835280146,0.36881192287604947,0.07364434679883117,0.5575437303251194
1181030197717073921,0.5470470903925242,0.048648170092851946,0.40430473951462387,0.2350089476193686,0.3367851719104309,0.4282058804702005
1181002577424351233,0.11063293752624767,0.18296312712304658,0.7064039353507057,0.4636793462992453,0.09461773705436356,0.44170291664639116
1180999548854501377,0.29930917555883285,0.13341819503213273,0.5672726294090344,0.4082280873426315,0.01612967193352888,0.5756422407238396
1180985179829305345,0.6796967895308313,0.19044748953096008,0.12985572093820852,0.5803953843981174,0.05024451919818087,0.3693600964037017
1181025871130361857,0.33801369914192275,0.30431411263367963,0.3576721882243976,0.6476436390208121,0.0801876942036753,0.27216866677551255
1180989257080504321,0.11341068439255589,0.1594854533148278,0.7271038622926163,0.24738440986392746,0.05831171194754125,0.6943038781885313
1181004439825711105,0.3197678676190235,0.1486478601676906,0.531584272213286,0.5285311360840013,0.0674987376198064,0.40397012629619233
1180979972890853377,0.5396252165982869,0.021584581624058012,0.43879020177765515,0.49681638002269335,0.16047081775688088,0.34271280222042577
1180999998096343041,0.3824041741995429,0.34267560024492766,0.2749202255555294,0.5409079418834943,0.05052683089279503,0.4085652272237107
1180984918684925953,0.4955657079703682,0.15153282145813768,0.3529014705714941,0.39648745465076596,0.0466218203307182,0.5568907250185158
1181003114003660801,0.1059203980524342,0.14158009848442343,0.7524995034631423,0.22164099023136494,0.17428024783837345,0.6040787619302617
1181023417104236545,0.5008452810968945,0.021554513713772958,0.47760020518933255,0.287621100992809,0.14843020318371516,0.5639486958234758
1181006143613173761,0.24135907804810217,0.39582613691590046,0.3628147850359974,0.5059485087348284,0.0690361105762539,0.42501538068891764
1180993992555069441,0.0857582784737113,0.5410456835309005,0.37319603799538814,0.5174496662166761,0.14343618357336618,0.3391141502099577
1180979755981537281,0.37863000280771925,0.2054083209654974,0.4159616762267834,0.5093820050281,0.04362759970600373,0.44699039526589623
1180985269587214337,0.14851408995910462,0.09318432221201228,0.7583015878288831,0.1389630791023869,0.03818023478100044,0.8228566861166127
1181017412102225921,0.04416156264592222,0.1848707282502034,0.7709677091038744,0.1363665334918768,0.018933002326388965,0.8447004641817342
1180995778069037057,0.33791210379002806,0.224381757160189,0.43770613904978295,0.28593940928051326,0.10786754891933899,0.6061930418001478
1180996173302693889,0.32769703280457113,0.2495974622083294,0.42270550498709947,0.09753821219105668,0.12231608402121932,0.780145703787724
1181014278222970881,0.23015198574120085,0.12959440160430866,0.6402536126544904,0.31356454157720426,0.07198664797933575,0.61444881044346
1181000350774067201,0.29976238053366017,0.38619384480199553,0.3140437746643443,0.5395376297930735,0.11176391874794003,0.3486984514589865
1181032443798880257,0.35120074522857603,0.25560757312665194,0.39319168164477203,0.4753642023707439,0.2458188523797659,0.2788169452494902
1180998276431183873,0.2796002146300404,0.09278691610308822,0.6276128692668714,0.1475260535568099,0.1153800149954777,0.7370939314477124
1180985410805923841,0.09892054760302733,0.3012985644115253,0.5997808879854474,0.2543112147705738,0.1758585351698575,0.5698302500595687
1181002304117571585,0.2739318562228554,0.14405925540015427,0.5820088883769903,0.1367619036932311,0.19828889750642972,0.6649491988003391
1181030511998173185,0.5728157847650115,0.05961858776374954,0.367565627471239,0.251803924504242,0.09674248633454226,0.6514535891612158
1181004223751880705,0.25381554437892073,0.4181557761994047,0.3280286794216746,0.3024896302651318,0.0941284610468384,0.6033819086880298
1181025929529884673,0.4050483254744759,0.294874466891178,0.3000772076343461,0.4378707784670448,0.10929086449225378,0.4528383570407014
1180986592438091777,0.3973903385040763,0.11989113502856215,0.4827185264673616,0.26535890884994484,0.2945593354777084,0.44008175567234675
1180988025534873601,0.5030163643036613,0.09240008533879564,0.4045835503575431,0.7025141395924068,0.08482862060856408,0.21265723979902906
1180995703668244481,0.44037573155522075,0.018835467998623946,0.5407888004461553,0.5458541069109841,0.03038400944026933,0.42376188364874656
1181005403417182209,0.15239297243960429,0.0689099112653847,0.778697116295011,0.3520120630822789,0.06964068478979042,0.5783472521279307
1181031370572136449,0.44374882539001065,0.24391009669025346,0.31234107791973587,0.2682859744984503,0.05345181884320065,0.678262206658349
1181032360558690305,0.6481396685187512,0.021335900566289246,0.33052443091495964,0.7191423158740636,0.06400235482272203,0.21685532930321438
1181006333582442497,0.05334618179919868,0.10896685528163164,0.8376869629191697,0.15654620742163194,0.2063858750534515,0.6370679175249165
1180989903229386753,0.4192157548840569,0.27469381024012,0.3060904348758231,0.1947508387015598,0.12572338635912156,0.6795257749393186
1181031748093673473,0.24698848910950483,0.06079231481778785,0.6922191960727073,0.5098359959665417,0.13361576013748055,0.3565482438959777
1181021539345629185,0.504024352924201,0.0731702777932576,0.4228053692825414,0.25735780023088006,0.21447418098124182,0.5281680187878781
1181031870664081409,0.6976909800279856,0.04678017121983421,0.2555288487521802,0.6527271961753559,0.1260365698955727,0.22123623392907144
1181005820006662145,0.1947377135749387,0.05422918271515181,0.7510331037099095,0.33129397567906144,0.26628870710342273,0.40241731721751584
1181017817949601793,0.14424303620748163,0.17864789517483365,0.6771090686176847,0.3464843030211228,0.14051363960452867,0.5130020573743486
1181022218985209857,0.4536087396207992,0.16324548896998323,0.3831457714092176,0.23279865387826684,0.34641297744674515,0.42078836867498803
1181027182980530177,0.1469966162515323,0.305801402470718,0.5472019812777497,0.3467208035285452,0.030010134713719633,0.6232690617577352
1180985435328413697,0.4029539815085078,0.07109418456685422,0.525951833924638,0.5029467060194767,0.06416525469998213,0.4328880392805412
1180981004947652609,0.1700538803217657,0.05744693495981811,0.7724991847184162,0.21712329986808065,0.05817972746240974,0.7246969726695096
1181034544307404801,0.16455725199476207,0.3822513864184756,0.4531913615867623,0.3829752594495021,0.08633855234993704,0.5306861882005609
1180996358335922177,0.23825601270478203,0.10763296203171735,0.6541110252635006,0.22352281988214126,0.13281987731336112,0.6436573028044976
1181010559629754369,0.4715338717179529,0.21560568277954098,0.31286044550250613,0.5751272937765739,0.03405615303337771,0.3908165531900484
1181019275147739137,0.2804420443322981,0.07341770413221835,0.6461402515354835,0.2286812890093696,0.06886873799906415,0.7024499729915663
1180991165948559361,0.4877953120595003,0.1757568956446634,0.3364477922958363,0.566683689397565,0.09744980526879876,0.33586650533363627
1180988794642006017,0.40097667728434233,0.09064058587771495,0.5083827368379428,0.2095753756748245,0.0893606649494182,0.7010639593757573
1181007484526919681,0.1730205456961683,0.10913127874840099,0.7178481755554307,0.18786073979532847,0.2899823419882433,0.5221569182164283
1181000317443768321,0.08836718133548871,0.03787169596834485,0.8737611226961665,0.27409000073861495,0.13814427924991868,0.5877657200114663
1181025591887626241,0.19149426712278295,0.49856580409034945,0.3099399287868676,0.3465718195575765,0.05851155452680858,0.5949166259156149
1181000519447740417,0.16880507768823097,0.5804621599024398,0.2507327624093293,0.23375714103054568,0.28867544342885193,0.47756741554060245
1181007975357972481,0.4425224509242269,0.07739351321804093,0.4800840358577322,0.30312661509073935,0.048235637374665956,0.6486377475345947
1180990788231561217,0.20648335423159855,0.397115604680884,0.3964010410875174,0.08859462823668084,0.18196144286477703,0.7294439288985421
1180990533246484481,0.39990481718084914,0.2149902676671038,0.38510491515204703,0.36478194199816694,0.2764469105844982,0.35877114741733485
1180985586643566593,0.2552953588733761,0.015135266661410204,0.7295693744652136,0.19969477744683214,0.19465836125108052,0.6056468613020873
1181034913720500225,0.11133306887038674,0.16009529881785522,0.728571632311758,0.33552130040043115,0.1815250734867749,0.4829536261127939
1181005716470661121,0.1288992424842266,0.24785297492129213,0.6232477825944813,0.23671334574214925,0.007075706143932063,0.7562109481139186
1180989408171622401,0.29785537064552886,0.1629964185882562,0.5391482107662149,0.3048730026603471,0.16206120658909304,0.5330657907505598
1180981101773750273,0.03401435874332021,0.145193382676615,0.8207922585800648,0.2641203117883625,0.05673327718926431,0.6791464110223733
1181000285018685441,0.34147011858843634,0.4224229850773863,0.23610689633417736,0.26397731836029575,0.34083499982453563,0.3951876818151686
1180994411919835137,0.6355718734281353,0.06871024892665638,0.2957178776452084,0.21882637412625006,0.6295457438570988,0.15162788201665112
1181018922793369601,0.39746799507619285,0.27235672596806865,0.3301752789557385,0.38432195983858425,0.3561837434571678,0.25949429670424795
1180998332827828225,0.5697957638857797,0.05548195232951397,0.3747222837847064,0.6443188184752924,0.03140849487714034,0.32427268664756725
1181035058358484993,0.5876862416022622,0.04830806566384614,0.3640056927338916,0.5625749460387088,0.11244900280981235,0.32497605115147876
1180997394562744321,0.21741519649053365,0.23025487775564196,0.5523299257538243,0.594448339433599,0.21854421717099037,0.18700744339541064
1181027403568087041,0.11368204336197947,0.08213873087409358,0.804179225763927,0.3376851988061619,0.13464998686294227,0.5276648143308958
1180990476332335105,0.42377181404407044,0.12997878168346916,0.4462494042724604,0.4507957226840974,0.047089135413764416,0.5021151419021381
1181032116062814209,0.6599245454100309,0.16212687402322976,0.17794858056673934,0.44594840521834966,0.07347930205200837,0.48057229272964197
1181024731472953345,0.20834485097972844,0.08785924374312776,0.7037959052771439,0.388598186556866,0.14338160028779884,0.46802021315533515
1181001530397589505,0.08978489788671919,0.19543120366691621,0.7147838984463646,0.14775774906004757,0.19625567367816302,0.6559865772617894
1181024626970460161,0.15592339612767422,0.3277125704839135,0.5163640333884123,0.43501157416432484,0.23320640484309313,0.331782020992582
1181005962418978817,0.5525894716587725,0.15610856745349277,0.29130196088773475,0.7156849700259258,0.06033716595063358,0.22397786402344066
1181007032220647425,0.26032502328642637,0.40077469623053236,0.3389002804830412,0.1788606696864735,0.25293339084527355,0.568205939468253
1180995575066165249,0.2759984363539579,0.03202040697510428,0.6919811566709378,0.2848738328148146,0.03919351855665841,0.675932648628527
1181035134791122945,0.47908531885309047,0.06509287955096589,0.45582180159594365,0.3093213143821069,0.34333462463073156,0.34734406098716153
1181006610439012353,0.04440151820572573,0.26399119858324377,0.6916072832110305,0.41021651507215345,0.04676530620551875,0.5430181787223278
1180994128002613249,0.2751214116260306,0.10694217342888099,0.6179364149450884,0.5476440157082156,0.05427877648583154,0.3980772078059528
1181006944047497217,0.18193456667379926,0.6267383775724426,0.1913270557537582,0.1755821290021836,0.01688910124011516,0.8075287697577013
1181007678402297857,0.3841596062655722,0.06913286823484091,0.5467075254995869,0.4459368583398549,0.11115797758609561,0.44290516407404945
1180982019226009601,0.3103308031298953,0.38082302322168043,0.30884617364842426,0.3512437444730136,0.15287739272774306,0.4958788627992433
1180992811340988417,0.18880534344976851,0.27932127195372974,0.5318733845965018,0.40224461436939163,0.11260291106117236,0.485152474569436
1180999084932792321,0.6962182666351648,0.031048041063659222,0.27273369230117595,0.44742223792224506,0.15351313093450888,0.3990646311432461
1181033827081519105,0.3838988616118803,0.06719340947280592,0.5489077289153138,0.29842650553718275,0.2095042502802441,0.49206924418257314
1180989060433149953,0.11154683467567456,0.15809956356743293,0.7303536017568926,0.5513270926928567,0.013440543686067409,0.43523236362107587
1180997845192441857,0.26935943188801764,0.21413197851407942,0.5165085895979029,0.494184375271864,0.11639100785893242,0.3894246168692036
1181020994989096961,0.4987660181301092,0.037567875043866196,0.4636661068260246,0.34167091197197386,0.09980326548739075,0.5585258225406353
1181005510306267137,0.27753203987278063,0.26807831822635486,0.4543896419008645,0.46267185895403096,0.15072316013397666,0.38660498091199236
1180981436961030145,0.2680736646541148,0.10216195268694157,0.6297643826589436,0.32211984078280165,0.14972866864344717,0.5281514905737512
1181002070945202177,0.2757096250425238,0.322698570352077,0.4015918046053992,0.5443328981873128,0.08843873169904456,0.3672283701136426
1180990208476807169,0.6213705433881668,0.10052498291417526,0.278104473697658,0.12794166428046444,0.4244624010219675,0.4475959346975681
1180999106581725185,0.3621765253622408,0.051536848641842305,0.5862866259959169,0.2767529493000603,0.10341471817814717,0.6198323325217925
1180990907962261505,0.30879994106443265,0.14143557987385386,0.5497644790617136,0.4808168748178445,0.0826163581268311,0.4365667670553244
1180994214175637505,0.43209967077094996,0.065787208124789,0.5021131211042611,0.4356233363735792,0.07972800345400742,0.48464866017241337
1180996614993838081,0.3010661282901368,0.10160637996208055,0.5973274917477827,0.15921526658884935,0.10415328429714907,0.7366314491140016
1180985651106971649,0.27159750820624007,0.14015927802156908,0.5882432137721909,0.28792306855363986,0.0853095531304865,0.6267673783158736
1180993336985092097,0.04541801991818984,0.11391513693368793,0.8406668431481222,0.11252552929908237,0.016518316135844684,0.8709561545650729
1180985097652305921,0.24870527932360056,0.09598259214353823,0.6553121285328611,0.10282802660848374,0.4307789690073808,0.46639300438413545
1180983539952615425,0.17968891476736487,0.16359736520521662,0.6567137200274185,0.18378386274343225,0.28188208267456644,0.5343340545820013
1181035660079923201,0.3863849594826647,0.11468248384640886,0.4989325566709264,0.3712372570022887,0.057533929564584425,0.5712288134331269
1180980248909152257,0.3577509939429331,0.18105027849392363,0.4611987275631433,0.32172307619145535,0.17070144089675707,0.5075754829117876
1181024684787662849,0.35281174692421247,0.37535958344765874,0.2718286696281288,0.3378892070137063,0.1827141857910529,0.4793966071952408
1181026740029227009,0.46360745466286374,0.12198611956070578,0.4144064257764305,0.47077979004789305,0.14782566721179183,0.38139454274031515
1181025151517917185,0.4643971552282249,0.1450804260643167,0.3905224187074584,0.2928834271286229,0.061865518195409974,0.6452510546759671
1180981382113525761,0.5031206187056948,0.11458141196886219,0.382297969325443,0.32509334674437584,0.23916891098319934,0.4357377422724248
1180993721505185793,0.23023414101179135,0.13644681399411368,0.633319044994095,0.26844824065753964,0.19255891196303448,0.5389928473794259
1181035147568840705,0.28558119147390637,0.32605443594285655,0.3883643725832371,0.46097650226526965,0.11572457100955678,0.42329892672517355
1181021025833975809,0.5451420855597102,0.12317412390134906,0.3316837905389407,0.577144261918115,0.1327814010952615,0.29007433698662355
1180991742148608001,0.2955623906348894,0.10829719308059917,0.5961404162845114,0.26538542877845106,0.12128547016444402,0.6133291010571049
1180983159883988993,0.31527700983700907,0.11692442607856825,0.5677985640844228,0.28055432627608795,0.12292851922276735,0.5965171545011447
1180983591801421825,0.3464848386587273,0.19272079814394452,0.46079436319732814,0.18819308418507869,0.3360306888423276,0.4757762269725937
1181005016379621377,0.14157811779739982,0.21374420559372853,0.6446776766088717,0.12235017543921342,0.24356444914029968,0.6340853754204869
1180979751916470273,0.23888455496852062,0.1374522365332002,0.6236632084982792,0.2223947461399558,0.07521704863823996,0.7023882052218042
1181025314836119553,0.20857848868970316,0.11306425462946348,0.6783572566808334,0.25893933498873806,0.1861132046546609,0.554947460356601
1180988420768333825,0.49424182741982337,0.10664923681477734,0.3991089357653993,0.30916901628252363,0.30382992176324103,0.38700106195423534
1180985023318065153,0.26337339229064405,0.42445362217129196,0.31217298553806394,0.15053244936890833,0.5869453608337651,0.26252218979732656
1180999679554715649,0.1552136157787786,0.20715015487951952,0.6376362293417019,0.19962873586493313,0.11844252707364145,0.6819287370614254
1180986326260973569,0.290022355286227,0.2643720520703402,0.4456055926434328,0.3023618758662354,0.21239466119139686,0.48524346294236775
1181018337429618689,0.2491465115433885,0.18445065544020964,0.5664028330164019,0.34811419376002856,0.1202758212340693,0.5316099850059022
1181034194597019649,0.166682833176806,0.26911695036032596,0.5642002164628681,0.23688718917568777,0.041571304765867303,0.7215415060584449
1180998831627567105,0.35004015046224496,0.1849133520827471,0.4650464974550079,0.33736863161340946,0.2930574854621346,0.3695738829244559
1181030578497028097,0.6517311629214387,0.02491906117204349,0.3233497759065178,0.5926459593315249,0.07286704406856284,0.3344869965999123
1181008526231371777,0.1584282105089336,0.24712512841736176,0.5944466610737047,0.30831959104387885,0.03673975928563933,0.6549406496704818
1180982522091962369,0.25826401551232075,0.039821233501073444,0.7019147509866057,0.04100540566145134,0.4775514994210868,0.48144309491746184
1180983295457230849,0.33383417808752575,0.1517471966794546,0.5144186252330196,0.3094462571983716,0.23101140319518187,0.4595423396064465
1181003380728954881,0.31815588185855637,0.021699995503982886,0.6601441226374607,0.3266008256951838,0.16232739345168534,0.5110717808531309
1181035656207564801,0.2746014040838641,0.0312310200650254,0.6941675758511106,0.20706340714627575,0.08631429820370469,0.7066222946500196
1181009431169269761,0.22642178834718651,0.21316489981553777,0.5604133118372757,0.27529277550175146,0.17374033991000834,0.5509668845882402
1181012006555385857,0.2913296110895237,0.06543583396160299,0.6432345549488733,0.13134380766250384,0.044385687231515966,0.8242705051059802
1180983976225406977,0.29078500815832,0.11861607432597823,0.5905989175157018,0.35459316106676375,0.09891026152839046,0.5464965774048458
1180999203469066241,0.6071368872653093,0.08524696168095416,0.3076161510537365,0.4391179444516163,0.16978282511219772,0.391099230436186
1181026305402765313,0.7016800165399923,0.09492062265714478,0.20339936080286292,0.615035953413029,0.07383900239525444,0.3111250441917166
1181221507928227841,0.5765258183390647,0.06556306737796617,0.3579111142829692,0.29096198971608883,0.17718137841585313,0.531856631868058
1181221420077121537,0.14125318226318923,0.6573622347580906,0.2013845829787202,0.47860887757711384,0.02433695554079914,0.49705416688208703
1181221470791991297,0.39182110845745133,0.13847661183118423,0.46970227971136447,0.4628996354943607,0.06537860055369922,0.4717217639519401
1181221449951543297,0.41964017675056825,0.40681423173085146,0.1735455915185803,0.6722314179487479,0.03647890662698768,0.2912896754242644
1181221518124220417,0.3129270907862536,0.1858990519885373,0.5011738572252091,0.2632587980038333,0.11311369400347988,0.6236275079926868
1181221410113552385,0.2707562676937022,0.0829742137563539,0.6462695185499439,0.4255436779907712,0.11019363584724494,0.46426268616198385
1181221499087978497,0.19077994682518595,0.3184649799285179,0.4907550732462961,0.1551105880629717,0.5333395372875263,0.3115498746495021
1181221430141517825,0.3823961673576645,0.12279236689611445,0.49481146574622104,0.35555508345346387,0.1540426177241734,0.49040229882236275
1181221489795203073,0.41507016585252887,0.09045123502048316,0.494478599126988,0.21891069301724408,0.21228480689556772,0.5688045000871882
1181221480375943169,0.2454000919378834,0.14925729667849305,0.6053426113836236,0.3383272186637825,0.35074610808461854,0.31092667325159895
1181221439950356481,0.12418516677921565,0.21893504973556321,0.6568797834852211,0.37994023946703304,0.2641960595107996,0.35586370102216736
1181221460922204161,0.1555030309091973,0.2582804736818173,0.5862164954089855,0.4982525764784318,0.26110347113478793,0.24064395238678027
1181221570747334657,0.6133561511378645,0.027450161229163838,0.35919368763297166,0.48514542121916676,0.1830066147684428,0.3318479640123905
1181221560650301441,0.36178933582035594,0.4048398786904024,0.23337078548924173,0.6836843095662074,0.03140020512326115,0.28491548531053146
1181221590201827329,0.36199693411688405,0.34815534204620346,0.2898477238369125,0.40454868002352384,0.006951550281928479,0.5884997696945478
1181221580428148737,0.5285176427117143,0.15666114349436003,0.3148212137939257,0.2839853617976482,0.37550570161715513,0.34050893658519665
1181221529448382465,0.6534546479470935,0.21109881571219893,0.13544653634070758,0.489444736209652,0.008470658483500653,0.5020846053068473
1181221539385278465,0.6652676305356158,0.029435739769813167,0.30529662969457105,0.3144472282042861,0.12697097040596908,0.5585818013897448
1181221549386989569,0.3333716505540868,0.018789734489157443,0.6478386149567558,0.2470987615761646,0.05440914932121353,0.6984920891026218
1181221610786586625,0.3333195378316538,0.17173897477684907,0.4949414873914971,0.5115469007334306,0.08095282531608454,0.40750027395048494
1181221681573691393,0.12112336955298031,0.03967608130600106,0.8392005491410186,0.07730002356390941,0.17944098728998908,0.7432589891461014
1181221620820246529,0.25424367374874846,0.10656574604977924,0.6391905802014723,0.24113457676083744,0.27807816505043154,0.480787258188731
1181221630692917249,0.2753085034771925,0.12468287054135119,0.6000086259814563,0.3867025894854613,0.02061172921781655,0.5926856812967221
1184411916109512735,0.3203701552930362,0.13200605525981376,0.5476237894471501,0.4111065982216644,0.09066302746000857,0.49823037431832706
1181221661989797889,0.08701462538524259,0.48862269461644586,0.42436267999831156,0.14839402499102342,0.04801457439244742,0.8035914006165292
1181221671573716993,0.2383208384619492,0.024514654906234862,0.737164506631816,0.3664918681956862,0.14541934464715953,0.4880887871571543
1181221640664023041,0.43351011875719847,0.04133061827834507,0.5251592629644565,0.4216147479692004,0.27014346867203176,0.30824178335876784
1184242995619430401,0.13558201487148672,0.5038460313632155,0.3605719537652978,0.7745694543296363,0.07216118248454377,0.15326936318581996
1181221650633392129,0.143291695570251,0.4279820443722163,0.42872626005753267,0.38811556827176913,0.04239897389292874,0.5694854578353021
1181221600849264641,0.49411696185269394,0.10721299205949154,0.39867004608781453,0.266319651137548,0.04065917831821233,0.6930211705442397
1184242907733032961,0.4163926527342036,0.0576869914810759,0.5259203557847205,0.3947964586779887,0.074506954855023,0.5306965864669884
1181221781088108545,0.3853614269905563,0.33593648476967686,0.27870208823976683,0.4911697815402648,0.14542183359890182,0.3634083848608334
1181221722452000769,0.3807277016692801,0.02035689722940364,0.5989154011013162,0.1493582521999921,0.15496098515529938,0.6956807626447086
1184411916109512734,0.3670531838688425,0.15861969673341764,0.47432711939773986,0.29282693155002354,0.14640231846188348,0.560770749988093
1181221771438358529,0.42413531845279345,0.18961899335351545,0.3862456881936911,0.40645132603082745,0.1880230854986842,0.40552558847048836
1181221751812423681,0.5389010861764865,0.18084915713254887,0.28024975669096464,0.6232032485548606,0.12268989436542593,0.25410685707971337
1181221821223469057,0.2340681341340795,0.19283598716591405,0.5730958787000064,0.33316851805493275,0.13311818310555898,0.5337132988395084
1184411916109512733,0.47172812885404963,0.07511456178549507,0.4531573093604553,0.3127424180013437,0.1430632079808566,0.5441943740177997
1181221790863523841,0.38588529507202685,0.1339521414323753,0.4801625634955978,0.3214808731949493,0.055837099779428266,0.6226820270256225
1181221761750368257,0.26928022040732197,0.32390004856060767,0.40681973103207036,0.5863855883496543,0.02527842936375703,0.3883359822865887
1181221732195041281,0.5567152583915189,0.10759863429949429,0.33568610730898674,0.42371869469550977,0.18433034185921165,0.3919509634452786
1181221742133673985,0.05620612098575849,0.24572626844970674,0.6980676105645347,0.42400065051639013,0.03858702088863091,0.537412328594979
1181221811188269057,0.2763882184146512,0.06268428590489804,0.6609274956804507,0.14698141461191222,0.21064807142567157,0.6423705139624163
1181221712289726465,0.6730842314697906,0.03928619609740586,0.2876295724328035,0.6606050779363879,0.09423927138441311,0.24515565067919898
1181663169506672641,0.26251474343644293,0.052972510570987515,0.6845127459925695,0.08734861965065284,0.24898275179340446,0.6636686285559428
1181663179347099649,0.28267619712808056,0.2864341305266789,0.43088967234524056,0.22148867601863073,0.07121737284401328,0.7072939511373559
1181663159794991105,0.34244416677694034,0.1997808863993958,0.4577749468236638,0.301907982938686,0.24000377154432234,0.4580882455169917
1184411916109512707,0.5978862623136264,0.07160635724812897,0.33050738043824457,0.4669315308378192,0.28481064837842346,0.24825782078375735
1181663262619795457,0.5596626999391018,0.0820535415647212,0.358283758496177,0.49219849511347497,0.26327555605348035,0.24452594883304468
1181663208577302529,0.3369812684407691,0.04525937080103043,0.6177593607582005,0.17609223624977305,0.08874801327138292,0.7351597504788441
1181663228000665601,0.3885566057455817,0.01509157311937967,0.5963518211350386,0.6008744505320436,0.02472538805364926,0.3744001614143072
1181663149507706881,0.5831979588289805,0.04436144140179367,0.37244059976922583,0.5938312784530576,0.054995612012959445,0.35117310953398295
1181663218194251777,0.5309996331871822,0.1262913402397052,0.34270902657311253,0.4308545825483206,0.059934176516254926,0.5092112409354245
1181663189155414017,0.7110980391902193,0.10433090559322973,0.18457105521655093,0.4410217747420749,0.2421136468154344,0.3168645784424907
1184411916109512736,0.1514752504835374,0.32233451483532627,0.5261902346811363,0.2699305512840314,0.0963587223138661,0.6337107264021025
1181663243132305409,0.16174865815939346,0.20659332965158247,0.6316580121890241,0.16789317505793308,0.10047257092871917,0.7316342540133478
1181663198672519169,0.3866338802946501,0.08502746363787346,0.5283386560674764,0.49524135350921594,0.19041918856397422,0.31433945792680984
1184411916109512709,0.43172923392709167,0.36278163099275235,0.20548913508015598,0.15781625509513736,0.1440269623364015,0.6981567825684611
1184411916109512717,0.3345068102245629,0.2155614272427016,0.4499317625327355,0.25135637125426774,0.17510943621874175,0.5735341925269906
3,0.2047628055619602,0.09675451412176572,0.698482680316274,0.11301437194120781,0.5018107904717005,0.3851748375870917
1184411916109512713,0.13244457800522527,0.31818664707579203,0.5493687749189826,0.4002453709983134,0.08614892668741542,0.5136057023142712
1184411916109512716,0.26063295106598916,0.1301980245912822,0.6091690243427286,0.214472673997995,0.19054982269068602,0.5949775033113189
1184411916109512715,0.6291432440634344,0.12260792191548034,0.24824883402108533,0.38846161511279653,0.25299015815745995,0.3585482267297435
2,0.4044539914538468,0.1246100824739574,0.4709359260721958,0.3250838251030047,0.23133686569672038,0.4435793092002749
1184411916109512712,0.5064773993476082,0.10268313406081504,0.39083946659157676,0.1774914148244635,0.45877872839438666,0.3637298567811499
1,0.3406565140437377,0.3585728690309431,0.30077061692531926,0.30404849140462087,0.3546803633544443,0.3412711452409348
1184411916109512710,0.42690985772716644,0.20652856336130573,0.36656157891152785,0.2634073913804279,0.05216203433618759,0.6844305742833845
1183106027040931841,0.379333365455285,0.03713674127338141,0.5835298932713335,0.4395818385186421,0.019894725456198113,0.5405234360251598
1183106017006059521,0.3046203699945184,0.5285618951730789,0.1668177348324026,0.47485871218092773,0.055182481185375346,0.46995880663369693
1184411916109512711,0.12870406450590674,0.08449873051767448,0.7867972049764188,0.15109230023773312,0.03227710712638096,0.8166305926358859
1184411916109512761,0.23886604636388872,0.06129003062183998,0.6998439230142712,0.1907975695134891,0.24843570188886782,0.5607667285976431
1184411916109512750,0.48031281983250135,0.03230075225224312,0.48738642791525555,0.7538020443628812,0.06990097368815001,0.1762969819489688
1184411896079351809,0.18640755790259714,0.17408368256733617,0.6395087595300667,0.19297439506642108,0.03229816905725913,0.7747274358763198
1184411889456021505,0.49361735025144754,0.18075828831034663,0.32562436143820583,0.4035944547517301,0.23426707943893219,0.36213846580933773
1184411916109512737,0.38534174265993415,0.05172447804865072,0.5629337792914151,0.3945737189989141,0.2445605796591343,0.3608657013419516
1184411916109512748,0.46816581816071234,0.01706916156091649,0.5147650202783711,0.5391948023639467,0.13849597907597816,0.3223092185600751
1184411875656073217,0.3389855875749893,0.051782370523838266,0.6092320419011724,0.2768838647931821,0.04271947680497233,0.6803966584018455
4,0.5583499067117002,0.031623570183059245,0.41002652310524057,0.4992045389522169,0.10565863493920838,0.3951368261085747
1184411916109512767,0.2623889718724839,0.18815094446474956,0.5494600836627666,0.2161311137051604,0.4060297032834297,0.37783918301140995
1184411916109512718,0.4271484827356296,0.17283744762722147,0.4000140696371489,0.23181501165063512,0.1363313335893454,0.6318536547600195
1184411882264199169,0.3973428338065228,0.2839561222257575,0.3187010439677197,0.3345665304474057,0.035688669799421105,0.6297447997531732
1184411909315002369,0.280880738158346,0.03096857118273746,0.6881506906589165,0.37444500694975386,0.1343587430983367,0.49119624995190947
1184411916109512722,0.4798663029062671,0.17971654799518946,0.3404171490985435,0.35462684693711366,0.3891470850900275,0.25622606797285885
1184411916109512731,0.28598655192757727,0.2494934294435989,0.46452001862882386,0.15039939901351995,0.12101102566353017,0.7285895753229499
5,0.29954021091752087,0.21110719738547482,0.4893525916970043,0.3191874897222674,0.21068765479820584,0.47012485547952676
1184411916109512777,0.48827387483097723,0.1726380366772359,0.33908808849178684,0.4989470343061463,0.12630111329509272,0.37475185239876097
1184411916109512726,0.46749338231854454,0.1438874213745793,0.38861919630687614,0.2829852858035899,0.0634742894120303,0.6535404247843798
1184411916109512749,0.1809818345407824,0.21978310831129103,0.5992350571479266,0.49252336099403304,0.05283692309557718,0.45463971591038976
1184411916109512721,0.43902653753540277,0.04234825957683084,0.5186252028877664,0.3068633345390437,0.05095442603380133,0.642182239427155
1184411916109512723,0.5551713025811136,0.12069559534906123,0.32413310206982515,0.3164983817773931,0.2887601656219875,0.39474145260061944
1184411916109512730,0.2389723307210786,0.14891508465958814,0.6121125846193333,0.5377860347602964,0.06084510428473724,0.4013688609549664
1184411916109512752,0.18310875150261868,0.1592806274410581,0.6576106210563233,0.3239882460702375,0.03157813466728006,0.6444336192624824
1184411916109512728,0.32849201027194413,0.081775231225195,0.5897327585028609,0.21163321754485984,0.12473307776356626,0.6636337046915739
1184411916109512778,0.3571017152860044,0.2486301717012756,0.39426811301272,0.4506023194567255,0.13803307656028965,0.4113646039829848
1184411916109512779,0.2155582871137043,0.06382141591882869,0.720620296967467,0.2375197324705877,0.16324742554809032,0.599232841981322
1184411916109512719,0.5127033736537705,0.02134893320840751,0.465947693137822,0.6833909108597699,0.11437960442477706,0.2022294847154531
1184411916109512765,0.3860734800435056,0.06608984834306189,0.5478366716134325,0.42673382048274366,0.05117289857890665,0.5220932809383496
1184411916109512766,0.345754958630883,0.07832476402102163,0.5759202773480954,0.08029101187226383,0.3016412617187445,0.6180677264089917
1184411916109512764,0.46953806925968206,0.12055671750848466,0.40990521323183327,0.2245979205010578,0.2076052366439035,0.5677968428550386
6,0.47487412172721166,0.12047514591024643,0.4046507323625419,0.34560373876618233,0.09486217657610342,0.5595340846577143
1184411916109512769,0.19651962542270515,0.24658786492802823,0.5568925096492666,0.307003276965601,0.19261991397622474,0.5003768090581743
1184411916109512763,0.3375849653413905,0.1566117190967698,0.5058033155618398,0.5225874420741539,0.0949835150107584,0.3824290429150877
1184411916109512762,0.583551690312305,0.04017298785718106,0.37627532183051393,0.33636328604528265,0.27463797398027323,0.3889987399744441
1184411916109512768,0.43292187468687354,0.10240104268913157,0.4646770826239949,0.33479277703106275,0.0535394878395948,0.6116677351293425
1184411916109512770,0.07955296860537296,0.5405663285694728,0.3798807028251542,0.3495393058638672,0.03866414365321918,0.6117965504829136
1184411916109512792,0.16969069155403274,0.04326574369748969,0.7870435647484776,0.29262464906966285,0.21521770022870715,0.49215765070163
7,0.1235864700271909,0.3291307907539995,0.5472827392188095,0.3563054478104065,0.051670828237200324,0.5920237239523931
1184411916109512732,0.30662710109694097,0.16509624060276157,0.5282766583002975,0.45922677084629354,0.19891215285029112,0.34186107630341533
1184411916109512738,0.07725775969970324,0.23609831402528056,0.6866439262750161,0.5011050368363809,0.04468941042249962,0.4542055527411195
1184411916109512746,0.44131095070816934,0.17476033343959427,0.3839287158522364,0.2792071725053108,0.2985299992544981,0.4222628282401911
1184411916109512743,0.43945538387703936,0.031834260566513395,0.5287103555564472,0.3902859731606057,0.04428015245097773,0.5654338743884166
1184411916109512747,0.3623367372733914,0.10478649896127425,0.5328767637653344,0.0669361364342151,0.6530495213415022,0.2800143422242827
1184411916109512739,0.1071257543665382,0.2798035589199555,0.6130706867135063,0.1786968495523596,0.26281301552406683,0.5584901349235736
1184411916109512780,0.5829844523388603,0.1408183633253207,0.27619718433581897,0.3377748802966768,0.10385927294343254,0.5583658467598906
1184411916109512804,0.3070149204958475,0.1330255148589369,0.5599595646452156,0.1703637590143358,0.12808868936274498,0.7015475516229193
1184411916109512742,0.5483469522210358,0.1057811649319085,0.3458718828470557,0.32947908749852167,0.24949132488136044,0.4210295876201179
1184411916109512787,0.48512739968197915,0.03137514073293334,0.4834974595850875,0.2592179101061972,0.46008107162261314,0.28070101827118965
1184411916109512744,0.2402222381672097,0.10831930115254654,0.6514584606802438,0.2178831297810604,0.31469527224684757,0.46742159797209204
1184411916109512788,0.1914569108477855,0.2877764160477601,0.5207666731044543,0.4750348451356105,0.11970927138765768,0.4052558834767318
1184411916109512741,0.5350965328246012,0.09162019612436158,0.3732832710510372,0.5625806763866772,0.0814279352693867,0.35599138834393607
1184411916109512758,0.1757699134599522,0.6396037610277603,0.18462632551228753,0.5444162472669202,0.19454422833054957,0.2610395244025302
9,0.5585600178320178,0.07671108699040029,0.3647288951775819,0.45807825205082386,0.05686134507005712,0.485060402879119
10,0.4181137843833928,0.057446669473725544,0.5244395461428817,0.18776182399234853,0.26958820529930166,0.5426499707083499
1184411916109512755,0.28778749361186995,0.38412213837178616,0.32809036801634384,0.4866971625465583,0.07375649217924465,0.439546345274197
1184411916109512754,0.49225613524403156,0.04505144046804878,0.4626924242879197,0.2305804938263853,0.269411807044155,0.5000076991294597
1184411916109512811,0.2941930123700676,0.10297206811215803,0.6028349195177743,0.6026261774532357,0.06252036531043746,0.33485345723632687
1184411916109512757,0.37164129062647444,0.04489536500946003,0.5834633443640656,0.19440552476481326,0.0840738453773497,0.721520629857837
1184411916109512759,0.3059259860485539,0.15616045031079406,0.537913563640652,0.167512959455689,0.06290727926974586,0.7695797612745652
1184411916109512756,0.667580282943536,0.03201073830730788,0.3004089787491562,0.4887647416281909,0.13637732729658644,0.3748579310752227
8,0.30033169375329644,0.1985981047149424,0.5010702015317612,0.4726594964264968,0.11431548413173459,0.4130250194417686
1184411916109512809,0.26200926106092226,0.020088399111145256,0.7179023398279325,0.2246022816216695,0.09013113749629015,0.6852665808820404
1184411916109512753,0.320912228875453,0.42179381059786586,0.2572939605266811,0.7047313629695303,0.05449911277915434,0.24076952425131537
1184411916109512810,0.32026223262236936,0.03497792265307071,0.6447598447245599,0.36172997640580534,0.0247120147679705,0.6135580088262241
1184411916109512829,0.6280452626389322,0.09902067153424757,0.2729340658268202,0.6651364068611445,0.14686793632157705,0.18799565681727848
1184411916109512771,0.12278113695373613,0.08978555595773724,0.7874333070885267,0.30255118636136014,0.05209297008858076,0.645355843550059
1184411916109512773,0.4435912397086936,0.12581699378743577,0.43059176650387065,0.09009048589151895,0.18691635903255352,0.7229931550759275
12,0.20808076751415874,0.2357387190359544,0.5561805134498868,0.26790118486008185,0.1308747623527036,0.6012240527872146
13,0.4590287274535074,0.14854655064854774,0.39242472189794486,0.3627252221707637,0.04822895470518028,0.5890458231240561
1184411916109512790,0.15330263739648736,0.034052348655511676,0.8126450139480009,0.21081328867457236,0.13038911430120473,0.6587975970242229
1184411916109512772,0.23327512049262886,0.030558073425682047,0.736166806081689,0.19667659483014707,0.0885736635743917,0.7147497415954612
14,0.4598487321170804,0.07414907020614298,0.46600219767677664,0.2558310921412698,0.18279521592106973,0.5613736919376604
11,0.49692387039982056,0.14516358373810956,0.3579125458620699,0.4424027324330312,0.09940054855377098,0.4581967190131978
1184411916109512784,0.19650843248995542,0.10939513320799037,0.6940964343020541,0.314371523268872,0.09506563168587705,0.5905628450452509
1184411916109512776,0.3841575483350247,0.27328376695860823,0.3425586847063671,0.3687286382590502,0.10675734037126096,0.5245140213696888
1184411916109512789,0.3656575084911726,0.125667068089785,0.5086754234190424,0.31077017829832765,0.08918278760659144,0.600047034095081
1184411916109512791,0.5031120095242793,0.0769893209270623,0.4198986695486584,0.44796418197633087,0.33528810140362203,0.2167477166200471
15,0.5205056532555359,0.1543519862427572,0.325142360501707,0.4727914340130762,0.15522813663030524,0.37198042935661857
1184411916109512831,0.4480625717391536,0.08668170922291576,0.4652557190379306,0.3320599227009643,0.0763048242276945,0.5916352530713411
17,0.32847870117378175,0.1392246376966897,0.5322966611295286,0.25582703547400804,0.24732169442247848,0.4968512701035135
1184411916109512781,0.302173902645756,0.04622051287278767,0.6516055844814563,0.20526068185345717,0.1945675090168232,0.6001718091297197
1184411916109512783,0.6262478011210743,0.06929894361444158,0.3044532552644842,0.36743742926935347,0.2749757986071833,0.35758677212346324
1184411916109512808,0.352469029452079,0.10061069561166112,0.5469202749362598,0.1429301378012839,0.21510134636649622,0.6419685158322199
1184411916109512807,0.3949381627616439,0.15353126564418312,0.451530571594173,0.4634823618012315,0.07091120207314627,0.46560643612562225
1184411916109512782,0.22427429396716908,0.13506313317978225,0.6406625728530486,0.6290017588936433,0.058789818762417644,0.3122084223439391
1184411916109512805,0.24056689689946337,0.06967278947227817,0.6897603136282584,0.20496820509385166,0.1306149452934025,0.6644168496127458
1184411916109512825,0.30377604094329624,0.0728290001230491,0.6233949589336547,0.21044431178464135,0.15721456941585382,0.6323411187995048
16,0.30971496930697173,0.18537670151477903,0.5049083291782492,0.34056222428958005,0.055506751869932175,0.6039310238404878
1184411916109512806,0.35524767003862295,0.077829221204479,0.566923108756898,0.25961384964228534,0.050438063646362295,0.6899480867113523
1184411916109512786,0.30517589926137434,0.03716405735844006,0.6576600433801856,0.23980434361599942,0.10318385027189712,0.6570118061121035
1184411916109512848,0.3129876110222713,0.053360401238764205,0.6336519877389646,0.26321517672997147,0.25912576960446915,0.4776590536655594
1184411916109512851,0.46682282764984256,0.1501025928972552,0.38307457945290224,0.29149677321547146,0.3545054025478436,0.3539978242366849
1184411916109512799,0.10699018519407637,0.19656247147541162,0.6964473433305121,0.20120353566650712,0.5129887312251636,0.2858077331083292
1184411916109512832,0.3837399261208193,0.10232807871368403,0.5139319951654966,0.48951145347679276,0.05518930028769757,0.45529924623550966
1184411916109512798,0.26569404990858175,0.028067174456862742,0.7062387756345555,0.2550561786155106,0.07568778499484184,0.6692560363896476
1184411916109512797,0.5381905932694299,0.024693892224348278,0.4371155145062219,0.25318036275985256,0.03178146747040029,0.7150381697697472
1184411916109512827,0.13281135105960937,0.2174683530962949,0.6497202958440957,0.25472007752843956,0.02889799516288747,0.7163819273086729
1184411916109512803,0.41592906914448496,0.16839873912171552,0.41567219173379955,0.5843656119890307,0.05633275017398259,0.35930163783698665
1184411916109512802,0.1475082869302524,0.04889817721904758,0.8035935358507,0.35045538085183187,0.08727570331948223,0.5622689158286859
1184411916109512830,0.3554700804822009,0.025225511432095574,0.6193044080857035,0.19405101059463695,0.11890049714050135,0.6870484922648616
1184411916109512795,0.28298829412784793,0.15924908899648338,0.5577626168756686,0.1706533891244649,0.12945683310260594,0.6998897777729292
1184411916109512800,0.6358981278093055,0.08046985565216289,0.28363201653853154,0.2316788244212189,0.015754829833710248,0.7525663457450709
1184411916109512796,0.0999074383290336,0.012844631266233383,0.887247930404733,0.24408769528806465,0.05256968458553198,0.7033426201264034
1184411916109512812,0.4261209548731487,0.022695653158049302,0.5511833919688021,0.1792657068263841,0.36033185898386527,0.4604024341897506
1184411916109512821,0.3192273668428559,0.028612841306950017,0.652159791850194,0.1496762034135314,0.3964944912306382,0.45382930535583044
1184411916109512820,0.533081211602857,0.05839876020489795,0.408520028192245,0.5066605810961098,0.21986067552012767,0.27347874338376255
1184411916109512823,0.6794988434890895,0.051614839493533786,0.26888631701737675,0.49386542112690884,0.11405114781593258,0.3920834310571586
1184411916109512822,0.2713963410900903,0.17112112402263382,0.5574825348872758,0.09986147385202039,0.21400531944757087,0.6861332067004087
1184411916109512818,0.24392649410613224,0.16754999674118667,0.588523509152681,0.2059320142732744,0.026960108651479013,0.7671078770752466
1184411916109512819,0.48229940976286567,0.033464208982717084,0.48423638125441726,0.455566367925887,0.23031582884059218,0.3141178032335208
1184411916109512813,0.32706670926331344,0.23817560425975468,0.4347576864769319,0.646700182421614,0.03583092011406157,0.3174688974643245
1184411916109512824,0.3315564191848924,0.0407356556661145,0.6277079251489931,0.14287452897343744,0.06294775666347989,0.7941777143630827
1184411916109512816,0.5619762174194617,0.06245211831874909,0.37557166426178923,0.7304523612700508,0.08795216976173757,0.18159546896821166
1184411916109512817,0.7323127595729441,0.06377131864163639,0.2039159217854195,0.461725214202196,0.1445075141982646,0.3937672715995394
1184411916109512814,0.37133589246617865,0.09001341358444587,0.5386506939493755,0.39312544734993843,0.03530706601051858,0.571567486639543
1184411916109512898,0.27623989650246367,0.44338105009736756,0.2803790534001688,0.5042250700187805,0.13094131976237122,0.3648336102188483
1184411916109512835,0.09982844988506392,0.34779913118490835,0.5523724189300278,0.48468617436228156,0.045040641145406166,0.47027318449231226
1184411916109512852,0.29016062484206423,0.20748116160851882,0.5023582135494169,0.22031123125215857,0.22088701305114627,0.5588017556966951
1184411916109512834,0.39959089920393703,0.15745894297252122,0.44295015782354175,0.5733603720001439,0.040326118315724246,0.3863135096841318
1184411916109512833,0.24286852975128362,0.020753926491509832,0.7363775437572065,0.2032103153688908,0.20209502195183918,0.59469466267927
1184411916109512836,0.2970718614164448,0.2533472140192974,0.4495809245642578,0.4295631846901325,0.09818340569707869,0.47225340961278883
1184411916109512837,0.22351571249244723,0.0421172925713696,0.7343669949361832,0.1693059709172656,0.05001683624511125,0.7806771928376232
1184411916109512838,0.28927345596541276,0.10795257949609717,0.6027739645384901,0.4502332740452062,0.25388599033957937,0.29588073561521444
1184411916109512839,0.11803724511860322,0.11942050453698776,0.762542250344409,0.1138581312823565,0.07739271786955149,0.808749150848092
1184411916109512828,0.25512787917649704,0.13724149567308636,0.6076306251504167,0.2519067539409533,0.26112255771333714,0.48697068834570956
1184411916109512840,0.15092066579788863,0.348706636135841,0.5003726980662704,0.17595266485841013,0.02516140043820724,0.7988859347033826
