fight_id,S_0,S_2.5,S_5,S_7.5,S_10,S_12.5,S_15,S_17.5,S_20,S_22.5,S_25
1181032662968008705,1.0,0.9247396980749557,0.8296578720143499,0.7691342588736667,0.6915739123565934,0.6511329219597508,0.601339965856675,0.601339965856675,0.601339965856675,0.601339965856675,0.601339965856675
1181032781892812801,1.0,0.8820864217891784,0.746555693983304,0.670951085812811,0.581622479036102,0.5405972248573248,0.4930948460463046,0.4930948460463046,0.4930948460463046,0.4930948460463046,0.4930948460463046
1180995636946960385,1.0,0.9483865768124091,0.877052751472755,0.8347180106864047,0.7751714023316092,0.7460328379612103,0.7075605036412833,0.7075605036412833,0.7075605036412833,0.7075605036412833,0.7075605036412833
1180992749911834625,1.0,0.9194493899989528,0.8083168771097801,0.7429923888664629,0.6562987417361029,0.6149819160320161,0.5603134077604014,0.5603134077604014,0.5603134077604014,0.5603134077604014,0.5603134077604014
1180993795681550337,1.0,0.8905569359486898,0.7583422631338965,0.6796201322463156,0.5868386046576993,0.5427195454536946,0.49203447960803637,0.49203447960803637,0.49203447960803637,0.49203447960803637,0.49203447960803637
1181005768578629633,1.0,0.914308950668201,0.8091459200658531,0.7487401772764406,0.6731535905639063,0.6350400485849494,0.5886909097329799,0.5886909097329799,0.5886909097329799,0.5886909097329799,0.5886909097329799
1180987792977592321,1.0,0.9371459060072705,0.8564900856620815,0.802358817052057,0.7343250864984794,0.6990737754652656,0.6580822352711555,0.6311772720768928,0.5964856695561003,0.5739141389026193,0.5450575105807476
1181025463605002241,1.0,0.91230949935267,0.7873170752215589,0.7230918200307127,0.6332135039677005,0.593655846866501,0.5380995153755664,0.5380995153755664,0.5380995153755664,0.5380995153755664,0.5380995153755664
1181007501498417153,1.0,0.8951087298513362,0.7581537064869848,0.6832864637305179,0.5887781377047742,0.5448190546366578,0.4895771037834338,0.4895771037834338,0.4895771037834338,0.4895771037834338,0.4895771037834338
1180993471331074049,1.0,0.9332537769019444,0.8385721796763244,0.78850535907251,0.7182934173746861,0.6855221878894999,0.6421928565038038,0.6421928565038038,0.6421928565038038,0.6421928565038038,0.6421928565038038
1180991833908117505,1.0,0.6162056138934364,0.36313802303771126,0.25442773068449,0.16887498851363514,0.13672082331312008,0.10761288254677592,0.10761288254677592,0.10761288254677592,0.10761288254677592,0.10761288254677592
1181012111187705857,1.0,0.9299260748955875,0.8243522645344087,0.7686423243053219,0.6937811576402333,0.6580647918694517,0.6120457414685734,0.6120457414685734,0.6120457414685734,0.6120457414685734,0.6120457414685734
1180996971058429953,1.0,0.6830654624495494,0.421656329621206,0.30178492853626926,0.20169382524866897,0.16394849667266653,0.1275019571897138,0.1275019571897138,0.1275019571897138,0.1275019571897138,0.1275019571897138
1180992161772339201,1.0,0.8665143768337474,0.707354356853547,0.6257105544002752,0.5281678980509941,0.4857959163269503,0.4317452376229346,0.4317452376229346,0.4317452376229346,0.4317452376229346,0.4317452376229346
1181018738664177665,1.0,0.9461862112277242,0.8768928093062567,0.833395093991461,0.7773006439950565,0.7475010055686326,0.7105519878132305,0.7105519878132305,0.7105519878132305,0.7105519878132305,0.7105519878132305
1181008725653585921,1.0,0.9240480735391312,0.8106069362667664,0.7527069751273028,0.6699654337455434,0.6338376464061735,0.5815273129531722,0.5815273129531722,0.5815273129531722,0.5815273129531722,0.5815273129531722
1180983461453955073,1.0,0.9557337925753326,0.8911400131290598,0.8537344791159138,0.8000522583062778,0.7739534193637192,0.7395389369299156,0.7395389369299156,0.7395389369299156,0.7395389369299156,0.7395389369299156
1181013488695017473,1.0,0.954973774702167,0.8947402558944392,0.8592620464926557,0.8110957712290541,0.7855077931250032,0.7530198335861276,0.7327914472325121,0.7038706043613272,0.6858948967880563,0.6608000432598475
1181015198316167169,1.0,0.9317475405486281,0.84331402584561,0.7942685425134626,0.7294745707814154,0.6962495880028823,0.6515974629485553,0.6515974629485553,0.6515974629485553,0.6515974629485553,0.6515974629485553
1181025118157045761,1.0,0.9340262061215843,0.8488141109064125,0.796903268187608,0.7288582308171847,0.6945981348116523,0.6533032944949454,0.6533032944949454,0.6533032944949454,0.6533032944949454,0.6533032944949454
1181030986374119425,1.0,0.9324854440555234,0.8514069359945502,0.7992872486559057,0.7338749842475949,0.6990395309806331,0.6591639721216069,0.6591639721216069,0.6591639721216069,0.6591639721216069,0.6591639721216069
1181026073555107841,1.0,0.8289121330688834,0.6649943989278966,0.5746946199498357,0.4810675831987623,0.43847527360345473,0.39219584474146874,0.39219584474146874,0.39219584474146874,0.39219584474146874,0.39219584474146874
1181028861412278273,1.0,0.8072489740723688,0.6205980846975464,0.5175636734150211,0.416245890907622,0.37107603887334895,0.3256151682739564,0.3256151682739564,0.3256151682739564,0.3256151682739564,0.3256151682739564
1180994855323041793,1.0,0.939148074946499,0.8492602120973397,0.8030983084245772,0.7358397187829475,0.7045525104197711,0.6593320884925173,0.6593320884925173,0.6593320884925173,0.6593320884925173,0.6593320884925173
1181032473836126209,1.0,0.8597957068089642,0.6926033988736684,0.6120801368562485,0.5129417047129694,0.47022401876377984,0.4151395091207781,0.4151395091207781,0.4151395091207781,0.4151395091207781,0.4151395091207781
1180982603204362241,1.0,0.9320630312000916,0.8439563625398734,0.79295161794342,0.7273005046447236,0.6948871569673463,0.653690115960875,0.653690115960875,0.653690115960875,0.653690115960875,0.653690115960875
1180982434108309505,1.0,0.8614752602771797,0.6965798832031516,0.6125924632356718,0.5056606773963432,0.45888719839454206,0.3946249035601821,0.3946249035601821,0.3946249035601821,0.3946249035601821,0.3946249035601821
1181033406457774081,1.0,0.9255497502311861,0.829777216302584,0.7755966134264383,0.7046533799963135,0.6683622734057384,0.6209386733505904,0.6209386733505904,0.6209386733505904,0.6209386733505904,0.6209386733505904
1180981034726490113,1.0,0.9532131434597881,0.8883300779755916,0.850642517605773,0.7996360883238767,0.7736209109844188,0.739431955724162,0.739431955724162,0.739431955724162,0.739431955724162,0.739431955724162
1180997064269234177,1.0,0.9235481166844951,0.8114766595280815,0.7589521085458748,0.6838538494813502,0.6506248467667612,0.6026552926235199,0.6026552926235199,0.6026552926235199,0.6026552926235199,0.6026552926235199
1181027216695066625,1.0,0.9005610444286222,0.7824272758691104,0.7135539279640472,0.6298464639332179,0.5887081505302196,0.5408673699521676,0.5408673699521676,0.5408673699521676,0.5408673699521676,0.5408673699521676
1181007627619106817,1.0,0.8862036782635304,0.7304903475255994,0.6514401378632294,0.5455159656447248,0.5005118391422065,0.4416008626693747,0.4416008626693747,0.4416008626693747,0.4416008626693747,0.4416008626693747
1181002591006523393,1.0,0.9415341952858288,0.8625323314795863,0.8107686887218175,0.7449877091326842,0.7117905566441923,0.6705401531033199,0.6705401531033199,0.6705401531033199,0.6705401531033199,0.6705401531033199
1181026328212471809,1.0,0.713977835226089,0.462991293612518,0.34811354778882075,0.23767510649889845,0.19894700753226835,0.1561647989966367,0.1561647989966367,0.1561647989966367,0.1561647989966367,0.1561647989966367
1181011348902477825,1.0,0.9516872255605279,0.8829389611730849,0.8462352415800307,0.7949819053313806,0.7694215015513237,0.7348374281237326,0.7348374281237326,0.7348374281237326,0.7348374281237326,0.7348374281237326
1180983586833596417,1.0,0.8271656821409585,0.6116384019642251,0.5032578320484,0.38331142878763913,0.3343172538243029,0.2719949541241089,0.2719949541241089,0.2719949541241089,0.2719949541241089,0.2719949541241089
1180981847163928577,1.0,0.9225902321240491,0.8208484375088784,0.7637422381504104,0.6890231723766979,0.6544226909809643,0.6091752607702882,0.6091752607702882,0.6091752607702882,0.6091752607702882,0.6091752607702882
1180979955824066561,1.0,0.8689801526898907,0.7249021866110048,0.6463972503082864,0.555947925478264,0.5156191920881998,0.46789239688249673,0.46789239688249673,0.46789239688249673,0.46789239688249673,0.46789239688249673
1181002856957345793,1.0,0.7169784808103077,0.4462055070644978,0.3282564683588223,0.21707504611880413,0.1811590770121242,0.14269751138410136,0.14269751138410136,0.14269751138410136,0.14269751138410136,0.14269751138410136
1181033178898038785,1.0,0.8800395021727285,0.7377298788990228,0.6464318228214126,0.5427479952300281,0.49791307954528286,0.4481571172299077,0.41659694051171103,0.37711688814957156,0.35253330089066715,0.3217220339230549
1180988864365920257,1.0,0.8509484844783695,0.6616940553346717,0.569457383784084,0.4544190732394022,0.4096264904651681,0.3511035716296649,0.3511035716296649,0.3511035716296649,0.3511035716296649,0.3511035716296649
1181035430200082433,1.0,0.8040343899583791,0.5973094015342009,0.4951541867126713,0.38348507224268247,0.33716629595119807,0.281947278070652,0.281947278070652,0.281947278070652,0.281947278070652,0.281947278070652
1181002318086733825,1.0,0.889947274154993,0.7451594328630706,0.6728830033597192,0.5789708943457031,0.5372064748448592,0.47946334919358236,0.47946334919358236,0.47946334919358236,0.47946334919358236,0.47946334919358236
1181020825233817601,1.0,0.9091377332052196,0.7846719216544737,0.7193839193874748,0.6310816520656938,0.5909839584686826,0.5328947286405723,0.5328947286405723,0.5328947286405723,0.5328947286405723,0.5328947286405723
1180979917009518593,1.0,0.8999154883258594,0.7638495501560836,0.6946571510023973,0.6033496355215826,0.5622996738411032,0.5023064394641962,0.5023064394641962,0.5023064394641962,0.5023064394641962,0.5023064394641962
1181006524133441537,1.0,0.7481534538892387,0.4705514336938975,0.3529322159401489,0.22810894061760678,0.18678655866360294,0.13563562442116317,0.13563562442116317,0.13563562442116317,0.13563562442116317,0.13563562442116317
1181031885020495873,1.0,0.7421411711944054,0.5147483623731254,0.3900819114592494,0.27312451200597254,0.22480274514763132,0.17599402557785182,0.14743687899024271,0.11617960897520418,0.09850049782877368,0.07933807198757836
1181033808334618625,1.0,0.9399065345439768,0.8540872728296055,0.7995032675303638,0.7253898799507612,0.6892576058425475,0.6428713311241793,0.6148972357499274,0.575548890194876,0.5524656005029145,0.5201799823045751
1180981544529231873,1.0,0.8940948624318134,0.7541698828826913,0.6755748482066988,0.5732601922686551,0.5286213911606277,0.4697893119531824,0.4697893119531824,0.4697893119531824,0.4697893119531824,0.4697893119531824
1180998359639687169,1.0,0.8940790106283711,0.7663146677864243,0.6942285843057094,0.6047320777028851,0.5639460476584897,0.5133894373859134,0.5133894373859134,0.5133894373859134,0.5133894373859134,0.5133894373859134
1181005696112459777,1.0,0.9160567704750268,0.819021767997193,0.7587009417935917,0.6859298331144614,0.6474935228374616,0.602435714872968,0.602435714872968,0.602435714872968,0.602435714872968,0.602435714872968
1181001232022568961,1.0,0.9167459055768666,0.8091328694671835,0.7492153458788962,0.6688602334566152,0.6298947890625396,0.578405106625509,0.578405106625509,0.578405106625509,0.578405106625509,0.578405106625509
1181003319395745793,1.0,0.8807934379246898,0.7409049048473684,0.6619708152545067,0.5671088114967686,0.5249901061246265,0.4750195825647,0.4750195825647,0.4750195825647,0.4750195825647,0.4750195825647
1181017936551215105,1.0,0.9391741404027321,0.8565689842876788,0.8057618540924347,0.7386789206314353,0.7053583500730947,0.6656854539549387,0.6656854539549387,0.6656854539549387,0.6656854539549387,0.6656854539549387
1180997247956680705,1.0,0.9188604981048492,0.8102168109743659,0.7468750166501323,0.665164528488422,0.6272486176714644,0.5802379540169074,0.5802379540169074,0.5802379540169074,0.5802379540169074,0.5802379540169074
1180994269830447105,1.0,0.9265632456462711,0.8322562501298796,0.7769258586874236,0.7049561957936072,0.6698821580063989,0.6246088555243297,0.6246088555243297,0.6246088555243297,0.6246088555243297,0.6246088555243297
1181009647111733249,1.0,0.8685424734254353,0.7303079350317263,0.6490828357290875,0.5603305288006323,0.5172731466398452,0.4706384654734327,0.4706384654734327,0.4706384654734327,0.4706384654734327,0.4706384654734327
1181024926573101057,1.0,0.8868334672099535,0.7432161303439511,0.6679269216649265,0.57470196402629,0.532833409228575,0.48162595316457546,0.48162595316457546,0.48162595316457546,0.48162595316457546,0.48162595316457546
1181020074421288961,1.0,0.9037552075553593,0.7893498934192451,0.7238202708801118,0.6446394253351444,0.6072558599409449,0.5623581773543918,0.5623581773543918,0.5623581773543918,0.5623581773543918,0.5623581773543918
1181016244860387329,1.0,0.9471251093877181,0.8772181413671053,0.832990771152866,0.7747329414771134,0.744546652174119,0.706408825668431,0.706408825668431,0.706408825668431,0.706408825668431,0.706408825668431
1181034870259580929,1.0,0.9096772120932481,0.801611962246473,0.733867495473042,0.6539366726614384,0.6120888314192439,0.5661480789389447,0.5661480789389447,0.5661480789389447,0.5661480789389447,0.5661480789389447
1181001874591285249,1.0,0.9424733810407305,0.8695186462140455,0.8234433284860778,0.7637138005878203,0.7345369705286886,0.7002961513478365,0.6787698687907355,0.6494900841845423,0.6311490558782589,0.6062131330862948
1180993905376624641,1.0,0.9201562483911905,0.8144971253745872,0.7583143129820407,0.6833768072719278,0.6474187242839156,0.5995204083606049,0.5995204083606049,0.5995204083606049,0.5995204083606049,0.5995204083606049
1180998120177106945,1.0,0.9465186652108862,0.871105760727587,0.8257387912865514,0.7636399521325452,0.7320228835938617,0.6890159680256622,0.6890159680256622,0.6890159680256622,0.6890159680256622,0.6890159680256622
1180997494742351873,1.0,0.9272185737270251,0.8188757046946877,0.7618357293891549,0.6809959895329903,0.644979238997769,0.5942965216201969,0.5942965216201969,0.5942965216201969,0.5942965216201969,0.5942965216201969
1181017854150475777,1.0,0.9129029370840945,0.7960274595935335,0.7328900239965612,0.6486083942332344,0.6102810401755863,0.5584740127277688,0.5584740127277688,0.5584740127277688,0.5584740127277688,0.5584740127277688
1181013048065490945,1.0,0.9113690355746666,0.7999075839690419,0.7279333133743433,0.643017595679187,0.5993520864158159,0.5493855028348997,0.5493855028348997,0.5493855028348997,0.5493855028348997,0.5493855028348997
1180990658143518721,1.0,0.8892168811162677,0.7506816953005191,0.6643623701690256,0.5621937954742073,0.5121748554740768,0.4536623558487165,0.4536623558487165,0.4536623558487165,0.4536623558487165,0.4536623558487165
1181025723523006465,1.0,0.9393923981512913,0.8598253115722397,0.8144264181259145,0.7543814279428493,0.7232073393389893,0.6839120779893999,0.6839120779893999,0.6839120779893999,0.6839120779893999,0.6839120779893999
1180990067967983617,1.0,0.911890656556166,0.7979595724105264,0.7375019199376494,0.6576543267764595,0.6211008475516067,0.5716240787111513,0.5716240787111513,0.5716240787111513,0.5716240787111513,0.5716240787111513
1181005425775673345,1.0,0.9301947938039687,0.8404505289922475,0.7782471180623817,0.6994766783557467,0.6583698888510379,0.6099245363376768,0.5787205701864234,0.5385236731486729,0.5132520420304171,0.48079512346264386
1180991417542344705,1.0,0.8076936283585463,0.5716469133644535,0.4707232368732761,0.34994266179512823,0.30647375993688875,0.24924026093288876,0.24924026093288876,0.24924026093288876,0.24924026093288876,0.24924026093288876
1181027618154741761,1.0,0.9338948797058001,0.8466981694050351,0.7942057081438345,0.7253358799748073,0.6903287245189542,0.6461620335359448,0.6461620335359448,0.6461620335359448,0.6461620335359448,0.6461620335359448
1180998453720907777,1.0,0.9207619035247175,0.8131749396296282,0.761036093966339,0.6913176791987032,0.6583502251428993,0.6119349720214992,0.6119349720214992,0.6119349720214992,0.6119349720214992,0.6119349720214992
1180986419665436673,1.0,0.9066179844373741,0.7919831892256644,0.7270306671213478,0.6473237967786494,0.6071441491517762,0.5584233933352821,0.5584233933352821,0.5584233933352821,0.5584233933352821,0.5584233933352821
1181006062051328001,1.0,0.9320446959611406,0.8384484419749929,0.7854482318178563,0.7142878720895597,0.6785763246865868,0.631522358818387,0.631522358818387,0.631522358818387,0.631522358818387,0.631522358818387
1181024671301369857,1.0,0.8813092580935283,0.7167461915348763,0.6239960502349216,0.5093775913743088,0.4579867925129757,0.38658378957442185,0.38658378957442185,0.38658378957442185,0.38658378957442185,0.38658378957442185
1180986377882304513,1.0,0.8213044290337265,0.6380555956711627,0.5434846598298227,0.44124475497732374,0.39844873286399873,0.3503091946567283,0.3503091946567283,0.3503091946567283,0.3503091946567283,0.3503091946567283
1180996933117083649,1.0,0.8631899616314026,0.6905409775210952,0.5937790498591896,0.47658395389282415,0.4260938712024309,0.3636029181659005,0.3636029181659005,0.3636029181659005,0.3636029181659005,0.3636029181659005
1181028440528584705,1.0,0.9238149199379001,0.8309822274449643,0.7763425922258838,0.7088445214587311,0.6741392167195851,0.6330056890290097,0.6330056890290097,0.6330056890290097,0.6330056890290097,0.6330056890290097
1181024196342644737,1.0,0.8791968238926487,0.7307536732608607,0.6502666318858291,0.5548804431891334,0.5132133774379524,0.4629440429117493,0.4629440429117493,0.4629440429117493,0.4629440429117493,0.4629440429117493
1181031021510656001,1.0,0.9402557929015267,0.8611824891379144,0.8128128078775416,0.7485954614608139,0.7162020481518583,0.6748248607715399,0.6748248607715399,0.6748248607715399,0.6748248607715399,0.6748248607715399
1181000092252897281,1.0,0.9164976537469771,0.8122934699161717,0.7533381240865821,0.6789917197985287,0.6419931270384724,0.5976721704383161,0.5976721704383161,0.5976721704383161,0.5976721704383161,0.5976721704383161
1180985290461577217,1.0,0.9364033491824502,0.8543957379418698,0.8079840629683537,0.7470369803687461,0.7159623969806077,0.6762403686768756,0.6762403686768756,0.6762403686768756,0.6762403686768756,0.6762403686768756
1181007821428588545,1.0,0.9245756891324574,0.832334592389675,0.7778148059852407,0.70757123944526,0.6717823006395268,0.6260705571217753,0.6260705571217753,0.6260705571217753,0.6260705571217753,0.6260705571217753
1180993525212446721,1.0,0.8710148931001417,0.651557297234945,0.5546682228063281,0.42142004699651336,0.3733553044368989,0.30549924701388276,0.30549924701388276,0.30549924701388276,0.30549924701388276,0.30549924701388276
1181013265782800385,1.0,0.9576156297451199,0.9036802079841055,0.8646890893014949,0.8161347918301554,0.7891629479105337,0.7596906654423472,0.7390235466600628,0.7128429688596589,0.6946098163617703,0.6718228942010294
1181032486323716097,1.0,0.8654037828094535,0.7099917428804765,0.6161767401565394,0.5090696924864779,0.46224271909269576,0.40945148898745876,0.40945148898745876,0.40945148898745876,0.40945148898745876,0.40945148898745876
1180985345859715073,1.0,0.9245826964124538,0.8329781307207541,0.7723522753381311,0.6968600305563186,0.6569704916319781,0.611597636896184,0.611597636896184,0.611597636896184,0.611597636896184,0.611597636896184
1181008816446832641,1.0,0.7848397036977512,0.5193276990051496,0.40143211777100607,0.27427896192100887,0.22961659693948788,0.1767663648387361,0.1767663648387361,0.1767663648387361,0.1767663648387361,0.1767663648387361
1180979999767592961,1.0,0.9055340512257588,0.7919991516812199,0.7111636338839453,0.6187979931705375,0.5717013577608183,0.522454219632098,0.4901081141815016,0.450092178707003,0.42421943863606326,0.39256865850864375
1180994660706254849,1.0,0.9350997657262344,0.8424321197953155,0.795120242458824,0.7295433737521851,0.6980177067714097,0.6530014604747917,0.6530014604747917,0.6530014604747917,0.6530014604747917,0.6530014604747917
1181029232543432705,1.0,0.8558090818157837,0.6871010229239061,0.5924402297012605,0.48482211516817075,0.4377433914790192,0.38411900357850925,0.38411900357850925,0.38411900357850925,0.38411900357850925,0.38411900357850925
1180999730081234945,1.0,0.9146456246348557,0.803124331134599,0.7251388740577278,0.6306956234141865,0.5844220915556452,0.5314866638589136,0.4980945873248269,0.4561675446513368,0.42971848927510703,0.3965655660104287
1181019526646038529,1.0,0.9226703398462797,0.8184981685978697,0.7574263632175465,0.6757115650064741,0.6357210927268544,0.5840170410118314,0.5840170410118314,0.5840170410118314,0.5840170410118314,0.5840170410118314
1180988725531869185,1.0,0.8966035653336211,0.7707991284557554,0.6972218099562627,0.6057499805232378,0.562331841878881,0.5095050177596646,0.5095050177596646,0.5095050177596646,0.5095050177596646,0.5095050177596646
1180992978500124673,1.0,0.9416372704116625,0.8510370323175401,0.8038894088043043,0.7355765461742919,0.704059466087238,0.6589244170820061,0.6589244170820061,0.6589244170820061,0.6589244170820061,0.6589244170820061
1181034175950684161,1.0,0.9181033018083984,0.813869411539246,0.7548221712111159,0.68015605682425,0.6427651166969381,0.5964470987245855,0.5964470987245855,0.5964470987245855,0.5964470987245855,0.5964470987245855
1181018734277099521,1.0,0.8986051722216276,0.7809811582386569,0.7125480032927225,0.6297619071070923,0.588344355856671,0.5409907785665773,0.5409907785665773,0.5409907785665773,0.5409907785665773,0.5409907785665773
1180990277166825473,1.0,0.9029765556951426,0.7701585733739503,0.7029116331638248,0.6134108391792076,0.5729006748070747,0.5169227910406946,0.5169227910406946,0.5169227910406946,0.5169227910406946,0.5169227910406946
1181029185599307777,1.0,0.9099117742501592,0.7986022088797965,0.732397761613986,0.6522641754858616,0.6124099019581875,0.566143113324628,0.566143113324628,0.566143113324628,0.566143113324628,0.566143113324628
1180983813066162177,1.0,0.7624443015775784,0.5273080864672133,0.4186758986118623,0.3080765008922184,0.26741031423009964,0.22066080194451,0.22066080194451,0.22066080194451,0.22066080194451,0.22066080194451
1181035531733991425,1.0,0.9042704959391868,0.7901424515342712,0.7260267521360453,0.6463043954895378,0.6103356427798755,0.5658326107070935,0.5658326107070935,0.5658326107070935,0.5658326107070935,0.5658326107070935
1181022861390413825,1.0,0.8851264725216472,0.7524118855738144,0.6725359350365843,0.5783804699691337,0.5353387072223184,0.48637540361631215,0.48637540361631215,0.48637540361631215,0.48637540361631215,0.48637540361631215
1181029877336637441,1.0,0.9375197539733047,0.8525340314864509,0.8024014407666534,0.7346907353615553,0.7005339559243304,0.6571018581340298,0.6310717429153144,0.5944978941451405,0.5730105901246456,0.5431258822697747
1181022521717915649,1.0,0.8934943225427252,0.7605093876227238,0.6879884034430261,0.5977685480510129,0.5572785717571228,0.5069550047184792,0.5069550047184792,0.5069550047184792,0.5069550047184792,0.5069550047184792
1181023607405084673,1.0,0.8755497388229827,0.7396351934497245,0.6631702466016267,0.5761238104259837,0.5347581427228839,0.48743435294020965,0.48743435294020965,0.48743435294020965,0.48743435294020965,0.48743435294020965
1181007536472686593,1.0,0.9238387767465288,0.8244366388007158,0.7661702444390839,0.6902354011971873,0.6530827383206301,0.6063021679114114,0.6063021679114114,0.6063021679114114,0.6063021679114114,0.6063021679114114
1181028005224841217,1.0,0.9551149767160776,0.8889967932185445,0.8525591969183566,0.7989109275869776,0.7731702453208009,0.7370790738784188,0.7370790738784188,0.7370790738784188,0.7370790738784188,0.7370790738784188
1181033981594435585,1.0,0.8776658100963275,0.7237877990856325,0.641703828390658,0.5390725998852066,0.49589054483809747,0.44160504016824065,0.44160504016824065,0.44160504016824065,0.44160504016824065,0.44160504016824065
1181017303599120385,1.0,0.9135739433142197,0.8085812069440486,0.74768829436449,0.6723637863248272,0.6350216685533825,0.5914199979812698,0.5914199979812698,0.5914199979812698,0.5914199979812698,0.5914199979812698
1181034251640012801,1.0,0.9482692682389521,0.8759056914029881,0.830246761340159,0.7668185659221217,0.7351542041694618,0.6943639820642338,0.6943639820642338,0.6943639820642338,0.6943639820642338,0.6943639820642338
1180990989815808001,1.0,0.9167055000044206,0.8100061824335409,0.7496374657036293,0.6731159871033833,0.6357022584795735,0.5913557495254241,0.5913557495254241,0.5913557495254241,0.5913557495254241,0.5913557495254241
1181000142896332801,1.0,0.9156578760044985,0.8060140022483606,0.7457517224582124,0.668088800518622,0.631822345315253,0.5818958840843047,0.5818958840843047,0.5818958840843047,0.5818958840843047,0.5818958840843047
1180981314842034177,1.0,0.8887729015188716,0.7319768861330664,0.653036162202294,0.5478766224990395,0.5044662889987765,0.4451406641972546,0.4451406641972546,0.4451406641972546,0.4451406641972546,0.4451406641972546
1180984133318737921,1.0,0.8144446923705079,0.6293155054603338,0.4648539118919067,0.3279526248178284,0.2667894125877628,0.21390355699526986,0.17959803641360672,0.1452993909443947,0.12326674929013803,0.1013371599838564
1180998736063528961,1.0,0.9312933340114546,0.8451592474983062,0.7897544587813494,0.7206471144364532,0.6845030543184724,0.6408489396840686,0.6408489396840686,0.6408489396840686,0.6408489396840686,0.6408489396840686
1181006427794210817,1.0,0.9457096133083132,0.8715798939848381,0.8275575528863136,0.7706618665857452,0.7418922966500727,0.705602116037085,0.705602116037085,0.705602116037085,0.705602116037085,0.705602116037085
1181008578401337345,1.0,0.8540571442040037,0.6665866988854385,0.5682618098155927,0.44888071387403705,0.4008827219375676,0.34185154288342523,0.34185154288342523,0.34185154288342523,0.34185154288342523,0.34185154288342523
1181033027291742209,1.0,0.9108989141656418,0.7894432321964514,0.7253736542405682,0.6426626560259922,0.6038782822612508,0.5510411256672274,0.5510411256672274,0.5510411256672274,0.5510411256672274,0.5510411256672274
1181022135227154433,1.0,0.8920866556896869,0.755451083404157,0.676138932417633,0.5764107915668589,0.531626372766118,0.4751111554460289,0.4751111554460289,0.4751111554460289,0.4751111554460289,0.4751111554460289
1180982478053015553,1.0,0.8966474136749072,0.7561789956150133,0.6831889596604825,0.5899747391327183,0.547937300496123,0.49272204501550887,0.49272204501550887,0.49272204501550887,0.49272204501550887,0.49272204501550887
1181018909985341441,1.0,0.861385217439069,0.6894928670764306,0.5981892925011082,0.4916488677597578,0.44403033393689306,0.38429562183134813,0.38429562183134813,0.38429562183134813,0.38429562183134813,0.38429562183134813
1181019072852590593,1.0,0.9136519839815741,0.803305591509459,0.7365829545382017,0.6551432400519362,0.6156473961205269,0.567783220167932,0.567783220167932,0.567783220167932,0.567783220167932,0.567783220167932
1180997104146710529,1.0,0.9372424260183639,0.844461626539084,0.794601996880218,0.7223737046248151,0.6894046166667351,0.6432874649673616,0.6432874649673616,0.6432874649673616,0.6432874649673616,0.6432874649673616
1180996260060626945,1.0,0.71949042619063,0.4170441934061636,0.2917016773932112,0.17208890702771373,0.13362460324914205,0.09288119321742849,0.09288119321742849,0.09288119321742849,0.09288119321742849,0.09288119321742849
1181010592862273537,1.0,0.8336532452927806,0.6614832350833226,0.557578133381567,0.44983583061938126,0.3971736179186115,0.3400981194620267,0.3400981194620267,0.3400981194620267,0.3400981194620267,0.3400981194620267
1180988390859374593,1.0,0.924191735276361,0.8302416142481411,0.7777435143368395,0.7097624148862427,0.6757147986788531,0.6313683685759459,0.6313683685759459,0.6313683685759459,0.6313683685759459,0.6313683685759459
1180996927180472321,1.0,0.910900067806453,0.7987671148078599,0.7303041205024319,0.643751751276211,0.6017501401265327,0.5526743932513544,0.5526743932513544,0.5526743932513544,0.5526743932513544,0.5526743932513544
1180995790555611137,1.0,0.8880132130866911,0.7366658884766868,0.6595794843898977,0.5596815330762576,0.517072793919112,0.4571161144965532,0.4571161144965532,0.4571161144965532,0.4571161144965532,0.4571161144965532
1180999957637038081,1.0,0.8643131421452882,0.699140468345993,0.6116519470150504,0.5044478202616779,0.45918602084233817,0.40087137122895233,0.40087137122895233,0.40087137122895233,0.40087137122895233,0.40087137122895233
1180999102095785985,1.0,0.7654161728883694,0.5404951543841541,0.4311819048074834,0.3200905955271566,0.2768386330013517,0.22655780843219175,0.22655780843219175,0.22655780843219175,0.22655780843219175,0.22655780843219175
1180991460807901185,1.0,0.9019136746324083,0.7771262202266432,0.7087996420383654,0.6216035874076847,0.5812849006721089,0.5272119289277103,0.5272119289277103,0.5272119289277103,0.5272119289277103,0.5272119289277103
1181022775085727745,1.0,0.7391818673559312,0.5094110395662963,0.37909594429670646,0.2653255491320936,0.22058221131445022,0.17910552960369996,0.17910552960369996,0.17910552960369996,0.17910552960369996,0.17910552960369996
1181005737571745793,1.0,0.9288189721948031,0.8287947681867884,0.772381187736372,0.6977171630858731,0.6612034324509235,0.61509452860911,0.61509452860911,0.61509452860911,0.61509452860911,0.61509452860911
1181004917071052801,1.0,0.8294659621684504,0.6423932012315159,0.54469520055033,0.4382793148571532,0.3923152019274604,0.33904580135499895,0.33904580135499895,0.33904580135499895,0.33904580135499895,0.33904580135499895
1180982244267786241,1.0,0.8848919714997963,0.7313251508781617,0.6519982854702162,0.5521833587269478,0.5066129120800497,0.4475985761938477,0.4475985761938477,0.4475985761938477,0.4475985761938477,0.4475985761938477
1181028533028683777,1.0,0.8708250515250414,0.7238920629715284,0.6430411313429234,0.5479915597993772,0.5067150148738466,0.4573612145969219,0.4573612145969219,0.4573612145969219,0.4573612145969219,0.4573612145969219
1181029086773575681,1.0,0.9087579841889777,0.7918089340342117,0.7177414885541459,0.6251908842455933,0.5794371711342798,0.5235702557721942,0.4911965297107137,0.4479573884820627,0.4226838252569618,0.3892015300845658
1181027553918976001,1.0,0.9232386710068807,0.8236535923645756,0.763616595201605,0.6874728927853113,0.6508117643646106,0.6066549464878819,0.6066549464878819,0.6066549464878819,0.6066549464878819,0.6066549464878819
1180983053973749761,1.0,0.8634049342073076,0.7062265144031588,0.6109842782887608,0.504848631511498,0.4571198317484074,0.4023471607404254,0.4023471607404254,0.4023471607404254,0.4023471607404254,0.4023471607404254
1180995682147991553,1.0,0.8932231804927997,0.7663428437028196,0.694529464303427,0.6043100262069476,0.5592201307592508,0.5009042894783442,0.5009042894783442,0.5009042894783442,0.5009042894783442,0.5009042894783442
1181030296734105601,1.0,0.921130150289803,0.8097668524230313,0.7462142756624588,0.6585484983999003,0.6194398571182093,0.568305651087229,0.568305651087229,0.568305651087229,0.568305651087229,0.568305651087229
1181019747426271233,1.0,0.9313537555890691,0.835493187020476,0.7851707454320647,0.7150760772775635,0.6800674588480685,0.6345061593207413,0.6085483590325524,0.5707130855086087,0.5494092693259034,0.5188072022264048
1181001227633885185,1.0,0.9423832623500363,0.8633064472130622,0.8184928005274147,0.7571670442729482,0.7274240977664052,0.6888961160214438,0.6888961160214438,0.6888961160214438,0.6888961160214438,0.6888961160214438
1180995622590349313,1.0,0.899119414102289,0.7634026509811603,0.6930033763419663,0.6008209336866432,0.558812673849544,0.500491735687771,0.500491735687771,0.500491735687771,0.500491735687771,0.500491735687771
1181024998908297217,1.0,0.8356854629777288,0.63859005086444,0.5445703276149864,0.43064567502617046,0.3855941557735123,0.32452922534402373,0.32452922534402373,0.32452922534402373,0.32452922534402373,0.32452922534402373
1181033059780427777,1.0,0.8649226462825857,0.7054851849739656,0.6206030601282884,0.5185439770631943,0.47402452724440824,0.4182413953662725,0.4182413953662725,0.4182413953662725,0.4182413953662725,0.4182413953662725
1180992043947589633,1.0,0.9017284795413563,0.7842309271635834,0.7168368121388906,0.6337090587778312,0.5930839023872728,0.5405781294893992,0.5405781294893992,0.5405781294893992,0.5405781294893992,0.5405781294893992
1181006415306817537,1.0,0.8970749328899661,0.7682069536104161,0.6961687367352059,0.6052920236399104,0.5613927136973957,0.5046595993889039,0.5046595993889039,0.5046595993889039,0.5046595993889039,0.5046595993889039
1181012380302311425,1.0,0.8375159069761485,0.6775958377177967,0.5794540054656332,0.47945661164539777,0.42997432081255804,0.38196124362704575,0.3506222595769397,0.31371310047158163,0.29000129219276205,0.2623422794155048
1180990826657611777,1.0,0.8797595447929687,0.7171503190922623,0.6390159125412893,0.5347337012078007,0.491218940684261,0.43181066610213215,0.43181066610213215,0.43181066610213215,0.43181066610213215,0.43181066610213215
1181023623882833921,1.0,0.9171117189075596,0.8091175374934868,0.7426683115071777,0.6573177653149547,0.6162642142792276,0.5680112555200085,0.5680112555200085,0.5680112555200085,0.5680112555200085,0.5680112555200085
1181033428911357953,1.0,0.8982813324954082,0.7690291229652386,0.6941567388864657,0.5992561780025759,0.5557595892583947,0.5021973898157648,0.5021973898157648,0.5021973898157648,0.5021973898157648,0.5021973898157648
1180986362848870401,1.0,0.869814092800531,0.7035555909017165,0.6181531910837184,0.5141821571312604,0.4699471087270358,0.4127770714611081,0.4127770714611081,0.4127770714611081,0.4127770714611081,0.4127770714611081
1180982261014593537,1.0,0.8484039292197705,0.6901403081012429,0.5886582264924446,0.4826025516398277,0.4347856942589152,0.3846369802860602,0.3846369802860602,0.3846369802860602,0.3846369802860602,0.3846369802860602
1181006782921408513,1.0,0.743920948184088,0.5151366362904686,0.40056480817604334,0.29863449912958273,0.2558433567957009,0.2133445089612941,0.2133445089612941,0.2133445089612941,0.2133445089612941,0.2133445089612941
1181007441133010945,1.0,0.9063165629827049,0.7824130419313435,0.7166529593472675,0.6305094939364767,0.5913684777531358,0.5393785700091192,0.5393785700091192,0.5393785700091192,0.5393785700091192,0.5393785700091192
1181021882310885377,1.0,0.9272162413015809,0.8256883842635664,0.7687855638318011,0.6932843859038853,0.6571430916651501,0.6073130013962058,0.6073130013962058,0.6073130013962058,0.6073130013962058,0.6073130013962058
1180989020811755521,1.0,0.8689203963448575,0.7034420205450168,0.6214810865852293,0.5204653054312355,0.4770223104092197,0.4185060117269901,0.4185060117269901,0.4185060117269901,0.4185060117269901,0.4185060117269901
1180992832506068993,1.0,0.8823453852979923,0.7311671684533535,0.6527100251266245,0.5527190330408496,0.508406400811267,0.44782827574363604,0.44782827574363604,0.44782827574363604,0.44782827574363604,0.44782827574363604
1181031497790095361,1.0,0.8799237126274686,0.7280961781897665,0.649083393238886,0.5476572843835025,0.5009436997458099,0.4385279381119942,0.4385279381119942,0.4385279381119942,0.4385279381119942,0.4385279381119942
1181006355812220929,1.0,0.9201740928998691,0.7955657325510054,0.7395797723242361,0.6587434021546524,0.6240401851872799,0.5717549704845405,0.5717549704845405,0.5717549704845405,0.5717549704845405,0.5717549704845405
1180994602469818369,1.0,0.8790701314007704,0.7383342388287163,0.6580987658242543,0.5628905183160756,0.5206676267102652,0.4702007453345596,0.4702007453345596,0.4702007453345596,0.4702007453345596,0.4702007453345596
1180996542692196353,1.0,0.9446204818558704,0.8720266649932079,0.8237223646975727,0.7528275187474122,0.7166720736280512,0.6720623071551046,0.64392453755057,0.6051125717528976,0.5809895385043489,0.5483970618244314
1181026114508521473,1.0,0.7298126598583705,0.47141237744546505,0.3478314167424641,0.2266309390535326,0.18360583959245647,0.13722258975821977,0.13722258975821977,0.13722258975821977,0.13722258975821977,0.13722258975821977
1180990522890944513,1.0,0.8792024836912825,0.7399371525698027,0.6585436317644475,0.5627734662030724,0.5174972453731372,0.4639641856717529,0.4639641856717529,0.4639641856717529,0.4639641856717529,0.4639641856717529
1181021547411406849,1.0,0.8620817111076223,0.696430839482179,0.6129309573029279,0.5138350531482248,0.4704479408280764,0.4171167942675087,0.4171167942675087,0.4171167942675087,0.4171167942675087,0.4171167942675087
1180991708498657281,1.0,0.9088526040140774,0.7894148554258087,0.7229510230732631,0.6386871548372812,0.5976226598493821,0.5441556244511208,0.5441556244511208,0.5441556244511208,0.5441556244511208,0.5441556244511208
1180991777543651329,1.0,0.9496255245252393,0.8739338647944868,0.8334706959850223,0.7737549139468378,0.7463798978020961,0.7078452536295687,0.7078452536295687,0.7078452536295687,0.7078452536295687,0.7078452536295687
1181032045565181953,1.0,0.8208475164286901,0.6293436820128522,0.5293649375541618,0.4192651596073742,0.3697596985851219,0.3087777349136007,0.3087777349136007,0.3087777349136007,0.3087777349136007,0.3087777349136007
1180987170251702273,1.0,0.8551493798992456,0.6792905811543452,0.504337826496487,0.31819697241894773,0.24034373989242086,0.17440146075075114,0.17440146075075114,0.17440146075075114,0.17440146075075114,0.17440146075075114
1181028294018236417,1.0,0.8354599663256359,0.6666970788390894,0.5710357363721713,0.4683145517390499,0.4234547352841743,0.3743782306491664,0.3743782306491664,0.3743782306491664,0.3743782306491664,0.3743782306491664
1181017897512402945,1.0,0.8933951970299199,0.7588136647127423,0.6834961363920518,0.5896994466915568,0.5466690593591642,0.49159667021823994,0.49159667021823994,0.49159667021823994,0.49159667021823994,0.49159667021823994
1181032439732928513,1.0,0.7845804951627297,0.5686791416008461,0.4653371525919997,0.357161036851406,0.3145329440789877,0.26444726216495174,0.26444726216495174,0.26444726216495174,0.26444726216495174,0.26444726216495174
1180992883128729601,1.0,0.8243688244820028,0.6272445027323463,0.5314356361994453,0.4202300811284194,0.37576072665035165,0.3194404649166903,0.3194404649166903,0.3194404649166903,0.3194404649166903,0.3194404649166903
1181009537511718913,1.0,0.849888241248742,0.6768551023809474,0.5877470480931453,0.48478433301871415,0.4399723193406889,0.3845218410159228,0.3845218410159228,0.3845218410159228,0.3845218410159228,0.3845218410159228
1181030574172602369,1.0,0.8296961424614752,0.6364494100051246,0.5367582236067259,0.4243656632644912,0.3776138690352293,0.32021788736709766,0.32021788736709766,0.32021788736709766,0.32021788736709766,0.32021788736709766
1180996181854355457,1.0,0.9024518896702203,0.7752540351480375,0.7061765289161026,0.6170418129998494,0.5750818440297332,0.5192154136793309,0.5192154136793309,0.5192154136793309,0.5192154136793309,0.5192154136793309
1180983319687462913,1.0,0.9272492713162379,0.8343063650623195,0.7837262951017132,0.7166432867984466,0.6838113999235412,0.639616208291575,0.639616208291575,0.639616208291575,0.639616208291575,0.639616208291575
1180995722607558657,1.0,0.6920062500123852,0.4132156938965368,0.27551150103350885,0.16149891486083268,0.12371740401511766,0.0886990780957767,0.0886990780957767,0.0886990780957767,0.0886990780957767,0.0886990780957767
1181001160846049281,1.0,0.959769415299793,0.9062315513445741,0.8637967856787305,0.8081611861557148,0.7789171865328426,0.7434931491432286,0.7198510973078407,0.688381721549136,0.6679069983186704,0.6410198281286784
1180980562577129473,1.0,0.8865563685626218,0.7422537069999187,0.6688671326089637,0.5772097164169887,0.5376960581763505,0.4865457623193108,0.4865457623193108,0.4865457623193108,0.4865457623193108,0.4865457623193108
1181015310820704257,1.0,0.5828805485236132,0.3059354974428583,0.1920327982033545,0.11070845986074984,0.08291467467445657,0.05803586355356494,0.05803586355356494,0.05803586355356494,0.05803586355356494,0.05803586355356494
1181031908153589761,1.0,0.9249685354454664,0.818470702664134,0.7634356465116611,0.6863968253573219,0.6508612111080028,0.6005813821020471,0.6005813821020471,0.6005813821020471,0.6005813821020471,0.6005813821020471
1180980878247100417,1.0,0.9534791134217003,0.8929278650933682,0.849596206112943,0.7930420085283475,0.762564008391486,0.7267620065804717,0.7267620065804717,0.7267620065804717,0.7267620065804717,0.7267620065804717
1181004084114522113,1.0,0.9034060250969719,0.7869561139211441,0.7230713871717116,0.6425284912146549,0.6038723130034496,0.5558784297049001,0.5558784297049001,0.5558784297049001,0.5558784297049001,0.5558784297049001
1181006970987905025,1.0,0.9221093995229044,0.8249109778139214,0.7620347257177583,0.6831165348706478,0.6426087310837073,0.5939440136977272,0.5939440136977272,0.5939440136977272,0.5939440136977272,0.5939440136977272
1181032933084692481,1.0,0.8697526159817246,0.7082123831486482,0.6239806002985719,0.517817059577746,0.474241818442087,0.41996222613045475,0.41996222613045475,0.41996222613045475,0.41996222613045475,0.41996222613045475
1180981926243663873,1.0,0.8496715743086686,0.670708505388299,0.5802909603127674,0.469764259562254,0.42413704891380766,0.3651760469182489,0.3651760469182489,0.3651760469182489,0.3651760469182489,0.3651760469182489
1181028660246577153,1.0,0.8190402226115105,0.6259886904838479,0.5301421772855275,0.42264338835637505,0.3784730015314055,0.3249853285111276,0.3249853285111276,0.3249853285111276,0.3249853285111276,0.3249853285111276
1181033318763823105,1.0,0.8728805007867407,0.7169004887287662,0.6373919745842891,0.5387647309418516,0.4945370636801374,0.43665726928044735,0.43665726928044735,0.43665726928044735,0.43665726928044735,0.43665726928044735
1181004237078724609,1.0,0.8738564209055293,0.7162792376715688,0.6339986163125859,0.5318814760680446,0.4873253154450765,0.4299293704138236,0.4299293704138236,0.4299293704138236,0.4299293704138236,0.4299293704138236
1180980206289682433,1.0,0.8949126313949785,0.7607168339916893,0.6894809733367007,0.5965202403007529,0.554503321231669,0.49705208850179994,0.49705208850179994,0.49705208850179994,0.49705208850179994,0.49705208850179994
1180999966800805889,1.0,0.9007560100203653,0.7696940017691062,0.698998856815014,0.6081110342652367,0.5663535039897635,0.5098140291550669,0.5098140291550669,0.5098140291550669,0.5098140291550669,0.5098140291550669
1181000164448468993,1.0,0.905181862518536,0.7779623878485887,0.7104594041308777,0.6198736837590579,0.5795189948648982,0.5235318782727552,0.5235318782727552,0.5235318782727552,0.5235318782727552,0.5235318782727552
1181020642007351297,1.0,0.8282820473374761,0.6358557627478876,0.5398289012273496,0.42827965380259636,0.3819737763718112,0.32345439799424947,0.32345439799424947,0.32345439799424947,0.32345439799424947,0.32345439799424947
1181000313023758337,1.0,0.8716826249650804,0.7147430738941936,0.6327454431804296,0.5321460094874197,0.487852808755612,0.430761986165101,0.430761986165101,0.430761986165101,0.430761986165101,0.430761986165101
1180987591004946433,1.0,0.9121433237484604,0.7939430273754482,0.7291471296128554,0.6458546644462628,0.6060239477754921,0.5531084754963579,0.5531084754963579,0.5531084754963579,0.5531084754963579,0.5531084754963579
1181022986478518273,1.0,0.8494289020209917,0.6667452239714375,0.5737060345732867,0.46391698018895566,0.41734027607362467,0.35976726346105026,0.35976726346105026,0.35976726346105026,0.35976726346105026,0.35976726346105026
1181005474334441473,1.0,0.8642003714840176,0.7058864493625175,0.6007653920497028,0.48199357417886457,0.43202261238575734,0.3765709962432737,0.34406906426651773,0.30288758373717606,0.2789004470739438,0.24856855794557187
1180990652627484673,1.0,0.9148338208850044,0.8042991322700183,0.7356838763119756,0.6479388508743557,0.6062811844792113,0.5549532275163773,0.5549532275163773,0.5549532275163773,0.5549532275163773,0.5549532275163773
1181002065750884353,1.0,0.9224312757935604,0.8169697898993253,0.7570773493070457,0.6787128470270283,0.6407818815602293,0.5901471885784386,0.5901471885784386,0.5901471885784386,0.5901471885784386,0.5901471885784386
1181009165250002945,1.0,0.9455391987318131,0.8777658937264492,0.8341184963358459,0.7783568679318207,0.7486664494088664,0.7147614407038616,0.7147614407038616,0.7147614407038616,0.7147614407038616,0.7147614407038616
1181024275257458689,1.0,0.8833783734184,0.7312741417987351,0.6508392779137683,0.5499191244561668,0.5078232225193933,0.45092303223432806,0.45092303223432806,0.45092303223432806,0.45092303223432806,0.45092303223432806
1181032067150053377,1.0,0.9326474143205559,0.8463168137405346,0.794289720598271,0.7268653536861431,0.6939256762712471,0.6522353139177622,0.6522353139177622,0.6522353139177622,0.6522353139177622,0.6522353139177622
1181001254799212545,1.0,0.8537089993317095,0.6768826129806234,0.5887535358305468,0.4811010774121818,0.43668827710279035,0.3780732219751072,0.3780732219751072,0.3780732219751072,0.3780732219751072,0.3780732219751072
1181003376148611073,1.0,0.9089723662978205,0.7894224711269955,0.7216293692037165,0.6338908044618429,0.5927784163526572,0.5374106262591158,0.5374106262591158,0.5374106262591158,0.5374106262591158,0.5374106262591158
1181019292989587457,1.0,0.9418116720396814,0.8591669399468156,0.8097001702597728,0.7420671205598643,0.709305619510538,0.6674573519881155,0.6674573519881155,0.6674573519881155,0.6674573519881155,0.6674573519881155
1181035669759492097,1.0,0.9567796039139171,0.8954256527063575,0.8597193867007868,0.8098383978444241,0.7852730569848684,0.7538710892270137,0.7538710892270137,0.7538710892270137,0.7538710892270137,0.7538710892270137
1181026901122220033,1.0,0.8678523758888775,0.6969383623323555,0.6102619692829875,0.5044918548374746,0.46099399237253036,0.40275555183094447,0.40275555183094447,0.40275555183094447,0.40275555183094447,0.40275555183094447
1180998645531901953,1.0,0.9133246438835362,0.8116269165575607,0.7511254500299809,0.6776948778685636,0.6404772452551173,0.5977770829743876,0.5977770829743876,0.5977770829743876,0.5977770829743876,0.5977770829743876
1180988117131362305,1.0,0.8945157492237681,0.7552065032204274,0.6843339270958394,0.5923891101731951,0.5505299462533779,0.49382100036189147,0.49382100036189147,0.49382100036189147,0.49382100036189147,0.49382100036189147
1180979641540706305,1.0,0.9172790882791588,0.8024985574692847,0.7359017600275832,0.6462368987321705,0.6043961462447383,0.5493418497725255,0.5493418497725255,0.5493418497725255,0.5493418497725255,0.5493418497725255
1181022045662773249,1.0,0.852153707219918,0.6841521169451881,0.5989291057820341,0.4993401444299119,0.45491202821570753,0.3995752493103937,0.3995752493103937,0.3995752493103937,0.3995752493103937,0.3995752493103937
1180986937273974785,1.0,0.763697913493063,0.5335111186838214,0.4238258689018357,0.3120339157849281,0.26876182498048495,0.21911653039373902,0.21911653039373902,0.21911653039373902,0.21911653039373902,0.21911653039373902
1180988471260119041,1.0,0.9010869838906375,0.7634389717779286,0.6918936422505271,0.5975670107446959,0.5558292025575333,0.49841570554825776,0.49841570554825776,0.49841570554825776,0.49841570554825776,0.49841570554825776
1180980791231315969,1.0,0.9255978038602947,0.8229783077624941,0.7691357699333192,0.6967363209893909,0.661893917112941,0.614692470041651,0.614692470041651,0.614692470041651,0.614692470041651,0.614692470041651
1180985849143558145,1.0,0.8934669705991942,0.7617769492269064,0.6867821635444408,0.5965891741600138,0.5543332502630789,0.5019393665401474,0.5019393665401474,0.5019393665401474,0.5019393665401474,0.5019393665401474
1181025177973915649,1.0,0.8890535308777255,0.7558816410530242,0.6840174584492291,0.5948061097209333,0.5524497172177011,0.49748880705039544,0.49748880705039544,0.49748880705039544,0.49748880705039544,0.49748880705039544
1181031353118556161,1.0,0.8842948455514209,0.7542408336455819,0.6828779201433499,0.5966593877745813,0.5553649857131371,0.503836410201033,0.503836410201033,0.503836410201033,0.503836410201033,0.503836410201033
1180997818638663681,1.0,0.9040690641742688,0.7924182971067608,0.7211208726275715,0.6363274527724159,0.593695819156074,0.5467576063711923,0.5467576063711923,0.5467576063711923,0.5467576063711923,0.5467576063711923
1180981809383571457,1.0,0.8518896141531334,0.6731044965941111,0.5823915130410237,0.4710560468041698,0.42635814363459046,0.36454273753530164,0.36454273753530164,0.36454273753530164,0.36454273753530164,0.36454273753530164
1180996967315668993,1.0,0.7397917199563024,0.5076703888906611,0.38239859288892664,0.270564494158402,0.22644237441811632,0.18422026469430475,0.18422026469430475,0.18422026469430475,0.18422026469430475,0.18422026469430475
1181022857584934913,1.0,0.8934956873532148,0.7639401770522045,0.6949404745311891,0.6081683776383939,0.5675645347916368,0.5188682247767726,0.5188682247767726,0.5188682247767726,0.5188682247767726,0.5188682247767726
1181000331123949569,1.0,0.9189251011331504,0.8150828060808286,0.7572574391129955,0.6832028188063552,0.6472781693514131,0.6004826080059067,0.6004826080059067,0.6004826080059067,0.6004826080059067,0.6004826080059067
1180998956554616833,1.0,0.9340003458547457,0.8453059761645005,0.7957398302204568,0.7280991702136557,0.6944500616979945,0.6503096195756242,0.6242240791963058,0.5865943949370123,0.5644419117326297,0.5332745660774074
1180980518279643137,1.0,0.9020954672895937,0.7813207488599261,0.7118378875092011,0.6225699385254514,0.5802057084041333,0.5227532053775032,0.5227532053775032,0.5227532053775032,0.5227532053775032,0.5227532053775032
1181021468107931649,1.0,0.8875305170191563,0.7584597012407142,0.687815754860022,0.6029015319240636,0.5629898821806392,0.5150715319219696,0.5150715319219696,0.5150715319219696,0.5150715319219696,0.5150715319219696
1180989294248525825,1.0,0.8977121685843882,0.7710458712615822,0.7018100271062798,0.615181065450958,0.5733633895635448,0.5194070550446075,0.5194070550446075,0.5194070550446075,0.5194070550446075,0.5194070550446075
1181022848517996545,1.0,0.7781874595110084,0.5643504477094001,0.45850365651056846,0.34977291593678517,0.3061585459197491,0.2566625580717904,0.2566625580717904,0.2566625580717904,0.2566625580717904,0.2566625580717904
1180981405858267137,1.0,0.842258743993506,0.6629284125786419,0.5669349470074991,0.4596087310199197,0.41366817908766873,0.3568611048153846,0.3568611048153846,0.3568611048153846,0.3568611048153846,0.3568611048153846
1180986270478008321,1.0,0.8878239427015052,0.7430668512699896,0.665432170086293,0.5690749135847127,0.5261139271837602,0.46952125203614736,0.46952125203614736,0.46952125203614736,0.46952125203614736,0.46952125203614736
1181022835451363329,1.0,0.9289954402243127,0.8330460775936314,0.7777119515469093,0.7025900799508963,0.6667844672400638,0.6185001499424492,0.6185001499424492,0.6185001499424492,0.6185001499424492,0.6185001499424492
1180988807418675201,1.0,0.8693137197549923,0.7074167496557262,0.6122820110451968,0.4987951302950152,0.45135660377700804,0.39482392184904946,0.39482392184904946,0.39482392184904946,0.39482392184904946,0.39482392184904946
1180995665048698881,1.0,0.8357955161629091,0.6643887956709427,0.5665794974476697,0.46047704226299957,0.41482652158855315,0.3639308421163707,0.3639308421163707,0.3639308421163707,0.3639308421163707,0.3639308421163707
1181028857603227649,1.0,0.8408279526437009,0.6744325255631002,0.5789110600842662,0.4780422120494199,0.43449717343840344,0.3882837234001958,0.3882837234001958,0.3882837234001958,0.3882837234001958,0.3882837234001958
1181033710671724545,1.0,0.924037577970114,0.8301779237072912,0.7724446209555491,0.699765767514525,0.6639481104514879,0.6222514454436171,0.5966498258586974,0.5622249234102428,0.5413736334233021,0.5133103246060658
1181016953955745793,1.0,0.915829903868766,0.7930409317117428,0.7286239649748796,0.6394733814501117,0.5998504196873419,0.5454587088111156,0.5454587088111156,0.5454587088111156,0.5454587088111156,0.5454587088111156
1180986034046926849,1.0,0.8735655372457802,0.7044352356931796,0.6217681584170119,0.5166574108227151,0.4737178093333563,0.41715716152176097,0.41715716152176097,0.41715716152176097,0.41715716152176097,0.41715716152176097
1181027673776488449,1.0,0.8947777432774275,0.7756182274494507,0.7086284340639855,0.6298509618500647,0.5887113520125395,0.5412948060920895,0.5412948060920895,0.5412948060920895,0.5412948060920895,0.5412948060920895
1180986232244830209,1.0,0.8884928869613273,0.7456426876367246,0.6648228588874154,0.5639304178950543,0.5198045334754267,0.4665194893444071,0.4665194893444071,0.4665194893444071,0.4665194893444071,0.4665194893444071
1181006477640957953,1.0,0.9468485876398124,0.8747699588663362,0.8332518462966567,0.7775987429944804,0.7488017033522698,0.7116716780393322,0.7116716780393322,0.7116716780393322,0.7116716780393322,0.7116716780393322
1180981310421106689,1.0,0.9407060365179152,0.8631412688823424,0.8171453092065398,0.7567067704546706,0.7262206168114531,0.6864217920674092,0.6864217920674092,0.6864217920674092,0.6864217920674092,0.6864217920674092
1180982430462541825,1.0,0.7519333709437762,0.5383664123241295,0.42362692437855454,0.31717134207442943,0.2721727691220557,0.224445172799289,0.224445172799289,0.224445172799289,0.224445172799289,0.224445172799289
1180980088652529665,1.0,0.8767233965807895,0.6859367281726044,0.5983514047087877,0.47712663136665934,0.4314371131937995,0.3631319783866003,0.3631319783866003,0.3631319783866003,0.3631319783866003,0.3631319783866003
1181029430028763137,1.0,0.8973989340223391,0.7692493306355095,0.6987894331158739,0.6109859481800137,0.570347971259157,0.5202731374018721,0.5202731374018721,0.5202731374018721,0.5202731374018721,0.5202731374018721
1181008675677339649,1.0,0.8296505596522756,0.622884114492217,0.5276028643962203,0.4138774287867981,0.3716704557805329,0.31494014691116945,0.31494014691116945,0.31494014691116945,0.31494014691116945,0.31494014691116945
1180981377951629313,1.0,0.9088650595724557,0.7849176321188414,0.7168386122133639,0.6285129041947214,0.5872573731566495,0.5300887020458603,0.5300887020458603,0.5300887020458603,0.5300887020458603,0.5300887020458603
1180981409762770945,1.0,0.7807079506273047,0.5553163562129424,0.4486886095234103,0.33512935032130564,0.29171617747159195,0.2401083897297518,0.2401083897297518,0.2401083897297518,0.2401083897297518,0.2401083897297518
1181000829430890497,1.0,0.8811743119810117,0.7282944569055881,0.6484419917243105,0.547538697640741,0.5041303514167061,0.4467980159531435,0.4467980159531435,0.4467980159531435,0.4467980159531435,0.4467980159531435
1181017127955202049,1.0,0.45799954212548377,0.1689414734768082,0.08696040372201763,0.03912313967878278,0.026151990644599277,0.015525352368081724,0.015525352368081724,0.015525352368081724,0.015525352368081724,0.015525352368081724
1181001334135717889,1.0,0.9099560785099085,0.7808189989058664,0.7133480954315252,0.6216574922535942,0.5824593098932136,0.5273485678268284,0.5273485678268284,0.5273485678268284,0.5273485678268284,0.5273485678268284
1181018108358656001,1.0,0.8646299311016113,0.6985895268866045,0.61431073843366,0.5111359133254504,0.46740216749931984,0.40945231447077846,0.40945231447077846,0.40945231447077846,0.40945231447077846,0.40945231447077846
1180986469998002177,1.0,0.8526068349622217,0.6661563834289507,0.574383277898197,0.4614425941636011,0.4166721016478534,0.3561867050371008,0.3561867050371008,0.3561867050371008,0.3561867050371008,0.3561867050371008
1180980260973969409,1.0,0.8704204091527645,0.7080791626124299,0.6254002300582,0.5214027641570689,0.4777884321528698,0.41837532328229,0.41837532328229,0.41837532328229,0.41837532328229,0.41837532328229
1180993462232514561,1.0,0.865132861314516,0.6977547959013906,0.6109385879728677,0.5061364291361679,0.4613844798716157,0.40371171771308,0.40371171771308,0.40371171771308,0.40371171771308,0.40371171771308
1180989943106306049,1.0,0.9307505429810872,0.8469239933264754,0.79403968543764,0.7278241237958814,0.6932968916172051,0.6515193607677676,0.6515193607677676,0.6515193607677676,0.6515193607677676,0.6515193607677676
1181021753062522881,1.0,0.910971046620254,0.7927649390790364,0.7300213154190188,0.643957325525943,0.6047999592935854,0.5516559562318529,0.5516559562318529,0.5516559562318529,0.5516559562318529,0.5516559562318529
1181032996480745473,1.0,0.8992753459444811,0.7820962903179223,0.715272809785378,0.6343427603222672,0.5951832452889473,0.5478622165407909,0.5478622165407909,0.5478622165407909,0.5478622165407909,0.5478622165407909
1180993843623657473,1.0,0.8595871655652512,0.6697600226706316,0.5863902857690233,0.4824073835878585,0.4398880531774878,0.3786029338322575,0.3786029338322575,0.3786029338322575,0.3786029338322575,0.3786029338322575
1180998551869227009,1.0,0.9205369564684803,0.8112255889853833,0.7566252512174951,0.6831664332393161,0.6474471947970628,0.6014423204450332,0.575517649565292,0.53837605818353,0.517510123804904,0.48765580818707477
1180985616359718913,1.0,0.9297825909641368,0.8323087422851313,0.7757123480516495,0.7004238729538099,0.6631466848175851,0.6158075025675918,0.6158075025675918,0.6158075025675918,0.6158075025675918,0.6158075025675918
1180981540850466817,1.0,0.9347261209696276,0.8437608461298893,0.791635044253013,0.7192483201550286,0.6860607875250483,0.6426546160117036,0.6426546160117036,0.6426546160117036,0.6426546160117036,0.6426546160117036
1181034137942360065,1.0,0.8812611459977294,0.7302611457017041,0.6449892155943525,0.5405606922989843,0.4946658884218935,0.4363740407711746,0.4363740407711746,0.4363740407711746,0.4363740407711746,0.4363740407711746
1180993085584375809,1.0,0.9242199251137938,0.8287298629537816,0.7763489399389875,0.707468271164637,0.6736654436905711,0.6291639856260491,0.6291639856260491,0.6291639856260491,0.6291639856260491,0.6291639856260491
1180992202425794561,1.0,0.7345240459307248,0.5066442907250692,0.39427288678110906,0.28914263928186257,0.2488605560856667,0.20692077636139328,0.20692077636139328,0.20692077636139328,0.20692077636139328,0.20692077636139328
1180988777412329473,1.0,0.907738965955421,0.7979815602849841,0.7324648555033788,0.6531804544187896,0.6137961762791417,0.5666784786663712,0.5666784786663712,0.5666784786663712,0.5666784786663712,0.5666784786663712
1181035139469672449,1.0,0.8619302241101398,0.6821254333996871,0.5915017068825839,0.48281192275321394,0.43809064834841627,0.3833778712665378,0.3833778712665378,0.3833778712665378,0.3833778712665378,0.3833778712665378
1180983456614776833,1.0,0.9482550254348535,0.8774678927711854,0.8379356471034004,0.7844050726325535,0.7570295105903164,0.722473015206972,0.7013518761879167,0.6716409182859033,0.6539124775950392,0.6289513221276832
1181025113896517633,1.0,0.944168939148447,0.8722436015134103,0.8255972558082789,0.7650212322774761,0.7335516190235879,0.6970040795521268,0.6970040795521268,0.6970040795521268,0.6970040795521268,0.6970040795521268
1180984202943528961,1.0,0.9319308952158762,0.8476744078460003,0.7978230956561294,0.7359762154484522,0.705489337679513,0.6687484252229308,0.6687484252229308,0.6687484252229308,0.6687484252229308,0.6687484252229308
1181024636080685057,1.0,0.9438844696433323,0.8612339281156445,0.8145351437541015,0.7475537420274218,0.715403718328141,0.6711015932463851,0.6711015932463851,0.6711015932463851,0.6711015932463851,0.6711015932463851
1180997769404284929,1.0,0.9417624961010693,0.8651994419631648,0.8217253712266936,0.7627166246451631,0.7340342521772284,0.6961869243910072,0.6961869243910072,0.6961869243910072,0.6961869243910072,0.6961869243910072
1181015188507721729,1.0,0.9433823965022277,0.8698892681227062,0.8252403454556128,0.767055898055355,0.736366081132495,0.6981080448103864,0.6981080448103864,0.6981080448103864,0.6981080448103864,0.6981080448103864
1181035421263036417,1.0,0.6914616400953952,0.44532606388319984,0.3105424298276611,0.20582366088024717,0.1649287661262211,0.128705100626052,0.128705100626052,0.128705100626052,0.128705100626052,0.128705100626052
1180994487578329089,1.0,0.7654715783856378,0.5450328702242074,0.4338254771802863,0.3239722032945145,0.28069819898134285,0.23452051907654903,0.23452051907654903,0.23452051907654903,0.23452051907654903,0.23452051907654903
1180981249701412865,1.0,0.8642583232562423,0.7046970337661055,0.6180246824837452,0.5143025717628213,0.468797000581906,0.4131200026930838,0.4131200026930838,0.4131200026930838,0.4131200026930838,0.4131200026930838
1181017030356107265,1.0,0.7204442169079046,0.4791633297153942,0.3658043291106552,0.25889228695588695,0.21571336223216442,0.16900097382634294,0.16900097382634294,0.16900097382634294,0.16900097382634294,0.16900097382634294
1181024523435474945,1.0,0.883080352540806,0.7243412762592047,0.6223512142657206,0.4956208898602039,0.4289017452051781,0.3504605394009239,0.30812434260792787,0.253842060243366,0.22507016838524974,0.18865420731305194
1181021570804252673,1.0,0.9380516065471014,0.8608758697126307,0.8150924000866181,0.7561882670285717,0.7257420456339002,0.6874787588662283,0.6874787588662283,0.6874787588662283,0.6874787588662283,0.6874787588662283
1181029211408629761,1.0,0.8987101978823266,0.7686490675210513,0.6987655295715296,0.6086945475428263,0.5660009095768509,0.5118289151769837,0.5118289151769837,0.5118289151769837,0.5118289151769837,0.5118289151769837
1181029313461256193,1.0,0.9045779980495596,0.7903181592557249,0.7179281624886253,0.6294005528217996,0.5878458489762651,0.5417682935826386,0.5417682935826386,0.5417682935826386,0.5417682935826386,0.5417682935826386
1180997414727417857,1.0,0.9237867345271775,0.8224416215008095,0.7555028847881334,0.6700594717757564,0.6267910446262626,0.5743462500411847,0.5743462500411847,0.5743462500411847,0.5743462500411847,0.5743462500411847
1181007005539041281,1.0,0.8471548940352052,0.6659853649285055,0.563975527988735,0.4449406086409745,0.3958238554519783,0.33258356410155343,0.33258356410155343,0.33258356410155343,0.33258356410155343,0.33258356410155343
1180993466879541249,1.0,0.9505853954247913,0.8857687330380952,0.8462101915418796,0.792977951891189,0.7662332780253789,0.7336183806871484,0.7336183806871484,0.7336183806871484,0.7336183806871484,0.7336183806871484
1180988720854597633,1.0,0.9256317240612396,0.8317760376308502,0.7736537999672488,0.7004579486630211,0.6641295881874854,0.6199172976385018,0.6199172976385018,0.6199172976385018,0.6199172976385018,0.6199172976385018
1180999408667000833,1.0,0.8564247582043256,0.6851342650116252,0.5953894089166195,0.4885900891915752,0.4435413531168405,0.3868234163686698,0.3868234163686698,0.3868234163686698,0.3868234163686698,0.3868234163686698
1180989092985339905,1.0,0.9614407321948232,0.9065210706947464,0.873201691769537,0.8265509487870009,0.8032025315113832,0.7730306805190997,0.7730306805190997,0.7730306805190997,0.7730306805190997,0.7730306805190997
1180999140554866689,1.0,0.9525827413414486,0.8849431797955183,0.8441943159606782,0.784528910842214,0.7553685558270548,0.7150961718548283,0.6917706702385552,0.6569699701233014,0.6373621061304087,0.6084840638493443
1181021223223984129,1.0,0.8445512260510325,0.6601408080452125,0.561698459017067,0.4495885892334117,0.404323118145667,0.35194557254490944,0.35194557254490944,0.35194557254490944,0.35194557254490944,0.35194557254490944
1181027988512342017,1.0,0.9212930436964912,0.809812528650484,0.7474069972977598,0.663994476948595,0.6253428612417513,0.5728060037740257,0.5728060037740257,0.5728060037740257,0.5728060037740257,0.5728060037740257
1180985018477412353,1.0,0.8942171815099467,0.7576580259914343,0.683804621167214,0.5890407622953543,0.5449099045973913,0.48388443004899007,0.48388443004899007,0.48388443004899007,0.48388443004899007,0.48388443004899007
1180999585118257153,1.0,0.8426770925861413,0.6725860993410919,0.5782388181638398,0.4737584829953042,0.4278201111110753,0.3787182511183427,0.3787182511183427,0.3787182511183427,0.3787182511183427,0.3787182511183427
1181004722713493505,1.0,0.9074531523118632,0.7874384857176006,0.7218132903544332,0.6362084255942253,0.5949987429520792,0.5404455910472147,0.5404455910472147,0.5404455910472147,0.5404455910472147,0.5404455910472147
1181005692273426433,1.0,0.907506981106847,0.7758681765669261,0.7051515963787467,0.6094626726926597,0.5671402214730947,0.5105826867713549,0.5105826867713549,0.5105826867713549,0.5105826867713549,0.5105826867713549
1181013568033226753,1.0,0.9176168907206208,0.8072966542312972,0.7495761697809611,0.6734653286003599,0.6378340922175394,0.5912636574058651,0.5912636574058651,0.5912636574058651,0.5912636574058651,0.5912636574058651
1181007988877819905,1.0,0.9382709557371565,0.8566037699303941,0.8029720162074973,0.7352410812332166,0.6998852716812779,0.6587806538274009,0.6587806538274009,0.6587806538274009,0.6587806538274009,0.6587806538274009
1180981460739981313,1.0,0.9502156578796285,0.8856072207148762,0.8471947381570808,0.797556914370769,0.7721228105114954,0.7410195957994501,0.7211765942278653,0.6940995532476129,0.6771829548731985,0.6541706647769144
1181000561166876673,1.0,0.8815706090778124,0.7347244079919596,0.6540286632339275,0.5542884907995475,0.510668161965798,0.4545804944676731,0.4545804944676731,0.4545804944676731,0.4545804944676731,0.4545804944676731
1180995618427305985,1.0,0.8931390125453682,0.7742608925533758,0.707704808749337,0.630156369679484,0.5916957082008787,0.546083346297616,0.546083346297616,0.546083346297616,0.546083346297616,0.546083346297616
1180983615223595009,1.0,0.6797329595047255,0.4240743320538428,0.3217518889288832,0.22265456193469446,0.1873636473500463,0.14952588783861376,0.14952588783861376,0.14952588783861376,0.14952588783861376,0.14952588783861376
1181017289403072513,1.0,0.9252824892917701,0.8337723762247449,0.7744788288370068,0.7030511515237685,0.6659565690763252,0.6237297172490879,0.6237297172490879,0.6237297172490879,0.6237297172490879,0.6237297172490879
1181032873713893377,1.0,0.8799729673845724,0.7373607503148799,0.663843212971718,0.5722739910549991,0.5290768286216978,0.47524405087718835,0.47524405087718835,0.47524405087718835,0.47524405087718835,0.47524405087718835
1180992157708156929,1.0,0.8755674048011184,0.7117218402246572,0.640049089774629,0.5465527496590837,0.5050451025802757,0.44708217114230164,0.44708217114230164,0.44708217114230164,0.44708217114230164,0.44708217114230164
1181024661912158209,1.0,0.9398052376121193,0.8524501330987287,0.8050375826237458,0.7386448638775283,0.7068583533046052,0.6611102273282845,0.6611102273282845,0.6611102273282845,0.6611102273282845,0.6611102273282845
1181024192535298049,1.0,0.9472113483900145,0.8828203593437163,0.8401803930420955,0.7821423372348477,0.7507110166589099,0.7122664664833864,0.7122664664833864,0.7122664664833864,0.7122664664833864,0.7122664664833864
1180997875359776769,1.0,0.899356384464654,0.7704172534767544,0.702109699022794,0.612367763276351,0.5701072060065078,0.5167120727682288,0.5167120727682288,0.5167120727682288,0.5167120727682288,0.5167120727682288
1181022517812002817,1.0,0.8967939298599099,0.7770536219894294,0.7048603072391917,0.6171882585091131,0.5733121986149117,0.5216413122712289,0.4896110508452257,0.448082345684613,0.4227772657413137,0.39040909203204555
1180986415794913281,1.0,0.8846718132771092,0.7480785341402411,0.6703233309451977,0.5719468868036336,0.524863972099587,0.4675994979965701,0.4675994979965701,0.4675994979965701,0.4675994979965701,0.4675994979965701
1181027947604049921,1.0,0.8772833841633445,0.7187882411125552,0.644683487258938,0.5440246745631986,0.49952230948262266,0.43960152413153464,0.43960152413153464,0.43960152413153464,0.43960152413153464,0.43960152413153464
1181004782338867201,1.0,0.8557785971599328,0.6802283714340892,0.5992245099735005,0.4966267219815599,0.4535822317192383,0.39800335197146997,0.39800335197146997,0.39800335197146997,0.39800335197146997,0.39800335197146997
1181025451151392769,1.0,0.8899744542159554,0.754700695751788,0.6794733644432767,0.5834350878423213,0.5362872484577031,0.4767730473195593,0.4767730473195593,0.4767730473195593,0.4767730473195593,0.4767730473195593
1181030507578720257,1.0,0.9070771041971417,0.7911762392772226,0.7290295021818629,0.6480872460237981,0.6076132882641117,0.5561765371117084,0.5561765371117084,0.5561765371117084,0.5561765371117084,0.5561765371117084
1181026748741353473,1.0,0.8306108627826206,0.6336970519440469,0.5345991445800844,0.4141682657633241,0.36415455622401316,0.3037393206036503,0.3037393206036503,0.3037393206036503,0.3037393206036503,0.3037393206036503
1181006519422255105,1.0,0.884472054899187,0.7526668234178728,0.6798397225763673,0.5906681042281332,0.5465832961946259,0.49363345780834333,0.49363345780834333,0.49363345780834333,0.49363345780834333,0.49363345780834333
1180993784581128193,1.0,0.8444291317432872,0.6868549849133763,0.5915631205605881,0.48600721197273467,0.4322354792371741,0.3763950116134256,0.3763950116134256,0.3763950116134256,0.3763950116134256,0.3763950116134256
1181002194678054913,1.0,0.9195643505928385,0.8218591020552088,0.7587940472540355,0.6753500195019437,0.6313414174514945,0.5777545205360937,0.544882541696794,0.5011893051683561,0.47500634499176086,0.43997339011390857
1181032372560658433,1.0,0.6736619516859499,0.40232417458298975,0.2906223129471952,0.18969255662287565,0.15055453797881924,0.11241305119620049,0.11241305119620049,0.11241305119620049,0.11241305119620049,0.11241305119620049
1181000852758102017,1.0,0.8313814977570029,0.6532273213413708,0.5474303617825937,0.4377540674389202,0.38132442813192957,0.31703133935338024,0.31703133935338024,0.31703133935338024,0.31703133935338024,0.31703133935338024
1180979994830897153,1.0,0.9218758526003386,0.8295496715692431,0.7668334099161205,0.68536208317218,0.6420268819525041,0.5921268948878896,0.5603475545861044,0.519226348230229,0.49331546428155093,0.46006869891746727
1180984582045040641,1.0,0.8163694012175511,0.6406844155804188,0.5422950300103735,0.4383442315582038,0.38710430937301843,0.3322184922373297,0.3322184922373297,0.3322184922373297,0.3322184922373297,0.3322184922373297
1180994265086525441,1.0,0.933117186060522,0.8478290231378443,0.7979713972146828,0.7307387731206032,0.696278053986121,0.6536271163880594,0.6536271163880594,0.6536271163880594,0.6536271163880594,0.6536271163880594
1181031223262052353,1.0,0.8774232848573418,0.7281419565712914,0.6485503708534368,0.5436074458948421,0.49622180486692913,0.4353831228574564,0.4353831228574564,0.4353831228574564,0.4353831228574564,0.4353831228574564
1180983497170485249,1.0,0.9311089514436833,0.8497706620679684,0.7979661385015775,0.7279301852738896,0.6897441089757632,0.6440009931590132,0.6440009931590132,0.6440009931590132,0.6440009931590132,0.6440009931590132
1180987978526457857,1.0,0.9377017647980286,0.8567048148166272,0.8062234797489605,0.738501490912258,0.7031835490903677,0.6581650815295648,0.6581650815295648,0.6581650815295648,0.6581650815295648,0.6581650815295648
1181028529157406721,1.0,0.8966502376320532,0.7772466965718325,0.7091719230766615,0.6223642666379527,0.5788330989497588,0.526224403623459,0.526224403623459,0.526224403623459,0.526224403623459,0.526224403623459
1181014103515398145,1.0,0.8738426054569997,0.71147658285221,0.6307724656906293,0.524733793490829,0.4770147980287164,0.41532762130444434,0.41532762130444434,0.41532762130444434,0.41532762130444434,0.41532762130444434
1181027160588713985,1.0,0.9062232502701203,0.7878924134308642,0.7224605855089721,0.6354769669109598,0.5936160995930986,0.5412642995300458,0.5412642995300458,0.5412642995300458,0.5412642995300458,0.5412642995300458
1180995614040457217,1.0,0.9014484479070705,0.792181353832901,0.7273571927237759,0.6483954622629817,0.606307515254328,0.5574842045237552,0.5574842045237552,0.5574842045237552,0.5574842045237552,0.5574842045237552
1180988112743858177,1.0,0.9286832434708834,0.8384360138444535,0.7851529894247498,0.7130637336022378,0.6757769986995079,0.629115875744063,0.629115875744063,0.629115875744063,0.629115875744063,0.629115875744063
1181005764029022209,1.0,0.9170610811861444,0.8145165316812097,0.7551908605624028,0.6772207624383652,0.6374993069529721,0.5876434641620254,0.5876434641620254,0.5876434641620254,0.5876434641620254,0.5876434641620254
1181003315201933313,1.0,0.8030181359417361,0.6131884372250783,0.5106127500379563,0.40212108630760135,0.35414231115545114,0.3034538527377918,0.3034538527377918,0.3034538527377918,0.3034538527377918,0.3034538527377918
1181024431737274369,1.0,0.9441543835410837,0.8678338609026619,0.8249154543302313,0.7651610943173348,0.7342636363764773,0.694430475391414,0.694430475391414,0.694430475391414,0.694430475391414,0.694430475391414
1181018905695551489,1.0,0.9273305284981814,0.8354658101722686,0.78228379613126,0.7121702212960386,0.6751456920972629,0.6282234744738401,0.6282234744738401,0.6282234744738401,0.6282234744738401,0.6282234744738401
1180996963252207617,1.0,0.8371791664016056,0.6660430694996837,0.5715994954658709,0.464437103411811,0.41415225446411563,0.3591767871397965,0.3591767871397965,0.3591767871397965,0.3591767871397965,0.3591767871397965
1181028416171606017,1.0,0.9105441312933615,0.8060984301817803,0.7477474775752664,0.6721698677456036,0.6330790511738844,0.5850147340978581,0.5850147340978581,0.5850147340978581,0.5850147340978581,0.5850147340978581
1180998449205608449,1.0,0.9233773856717503,0.821632604514883,0.7668382070439477,0.6902306060717764,0.6528201188922094,0.6038419301528535,0.6038419301528535,0.6038419301528535,0.6038419301528535,0.6038419301528535
1180998355509903361,1.0,0.7606172440293516,0.5538469526973906,0.44964550537794346,0.3449109870680318,0.2958423183066753,0.24574207219847333,0.24574207219847333,0.24574207219847333,0.24574207219847333,0.24574207219847333
1181018476293849089,1.0,0.9382909484765909,0.8632625051606349,0.8171923282559526,0.7561272919063842,0.7227460651312139,0.6823311387197282,0.6823311387197282,0.6823311387197282,0.6823311387197282,0.6823311387197282
1181028750745337857,1.0,0.8958335591235549,0.7733013813148204,0.7052569577069135,0.6206837422581539,0.579839274980317,0.5296601957523266,0.5296601957523266,0.5296601957523266,0.5296601957523266,0.5296601957523266
1181017887285215233,1.0,0.9255198196236173,0.8349173007767846,0.7833174320389182,0.7161463473291503,0.6807922935406603,0.636318623282884,0.636318623282884,0.636318623282884,0.636318623282884,0.636318623282884
1180982599557054465,1.0,0.9127757910205125,0.7992255215899793,0.7398068976192973,0.6587826301636771,0.6195668613698275,0.5686553798341982,0.5686553798341982,0.5686553798341982,0.5686553798341982,0.5686553798341982
1180985342438211585,1.0,0.8988197233293772,0.7675186399884646,0.6881861243777556,0.5840548509138708,0.533750798485235,0.4742318523653062,0.4742318523653062,0.4742318523653062,0.4742318523653062,0.4742318523653062
1181008252245508097,1.0,0.875353648256943,0.7232882859331641,0.6381475811580909,0.5302239544334912,0.4786579614450496,0.41880840201842073,0.41880840201842073,0.41880840201842073,0.41880840201842073,0.41880840201842073
1181013034095312897,1.0,0.9249153700977507,0.8394138285049163,0.7809679088330672,0.708477567091757,0.6674516328248166,0.6199530085692996,0.5888342794197066,0.5486814996701851,0.5227183161934587,0.49052700304836405
1181022747239874561,1.0,0.8697170422812267,0.7265662043977148,0.646405600106141,0.5516630116375195,0.507163658822308,0.4547869064900072,0.4547869064900072,0.4547869064900072,0.4547869064900072,0.4547869064900072
1181030591336448001,1.0,0.6212854961036287,0.35535618709181604,0.22694757841344682,0.13306078844882185,0.09921687222657172,0.07138115834785785,0.07138115834785785,0.07138115834785785,0.07138115834785785,0.07138115834785785
1181024994682798081,1.0,0.9027286158227142,0.7849853634435362,0.7199455427761599,0.6346426278443681,0.5922886879853376,0.5389574172242176,0.5389574172242176,0.5389574172242176,0.5389574172242176,0.5389574172242176
1181001347621191681,1.0,0.889918812132786,0.7681342045501698,0.6953889888492869,0.6051105509674324,0.5573002030393557,0.5011896085421363,0.5011896085421363,0.5011896085421363,0.5011896085421363,0.5011896085421363
1181000136926822401,1.0,0.9454881438019419,0.8805678737568757,0.8379189315062252,0.7833975491942045,0.7519406217696041,0.7145992835226556,0.7145992835226556,0.7145992835226556,0.7145992835226556,0.7145992835226556
1180998731483348993,1.0,0.9395875931361429,0.8672148273226189,0.8211350276962799,0.7621941343593915,0.7292942657885358,0.69034070069139,0.69034070069139,0.69034070069139,0.69034070069139,0.69034070069139
1181031839724175361,1.0,0.8682353849594953,0.7243503354009396,0.6406808410068183,0.5411922274888651,0.49181145943219406,0.43620689310644656,0.43620689310644656,0.43620689310644656,0.43620689310644656,0.43620689310644656
1180999581278633985,1.0,0.8946885561072416,0.7697760880215325,0.6966341124259124,0.6044666333699812,0.5600540698655596,0.5055349678231371,0.5055349678231371,0.5055349678231371,0.5055349678231371,0.5055349678231371
1181023603395592193,1.0,0.8341690081233277,0.6628143172026504,0.5701930241107822,0.4671969836417389,0.41916636929668516,0.36589305360587776,0.36589305360587776,0.36589305360587776,0.36589305360587776,0.36589305360587776
1180990058353098753,1.0,0.8768045485402545,0.736839900397305,0.6653617570244726,0.5749480988681093,0.5329996522984637,0.47959585600453836,0.47959585600453836,0.47959585600453836,0.47959585600453836,0.47959585600453836
1181026971812855809,1.0,0.8917188860520178,0.749666721951034,0.6755767886100745,0.5743011534186083,0.5316150262068653,0.47451997029413706,0.47451997029413706,0.47451997029413706,0.47451997029413706,0.47451997029413706
1181000088565645313,1.0,0.9051088242468861,0.7924434026604238,0.7254900235552151,0.6382730659144611,0.5946422915318618,0.5420622192969031,0.5420622192969031,0.5420622192969031,0.5420622192969031,0.5420622192969031
1180997528619515905,1.0,0.6721094074224263,0.4121228981281645,0.2832968295399275,0.1788196441586828,0.14072048551136662,0.1062962480371672,0.1062962480371672,0.1062962480371672,0.1062962480371672,0.1062962480371672
1181027549625516033,1.0,0.9235479729490679,0.829084893373165,0.7755196982226006,0.7038234809225961,0.6660354784693752,0.6191661246409834,0.6191661246409834,0.6191661246409834,0.6191661246409834,0.6191661246409834
1181031153823711233,1.0,0.9025038765305374,0.7729544288622034,0.7097251109915093,0.622452737773401,0.5826513625789915,0.5286573185273131,0.5286573185273131,0.5286573185273131,0.5286573185273131,0.5286573185273131
1180990642107645953,1.0,0.9177467395361782,0.8222281840753087,0.7629980531351983,0.6873920286982614,0.6466179223483107,0.6000494144412217,0.6000494144412217,0.6000494144412217,0.6000494144412217,0.6000494144412217
1181006966373515265,1.0,0.8684286555116165,0.7097612190421944,0.6258027129899115,0.5212018260161744,0.47383707585462553,0.4157659430208531,0.4157659430208531,0.4157659430208531,0.4157659430208531,0.4157659430208531
1181011110600835073,1.0,0.9163642207250118,0.8167687591705741,0.7557576583411958,0.6772700792137057,0.6361492926194721,0.5872529770777009,0.5872529770777009,0.5872529770777009,0.5872529770777009,0.5872529770777009
1181021088781893633,1.0,0.8092441038878331,0.6080919185366385,0.5077144277697379,0.39644553642148317,0.346567802798765,0.28930043000878203,0.28930043000878203,0.28930043000878203,0.28930043000878203,0.28930043000878203
1181005733151506433,1.0,0.9145091075854408,0.8114890279830216,0.7492172003721795,0.6689292262760068,0.6279186111881536,0.5782514891395758,0.5782514891395758,0.5782514891395758,0.5782514891395758,0.5782514891395758
1180986358460743681,1.0,0.8881265154099154,0.7513863877798959,0.6762512406351229,0.5820603035155694,0.5371349981021284,0.48229374973622396,0.48229374973622396,0.48229374973622396,0.48229374973622396,0.48229374973622396
1180992261920292865,1.0,0.9210317067394056,0.8273331537221894,0.7682588841439855,0.6910774396772164,0.6487199767791566,0.5976884494157346,0.5652682423431833,0.5226746919101224,0.4965422803995996,0.46239627455366183
1180991555631939585,1.0,0.9247966564606246,0.8343239980445335,0.7781047252321598,0.7040747831882437,0.6653815857628829,0.6179377438972458,0.6179377438972458,0.6179377438972458,0.6179377438972458,0.6179377438972458
1180999319910481921,1.0,0.9347129136539362,0.8525920704537446,0.8017627760783257,0.7340878007050685,0.6985058573010754,0.6554233636789024,0.6554233636789024,0.6554233636789024,0.6554233636789024,0.6554233636789024
1181019522223996929,1.0,0.9231289481522702,0.8234090468041353,0.7655384962591767,0.6855418369755052,0.6464788264819168,0.595528519858241,0.595528519858241,0.595528519858241,0.595528519858241,0.595528519858241
1181027613734305793,1.0,0.9197736453392688,0.8253444497879875,0.7700495969464691,0.6994979619773622,0.6619542730283621,0.6164209468061701,0.6164209468061701,0.6164209468061701,0.6164209468061701,0.6164209468061701
1180990271262392321,1.0,0.7737880366673336,0.5605012799470247,0.4535445043350266,0.3442752125448938,0.2961136308538538,0.24614020782457324,0.24614020782457324,0.24614020782457324,0.24614020782457324,0.24614020782457324
1181025383622541313,1.0,0.9257730812396904,0.8358954702175175,0.7805114522494119,0.7089700728764599,0.6712014465813421,0.6254836133869018,0.6254836133869018,0.6254836133869018,0.6254836133869018,0.6254836133869018
1180980558447476737,1.0,0.8599461803577934,0.6916617839254735,0.6025052091549381,0.49101477900927437,0.4431276791916364,0.38365369844049535,0.38365369844049535,0.38365369844049535,0.38365369844049535,0.38365369844049535
1181000663531061249,1.0,0.9098575435976364,0.8011792997624008,0.7387621068084018,0.6577511622010157,0.6163511926002903,0.5660774220578123,0.5660774220578123,0.5660774220578123,0.5660774220578123,0.5660774220578123
1181025839382233089,1.0,0.9370052424224391,0.855857667346594,0.808746175314582,0.7453885653373576,0.7125170307937487,0.6712302201048064,0.6712302201048064,0.6712302201048064,0.6712302201048064,0.6712302201048064
1181016235793383425,1.0,0.9489215630187441,0.884256301247089,0.8419102644645751,0.7841305944754495,0.752941985755916,0.7146723895760703,0.7146723895760703,0.7146723895760703,0.7146723895760703,0.7146723895760703
1181015768676728833,1.0,0.9417663737816516,0.8698281582561446,0.8237603142489215,0.7594863330503645,0.7244622729861436,0.680701769576255,0.653683583258385,0.6155254235709817,0.5927365993510054,0.5617781138536748
1181021007738241025,1.0,0.8656405761128991,0.7177441679598042,0.6321687968224572,0.5328570154744066,0.484422239722474,0.43066462298670505,0.43066462298670505,0.43066462298670505,0.43066462298670505,0.43066462298670505
1181015673886703617,1.0,0.8991466870997685,0.768973258400094,0.6967438749744264,0.6018398897171418,0.5574002124636236,0.5015533740168823,0.5015533740168823,0.5015533740168823,0.5015533740168823,0.5015533740168823
1180986227888652289,1.0,0.8922211469132258,0.7659511582554905,0.6921079146663052,0.5989391010890187,0.5566001016307005,0.5042451711286313,0.5042451711286313,0.5042451711286313,0.5042451711286313,0.5042451711286313
1180985612518916097,1.0,0.9272356245752011,0.8328561144305683,0.7764672794370635,0.699377479961975,0.6601946607739686,0.6106345901039081,0.6106345901039081,0.6106345901039081,0.6106345901039081,0.6106345901039081
1181032256442957825,1.0,0.6328332475828868,0.38988930659266485,0.2765151622487768,0.18493386739823792,0.1474003196812531,0.11382740856109252,0.11382740856109252,0.11382740856109252,0.11382740856109252,0.11382740856109252
1180980235649351681,1.0,0.8325619434774283,0.6391096709725214,0.5483998949775328,0.43870906022753386,0.3919651613141403,0.3335916357051565,0.3335916357051565,0.3335916357051565,0.3335916357051565,0.3335916357051565
1181004120669618177,1.0,0.8843642755563549,0.7317761922720141,0.6541905078990369,0.5482900423715926,0.5013044156180895,0.44073360418157503,0.44073360418157503,0.44073360418157503,0.44073360418157503,0.44073360418157503
1181011276048269313,1.0,0.9372164963643765,0.8538749445360873,0.8062751009594532,0.7401527858882213,0.7072320880842319,0.6635314851926849,0.6635314851926849,0.6635314851926849,0.6635314851926849,0.6635314851926849
1181030883615277057,1.0,0.9544010039504138,0.8920312529117116,0.8546505276708151,0.8005203091823351,0.772190775595152,0.7356386999410797,0.7356386999410797,0.7356386999410797,0.7356386999410797,0.7356386999410797
1181003825648893953,1.0,0.7606927646700301,0.5183388114469004,0.4081894930401443,0.28818570265624577,0.24028975830626587,0.18542512394923838,0.18542512394923838,0.18542512394923838,0.18542512394923838,0.18542512394923838
1180991187951550465,1.0,0.9433154287384244,0.8688631542458978,0.8228514648195021,0.7591065760338318,0.7262618357373881,0.6846801413834782,0.6846801413834782,0.6846801413834782,0.6846801413834782,0.6846801413834782
1180995824529506305,1.0,0.9090953833013358,0.7905154723306411,0.726117491541598,0.6389659591529835,0.5980075100839561,0.543884256376244,0.543884256376244,0.543884256376244,0.543884256376244,0.543884256376244
1180988497395154945,1.0,0.6831471978857889,0.4178204047540893,0.2990037348718505,0.18820009978415486,0.14692746790252365,0.10643466545765212,0.10643466545765212,0.10643466545765212,0.10643466545765212,0.10643466545765212
1181012365590167553,1.0,0.845643849650654,0.6832664375055862,0.5868705143452688,0.47709894291420785,0.4197872631639864,0.35565826832677416,0.317493735948972,0.2702888603239594,0.24250393410053828,0.20903071787638894
1180988467646955521,1.0,0.8899599779489706,0.7496564255297269,0.6780130651533005,0.582456284668123,0.5389847333333297,0.4828538066860528,0.4828538066860528,0.4828538066860528,0.4828538066860528,0.4828538066860528
1180979780954587137,1.0,0.8530555460556393,0.6915474415092262,0.6046908477241486,0.49942544010208323,0.4505319012075888,0.39261760201468077,0.39261760201468077,0.39261760201468077,0.39261760201468077,0.39261760201468077
1181031708826959873,1.0,0.8208415017389813,0.6439788134937828,0.5346865616804418,0.4190308597008182,0.36200614573905343,0.3043568302303469,0.3043568302303469,0.3043568302303469,0.3043568302303469,0.3043568302303469
1181024757510832129,1.0,0.9244052105803416,0.8301785514775979,0.7740465072122635,0.7010055287143624,0.6631219272348501,0.616515492289796,0.616515492289796,0.616515492289796,0.616515492289796,0.616515492289796
1181002824436711425,1.0,0.862890433261986,0.7184452673512052,0.643041173273841,0.5536711262618541,0.5081996315797691,0.4536229334148031,0.4536229334148031,0.4536229334148031,0.4536229334148031,0.4536229334148031
1181003416800591873,1.0,0.9376087227335503,0.8580800318420572,0.8078524709005332,0.7396434974540758,0.7028845438770542,0.6572551760420539,0.6292570041440866,0.5900452647543769,0.5664716412402155,0.5344537168027712
1181021395869237249,1.0,0.9172942967234082,0.8124506203993387,0.7536417984879086,0.6768958041768264,0.6385963032723228,0.5903360139792433,0.5903360139792433,0.5903360139792433,0.5903360139792433,0.5903360139792433
1180982188870893569,1.0,0.9396427429913974,0.8596528943533187,0.8134259629025536,0.7486880412908927,0.7152901697947249,0.6723685947818396,0.6723685947818396,0.6723685947818396,0.6723685947818396,0.6723685947818396
1180996255930908673,1.0,0.7246606279878857,0.4821912240712424,0.3651192418717767,0.24858472618675997,0.20526901139695997,0.15958966723918777,0.15958966723918777,0.15958966723918777,0.15958966723918777,0.15958966723918777
1180982822405767169,1.0,0.9209851871052692,0.8273020217964799,0.7692424615304732,0.6973394568084925,0.6583839152910468,0.6126518014348175,0.6126518014348175,0.6126518014348175,0.6126518014348175,0.6126518014348175
1181003298585313281,1.0,0.7190667675042455,0.4754005250008033,0.35844314896971274,0.24368492687943988,0.19831724967914388,0.15248429745795444,0.15248429745795444,0.15248429745795444,0.15248429745795444,0.15248429745795444
1181022771858014209,1.0,0.8453469783214163,0.6874432397055088,0.5898295874854959,0.4832124874087216,0.4298680144701814,0.37243847194035984,0.3362967290469703,0.292972141455228,0.26533385519198227,0.23323942460717773
1180994598632161281,1.0,0.894529053146952,0.7703371831358001,0.7008626229054788,0.612884688449881,0.5680437029615159,0.5146784537136394,0.5146784537136394,0.5146784537136394,0.5146784537136394,0.5146784537136394
1181016356944248833,1.0,0.9497933563787971,0.8842605535502233,0.8434673887623851,0.7860763744827193,0.755428798296304,0.7174867405001182,0.7174867405001182,0.7174867405001182,0.7174867405001182,0.7174867405001182
1181030405431820289,1.0,0.897606969466094,0.772259612932213,0.7001229194210581,0.606047481310479,0.5600878433862333,0.5026070871422572,0.5026070871422572,0.5026070871422572,0.5026070871422572,0.5026070871422572
1180980202351788033,1.0,0.8646266497098694,0.6956821102543631,0.6095781675927756,0.4971781985682082,0.45062321129131266,0.3912862224029976,0.3912862224029976,0.3912862224029976,0.3912862224029976,0.3912862224029976
1181004913071161345,1.0,0.8122841540996539,0.6354508562412214,0.5423379534971501,0.44308115784236324,0.39458271501605313,0.3423669973456783,0.3423669973456783,0.3423669973456783,0.3423669973456783,0.3423669973456783
1181001870296678401,1.0,0.9378667832490931,0.8600195460582925,0.8086451652690659,0.7408374144609753,0.7034860234166872,0.6585439624693887,0.6300738909409991,0.5922332670395725,0.5689100581267925,0.5381038641784617
1181027828419854337,1.0,0.8355378538994418,0.6592375932243211,0.5671674773117843,0.4625371354866783,0.4126401321522597,0.3553108626953959,0.3553108626953959,0.3553108626953959,0.3553108626953959,0.3553108626953959
1181024518950682625,1.0,0.927570646330357,0.8297718958054044,0.7686942303277255,0.682088055107601,0.6387135369762402,0.5830672549266354,0.5512610896330518,0.5056514838041343,0.4805708691222057,0.4449851362128936
1180989937172971521,1.0,0.8309766490496503,0.6658361901347305,0.5735800928376,0.47354092658369984,0.42503890408049605,0.3724543493154625,0.3724543493154625,0.3724543493154625,0.3724543493154625,0.3724543493154625
1181031574094970881,1.0,0.8752096651826256,0.7423924885581334,0.6653061737709998,0.5724410084278451,0.525021439130297,0.47098921934557336,0.47098921934557336,0.47098921934557336,0.47098921934557336,0.47098921934557336
1180984870547521537,1.0,0.9012367651831105,0.7909222080740216,0.7257282347946186,0.6440349211899675,0.6023508220630153,0.5534513296546201,0.5534513296546201,0.5534513296546201,0.5534513296546201,0.5534513296546201
1180990942292344833,1.0,0.7693137548895163,0.5639278549474862,0.46115447145308774,0.35475233854916344,0.30775310273708045,0.25741677373981253,0.25741677373981253,0.25741677373981253,0.25741677373981253,0.25741677373981253
1181018097290706945,1.0,0.8947512682285278,0.7744020463580135,0.7058988998555769,0.6182891075231682,0.5738990369712755,0.5178308366689781,0.5178308366689781,0.5178308366689781,0.5178308366689781,0.5178308366689781
1181023366577913857,1.0,0.9341486764369396,0.8500102431890109,0.8010356876487443,0.7338066570136794,0.6992890286669744,0.6556709567993229,0.6556709567993229,0.6556709567993229,0.6556709567993229,0.6556709567993229
1181032778021961729,1.0,0.9043220705912675,0.7955069225707041,0.7339232088264399,0.6587238589719169,0.6194698983501736,0.5724958989851694,0.5724958989851694,0.5724958989851694,0.5724958989851694,0.5724958989851694
1180989375003820033,1.0,0.9198417278675789,0.8182770302807971,0.7597129349598066,0.6832601163561467,0.6450511326340874,0.5969952646020578,0.5969952646020578,0.5969952646020578,0.5969952646020578,0.5969952646020578
1180987586779348993,1.0,0.9019374451130704,0.7759174961074182,0.7098974270986119,0.6216531685203953,0.5800574482544054,0.526355713160784,0.526355713160784,0.526355713160784,0.526355713160784,0.526355713160784
1181030560879640577,1.0,0.761265456049125,0.5380493332043335,0.42855312100238874,0.31570001235650047,0.26895137257606694,0.2183349910979322,0.2183349910979322,0.2183349910979322,0.2183349910979322,0.2183349910979322
1180990821431181313,1.0,0.8809020481988282,0.7338509685037004,0.6607732329521363,0.5677322522551503,0.5246786264342862,0.47048989765624416,0.47048989765624416,0.47048989765624416,0.47048989765624416,0.47048989765624416
1181004079952035841,1.0,0.875087535652024,0.7212982475037794,0.6457030851336466,0.5509795789512455,0.507600634801026,0.4523661827307881,0.4523661827307881,0.4523661827307881,0.4523661827307881,0.4523661827307881
1181011085144981505,1.0,0.8905046633284499,0.7605807652729594,0.685919636559527,0.5928605501504929,0.5471701988566429,0.49260443702711443,0.49260443702711443,0.49260443702711443,0.49260443702711443,0.49260443702711443
1181023195676999681,1.0,0.9117446788291252,0.8048910623810422,0.7416731449783209,0.6587701319643827,0.6164502390770352,0.5655066114122668,0.5655066114122668,0.5655066114122668,0.5655066114122668,0.5655066114122668
1180992828603465729,1.0,0.9131902559391402,0.8073228099355902,0.7452850883844949,0.6641957963194134,0.6235286492682691,0.5720208351546817,0.5720208351546817,0.5720208351546817,0.5720208351546817,0.5720208351546817
1180982818372222977,1.0,0.9158803884788478,0.8131535748221269,0.7532825251598292,0.6755164690183014,0.6343679618845628,0.5828329810986208,0.5521773905369982,0.50982499671987,0.4853611526422148,0.452932763518089
1181030359942332417,1.0,0.841745691856991,0.6671609766841118,0.5748581054110347,0.4699180230158684,0.4184853461371323,0.3605978957792815,0.3605978957792815,0.3605978957792815,0.3605978957792815,0.3605978957792815
1181001316099424257,1.0,0.8898341627824259,0.7662127016636049,0.6952638132038326,0.6060456922463244,0.561110800009559,0.5075186785741747,0.5075186785741747,0.5075186785741747,0.5075186785741747,0.5075186785741747
1180984051173163009,1.0,0.9113122903490694,0.7971647602661963,0.7377141859996454,0.6582476360460006,0.6195528431075698,0.5695170129325992,0.5695170129325992,0.5695170129325992,0.5695170129325992,0.5695170129325992
1181020796519677953,1.0,0.8424721513940838,0.6811471817125114,0.588052108924054,0.48269805989359327,0.4330334211845106,0.3783856466749861,0.3783856466749861,0.3783856466749861,0.3783856466749861,0.3783856466749861
1181021464300322817,1.0,0.7966455273485464,0.5914339776683737,0.49281875042381673,0.3825520072618467,0.3349177911884108,0.281063331771057,0.281063331771057,0.281063331771057,0.281063331771057,0.281063331771057
1180997999994273793,1.0,0.8840442559464308,0.7374533468200491,0.6578097986875756,0.5535655495905332,0.5049388147584026,0.44149903541786195,0.44149903541786195,0.44149903541786195,0.44149903541786195,0.44149903541786195
1181025490190467073,1.0,0.910712855417872,0.8054967583119772,0.7449465719354228,0.6664546980152466,0.6256004287169226,0.575919025406186,0.575919025406186,0.575919025406186,0.575919025406186,0.575919025406186
1181022131743293441,1.0,0.9038323666166703,0.7817459095167364,0.7163080573545196,0.6277499979685051,0.5852708511602825,0.5292858296578571,0.5292858296578571,0.5292858296578571,0.5292858296578571,0.5292858296578571
1180981536593641473,1.0,0.8550680068028176,0.6747793667127009,0.5827241339800462,0.46430112673560364,0.4160394028984802,0.3529890298852314,0.3529890298852314,0.3529890298852314,0.3529890298852314,0.3529890298852314
1180981373402087425,1.0,0.9104839765362789,0.8000504772632921,0.7383851603405931,0.6560247041164142,0.6143133422463365,0.5612660542155841,0.5612660542155841,0.5612660542155841,0.5612660542155841,0.5612660542155841
1181006779600273409,1.0,0.8141579240475146,0.6311130991896329,0.5372154015717465,0.43415170639612954,0.387352959121236,0.3344294034684976,0.3344294034684976,0.3344294034684976,0.3344294034684976,0.3344294034684976
1181018901112782849,1.0,0.8115052134927851,0.6132485372052257,0.5146966963582902,0.4030857154597258,0.3539516537818561,0.2973900527143023,0.2973900527143023,0.2973900527143023,0.2973900527143023,0.2973900527143023
1180998218581835777,1.0,0.8699611599432914,0.7087565365267539,0.630926879990338,0.5298288208949284,0.4851739182076106,0.42616719567268835,0.42616719567268835,0.42616719567268835,0.42616719567268835,0.42616719567268835
1181003130297024513,1.0,0.9300554117560466,0.8400052935526829,0.7896202094420064,0.7222636980417438,0.6878351974031285,0.643434065638238,0.643434065638238,0.643434065638238,0.643434065638238,0.643434065638238
1181028739131342849,1.0,0.6790595575409668,0.3988206531809815,0.2935034741796423,0.19116325586502236,0.1545131663771694,0.11460740269538439,0.11460740269538439,0.11460740269538439,0.11460740269538439,0.11460740269538439
1181025143161323521,1.0,0.9289496653322254,0.8427879104596312,0.7900702953302035,0.7189566591292958,0.6816511912161349,0.6360034387158359,0.6360034387158359,0.6360034387158359,0.6360034387158359,0.6360034387158359
1181028470147317761,1.0,0.8665651192516522,0.7017650139571198,0.6137286794965365,0.5008761111732978,0.4517922762848393,0.3911114554028483,0.3911114554028483,0.3911114554028483,0.3911114554028483,0.3911114554028483
1181007592836825089,1.0,0.9456629263235775,0.8769102907743136,0.8315079606056244,0.7696252848497129,0.7344675840596501,0.691021087104406,0.6635303789143787,0.6265255558408283,0.6039211617703173,0.5746547217939018
1180990337402765313,1.0,0.8782685089840057,0.7437311611290223,0.6615795095107605,0.5622048832662381,0.5127314279583672,0.45587595765919786,0.45587595765919786,0.45587595765919786,0.45587595765919786,0.45587595765919786
1180986266153975809,1.0,0.9246204871974165,0.827251511993216,0.772433255047695,0.6988683734105888,0.6620003677341508,0.6139547245185518,0.6139547245185518,0.6139547245185518,0.6139547245185518,0.6139547245185518
1181023887835791361,1.0,0.867895015086352,0.7190083583142455,0.6383331790581348,0.5404937561601143,0.4941291304004255,0.4403136582291278,0.4403136582291278,0.4403136582291278,0.4403136582291278,0.4403136582291278
1181005421226917889,1.0,0.8720817052278669,0.736016040033132,0.6527884407039057,0.5540599630882651,0.5061636625127937,0.4517444018939092,0.4517444018939092,0.4517444018939092,0.4517444018939092,0.4517444018939092
1181032111222063105,1.0,0.8680809675004154,0.7133552051366858,0.6344842975521561,0.5378682336382864,0.49254116405809345,0.43657238061425463,0.43657238061425463,0.43657238061425463,0.43657238061425463,0.43657238061425463
1181005470396547073,1.0,0.9527995535891707,0.8885693763729192,0.8448027349339909,0.7803620835427033,0.7456497923239227,0.7008247313600873,0.6729467663792785,0.6341044464704018,0.6107374256475312,0.5785493918781384
1181030854188728321,1.0,0.9364309089863352,0.8544321333386198,0.8089867426688853,0.7470732963213216,0.7149578763439771,0.6733746374893534,0.6733746374893534,0.6733746374893534,0.6733746374893534,0.6733746374893534
1180986029659095041,1.0,0.8963021642201257,0.7731693073186232,0.7032589878281494,0.612437936488417,0.5667709388874314,0.5120805388102909,0.5120805388102909,0.5120805388102909,0.5120805388102909,0.5120805388102909
1181005530602635265,1.0,0.8867154373973605,0.7620650751472575,0.691037301353894,0.6034403205316534,0.5590010335229263,0.507139578825583,0.507139578825583,0.507139578825583,0.507139578825583,0.507139578825583
1180983451355611137,1.0,0.9377688076184765,0.8602918129422182,0.8146903274787678,0.7527465355269947,0.720153401644902,0.6791595958335046,0.6791595958335046,0.6791595958335046,0.6791595958335046,0.6791595958335046
1180984199136378881,1.0,0.932424550834604,0.8484878437866608,0.7982318878011114,0.7304981955769985,0.6952971399383571,0.651415603549099,0.651415603549099,0.651415603549099,0.651415603549099,0.651415603549099
1181000308862681089,1.0,0.837058464103774,0.6447683022307407,0.5497592976551867,0.43341686625316356,0.38442512109628235,0.3224946953090193,0.3224946953090193,0.3224946953090193,0.3224946953090193,0.3224946953090193
1181031206188023809,1.0,0.8381508552065923,0.6636520703471367,0.5706384651724402,0.4615210983005048,0.4130065957839999,0.3563915791059674,0.3563915791059674,0.3563915791059674,0.3563915791059674,0.3563915791059674
1181007623165247489,1.0,0.9332343133784765,0.852840476391879,0.8033000897842407,0.73530285958944,0.6991393950572737,0.6544657441927569,0.6544657441927569,0.6544657441927569,0.6544657441927569,0.6544657441927569
1181021219095314433,1.0,0.5363768412361529,0.22866763135975487,0.13750142068785165,0.06839406308125162,0.04840543901440242,0.030281788311405156,0.030281788311405156,0.030281788311405156,0.030281788311405156,0.030281788311405156
1180990516115013633,1.0,0.9187987506618652,0.8214254610798712,0.7656788077364165,0.6928662153916687,0.6549389185827901,0.6078440435335,0.6078440435335,0.6078440435335,0.6078440435335,0.6078440435335
1180986411986124801,1.0,0.7668258729818531,0.5247920888572946,0.41674894284786423,0.29391977296392213,0.24725772161215154,0.1921227542435595,0.1921227542435595,0.1921227542435595,0.1921227542435595,0.1921227542435595
1181000617555951617,1.0,0.9544377644843929,0.8969055920150812,0.8563824342377839,0.7998649881190896,0.7686869697019549,0.7303652281221304,0.7056040560497406,0.6721636012442107,0.6507133959317475,0.6225341689536373
1181028289565229057,1.0,0.9176072274170322,0.8206252209908074,0.7610051993686245,0.6846786278942234,0.6442674712401443,0.5969352829665424,0.5969352829665424,0.5969352829665424,0.5969352829665424,0.5969352829665424
1181025109218983937,1.0,0.9320708879752826,0.8475380272140456,0.79425193091889,0.7216065497512623,0.6848898836299219,0.639876456661286,0.639876456661286,0.639876456661286,0.639876456661286,0.639876456661286
1180981030532153345,1.0,0.9359926270736812,0.8551686218846891,0.8062603031039948,0.7404815444123936,0.7064700055121262,0.6639423730968173,0.6639423730968173,0.6639423730968173,0.6639423730968173,0.6639423730968173
1181032928952516609,1.0,0.8954263707094648,0.7644385327056231,0.6905335439786466,0.5966155580597866,0.5511865734529184,0.49657289157403983,0.49657289157403983,0.49657289157403983,0.49657289157403983,0.49657289157403983
1181006826542628865,1.0,0.9077451156085606,0.7949278903868288,0.730187215973396,0.646566350647721,0.604801857568315,0.5534549209970077,0.5534549209970077,0.5534549209970077,0.5534549209970077,0.5534549209970077
1181009287497711617,1.0,0.8970655912110757,0.7694458512180334,0.6995807187444016,0.6094158926542663,0.5648924599430927,0.5067857069539675,0.5067857069539675,0.5067857069539675,0.5067857069539675,0.5067857069539675
1180982473760047105,1.0,0.8833873221299722,0.7397772837821763,0.6611126950250595,0.5603790148297088,0.5134678993775705,0.45521042307043624,0.45521042307043624,0.45521042307043624,0.45521042307043624,0.45521042307043624
1181001156200038401,1.0,0.9554665308945086,0.896463936927901,0.8557773273136879,0.7966918126358673,0.7645176252039014,0.7244479475376944,0.6995382621054413,0.665285748919016,0.6431931603860472,0.6125530640841761
1181028035134750721,1.0,0.9023479219623655,0.7826500093116031,0.7153316396144008,0.627566670858249,0.5843348079172505,0.5302522873768956,0.5302522873768956,0.5302522873768956,0.5302522873768956,0.5302522873768956
1180985338051461121,1.0,0.8646605006295015,0.689942502948721,0.6015302482043736,0.4875445839654182,0.4378875729802518,0.3752797900815259,0.3752797900815259,0.3752797900815259,0.3752797900815259,0.3752797900815259
1180999576599920641,1.0,0.9260871052242082,0.8339345335135127,0.7776009084034945,0.7030781968539153,0.6656601597860642,0.6190602766434269,0.6190602766434269,0.6190602766434269,0.6190602766434269,0.6190602766434269
1181003544887361537,1.0,0.8617627331496003,0.6852027348504452,0.5939995112321879,0.47366991198129105,0.4219755584334235,0.3554312919208915,0.3554312919208915,0.3554312919208915,0.3554312919208915,0.3554312919208915
1181024427188879361,1.0,0.9437913327399441,0.8711134137128684,0.8271682862388257,0.7665377430858686,0.7343262747767045,0.6933321601313033,0.6933321601313033,0.6933321601313033,0.6933321601313033,0.6933321601313033
1181007001218416641,1.0,0.8384575244457542,0.6436736311907874,0.5521018069208725,0.4352740893663034,0.38693720420396616,0.32361628993765534,0.32361628993765534,0.32361628993765534,0.32361628993765534,0.32361628993765534
1181000407654072321,1.0,0.8144409421400653,0.6238575851107941,0.5278027763935642,0.42062217202792584,0.37270809225240487,0.3177288800665372,0.3177288800665372,0.3177288800665372,0.3177288800665372,0.3177288800665372
1181000376197382145,1.0,0.8806590808884293,0.7505851270222132,0.6771600896567489,0.5886236547285371,0.5430026164561528,0.4908309333715458,0.4908309333715458,0.4908309333715458,0.4908309333715458,0.4908309333715458
1181004042947198977,1.0,0.8600225226002625,0.7081357921191607,0.621078496370336,0.5176662918739356,0.46710174243828695,0.41061661478459366,0.41061661478459366,0.41061661478459366,0.41061661478459366,0.41061661478459366
1180992785272832001,1.0,0.9276182277004102,0.8327559163940839,0.7765524411249823,0.7002985657585734,0.6617673971987698,0.6134298917790555,0.6134298917790555,0.6134298917790555,0.6134298917790555,0.6134298917790555
1180984007359758337,1.0,0.8697957153969794,0.7091834835593818,0.6292210600663101,0.526204745860462,0.479976539062817,0.4207695731312089,0.4207695731312089,0.4207695731312089,0.4207695731312089,0.4207695731312089
1180981245926801409,1.0,0.9092997187523931,0.7938686463884149,0.7280082216084776,0.6396853272410636,0.5984122373953487,0.5449866516351267,0.5449866516351267,0.5449866516351267,0.5449866516351267,0.5449866516351267
1181023678731419649,1.0,0.8660289469361512,0.7045918167092897,0.6213693959071915,0.5165830034081328,0.4695299729225806,0.4111424818952817,0.4111424818952817,0.4111424818952817,0.4111424818952817,0.4111424818952817
1181021543572340737,1.0,0.9199541965952565,0.8228326778486402,0.7660129164617149,0.6908989725256034,0.6519373562737978,0.603213032235641,0.603213032235641,0.603213032235641,0.603213032235641,0.603213032235641
1181013481014427649,1.0,0.9419165565434662,0.8703296414030304,0.8258792957385268,0.7670483006182722,0.7345958762848832,0.6956707661961743,0.6956707661961743,0.6956707661961743,0.6956707661961743,0.6956707661961743
1180985285911740417,1.0,0.9471098771320677,0.880447783164766,0.8358064394572762,0.7758801819960646,0.7430859382479404,0.7026057526845665,0.7026057526845665,0.7026057526845665,0.7026057526845665,0.7026057526845665
1181033705414098945,1.0,0.9240257338845419,0.8299364474751907,0.7708675137632204,0.6899594219756917,0.6469238929305073,0.5953126957738133,0.563678674371989,0.5211321719236828,0.4955394140041579,0.4619021785909333
1181021380092067841,1.0,0.7031623577377458,0.42042166677988113,0.31277503618950175,0.20307501574409703,0.16364990489453557,0.12166044262476217,0.12166044262476217,0.12166044262476217,0.12166044262476217,0.12166044262476217
1181000490927489025,1.0,0.8596613673779098,0.705000629026456,0.6189367625180971,0.5149447656486539,0.465370821967408,0.4065760211290461,0.4065760211290461,0.4065760211290461,0.4065760211290461,0.4065760211290461
1180981921951318017,1.0,0.8769478625483356,0.7428670985790955,0.6675797216324147,0.5776347093607226,0.5327055000277685,0.4800695544315565,0.4800695544315565,0.4800695544315565,0.4800695544315565,0.4800695544315565
1181006186362699777,1.0,0.854607829291356,0.6793229957031005,0.5941772235191296,0.48725218493028044,0.4411796265224054,0.3828092133711509,0.3828092133711509,0.3828092133711509,0.3828092133711509,0.3828092133711509
1181032869585289217,1.0,0.8407600470216353,0.6434330232968735,0.5505199903971053,0.42855378361619423,0.3792626140574794,0.31315092990353255,0.31315092990353255,0.31315092990353255,0.31315092990353255,0.31315092990353255
1181013020868116481,1.0,0.9194004820163643,0.8238194872597473,0.7630381234646131,0.6843751032348766,0.6433538131688905,0.5945467984923105,0.5945467984923105,0.5945467984923105,0.5945467984923105,0.5945467984923105
1180984948464779265,1.0,0.8828224091540822,0.7463109848456623,0.6698849721730217,0.5734088571575955,0.5249106625365791,0.4671978250666817,0.4671978250666817,0.4671978250666817,0.4671978250666817,0.4671978250666817
1181031464396652545,1.0,0.8961204007772943,0.7702876653413819,0.7067932255624767,0.6216789095879256,0.5820964081957334,0.53032951114992,0.53032951114992,0.53032951114992,0.53032951114992,0.53032951114992
1180979990959226881,1.0,0.919512071598082,0.8245026344359313,0.7608088006682199,0.6779287828647185,0.6332200889733399,0.5819857620851874,0.5492527268117585,0.5072503141478256,0.48079838918922535,0.4471804590330586
1180991772573564929,1.0,0.9448891101066728,0.8721247435800421,0.829164185334573,0.769079154769712,0.7376688675187293,0.6969680235469727,0.6969680235469727,0.6969680235469727,0.6969680235469727,0.6969680235469727
1180996922825637889,1.0,0.9406422090374238,0.8669226049451275,0.8182963694937553,0.7526005124260688,0.7171162524256356,0.6744555199839954,0.6744555199839954,0.6744555199839954,0.6744555199839954,0.6744555199839954
1181026110303961089,1.0,0.7634385580922745,0.5332059339767167,0.4135043455483667,0.28378219590542064,0.23200011461305092,0.17627933006611674,0.17627933006611674,0.17627933006611674,0.17627933006611674,0.17627933006611674
1181004288119701505,1.0,0.9175710002782687,0.82285944295302,0.7652631454820664,0.6915260585937537,0.652757073788288,0.6072261660323274,0.6072261660323274,0.6072261660323274,0.6072261660323274,0.6072261660323274
1181005688892358657,1.0,0.8509566831825857,0.6981549660606723,0.6113226043570904,0.5106367464847448,0.4611660240116423,0.4052798424442382,0.4052798424442382,0.4052798424442382,0.4052798424442382,0.4052798424442382
1180982546969395201,1.0,0.8605983217658778,0.7016680129576209,0.6224130406669259,0.5257264247094431,0.4810678613039878,0.42628409488526364,0.42628409488526364,0.42628409488526364,0.42628409488526364,0.42628409488526364
1180991183630729217,1.0,0.9295208405198528,0.8414419238403499,0.7828407748384955,0.7050233116189271,0.664377553584793,0.6150895117481278,0.6150895117481278,0.6150895117481278,0.6150895117481278,0.6150895117481278
1181035600262725633,1.0,0.9118464358575447,0.8092694072873408,0.7483407620519736,0.6707280185362272,0.6295776438258636,0.5809028882934028,0.5809028882934028,0.5809028882934028,0.5809028882934028,0.5809028882934028
1180981306066305025,1.0,0.9338232565972037,0.8455668994612588,0.7944914047934938,0.7237580700144429,0.6882776302280256,0.6423365918187733,0.6423365918187733,0.6423365918187733,0.6423365918187733,0.6423365918187733
1180981455642853377,1.0,0.9513217525892089,0.8921178941162652,0.851574448735385,0.797782709078,0.7666518084996603,0.7294519401152523,0.7052991271268649,0.6733782430193547,0.6529994375087689,0.6263382472165254
1181008662321922049,1.0,0.9386323267415269,0.8666218149395556,0.8181456999695881,0.7570746968610432,0.7226394346213105,0.6833067656130042,0.6833067656130042,0.6833067656130042,0.6833067656130042,0.6833067656130042
1181028746970628097,1.0,0.913232047131842,0.8050426178446131,0.7429805684208024,0.6603980256906619,0.6195351464743358,0.5677273645982168,0.5677273645982168,0.5677273645982168,0.5677273645982168,0.5677273645982168
1180996684425756673,1.0,0.898738046371765,0.7696567981165017,0.7018231484900758,0.6113551245158221,0.5691791474981349,0.5145766228102839,0.5145766228102839,0.5145766228102839,0.5145766228102839,0.5145766228102839
1180988416219152385,1.0,0.8259502831969255,0.6324700973974225,0.5389223029193453,0.42787736810868626,0.37916200001975886,0.3198550377668301,0.3198550377668301,0.3198550377668301,0.3198550377668301,0.3198550377668301
1181032719913844737,1.0,0.9297417588398104,0.8390880999725023,0.7901794886316287,0.7204474268385697,0.6863868367803625,0.6415763968343566,0.6415763968343566,0.6415763968343566,0.6415763968343566,0.6415763968343566
1180988803289481217,1.0,0.8528601201880448,0.694175901537138,0.6045700067057385,0.5010107708846574,0.4528366121017062,0.39927257379874304,0.39927257379874304,0.39927257379874304,0.39927257379874304,0.39927257379874304
1181017274534330369,1.0,0.8948308591040428,0.7768936417147628,0.7046134594095053,0.6154951453660953,0.5712047666062513,0.5206388709300982,0.5206388709300982,0.5206388709300982,0.5206388709300982,0.5206388709300982
1181005729312735233,1.0,0.8403489979127793,0.6378146304783814,0.5346479307485621,0.41515114334331593,0.36133948011688166,0.3007329739369673,0.3007329739369673,0.3007329739369673,0.3007329739369673,0.3007329739369673
1180989289827237889,1.0,0.9282800770104845,0.840242500565872,0.7885661484797319,0.7191264629299922,0.682366036944934,0.6367057361774051,0.6367057361774051,0.6367057361774051,0.6367057361774051,0.6367057361774051
1180985461137571841,1.0,0.9257293728630747,0.8345509217778226,0.7764695044051956,0.6985121606243565,0.657788442194637,0.6087009011622307,0.6087009011622307,0.6087009011622307,0.6087009011622307,0.6087009011622307
1181001223051051009,1.0,0.9426679965458885,0.8698599975006813,0.8255268909238891,0.7639090273760104,0.7314226927749121,0.6908895313208033,0.6908895313208033,0.6908895313208033,0.6908895313208033,0.6908895313208033
1181034438900514817,1.0,0.9011789698497399,0.7868933464632974,0.7181252861222358,0.6325232817629198,0.5886417153156565,0.5382462787562692,0.5382462787562692,0.5382462787562692,0.5382462787562692,0.5382462787562692
1181017066912776193,1.0,0.9015510126510315,0.7824100174056935,0.70962747908229,0.6106131232979329,0.5630671768273687,0.5042029885415446,0.5042029885415446,0.5042029885415446,0.5042029885415446,0.5042029885415446
1181034037312159745,1.0,0.903936498433638,0.7926841336134649,0.7262386004423491,0.6414449484112761,0.5978396786545859,0.5465702081382295,0.5465702081382295,0.5465702081382295,0.5465702081382295,0.5465702081382295
1181023535965077505,1.0,0.9180810113201658,0.8183932114400909,0.7631924359863433,0.6903714716011506,0.6521102758273517,0.6042749668866016,0.6042749668866016,0.6042749668866016,0.6042749668866016,0.6042749668866016
1180988034214428673,1.0,0.7230408121480976,0.5016985732516781,0.36336113098724676,0.25059265187568125,0.2010943705561783,0.15735694358035646,0.1297798651221469,0.10226925827522837,0.08518288204070179,0.06859384700265525
1181000326768623617,1.0,0.9534847518691152,0.8939911411631968,0.8576686594415505,0.8076999189230694,0.7808303622313886,0.7472564592167146,0.7472564592167146,0.7472564592167146,0.7472564592167146,0.7472564592167146
1181035130048086017,1.0,0.836893650638846,0.6598120251350226,0.5673049452245913,0.4599440653458037,0.4113976989374061,0.35481496640749954,0.35481496640749954,0.35481496640749954,0.35481496640749954,0.35481496640749954
1180997243632123905,1.0,0.903406765914309,0.7901421826948702,0.7250772590427419,0.644457516913165,0.602039345948542,0.5515908229657154,0.5515908229657154,0.5515908229657154,0.5515908229657154,0.5515908229657154
1181006058371809281,1.0,0.9139841477383188,0.8076004007994869,0.7461106328869634,0.6664562006131381,0.6256571872472377,0.5754328896266726,0.5754328896266726,0.5754328896266726,0.5754328896266726,0.5754328896266726
1181006618635403265,1.0,0.9403645247389009,0.8657890549451251,0.8202955545992161,0.7584738871896674,0.7257854773689432,0.6845770204231233,0.6845770204231233,0.6845770204231233,0.6845770204231233,0.6845770204231233
1180996177432346625,1.0,0.8995224869280765,0.7771710430057689,0.7110048041904458,0.6254363031107952,0.5829681939549316,0.5294279245384558,0.5294279245384558,0.5294279245384558,0.5294279245384558,0.5294279245384558
1180990703735930881,1.0,0.9153817782358994,0.815554215011751,0.7528865739612285,0.6722069806250118,0.6305447586107067,0.5805950997719931,0.5805950997719931,0.5805950997719931,0.5805950997719931,0.5805950997719931
1181002018518761473,1.0,0.896997491285493,0.7709517757680832,0.7040843438575762,0.6164350562670418,0.5736018968728612,0.5193102827131042,0.5193102827131042,0.5193102827131042,0.5193102827131042,0.5193102827131042
1180988716854214657,1.0,0.8762590333575575,0.7350331174624557,0.6516555234187662,0.5505301815135983,0.5021345469968104,0.44508834936335495,0.44508834936335495,0.44508834936335495,0.44508834936335495,0.44508834936335495
1181034516881604609,1.0,0.9378144096259308,0.8595598802038431,0.8075660337142349,0.73526457344206,0.696634955327624,0.6473874103273767,0.6174217923136995,0.575979772240216,0.5514275175871681,0.5182457286581228
1180995609653116929,1.0,0.8699756334608545,0.7309670302903981,0.6478981154773096,0.5490046706159336,0.5012815457080828,0.44779337651447315,0.44779337651447315,0.44779337651447315,0.44779337651447315,0.44779337651447315
1181032041340895233,1.0,0.8441246484047773,0.6809038347439195,0.5942437209691285,0.495800436813022,0.4486835266200657,0.39312417610832184,0.39312417610832184,0.39312417610832184,0.39312417610832184,0.39312417610832184
1181025774694039553,1.0,0.8579185614076172,0.6967640166191368,0.6149618683752099,0.514032919710268,0.46573650993384486,0.40622554567892966,0.40622554567892966,0.40622554567892966,0.40622554567892966,0.40622554567892966
1181000556518998017,1.0,0.8958212571648078,0.7703820288452486,0.6996952398041932,0.6080973212576759,0.5625969968892163,0.5075229682197631,0.5075229682197631,0.5075229682197631,0.5075229682197631,0.5075229682197631
1180990265938640897,1.0,0.8251582426981923,0.6268271816100363,0.5318234962711036,0.41398596705110413,0.36400044301595913,0.3037745967962757,0.3037745967962757,0.3037745967962757,0.3037745967962757,0.3037745967962757
1180981097290203137,1.0,0.8582413748313231,0.6896081122103597,0.607767743548473,0.503328438095813,0.45760341309472574,0.3977554917730237,0.3977554917730237,0.3977554917730237,0.3977554917730237,0.3977554917730237
1180994594597765121,1.0,0.9088207625135768,0.800741336211687,0.7358327677082229,0.6532126767465064,0.6089732032230961,0.5581778797877587,0.5581778797877587,0.5581778797877587,0.5581778797877587,0.5581778797877587
1180993415514783745,1.0,0.9401549339734803,0.8617415302558303,0.8100326623901657,0.7351696462841648,0.6948247959141328,0.6440782557965995,0.6132646131596386,0.5709723752535019,0.5464313726563058,0.5128122720589796
1180986540460769281,1.0,0.9112547254886559,0.8032899495393709,0.7393372696744482,0.6568323983747729,0.6152070113862169,0.5642182795319065,0.5642182795319065,0.5642182795319065,0.5642182795319065,0.5642182795319065
1180991178564632577,1.0,0.9544760559423203,0.8950949413594965,0.8562260382679574,0.8010316576526564,0.7712027092183209,0.7328201644686397,0.7087336782881251,0.6750794895338136,0.6547954138893362,0.6266284988665819
1181007404351455233,1.0,0.8588164819719923,0.688938834518995,0.5996773382387581,0.4882402701080636,0.43830498106961147,0.37672350393899945,0.37672350393899945,0.37672350393899945,0.37672350393899945,0.37672350393899945
1181031569932484609,1.0,0.7866967776719556,0.5828594356933321,0.47922518795760216,0.37014111616136347,0.320004052992811,0.26553721563538524,0.26553721563538524,0.26553721563538524,0.26553721563538524,0.26553721563538524
1181013561352749057,1.0,0.8346784933247984,0.6525051008244899,0.5612821652144342,0.45116749070667816,0.402938945720832,0.34474306849388436,0.34474306849388436,0.34474306849388436,0.34474306849388436,0.34474306849388436
1180982814338809857,1.0,0.9352516059039193,0.8550937321745794,0.8055217982776453,0.7389521692600155,0.7040493322626731,0.6614874419356497,0.6614874419356497,0.6614874419356497,0.6614874419356497,0.6614874419356497
1181017462887219201,1.0,0.9388029541208671,0.8559648240155115,0.8080029213060164,0.7424269934518717,0.7099418116301952,0.6687553409727858,0.6687553409727858,0.6687553409727858,0.6687553409727858,0.6687553409727858
1181002586458292225,1.0,0.9156590579617812,0.8072768344663497,0.7416484205298886,0.6547571837908581,0.610728002107882,0.5557154247496612,0.5557154247496612,0.5557154247496612,0.5557154247496612,0.5557154247496612
1180999315779092481,1.0,0.8992135289672828,0.7806794907407771,0.7120467765575376,0.6252407196909003,0.5792867695097421,0.5254706956167557,0.5254706956167557,0.5254706956167557,0.5254706956167557,0.5254706956167557
1180981401728286721,1.0,0.8288875903792505,0.644955550617841,0.5514015681486141,0.44252548649056145,0.3943040947692691,0.33785161233312744,0.33785161233312744,0.33785161233312744,0.33785161233312744,0.33785161233312744
1181034612061437953,1.0,0.735574904660832,0.5020456126475403,0.38679177844139645,0.27208186455012906,0.22512528751951,0.17768163124348257,0.17768163124348257,0.17768163124348257,0.17768163124348257,0.17768163124348257
1181023883897602049,1.0,0.9344798232674141,0.8569861607858762,0.8071651212329594,0.7418389593121201,0.7063109627062393,0.6643254118476873,0.6643254118476873,0.6643254118476873,0.6643254118476873,0.6643254118476873
1180989704579514369,1.0,0.9201441246907723,0.8222415099800912,0.7611391627185922,0.6807605994301155,0.6385632738201499,0.5880152410817913,0.5880152410817913,0.5880152410817913,0.5880152410817913,0.5880152410817913
1180986354524291073,1.0,0.9142544338554845,0.8096729942212249,0.7510694943510973,0.6740644712985473,0.6353455372730679,0.5870809111040597,0.5870809111040597,0.5870809111040597,0.5870809111040597,0.5870809111040597
1181025955081388033,1.0,0.9368179854040386,0.8571017972654795,0.8078592683467247,0.7419256033621443,0.7071539072153457,0.6646595956157351,0.6646595956157351,0.6646595956157351,0.6646595956157351,0.6646595956157351
1180994656351223809,1.0,0.8798448065626132,0.7377235796846832,0.6626031437676578,0.569378615559423,0.5252076337623757,0.47084236150139047,0.47084236150139047,0.47084236150139047,0.47084236150139047,0.47084236150139047
1181034171560722433,1.0,0.9280330865791785,0.840803769443653,0.7882815801725871,0.718505477053387,0.6812114747068109,0.6354390364125787,0.6354390364125787,0.6354390364125787,0.6354390364125787,0.6354390364125787
1181031704728797185,1.0,0.8581393881352289,0.7052979907624828,0.6176284469103414,0.5163266533127331,0.4689052266054723,0.41484624817547955,0.41484624817547955,0.41484624817547955,0.41484624817547955,0.41484624817547955
1181034472681570305,1.0,0.9248866602215291,0.8353243823551968,0.783003333544664,0.7127704255136955,0.6755921493824707,0.6300877687935529,0.6300877687935529,0.6300877687935529,0.6300877687935529,0.6300877687935529
1180981805611188225,1.0,0.7949436674042523,0.5921250100048105,0.4801476977344179,0.36130416086396755,0.30671877271779746,0.24683746788022365,0.2140609613562211,0.1746003730551685,0.15250574953015583,0.12643026389587697
1181000132345626625,1.0,0.9305497575517877,0.8423688103033236,0.7925187694396898,0.7252361759648913,0.6900935494986714,0.6462631586784724,0.6462631586784724,0.6462631586784724,0.6462631586784724,0.6462631586784724
1181021748028178433,1.0,0.8725953487281832,0.7228035449714252,0.6459213929692575,0.5483430887663288,0.5044906255286798,0.44994569528389805,0.44994569528389805,0.44994569528389805,0.44994569528389805,0.44994569528389805
1181003212668928001,1.0,0.9267641533746459,0.8358714936181562,0.7802847652499085,0.7087788205921228,0.6714224152766096,0.6261464832481038,0.6261464832481038,0.6261464832481038,0.6261464832481038,0.6261464832481038
1180998546771378177,1.0,0.9416769105645484,0.8629406809505159,0.8193239716449614,0.7598555818516917,0.727842783467771,0.6865071462735135,0.6618313085742538,0.62683853480651,0.6064323495469953,0.5784261936907731
1181003811807592449,1.0,0.8679969257747373,0.7119138491891177,0.6306081443830678,0.5255735652894657,0.4781268207429352,0.41759127164069343,0.41759127164069343,0.41759127164069343,0.41759127164069343,0.41759127164069343
1181011180806471681,1.0,0.7865181332381531,0.5560242415215598,0.4449146586030457,0.3174834070032393,0.26720637296239724,0.20923589333317594,0.20923589333317594,0.20923589333317594,0.20923589333317594,0.20923589333317594
1181022632898035713,1.0,0.877726288844139,0.743452059749371,0.6695676500988352,0.5793312344011565,0.5339894701579209,0.48004818148938044,0.48004818148938044,0.48004818148938044,0.48004818148938044,0.48004818148938044
1181007051965628417,1.0,0.855704744245772,0.6951572654352289,0.6114886119125461,0.5094905593390373,0.4615142746206773,0.4041246116257293,0.4041246116257293,0.4041246116257293,0.4041246116257293,0.4041246116257293
1180998443623284737,1.0,0.9442444784414146,0.8681769153475472,0.8264739673430913,0.7673938170551042,0.737457667063637,0.6988004583907924,0.6988004583907924,0.6988004583907924,0.6988004583907924,0.6988004583907924
1180995678115233793,1.0,0.9007280483384547,0.7847809718425948,0.7190881717709483,0.6358791801565166,0.5944122219305075,0.5432856889469905,0.5432856889469905,0.5432856889469905,0.5432856889469905,0.5432856889469905
1180988773057789953,1.0,0.9038013368054821,0.7896305915882254,0.7242714507239412,0.6400022891784665,0.5969062417196278,0.5457780683271021,0.5457780683271021,0.5457780683271021,0.5457780683271021,0.5457780683271021
1180990636011945985,1.0,0.8340609174899061,0.6688752662029709,0.5743585314434343,0.47230450387499356,0.4235217277712703,0.3727264448227754,0.3727264448227754,0.3727264448227754,0.3727264448227754,0.3727264448227754
1180987943263109121,1.0,0.9357738115697201,0.8501905147716474,0.8034399250740434,0.738651172291799,0.706338347053409,0.6640697650078304,0.6640697650078304,0.6640697650078304,0.6640697650078304,0.6640697650078304
1180993081228099585,1.0,0.9079009419380327,0.7958931979691081,0.7321724634560682,0.6471360410974407,0.6064290381948408,0.5552982712924605,0.5552982712924605,0.5552982712924605,0.5552982712924605,0.5552982712924605
1181004777628467201,1.0,0.9255573421763337,0.8293694795805012,0.7778532962316473,0.7058293662512731,0.6698339176978532,0.6227182526680196,0.6227182526680196,0.6227182526680196,0.6227182526680196,0.6227182526680196
1181027824353869825,1.0,0.8988088690610958,0.780739322444604,0.7125342961471015,0.626751532662608,0.5825123524851106,0.5289258479155062,0.5289258479155062,0.5289258479155062,0.5289258479155062,0.5289258479155062
1180991408993370113,1.0,0.8881081482832048,0.7423001975610113,0.6604709741100486,0.5597262723114826,0.5106247825369911,0.4498706985662453,0.4498706985662453,0.4498706985662453,0.4498706985662453,0.4498706985662453
1180980553712402433,1.0,0.8915316889010519,0.7553617825979322,0.6808784447310019,0.5824707690172461,0.534951073548936,0.47575156025923326,0.44224078494444874,0.3957399524324201,0.36986508496045856,0.3351465879666382
1180981917757177857,1.0,0.9419355001998926,0.8658994392534081,0.8193195650921679,0.7544013058989976,0.7210246242985971,0.6780779164308208,0.6780779164308208,0.6780779164308208,0.6780779164308208,0.6780779164308208
1181008086830022657,1.0,0.8949719436034675,0.7741766944458215,0.7047829431043762,0.6154571411290046,0.5712104623509181,0.5180865229870304,0.5180865229870304,0.5180865229870304,0.5180865229870304,0.5180865229870304
1181029207022731265,1.0,0.9363812901763097,0.8589716997373799,0.811097678116103,0.7471076357122524,0.7133045688016196,0.670814949246548,0.670814949246548,0.670814949246548,0.670814949246548,0.670814949246548
1180983609933168641,1.0,0.8326836769586347,0.6470511384398501,0.5395013231431526,0.4176407144356309,0.35770061067804826,0.2942623973008458,0.2942623973008458,0.2942623973008458,0.2942623973008458,0.2942623973008458
1180991551179030529,1.0,0.875194697250567,0.7222894457648736,0.6385173892817582,0.5305213066636546,0.4823926655496332,0.42295503115561195,0.42295503115561195,0.42295503115561195,0.42295503115561195,0.42295503115561195
1181027943438450689,1.0,0.9150966251760744,0.8094973027429179,0.7500287045239095,0.6705249437010554,0.6301688489038461,0.5798735115125353,0.5798735115125353,0.5798735115125353,0.5798735115125353,0.5798735115125353
1180986660450271233,1.0,0.9343045367562265,0.8521047696769707,0.8053678785959957,0.7422897518699485,0.7096995914306251,0.6681695974674078,0.6681695974674078,0.6681695974674078,0.6681695974674078,0.6681695974674078
1180997410887139329,1.0,0.8654018622767679,0.6996965597926965,0.605832174583085,0.48607315978498344,0.43312909341866734,0.3686012175185335,0.3686012175185335,0.3686012175185335,0.3686012175185335,0.3686012175185335
1181004908940853249,1.0,0.7844938306635564,0.5670202657327211,0.46801361105726624,0.3580150181205852,0.3119390582355598,0.2586388915213751,0.2586388915213751,0.2586388915213751,0.2586388915213751,0.2586388915213751
1180987582456791041,1.0,0.9018052266961241,0.7783981160916977,0.711611086943192,0.6216575507194302,0.5790598394020826,0.5243514914915028,0.5243514914915028,0.5243514914915028,0.5243514914915028,0.5243514914915028
1181015669757280257,1.0,0.923825240376699,0.8309175666755126,0.7747269713219562,0.7016790222690493,0.6636265050529705,0.6168686057046617,0.6168686057046617,0.6168686057046617,0.6168686057046617,0.6168686057046617
1180983315785646081,1.0,0.9077410882615358,0.7999895258851181,0.7367054615423022,0.6559195401829054,0.6144538316071166,0.5650270934621411,0.5650270934621411,0.5650270934621411,0.5650270934621411,0.5650270934621411
1181000658755911681,1.0,0.9055808289955792,0.7870712180296049,0.724685800878798,0.6428293743995246,0.60356248283871,0.5527930309069534,0.5527930309069534,0.5527930309069534,0.5527930309069534,0.5527930309069534
1180982595168960513,1.0,0.9313224646295171,0.8492779650754927,0.7981325946536099,0.7300733179784027,0.6926739867086043,0.6478655785758459,0.6478655785758459,0.6478655785758459,0.6478655785758459,0.6478655785758459
1180980786295832577,1.0,0.8892937434376329,0.7644733505428545,0.6889731554299597,0.5992517556115105,0.5526930438364688,0.49908398711721325,0.4650145205195979,0.421891226278285,0.3953134270125409,0.3626675081394831
1181017843469418497,1.0,0.9370229028408006,0.8552192712035589,0.8080474141498457,0.7449988621188356,0.7127748069259697,0.6719998658228137,0.6719998658228137,0.6719998658228137,0.6719998658228137,0.6719998658228137
1181000403041681409,1.0,0.8974087915815545,0.7787761979085251,0.70949623759915,0.6239735719947488,0.5812487917832105,0.5312335597289327,0.5312335597289327,0.5312335597289327,0.5312335597289327,0.5312335597289327
1181019675575386113,1.0,0.9373073764950093,0.8588420886644683,0.8094292308015121,0.7427979221831398,0.7075434198102089,0.663705087949891,0.663705087949891,0.663705087949891,0.663705087949891,0.663705087949891
1180992255726714881,1.0,0.9365785410383923,0.8560510456174917,0.8046680134942246,0.7357333243395726,0.6985308641999806,0.6526730131242428,0.6242990690171477,0.5851402282892891,0.5616811367230832,0.5305431068893587
1180988428995461121,1.0,0.8587963036724946,0.6915873079360393,0.6107835793069811,0.509086476599455,0.46449512040551943,0.408528729268565,0.408528729268565,0.408528729268565,0.408528729268565,0.408528729268565
1180988108066488321,1.0,0.9238859738160119,0.8274114053252457,0.7717206320658138,0.6957463814918957,0.6573365641153847,0.6077354943089739,0.6077354943089739,0.6077354943089739,0.6077354943089739,0.6077354943089739
1180995786398957569,1.0,0.8732604401423731,0.720980905951828,0.6419925295285324,0.5393735185254036,0.49273791815318335,0.435494748825602,0.435494748825602,0.435494748825602,0.435494748825602,0.435494748825602
1181034412088229889,1.0,0.8896225844664418,0.7646803203135224,0.6895057248724374,0.595117894036775,0.5470419562561908,0.4910847320926929,0.4910847320926929,0.4910847320926929,0.4910847320926929,0.4910847320926929
1181027669847441409,1.0,0.7196786845625041,0.48240149676573485,0.37258799483299,0.2661204959577289,0.22143421450625844,0.17598181698982363,0.17598181698982363,0.17598181698982363,0.17598181698982363,0.17598181698982363
1180981843259359233,1.0,0.8815362535239432,0.7372915776881871,0.6609761969625478,0.5610911085576872,0.5147790322607005,0.45549129360567764,0.45549129360567764,0.45549129360567764,0.45549129360567764,0.45549129360567764
1180997099984977921,1.0,0.9256923850655295,0.8347894395238951,0.7796451835891282,0.7048996823581861,0.6676626295669406,0.622153829585718,0.622153829585718,0.622153829585718,0.622153829585718,0.622153829585718
1180990937743163393,1.0,0.9098139586278778,0.8031541787481369,0.7428234233330429,0.6647565759238863,0.6250169740562352,0.5774453239690169,0.5774453239690169,0.5774453239690169,0.5774453239690169,0.5774453239690169
1181024188791259137,1.0,0.9208127840058054,0.8267318064222358,0.7673440516166607,0.6900082346264146,0.6494729172912035,0.6012207770854805,0.6012207770854805,0.6012207770854805,0.6012207770854805,0.6012207770854805
1180981533107486721,1.0,0.8047163179479737,0.5921247218822734,0.48549713649889836,0.36533942290339483,0.3141881686112804,0.2564611118446114,0.2564611118446114,0.2564611118446114,0.2564611118446114,0.2564611118446114
1181001828353867777,1.0,0.9417652723493836,0.8693495982306808,0.8246358995263001,0.7641946734935189,0.7316672316762749,0.6910506283860623,0.6910506283860623,0.6910506283860623,0.6910506283860623,0.6910506283860623
1180989932105465857,1.0,0.9149662516722137,0.8069044381081685,0.7452969663243052,0.663861368883784,0.6231883954518527,0.5721186468908427,0.5721186468908427,0.5721186468908427,0.5721186468908427,0.5721186468908427
1181029857526185985,1.0,0.9114744811501795,0.8000305339027496,0.7359297561902258,0.6482675454390641,0.6087412673813444,0.5568347480526977,0.5568347480526977,0.5568347480526977,0.5568347480526977,0.5568347480526977
1181024791807623169,1.0,0.7816971346839203,0.5871813007620917,0.48666297397663916,0.37558934303005853,0.3291434707192381,0.27869186269092705,0.27869186269092705,0.27869186269092705,0.27869186269092705,0.27869186269092705
1180990260681277441,1.0,0.7977081267811772,0.5817816962384447,0.47671063162011285,0.35841631884394143,0.3125068619111635,0.25614249707356873,0.25614249707356873,0.25614249707356873,0.25614249707356873,0.25614249707356873
1181035591293763585,1.0,0.907222568834612,0.8004626347716866,0.7406715643849567,0.6608675556775345,0.6232407360829163,0.5754824134851151,0.5754824134851151,0.5754824134851151,0.5754824134851151,0.5754824134851151
1181032107157192705,1.0,0.914680396912333,0.8043751423772201,0.7414229921534817,0.6546395978989906,0.6166366681452469,0.5660077843772544,0.5660077843772544,0.5660077843772544,0.5660077843772544,0.5660077843772544
1180985281879932929,1.0,0.9459617636481297,0.8666330551549988,0.8166178297068224,0.7414988396170535,0.7079398404561679,0.6617967348770932,0.6617967348770932,0.6617967348770932,0.6617967348770932,0.6617967348770932
1181032469384986625,1.0,0.9202741515081461,0.8089087284986253,0.7466116394959258,0.6593168568870715,0.6225266007619307,0.5713101390129023,0.5713101390129023,0.5713101390129023,0.5713101390129023,0.5713101390129023
1181001865263972353,1.0,0.860918192417599,0.6823949800958448,0.5919819932852091,0.47422990016326394,0.4291453809291499,0.37038537847850006,0.33949203377778703,0.2938279207859493,0.2700436240107825,0.23697731113434017
1180989370585710593,1.0,0.9282236599026318,0.8397553810714731,0.787691867178073,0.7124866563252993,0.6770632499029864,0.6319644826976359,0.6319644826976359,0.6319644826976359,0.6319644826976359,0.6319644826976359
1180997038360756225,1.0,0.9342592288255877,0.8489641687360057,0.7967409187897257,0.7217129590432192,0.6871159879745657,0.6388098410652059,0.6388098410652059,0.6388098410652059,0.6388098410652059,0.6388098410652059
1180992780763037697,1.0,0.9176909763072368,0.8187728415396373,0.7617284347838782,0.6845861937836739,0.6486155220609884,0.6016008590833133,0.6016008590833133,0.6016008590833133,0.6016008590833133,0.6016008590833133
1181016347620278273,1.0,0.9087131144168448,0.786639100799976,0.7152854903181738,0.6162044937812488,0.5732756826454724,0.5170514276662658,0.5170514276662658,0.5170514276662658,0.5170514276662658,0.5170514276662658
1180988493619265537,1.0,0.9156937386595039,0.805260663307882,0.738555329172815,0.6462730985684997,0.6052162220500859,0.5527350838436764,0.5527350838436764,0.5527350838436764,0.5527350838436764,0.5527350838436764
1181003295358713857,1.0,0.7515195766654825,0.5296733350859129,0.42179596165877264,0.3112947931579677,0.2662402963097863,0.21847430672960444,0.21847430672960444,0.21847430672960444,0.21847430672960444,0.21847430672960444
1180997870841233409,1.0,0.9215050089323655,0.7966964793052479,0.727577379758533,0.6249713792707104,0.585267121101734,0.5264421288502689,0.5264421288502689,0.5264421288502689,0.5264421288502689,0.5264421288502689
1181033041841586177,1.0,0.9438251188792715,0.8717181320505825,0.8261534133840649,0.7614470344267785,0.7301591854050418,0.6899525636247983,0.6899525636247983,0.6899525636247983,0.6899525636247983,0.6899525636247983
1181002853182865409,1.0,0.9264482913822004,0.8298616164965096,0.7724300779455422,0.6914103092773113,0.6558255906606415,0.606585633240347,0.606585633240347,0.606585633240347,0.606585633240347,0.606585633240347
1181007984360390657,1.0,0.9254663296516481,0.8308824892490634,0.7708921674811869,0.6849421697446572,0.6447728949340141,0.5951012316376368,0.5951012316376368,0.5951012316376368,0.5951012316376368,0.5951012316376368
1180989578041196545,1.0,0.7442551670195063,0.45293735705840155,0.3414843368234415,0.21207833362187323,0.17543318028830002,0.12491833145335052,0.12491833145335052,0.12491833145335052,0.12491833145335052,0.12491833145335052
1181024271744106497,1.0,0.8926392930870248,0.7792424593205906,0.7102537085280598,0.6205164341334443,0.5788223196544766,0.530645688839182,0.500714588413457,0.4589035458165853,0.43176186999515354,0.39722545688466304
1180993741541474305,1.0,0.7485011254505021,0.4004631491002133,0.2927173167501609,0.1637753906875279,0.1337218854613359,0.08852725543496132,0.08852725543496132,0.08852725543496132,0.08852725543496132,0.08852725543496132
1181026992622108673,1.0,0.8000514906295844,0.5882314909848094,0.47687339881689006,0.3497838681889023,0.2984712741658093,0.23985289746674798,0.23985289746674798,0.23985289746674798,0.23985289746674798,0.23985289746674798
1180996505522995201,1.0,0.6886951380893489,0.4364439517477968,0.32036043615947807,0.2083535781006649,0.16599628262879162,0.12369729994484213,0.12369729994484213,0.12369729994484213,0.12369729994484213,0.12369729994484213
1181031201832435713,1.0,0.8356261658241189,0.672996503977068,0.5804311795383343,0.46659924574614153,0.416525911606357,0.36131405061886235,0.36131405061886235,0.36131405061886235,0.36131405061886235,0.36131405061886235
1181014095611101185,1.0,0.8256897989927743,0.6260015875714426,0.523357402956858,0.3979239355642813,0.3513175785926127,0.2940319542715476,0.2940319542715476,0.2940319542715476,0.2940319542715476,0.2940319542715476
1181027502682505217,1.0,0.9517906447731208,0.8860306054328319,0.8434614485870561,0.7806966164291291,0.7516249585570182,0.7118865936982508,0.6886254203182782,0.6519939645228587,0.6313219918254878,0.6015170391242723
1181028735356862465,1.0,0.6560703010135476,0.3026801073734152,0.194346285153155,0.09399614263871925,0.06954158099306329,0.04014925297314065,0.04014925297314065,0.04014925297314065,0.04014925297314065,0.04014925297314065
1180980198543687681,1.0,0.9103288475730178,0.8075534606303898,0.7497503145928051,0.6738936278253251,0.6392555995747794,0.5945840164423376,0.5945840164423376,0.5945840164423376,0.5945840164423376,0.5945840164423376
1181020646750060545,1.0,0.863984298226584,0.7146875208487854,0.6343848561342538,0.5339370980795854,0.4892147220108668,0.43605097645232516,0.43605097645232516,0.43605097645232516,0.43605097645232516,0.43605097645232516
1181032814220902401,1.0,0.9472444126133719,0.8751295123523728,0.8256543908764422,0.7530933257472051,0.7181254794579257,0.6724678145164824,0.6453362037252471,0.6050331713410009,0.5813871898715591,0.5483980372388597
1181000084339195905,1.0,0.9270092169741198,0.8305280379434452,0.7682502625751609,0.6806035160101943,0.6405078105555353,0.5885223849770166,0.5885223849770166,0.5885223849770166,0.5885223849770166,0.5885223849770166
1181021920996130817,1.0,0.861740817127088,0.7056152910927828,0.615884080511979,0.4973028036475038,0.4444536808112738,0.38294657693348066,0.38294657693348066,0.38294657693348066,0.38294657693348066,0.38294657693348066
1181006474220535809,1.0,0.9264665411259514,0.8308492494497681,0.7741333717691352,0.6917780200505206,0.654962018257674,0.6057504223715312,0.6057504223715312,0.6057504223715312,0.6057504223715312,0.6057504223715312
1181002521929580545,1.0,0.910956514102336,0.806052795019831,0.7437718209801669,0.6609414642778356,0.6222735301468956,0.5732342813333933,0.5732342813333933,0.5732342813333933,0.5732342813333933,0.5732342813333933
1180998351186264065,1.0,0.762403449847418,0.5359311236586636,0.4309598124421745,0.31978723432659173,0.2784596276777699,0.23041719791919835,0.23041719791919835,0.23041719791919835,0.23041719791919835,0.23041719791919835
1180998214355976193,1.0,0.9264213745015857,0.8323880204099888,0.7778332379730151,0.7010453812276046,0.6660283596913252,0.6182175509787324,0.6182175509787324,0.6182175509787324,0.6182175509787324,0.6182175509787324
1180984866160050177,1.0,0.9039509959296451,0.7900934776122059,0.7240854272391762,0.6336432674230805,0.5924434638813822,0.5409350925316504,0.5409350925316504,0.5409350925316504,0.5409350925316504,0.5409350925316504
1181025878906273793,1.0,0.5757259821821104,0.2990271840688157,0.16597429844048228,0.07403291719914518,0.0477192643674047,0.02895527548574406,0.02895527548574406,0.02895527548574406,0.02895527548574406,0.02895527548574406
1181001311552569345,1.0,0.8332942940742234,0.6612080088947697,0.5666543139060197,0.45225320134399805,0.4039209367693024,0.348645008084873,0.348645008084873,0.348645008084873,0.348645008084873,0.348645008084873
1180984578203516929,1.0,0.8096803443901205,0.6264375708488248,0.5243514613037572,0.40761096174408085,0.3593741034002099,0.30605259317524247,0.30605259317524247,0.30605259317524247,0.30605259317524247,0.30605259317524247
1181000486669516801,1.0,0.9365495339866962,0.851723170453548,0.8030910032695897,0.7314889135430136,0.6994945301832356,0.6559158730300472,0.6559158730300472,0.6559158730300472,0.6559158730300472,0.6559158730300472
1181000160384286721,1.0,0.9312135896361806,0.832780075962954,0.7780038237293245,0.7001203844594376,0.6650784488728647,0.6159653072071254,0.6159653072071254,0.6159653072071254,0.6159653072071254,0.6159653072071254
1181024575606980609,1.0,0.8797838674891009,0.7386411736403979,0.6625983804707942,0.5664104236374596,0.5249444412675016,0.47095025672797197,0.47095025672797197,0.47095025672797197,0.47095025672797197,0.47095025672797197
1180993839236218881,1.0,0.9325217162972077,0.84730843664883,0.795492100977526,0.7239899887491013,0.6911919839969474,0.6484109018546538,0.6484109018546538,0.6484109018546538,0.6484109018546538,0.6484109018546538
1180995820334153729,1.0,0.928819476910212,0.8393302744634066,0.7845627028703586,0.711767004864059,0.6767548177148022,0.6333776498406029,0.6333776498406029,0.6333776498406029,0.6333776498406029,0.6333776498406029
1180982036520828929,1.0,0.8496046669070096,0.6513016480347478,0.5494353444418875,0.41767898665890235,0.36972355306802096,0.306761643069132,0.306761643069132,0.306761643069132,0.306761643069132,0.306761643069132
1180996650355687425,1.0,0.923809791645844,0.8276020757950184,0.7706954010287687,0.6875896095034206,0.6489952690924685,0.5990850259921233,0.5990850259921233,0.5990850259921233,0.5990850259921233,0.5990850259921233
1181007497045770241,1.0,0.9183540991638581,0.8211680753232153,0.7605490104356687,0.6768885614595139,0.6367208897305263,0.5883903699019747,0.5883903699019747,0.5883903699019747,0.5883903699019747,0.5883903699019747
1181025571075981313,1.0,0.8940822084938118,0.7483160764750472,0.6717418205693514,0.5673104018474646,0.5240893412904618,0.46722577900576723,0.46722577900576723,0.46722577900576723,0.46722577900576723,0.46722577900576723
1181010578052874241,1.0,0.9010052516873895,0.7814047748505679,0.711492781580635,0.6180100882370737,0.574031199500582,0.5186717775614353,0.5186717775614353,0.5186717775614353,0.5186717775614353,0.5186717775614353
1181030498318155777,1.0,0.8695232216467792,0.7255467006440688,0.646947817198814,0.5410641056132942,0.49368881245130025,0.43447998358052564,0.43447998358052564,0.43447998358052564,0.43447998358052564,0.43447998358052564
1180984130028699649,1.0,0.740149812206484,0.5160931517869752,0.38959145246683824,0.26570499391014146,0.2152478917405919,0.16719521691120431,0.13958976396228773,0.1083567329262708,0.090433305496183,0.07146681885760198
1180984002906750977,1.0,0.8792299890022464,0.751378262348923,0.678368386694073,0.5861973041604316,0.5439140585352371,0.49513659721060066,0.49513659721060066,0.49513659721060066,0.49513659721060066,0.49513659721060066
1181003562923360257,1.0,0.9416246390563876,0.8593043475056811,0.8114205914257007,0.7411657806018487,0.7095682134141867,0.665900009591914,0.665900009591914,0.665900009591914,0.665900009591914,0.665900009591914
1180985110172762113,1.0,0.8960957447008944,0.7779185564843794,0.7120841850234148,0.6243749666246834,0.5843147664834767,0.5339591799025584,0.5339591799025584,0.5339591799025584,0.5339591799025584,0.5339591799025584
1181020371603718145,1.0,0.9600466925228062,0.902027384530235,0.8671165317649062,0.8135761863390248,0.7893256183568109,0.7553234693081268,0.7553234693081268,0.7553234693081268,0.7553234693081268,0.7553234693081268
1180985328694263809,1.0,0.9087606446351513,0.7928258175671736,0.725737472597841,0.6300002433830547,0.5871301148524053,0.5311305479595994,0.5311305479595994,0.5311305479595994,0.5311305479595994,0.5311305479595994
1181030477314883585,1.0,0.8312329895038432,0.6469537102496083,0.5509180005716439,0.4324477401480843,0.38471597032366467,0.32636957870199634,0.32636957870199634,0.32636957870199634,0.32636957870199634,0.32636957870199634
1180985660172795905,1.0,0.8997884609068765,0.7786109854649728,0.7104342269031816,0.6187730084503574,0.5772809958458586,0.5233260319625527,0.5233260319625527,0.5233260319625527,0.5233260319625527,0.5233260319625527
1180996251542421505,1.0,0.7646258113221107,0.4995959998381533,0.3795279365309354,0.2498736426170628,0.2056145554562987,0.15251806841395354,0.15251806841395354,0.15251806841395354,0.15251806841395354,0.15251806841395354
1180987788589400065,1.0,0.928997715448557,0.8382420507250653,0.7792140514309556,0.6953763135178087,0.656736281906408,0.608202210260396,0.608202210260396,0.608202210260396,0.608202210260396,0.608202210260396
1180994010363232257,1.0,0.8902748777502706,0.7302461998404128,0.641426156557288,0.5174941797208505,0.4689896250843941,0.4013035366853346,0.4013035366853346,0.4013035366853346,0.4013035366853346,0.4013035366853346
1181022768019341313,1.0,0.7462838862940457,0.5301690563422663,0.4127621352605112,0.29709160790112976,0.24808560621432607,0.20064683621717538,0.20064683621717538,0.20064683621717538,0.20064683621717538,0.20064683621717538
1180988463743139841,1.0,0.8199557213094382,0.599793734614532,0.4930202240532786,0.36572383185473056,0.3217329522200236,0.26367713145367133,0.26367713145367133,0.26367713145367133,0.26367713145367133,0.26367713145367133
1181026069231370241,1.0,0.8650308750411947,0.7270218075418905,0.6440073454980569,0.545496793053605,0.4997929504642138,0.4493171849384272,0.4493171849384272,0.4493171849384272,0.4493171849384272,0.4493171849384272
1181021003894489089,1.0,0.8359949476248368,0.6763795234190808,0.5764483771359954,0.46006773292422265,0.4079369426572018,0.35448441786081786,0.35448441786081786,0.35448441786081786,0.35448441786081786,0.35448441786081786
1180991703916544001,1.0,0.8950425427841493,0.7528766362816717,0.6732604660589261,0.569245578245736,0.5269547710245,0.46936928952788903,0.46936928952788903,0.46936928952788903,0.46936928952788903,0.46936928952788903
1181033631013339137,1.0,0.8651333084814059,0.7210929629358596,0.6403302990062055,0.5346963009948176,0.4883007925384587,0.43433749833991175,0.43433749833991175,0.43433749833991175,0.43433749833991175,0.43433749833991175
1181005140208156673,1.0,0.8753181571980102,0.7321017687479363,0.6428941797749073,0.5310910401103407,0.4800274474304468,0.42081294756027454,0.38611894623570864,0.3397657196920122,0.312918501703941,0.2783812591346927
1181003013309333505,1.0,0.9398303866884365,0.8621365163365909,0.8125191506468638,0.7389942715575222,0.7041466291411635,0.6586092795830117,0.6586092795830117,0.6586092795830117,0.6586092795830117,0.6586092795830117
1181004232915517441,1.0,0.9185423021869787,0.8168379554869493,0.7530398600538157,0.6664506632136076,0.6266373621559904,0.5755662673645081,0.5755662673645081,0.5755662673645081,0.5755662673645081,0.5755662673645081
1180984943463661569,1.0,0.9228514745898788,0.8225484607715206,0.7628858478054591,0.6799832651659966,0.6418236641165666,0.5920003701640484,0.5920003701640484,0.5920003701640484,0.5920003701640484,0.5920003701640484
1181016943566258177,1.0,0.8800131866574126,0.7195348341499963,0.6327942889304048,0.5143201439258356,0.4675479084204943,0.4047985217539951,0.4047985217539951,0.4047985217539951,0.4047985217539951,0.4047985217539951
1180985608228569089,1.0,0.9385702876033133,0.8628689103382239,0.8155858572130753,0.7481726118481712,0.7154807312844154,0.6735150326391989,0.6735150326391989,0.6735150326391989,0.6735150326391989,0.6735150326391989
1180988798869209089,1.0,0.9282338210886917,0.8384283100502217,0.7799585137409415,0.6952455290771031,0.6547759020360426,0.6053185207697656,0.6053185207697656,0.6053185207697656,0.6053185207697656,0.6053185207697656
1181004283408646145,1.0,0.9036973846397166,0.7816009739004226,0.7179330177367311,0.6284472782040897,0.5905645893569812,0.5379432376012574,0.509368862390813,0.4649894494616542,0.4415142956405754,0.4072622077338893
1180982810337673217,1.0,0.8559750176633445,0.6690133825152415,0.5691627255742167,0.4463510309924339,0.39948750541053735,0.33840907193486003,0.33840907193486003,0.33840907193486003,0.33840907193486003,0.33840907193486003
1180981635835232257,1.0,0.855686652921007,0.6940994933529472,0.6099264113943079,0.5051629546209138,0.4620036332909483,0.40870822096674775,0.40870822096674775,0.40870822096674775,0.40870822096674775,0.40870822096674775
1181017255784054785,1.0,0.9100869115909842,0.800250268138351,0.7320384578255806,0.6394160722562559,0.5955602212996298,0.5426398215334612,0.5426398215334612,0.5426398215334612,0.5426398215334612,0.5426398215334612
1181023412974780417,1.0,0.9011911220477483,0.7762751249781481,0.7042394265389118,0.6080595544547217,0.565992421943986,0.5114166550051442,0.5114166550051442,0.5114166550051442,0.5114166550051442,0.5114166550051442
1181000551907196929,1.0,0.8548858569784403,0.6545024517146085,0.5609818003873209,0.4378399254805623,0.3941548581084141,0.3318811848417247,0.3318811848417247,0.3318811848417247,0.3318811848417247,0.3318811848417247
1181009443493445633,1.0,0.9104026600310265,0.7989514437602738,0.7356278614867418,0.6466479670650236,0.607746265222931,0.5580770523013865,0.5580770523013865,0.5580770523013865,0.5580770523013865,0.5580770523013865
1180991456323469313,1.0,0.9334228413381188,0.8480005868835652,0.7973675555651553,0.7242491547036276,0.69029303813121,0.645541401271828,0.645541401271828,0.645541401271828,0.645541401271828,0.645541401271828
1181007424872579073,1.0,0.8923688885963998,0.764216235239002,0.6961225077711992,0.6065484782005504,0.5671220509185722,0.5148739898045624,0.5148739898045624,0.5148739898045624,0.5148739898045624,0.5148739898045624
1180995655596933121,1.0,0.900252334205595,0.7859591721336692,0.7210026857003635,0.6355997305360173,0.5957007456768331,0.5457643406919984,0.5457643406919984,0.5457643406919984,0.5457643406919984,0.5457643406919984
1180988688492888065,1.0,0.8747917337939595,0.7354958326710068,0.6599628437341987,0.5643696047963915,0.5220020395479665,0.46981720981509045,0.46981720981509045,0.46981720981509045,0.46981720981509045,0.46981720981509045
1181023841534607361,1.0,0.8017935838986004,0.6132566832287382,0.5159009752524388,0.407055100121249,0.35949483931260495,0.3065421991442425,0.3065421991442425,0.3065421991442425,0.3065421991442425,0.3065421991442425
1180981877526298625,1.0,0.7851166118754693,0.5865398260882809,0.485633278810343,0.3764343233267323,0.32841744041404564,0.27593341160535145,0.27593341160535145,0.27593341160535145,0.27593341160535145,0.27593341160535145
1180991413606252545,1.0,0.7679068978579027,0.547831546698407,0.44356989282833703,0.32676788821984226,0.2817237828793253,0.2299671160882205,0.2299671160882205,0.2299671160882205,0.2299671160882205,0.2299671160882205
1181023531511742465,1.0,0.8794654886330918,0.7360562127552428,0.6567311156377965,0.5527546400710448,0.5092557671561226,0.4534088294460895,0.4534088294460895,0.4534088294460895,0.4534088294460895,0.4534088294460895
1181000268692717569,1.0,0.8768218409963091,0.7365747257208323,0.6580514241181703,0.5596915901493392,0.5152919341098916,0.45966081188436136,0.45966081188436136,0.45966081188436136,0.45966081188436136,0.45966081188436136
1181004718228668417,1.0,0.821934577990322,0.605863072482274,0.5066146696046554,0.3861459882693119,0.34272791073771947,0.28537857346052276,0.28537857346052276,0.28537857346052276,0.28537857346052276,0.28537857346052276
1180997814057959425,1.0,0.9350570026626702,0.8543355125959711,0.801985237824445,0.7251394971896581,0.6880720089331629,0.6403062338703955,0.6403062338703955,0.6403062338703955,0.6403062338703955,0.6403062338703955
1180989319671906305,1.0,0.6780935366413363,0.4026026844390941,0.27966776220651657,0.16217720275830172,0.12294044825543016,0.08434134063892285,0.08434134063892285,0.08434134063892285,0.08434134063892285,0.08434134063892285
1180982542483881985,1.0,0.8751350272601183,0.7200741863129039,0.6385165958483473,0.5340303946191864,0.49090827804856774,0.4326598123498985,0.4326598123498985,0.4326598123498985,0.4326598123498985,0.4326598123498985
1180999404150358017,1.0,0.8944173306865991,0.7758066768842512,0.7071883852390595,0.6148252507601092,0.5719738480391549,0.5192651727117379,0.5192651727117379,0.5192651727117379,0.5192651727117379,0.5192651727117379
1180997522651840513,1.0,0.6623131831879354,0.4311961411391503,0.3009022945491333,0.1917738235311347,0.14935504653899523,0.1138619928883563,0.1138619928883563,0.1138619928883563,0.1138619928883563,0.1138619928883563
1181026718099636225,1.0,0.9127779548820354,0.8007870599852417,0.7387784334770435,0.6530362986528453,0.616210690453595,0.5644041844427576,0.5644041844427576,0.5644041844427576,0.5644041844427576,0.5644041844427576
1180987939197386753,1.0,0.923164994184684,0.8205185085310911,0.7612051510685247,0.679872955456972,0.6437826044969773,0.5942783025208764,0.5942783025208764,0.5942783025208764,0.5942783025208764,0.5942783025208764
1180999724562808833,1.0,0.9113901508539604,0.7988743293706703,0.7283885554225151,0.6292756820362555,0.5846393650909576,0.5262508347651362,0.4930397884741975,0.44457176904783147,0.4166433350858386,0.3785170391560432
1180990699473862657,1.0,0.9066158250405237,0.788198326177842,0.7192135165594293,0.6193661345746371,0.575453347271807,0.5185014760869645,0.5185014760869645,0.5185014760869645,0.5185014760869645,0.5185014760869645
1181027695330394113,1.0,0.861124985936629,0.7076320558495172,0.626739762561152,0.5260808076642918,0.48183769030735824,0.4273803600850038,0.4273803600850038,0.4273803600850038,0.4273803600850038,0.4273803600850038
1180980477626286081,1.0,0.8967532680880148,0.7741726254234691,0.7067220279439439,0.6167047635409811,0.5763633536942103,0.5251208722216004,0.5251208722216004,0.5251208722216004,0.5251208722216004,0.5251208722216004
1181008073504849921,1.0,0.9042471762856993,0.7914656037848553,0.72877485810398,0.6448886833162353,0.6061408480843538,0.5565560278156133,0.5565560278156133,0.5565560278156133,0.5565560278156133,0.5565560278156133
1180984114250055681,1.0,0.8524538450309718,0.7081496419403577,0.626744262113966,0.5310752678421303,0.48581910371456405,0.43398989778165276,0.43398989778165276,0.43398989778165276,0.43398989778165276,0.43398989778165276
1180982469018779649,1.0,0.8850125792624907,0.7525673945437464,0.6813544131084245,0.5890569408140285,0.5468729535000953,0.4942524606494064,0.4942524606494064,0.4942524606494064,0.4942524606494064,0.4942524606494064
1181032764985180161,1.0,0.8039414681867805,0.5995206517073072,0.4926155894729257,0.37250237384420914,0.32673748163134797,0.27451930674687985,0.27451930674687985,0.27451930674687985,0.27451930674687985,0.27451930674687985
1181022355235602433,1.0,0.9219653441175877,0.821971999448801,0.7619555024713596,0.6779902312544986,0.6405451575064312,0.5924383772874153,0.5924383772874153,0.5924383772874153,0.5924383772874153,0.5924383772874153
1181026106175062017,1.0,0.7904608542437477,0.5202464428524205,0.4082823374422818,0.2739533185939793,0.23056100292535642,0.1731394776379549,0.1731394776379549,0.1731394776379549,0.1731394776379549,0.1731394776379549
1180986407662682113,1.0,0.8897364487563826,0.747415282997198,0.6669365357359895,0.5597834928064068,0.5155981110399068,0.4546843817057552,0.4546843817057552,0.4546843817057552,0.4546843817057552,0.4546843817057552
1181023868862693377,1.0,0.8950669253063552,0.7658852426096465,0.6912062907640177,0.5898823529618504,0.5447673377041364,0.4862398650780555,0.4862398650780555,0.4862398650780555,0.4862398650780555,0.4862398650780555
1181022513424629761,1.0,0.8733630887972297,0.7255602682073721,0.6366902360288107,0.523905428311829,0.474888077682886,0.4161385457609872,0.38255356794483486,0.33623924981187026,0.30945127879369183,0.27496159209971405
1181029307072774145,1.0,0.9203326302853565,0.8166187315148522,0.7509753650129016,0.6591855007230893,0.6175273385938853,0.5624074368599855,0.5312216816406603,0.4847921037789098,0.45837595227899985,0.4221006877275051
1181035256845533185,1.0,0.9237344788359066,0.779275623193263,0.6944440044391671,0.5741581879265613,0.5213162095034561,0.4548482021887492,0.4548482021887492,0.4548482021887492,0.4548482021887492,0.4548482021887492
1181027875748937729,1.0,0.9516270071497337,0.8811814907427475,0.8372538571997529,0.7698471450759465,0.7383911620234556,0.6961483553788642,0.6961483553788642,0.6961483553788642,0.6961483553788642,0.6961483553788642
1181027596215353345,1.0,0.8810983137405088,0.7382582836579432,0.6601594260545953,0.5582178532296977,0.5162604924708687,0.46140272463690546,0.46140272463690546,0.46140272463690546,0.46140272463690546,0.46140272463690546
1181030225333714945,1.0,0.8341071947687095,0.6635279451647303,0.574025245698067,0.4671352960579025,0.4199897834524309,0.3650523063137131,0.3650523063137131,0.3650523063137131,0.3650523063137131,0.3650523063137131
1180989590333423617,1.0,0.8567536140047234,0.7044655061245775,0.6230801091692733,0.5204162888068825,0.47607012268544047,0.4226867478420754,0.4226867478420754,0.4226867478420754,0.4226867478420754,0.4226867478420754
1180983894049423361,1.0,0.8498749815443439,0.6876393911431931,0.6028172559943026,0.4993332364618386,0.4542044079307823,0.3993601660688709,0.3993601660688709,0.3993601660688709,0.3993601660688709,0.3993601660688709
1181020820813611009,1.0,0.931519032608397,0.8427115179598703,0.7923987761376102,0.7220949183299816,0.689899449052428,0.6450149007901532,0.6450149007901532,0.6450149007901532,0.6450149007901532,0.6450149007901532
1181006411500191745,1.0,0.8258178809584991,0.6598660308218545,0.5629559482527579,0.4494940863140695,0.39989340991892786,0.34609708146443763,0.34609708146443763,0.34609708146443763,0.34609708146443763,0.34609708146443763
1180986536627372033,1.0,0.8832810205456898,0.7445262790928373,0.6684018660787991,0.5611602343550562,0.5165566975745552,0.461459021671459,0.461459021671459,0.461459021671459,0.461459021671459,0.461459021671459
1181031565898874881,1.0,0.8278668388487536,0.6370022989293849,0.5432149018966647,0.42712193689748534,0.3803431424447673,0.3242730049309692,0.3242730049309692,0.3242730049309692,0.3242730049309692,0.3242730049309692
1180987974138494977,1.0,0.9394351660958352,0.8503983211013901,0.797434821550211,0.7173048179464447,0.6847279180462746,0.6384805783885406,0.6384805783885406,0.6384805783885406,0.6384805783885406,0.6384805783885406
1181028853603139585,1.0,0.793616596788308,0.6105860938035457,0.5018057995153041,0.38656362939143285,0.33620656645402003,0.2859162943008975,0.2859162943008975,0.2859162943008975,0.2859162943008975,0.2859162943008975
1181005759803392001,1.0,0.8068372445154569,0.5759242026323349,0.4780713739032334,0.35472562729463153,0.313107907715799,0.2566406078510194,0.2566406078510194,0.2566406078510194,0.2566406078510194,0.2566406078510194
1180994260765605889,1.0,0.9270069562139251,0.8286648155958477,0.7748986449003855,0.6986280358729414,0.6649576273968056,0.6191774789867351,0.6191774789867351,0.6191774789867351,0.6191774789867351,0.6191774789867351
1181013244972367873,1.0,0.9135263782873775,0.7833576066807759,0.7103690720705972,0.5955916339250771,0.5498194927923126,0.48503211636770693,0.4514348379895857,0.3985697105252889,0.3710839916468476,0.33092494915331083
1180981026123251713,1.0,0.8678564603493795,0.7040868352756671,0.6167226815856933,0.4973271217988633,0.44952200740929515,0.38693967785051175,0.38693967785051175,0.38693967785051175,0.38693967785051175,0.38693967785051175
1180983808970588161,1.0,0.8681636709577396,0.7168609010400822,0.6345914818644509,0.5296278332812103,0.48538196410290324,0.4287407973570777,0.4287407973570777,0.4287407973570777,0.4287407973570777,0.4287407973570777
1180991546534133761,1.0,0.9417352130951248,0.8656478067195519,0.8168244533477563,0.7459522753503227,0.7118368797242611,0.6666780895860367,0.6666780895860367,0.6666780895860367,0.6666780895860367,0.6666780895860367
1181034608381591553,1.0,0.5871591648954625,0.2995404541552955,0.18886721808110918,0.09993784421010665,0.07173336838859279,0.04647717722149469,0.04647717722149469,0.04647717722149469,0.04647717722149469,0.04647717722149469
1180990511209807873,1.0,0.9204305920248254,0.8242175335963464,0.7676388506838386,0.6875710507873332,0.6503031598128818,0.6033724672065551,0.6033724672065551,0.6033724672065551,0.6033724672065551,0.6033724672065551
1180997272992645121,1.0,0.8569289060886436,0.6794829557368102,0.5854163625191597,0.4638772908549219,0.4158857158557978,0.35429191569461893,0.35429191569461893,0.35429191569461893,0.35429191569461893,0.35429191569461893
1180986898008866817,1.0,0.883530079964913,0.7456938698634723,0.673562573203642,0.5807208849701049,0.5396788238706415,0.48609540128649,0.48609540128649,0.48609540128649,0.48609540128649,0.48609540128649
1181031798747725825,1.0,0.8179414682341942,0.6386019446536044,0.5447766670531844,0.4375168961773631,0.38957982967752613,0.33557723036155607,0.33557723036155607,0.33557723036155607,0.33557723036155607,0.33557723036155607
1180996632030281729,1.0,0.9055995481733361,0.7914371048565676,0.7282727724372903,0.6439096199057918,0.6059399403669368,0.5562371561655746,0.5562371561655746,0.5562371561655746,0.5562371561655746,0.5562371561655746
1181029502589730817,1.0,0.9067358228043948,0.7935947737916325,0.7318688040105535,0.6493042394584914,0.6120160496419197,0.5631042724850904,0.5631042724850904,0.5631042724850904,0.5631042724850904,0.5631042724850904
1180994909654974465,1.0,0.6002213707814213,0.33200282444491624,0.22501654432338547,0.1317631031193175,0.10048978014950694,0.07193611258062116,0.07193611258062116,0.07193611258062116,0.07193611258062116,0.07193611258062116
1181006016590315521,1.0,0.9206796133929085,0.8192958352034636,0.762878669238033,0.6856687128182928,0.6507818053291334,0.604061799069461,0.604061799069461,0.604061799069461,0.604061799069461,0.604061799069461
1180995501988282369,1.0,0.8872588485772498,0.757262241754672,0.6849441371349713,0.5886950285216395,0.5450402758100626,0.49079322338399356,0.49079322338399356,0.49079322338399356,0.49079322338399356,0.49079322338399356
1181023375257272321,1.0,0.9170656212021377,0.8126033684065541,0.7540601317113056,0.6673466842096201,0.6284861636962331,0.5780213368684305,0.5780213368684305,0.5780213368684305,0.5780213368684305,0.5780213368684305
1180993887341084673,1.0,0.8594390692039151,0.705233852368301,0.6215143621061867,0.5181047425572627,0.4735261521976666,0.41981827096481006,0.41981827096481006,0.41981827096481006,0.41981827096481006,0.41981827096481006
1180993350083674113,1.0,0.8822345209427195,0.7435031451639682,0.6706089473110373,0.5764862100945604,0.5355166905503078,0.48043378737328624,0.48043378737328624,0.48043378737328624,0.48043378737328624,0.48043378737328624
1181027195110850561,1.0,0.9113351783282341,0.7891089477527103,0.7199571486437257,0.6245672083845991,0.5840175959429927,0.5286534087193371,0.5286534087193371,0.5286534087193371,0.5286534087193371,0.5286534087193371
1181021603649617921,1.0,0.9145928323249991,0.807964843291496,0.7437396300706832,0.6538049498139208,0.6118280334535953,0.557376518430967,0.557376518430967,0.557376518430967,0.557376518430967,0.557376518430967
1181005465849167873,1.0,0.9275155348082954,0.8322661282439825,0.7631875557928348,0.6647859938726063,0.6179268719030006,0.5593561291506004,0.5255301022334959,0.4771570334838099,0.4485645720870237,0.41033369860010327
1181003838846795777,1.0,0.9433345355732785,0.8691429485257711,0.8238220950382394,0.758312501208128,0.7276676162715836,0.687074658444787,0.687074658444787,0.687074658444787,0.687074658444787,0.687074658444787
1181008560948576257,1.0,0.8377336032256127,0.6716393119855961,0.5786655215433454,0.4690782779563947,0.4197390756920377,0.3641691510062449,0.3641691510062449,0.3641691510062449,0.3641691510062449,0.3641691510062449
1180986262345940993,1.0,0.9137437801858208,0.7961561485429355,0.7254345984260848,0.627495964949994,0.5860036935156665,0.5312237385836232,0.5312237385836232,0.5312237385836232,0.5312237385836232,0.5312237385836232
1180985431003889665,1.0,0.8992999429203707,0.7750408366394863,0.708668866096875,0.6213429208365215,0.583814171894159,0.5334701873550196,0.5334701873550196,0.5334701873550196,0.5334701873550196,0.5334701873550196
1181034281775661057,1.0,0.8627897476667366,0.7113057228642798,0.6308219300934529,0.5302681483180575,0.4850219752173801,0.43056619043183675,0.43056619043183675,0.43056619043183675,0.43056619043183675,0.43056619043183675
1180990746515308545,1.0,0.8906225605846361,0.7613748472040479,0.6908345943392065,0.5994879327331933,0.5584671479930344,0.5052163105253504,0.5052163105253504,0.5052163105253504,0.5052163105253504,0.5052163105253504
1181034463452987393,1.0,0.8840287363434721,0.7477514233973082,0.6750336547486535,0.5799766505864881,0.5385512611041331,0.4848721850020159,0.4848721850020159,0.4848721850020159,0.4848721850020159,0.4848721850020159
1181023425429340161,1.0,0.8238520369034038,0.6266996914349602,0.531981795765972,0.41867785278307257,0.3742623322527221,0.31768773682288476,0.31768773682288476,0.31768773682288476,0.31768773682288476,0.31768773682288476
1181021559349411841,1.0,0.5500195842282596,0.2883319178240161,0.18062135145516156,0.09914536729259626,0.07306682239598128,0.051277181000588534,0.051277181000588534,0.051277181000588534,0.051277181000588534,0.051277181000588534
1181018087260585985,1.0,0.9316173445289135,0.8452074783566963,0.7938750215960538,0.7201983257745506,0.6860461945443443,0.641590752432903,0.641590752432903,0.641590752432903,0.641590752432903,0.641590752432903
1180979986086232065,1.0,0.9415503806466036,0.8665692027176346,0.8162764351688809,0.7426758730035237,0.7055202990434786,0.6600253663492146,0.6316018735410838,0.5909687122667673,0.5651976803591101,0.5313550946219194
1180999980255674369,1.0,0.8788348881957511,0.7317365135786762,0.6516269895783529,0.5448519840935615,0.4992888645431862,0.44142528565240224,0.44142528565240224,0.44142528565240224,0.44142528565240224,0.44142528565240224
1181019412301742081,1.0,0.8823180452686069,0.746082069455958,0.6689267901132995,0.5695715437061055,0.5274151658263617,0.4765481873650731,0.4765481873650731,0.4765481873650731,0.4765481873650731,0.4765481873650731
1181024448514719745,1.0,0.9342098387746814,0.852680283328302,0.7983571300257692,0.7207918251608607,0.6822523458554046,0.6330555193828636,0.6330555193828636,0.6330555193828636,0.6330555193828636,0.6330555193828636
1181035527087128577,1.0,0.7847888367958569,0.56377940157848,0.44841244471862285,0.3168946670610219,0.26743248943447095,0.21576425619645312,0.21576425619645312,0.21576425619645312,0.21576425619645312,0.21576425619645312
1181030684320038913,1.0,0.8206412092958029,0.6284649636210441,0.5239660242050188,0.4034283390296275,0.3546222256130783,0.296171827107246,0.296171827107246,0.296171827107246,0.296171827107246,0.296171827107246
1180998785070759937,1.0,0.8966773057234351,0.7739056939621383,0.7087104346398603,0.6238762647071966,0.5856882770106661,0.5346984049289294,0.5346984049289294,0.5346984049289294,0.5346984049289294,0.5346984049289294
1180996389082628097,1.0,0.8722467456222205,0.7305111576716404,0.6531820183747477,0.5561170584523214,0.5118911719303172,0.45852228302915365,0.45852228302915365,0.45852228302915365,0.45852228302915365,0.45852228302915365
1181026896993091585,1.0,0.8660069087770653,0.7111729860753639,0.6259693941281601,0.5165087245888019,0.4704970702792264,0.4177734240735105,0.4177734240735105,0.4177734240735105,0.4177734240735105,0.4177734240735105
1181009160927903745,1.0,0.8981684149464182,0.7705016778910474,0.7004353545105294,0.6071809111015625,0.5659321148757428,0.5108123948155352,0.5108123948155352,0.5108123948155352,0.5108123948155352,0.5108123948155352
1180996817967775745,1.0,0.8960190137392862,0.7744214561261843,0.7094826229784248,0.623458274055328,0.5854280987378644,0.5364868084447849,0.5364868084447849,0.5364868084447849,0.5364868084447849,0.5364868084447849
1181025354489430017,1.0,0.91125669594186,0.8009799061017238,0.7400768725210113,0.6570804401795547,0.6203750147189556,0.5718574354585951,0.5718574354585951,0.5718574354585951,0.5718574354585951,0.5718574354585951
1180999244056920065,1.0,0.7355759218421849,0.5220118937842926,0.4137047624776574,0.30583613111305774,0.25984850901168155,0.21274838212349,0.21274838212349,0.21274838212349,0.21274838212349,0.21274838212349
1181022844774514689,1.0,0.8866612197582122,0.7574600092954606,0.6857032586322626,0.5926631777509399,0.5494343211439752,0.4962318288562835,0.4962318288562835,0.4962318288562835,0.4962318288562835,0.4962318288562835
1180981944116674561,1.0,0.9093147621718842,0.7971703813103959,0.7313480304053646,0.643582664321225,0.6039101817708332,0.5524415130284452,0.5524415130284452,0.5524415130284452,0.5524415130284452,0.5524415130284452
1180992039847755777,1.0,0.797094234848751,0.5979187994686523,0.48799194100534926,0.36368683483729836,0.3127427591829177,0.2576757111545196,0.2576757111545196,0.2576757111545196,0.2576757111545196,0.2576757111545196
1181028634115440641,1.0,0.883990014838105,0.7545489736661447,0.6839801270429938,0.5955449850857277,0.555751116998034,0.5063393560990499,0.5063393560990499,0.5063393560990499,0.5063393560990499,0.5063393560990499
1180998346507878401,1.0,0.8500125472749921,0.6884717361640007,0.5969684027094766,0.4824534741285317,0.4336109124058811,0.3774296161149133,0.3774296161149133,0.3774296161149133,0.3774296161149133,0.3774296161149133
1181006054273384449,1.0,0.9176427274799446,0.8185470295780721,0.75920827806975,0.6786562997871921,0.6411369132263994,0.5940580810745157,0.5940580810745157,0.5940580810745157,0.5940580810745157,0.5940580810745157
1180995632203759617,1.0,0.956702796686193,0.895956256080279,0.8593156440319103,0.8044982890681542,0.7792110879056995,0.7431053938330223,0.7431053938330223,0.7431053938330223,0.7431053938330223,0.7431053938330223
1181026988912115713,1.0,0.6520256278570937,0.2802915880086113,0.18255499602586933,0.08404961236430342,0.06323232053702998,0.035571581792364304,0.035571581792364304,0.035571581792364304,0.035571581792364304,0.035571581792364304
1181020816490987521,1.0,0.9023393274912601,0.7785887294894143,0.7079658986557822,0.6146891710299719,0.5725196805913282,0.5161252998414239,0.5161252998414239,0.5161252998414239,0.5161252998414239,0.5161252998414239
1181006351456960513,1.0,0.9235559658466629,0.8123767995325966,0.7483435466477226,0.6604846713035262,0.6238307129453944,0.572437575608091,0.572437575608091,0.572437575608091,0.572437575608091,0.572437575608091
1181004713907716097,1.0,0.8971444960186343,0.7660983395282452,0.6890346202496469,0.583734677974338,0.5389994826870436,0.48305142098578213,0.48305142098578213,0.48305142098578213,0.48305142098578213,0.48305142098578213
1181034100644282369,1.0,0.8859632253949401,0.7501505707493342,0.6788704775052736,0.584550994096545,0.5432948756884994,0.4898158283130227,0.4898158283130227,0.4898158283130227,0.4898158283130227,0.4898158283130227
1180981583857188865,1.0,0.8564317837211222,0.6886019073660085,0.6042439257298946,0.5001662002708099,0.4575734379894827,0.4018209191639255,0.4018209191639255,0.4018209191639255,0.4018209191639255,0.4018209191639255
1181021211478917121,1.0,0.8911683111937674,0.7609006430147172,0.6902494758603053,0.5979933688424912,0.556936996115139,0.5041614802497569,0.5041614802497569,0.5041614802497569,0.5041614802497569,0.5041614802497569
1181006423405101057,1.0,0.9324902036273712,0.8473806963489567,0.7979650669934459,0.725711437184438,0.6928390086794438,0.6468212674849307,0.6468212674849307,0.6468212674849307,0.6468212674849307,0.6468212674849307
1180986350716583937,1.0,0.8796133106555158,0.7295679008903238,0.6467001415916832,0.5393093656111295,0.4931919865137441,0.435636284241,0.435636284241,0.435636284241,0.435636284241,0.435636284241
1181032829803560961,1.0,0.9542213057627965,0.8904472906587773,0.8506473339927942,0.7898384895878283,0.7617179402749541,0.722768676151937,0.722768676151937,0.722768676151937,0.722768676151937,0.722768676151937
1181003310717173761,1.0,0.8452425891155709,0.6806529301739876,0.5860434928841742,0.46878879433365483,0.4167343610970098,0.36063482171654493,0.36063482171654493,0.36063482171654493,0.36063482171654493,0.36063482171654493
1181032322810511361,1.0,0.9026982963560968,0.7843823908789791,0.7183664808177948,0.6324670976922979,0.5941126613677263,0.5435808375075861,0.5435808375075861,0.5435808375075861,0.5435808375075861,0.5435808375075861
1181004039236157441,1.0,0.94445745865961,0.8722752868002869,0.8174738499842931,0.7384967826698281,0.6992896443735317,0.6493587153817837,0.6191735554872158,0.5754069177614911,0.5476146291245608,0.5104425318018538
1181015665176215553,1.0,0.9377943752659023,0.8445089142970584,0.7891349498799556,0.7060906657657914,0.67066468201847,0.6192334204268839,0.6192334204268839,0.6192334204268839,0.6192334204268839,0.6192334204268839
1181019288989270017,1.0,0.9158668975196367,0.8057864546140632,0.7404980264811973,0.6450665107290658,0.6037131814563386,0.5474543847280615,0.5474543847280615,0.5474543847280615,0.5474543847280615,0.5474543847280615
1180995042968764417,1.0,0.9236029503518712,0.8231060228961387,0.7664922754978658,0.6871669606746663,0.6523206561383665,0.6059733646405903,0.6059733646405903,0.6059733646405903,0.6059733646405903,0.6059733646405903
1181024016119169025,1.0,0.8285954664659821,0.6501533124836217,0.5566322273645796,0.44646592960711207,0.4000894963037922,0.3463965304373805,0.3463965304373805,0.3463965304373805,0.3463965304373805,0.3463965304373805
1181030171937374209,1.0,0.8800699296980862,0.7408259944377191,0.666167255004416,0.5697820510652558,0.5266325188512115,0.47298349566865017,0.47298349566865017,0.47298349566865017,0.47298349566865017,0.47298349566865017
1180985685693497345,1.0,0.8261460511624976,0.653468437636352,0.5616285038729487,0.45521803415588125,0.40769401992388554,0.35366539034077404,0.35366539034077404,0.35366539034077404,0.35366539034077404,0.35366539034077404
1181019340939689985,1.0,0.8442369512839645,0.6803015542463113,0.5925075612905006,0.48621410921158814,0.4390556436016664,0.38332919914952646,0.38332919914952646,0.38332919914952646,0.38332919914952646,0.38332919914952646
1180997305418022913,1.0,0.7982261207679631,0.6111170484282642,0.5140252264456346,0.4065966846644987,0.35854513658176734,0.30613930760022123,0.30613930760022123,0.30613930760022123,0.30613930760022123,0.30613930760022123
1181015255682416641,1.0,0.8994914529604575,0.7765918473280029,0.7088597138890786,0.6179302910228899,0.577653547231745,0.5258511638251687,0.5258511638251687,0.5258511638251687,0.5258511638251687,0.5258511638251687
1180986933307604993,1.0,0.7836327451564876,0.5803330560461712,0.47935032447551074,0.3681207289010051,0.3221769488407551,0.27064018976784876,0.27064018976784876,0.27064018976784876,0.27064018976784876,0.27064018976784876
1181024242413764609,1.0,0.8144053553804291,0.6327285511703901,0.5391421190829091,0.4299028892533996,0.38217068339514715,0.3284573925759545,0.3284573925759545,0.3284573925759545,0.3284573925759545,0.3284573925759545
1180998439074168833,1.0,0.9350478081759781,0.8469246519310003,0.7929689276497536,0.7178086026003858,0.6843671372580038,0.6372626155684243,0.6372626155684243,0.6372626155684243,0.6372626155684243,0.6372626155684243
1180983311652978689,1.0,0.9127215693114219,0.7994988972106154,0.7381412355967722,0.6535535503438437,0.6153009192191082,0.5642371619768445,0.5642371619768445,0.5642371619768445,0.5642371619768445,0.5642371619768445
1181024656525787137,1.0,0.8893370495555959,0.7496648379500035,0.6756914664930377,0.577689466584101,0.5365877619997121,0.48226504907577983,0.48226504907577983,0.48226504907577983,0.48226504907577983,0.48226504907577983
1180990629170839553,1.0,0.920401408662149,0.8178743784691576,0.7568624984371995,0.6683671750953339,0.6292485487042758,0.5800758877193709,0.5800758877193709,0.5800758877193709,0.5800758877193709,0.5800758877193709
1180986655999819777,1.0,0.9384931007082591,0.8584284225484942,0.8132335224669273,0.7477628457416026,0.717790729408833,0.6775017266767117,0.6775017266767117,0.6775017266767117,0.6775017266767117,0.6775017266767117
1180981021372186625,1.0,0.9526066737572472,0.8873831644775383,0.848247940798305,0.7904931664347427,0.7632908942330618,0.7249675938438764,0.7249675938438764,0.7249675938438764,0.7249675938438764,0.7249675938438764
1180997866937778177,1.0,0.9311030933336562,0.8311283203111557,0.7717916212010403,0.6849202264634957,0.649165980421202,0.5961426166194326,0.5683658118145998,0.5221934717550776,0.4990689640936131,0.46342872346657527
1180981301421768705,1.0,0.9333398460699118,0.846265230676386,0.7935045094342559,0.715524419430037,0.6807432565006668,0.6352241495495256,0.6352241495495256,0.6352241495495256,0.6352241495495256,0.6352241495495256
1180999311875932161,1.0,0.918529350213365,0.8164363182332522,0.7534121119670651,0.6653346882346516,0.6251072062307175,0.5751325666740514,0.5751325666740514,0.5751325666740514,0.5751325666740514,0.5751325666740514
1181031971584704513,1.0,0.6640554751316956,0.41832349194832186,0.2956372587713627,0.1905045965103478,0.1509028152953663,0.11566347196516491,0.11566347196516491,0.11566347196516491,0.11566347196516491,0.11566347196516491
1181002897319788545,1.0,0.8374345384228483,0.6670377905558236,0.5792756008805715,0.4747905824903246,0.42903134387822617,0.37540293328175367,0.37540293328175367,0.37540293328175367,0.37540293328175367,0.37540293328175367
1180987775522439169,1.0,0.8497502104158673,0.6843203273907084,0.5957015467284964,0.4864469093909063,0.4395135235767941,0.38329427193353394,0.38329427193353394,0.38329427193353394,0.38329427193353394,0.38329427193353394
1181023081333161985,1.0,0.8398282134678668,0.6707482028513682,0.5799359576979503,0.47176984214685047,0.4251828285126791,0.3706751364062776,0.3706751364062776,0.3706751364062776,0.3706751364062776,0.3706751364062776
1181032982606053377,1.0,0.8042411870032131,0.6158171629026757,0.521214502369487,0.41451652932799155,0.36959124601052795,0.31804353413860886,0.31804353413860886,0.31804353413860886,0.31804353413860886,0.31804353413860886
1181016026272202753,1.0,0.8956199329143768,0.7724401156298721,0.7050975606475027,0.6159477163231041,0.5752725908321362,0.5240491615204463,0.5240491615204463,0.5240491615204463,0.5240491615204463,0.5240491615204463
1181003777090682881,1.0,0.8302545700704816,0.6490927669087336,0.5538931753731863,0.4422630415739187,0.3938330137276118,0.33763711228621907,0.33763711228621907,0.33763711228621907,0.33763711228621907,0.33763711228621907
1180981092769136641,1.0,0.8676104669891062,0.7151552744505839,0.6347292769648605,0.5351521508400859,0.49268132881315474,0.43803407176736986,0.43803407176736986,0.43803407176736986,0.43803407176736986,0.43803407176736986
1181023209066463233,1.0,0.8404532002777931,0.6607621606774452,0.5663145485891787,0.4526759794618027,0.40670616153513406,0.3495138848725967,0.3495138848725967,0.3495138848725967,0.3495138848725967,0.3495138848725967
1181032865003765761,1.0,0.9322467842988117,0.8437200224067185,0.790113380773744,0.7099395463285101,0.6737792172059587,0.6245232505073982,0.6245232505073982,0.6245232505073982,0.6245232505073982,0.6245232505073982
1180990050545401857,1.0,0.9312204859554969,0.8345437143813585,0.779371919523909,0.6972429389824446,0.6623183877852472,0.6102436945188682,0.6102436945188682,0.6102436945188682,0.6102436945188682,0.6102436945188682
1181024846495645697,1.0,0.6880819039733238,0.4284845294611689,0.3004309855403343,0.1832257571043907,0.1430745002950814,0.10197333704286926,0.10197333704286926,0.10197333704286926,0.10197333704286926,0.10197333704286926
1180980514084519937,1.0,0.9510401008668666,0.8846143300482086,0.8419557737418061,0.7784214142655037,0.7478308815180282,0.70769802548368,0.70769802548368,0.70769802548368,0.70769802548368,0.70769802548368
1181025105218535425,1.0,0.9268492206330254,0.8380818329419424,0.7823153767642772,0.7021047493452939,0.6655619542151117,0.6207411782489676,0.6207411782489676,0.6207411782489676,0.6207411782489676,0.6207411782489676
1180983446936190977,1.0,0.9601915540260605,0.9039492131194674,0.8691888050404843,0.8150964877574283,0.7903746602978343,0.7561621443418476,0.7561621443418476,0.7561621443418476,0.7561621443418476,0.7561621443418476
1181030982535380993,1.0,0.9280765355305798,0.8262475250121586,0.7663912015628666,0.6786954314924559,0.6410352677200489,0.5898116675403579,0.5898116675403579,0.5898116675403579,0.5898116675403579,0.5898116675403579
1180985456459317249,1.0,0.9202073291107453,0.8211096937949758,0.7596372044795687,0.6697110620453024,0.6287378849164035,0.576198764109566,0.5456258219249879,0.4999152558964005,0.4737449310281433,0.43794890982078616
1181000127926370305,1.0,0.9464680721087154,0.8748075796605255,0.8319316774886673,0.770265048457083,0.7419858712935905,0.7022391783629006,0.7022391783629006,0.7022391783629006,0.7022391783629006,0.7022391783629006
1181001538592145409,1.0,0.8906022328867012,0.7165454762175902,0.6326588798966568,0.509381272849025,0.468381617563416,0.40198457790971553,0.40198457790971553,0.40198457790971553,0.40198457790971553,0.40198457790971553
1180984560265822209,1.0,0.8823595416034344,0.7408789629184784,0.6635590248678411,0.5653420589433585,0.5216613504028589,0.46718626819357967,0.46718626819357967,0.46718626819357967,0.46718626819357967,0.46718626819357967
1180994145646608385,1.0,0.8620679259939927,0.6915408021493208,0.5948760160291078,0.47793705748320003,0.4299628747438443,0.3684997658448833,0.3684997658448833,0.3684997658448833,0.3684997658448833,0.3684997658448833
1181030710196862977,1.0,0.8315232935509766,0.6640105434880161,0.5725500613339966,0.4655544026028767,0.4176975370034569,0.3641121472724307,0.3641121472724307,0.3641121472724307,0.3641121472724307,0.3641121472724307
1181005187314221057,1.0,0.9083142455471467,0.7943925874656519,0.7263559324829021,0.6328653187429871,0.5920052239917282,0.5384588309961085,0.5384588309961085,0.5384588309961085,0.5384588309961085,0.5384588309961085
1180989315155755009,1.0,0.9003864417286486,0.777975162010422,0.7095307264334584,0.616280371206633,0.5747877037350915,0.5202613300684995,0.5202613300684995,0.5202613300684995,0.5202613300684995,0.5202613300684995
1181024515596222465,1.0,0.944459317025062,0.8607478900078838,0.8080140688584803,0.7262665038093754,0.6912216064403494,0.6422003664685261,0.6159008526471031,0.5736536937720541,0.5511990183932842,0.517159649795174
1181028161156808705,1.0,0.9325289043583858,0.8391488068621564,0.7844928047487694,0.707106095491956,0.672477109599447,0.627112106921528,0.627112106921528,0.627112106921528,0.627112106921528,0.627112106921528
1181024300295389185,1.0,0.7221809139377293,0.4879162198459648,0.37304793480213594,0.26000280126861464,0.21615527059133544,0.16967905962552277,0.16967905962552277,0.16967905962552277,0.16967905962552277,0.16967905962552277
1181000156189032449,1.0,0.9139994955961487,0.794074765183688,0.7298744987232102,0.6414953891458434,0.6046975399789846,0.5516245744955013,0.5516245744955013,0.5516245744955013,0.5516245744955013,0.5516245744955013
1180981397407956993,1.0,0.8418004772239513,0.6488373263304295,0.5536394667023106,0.436620018682054,0.39191010843991625,0.33420110288427296,0.33420110288427296,0.33420110288427296,0.33420110288427296,0.33420110288427296
1180989366360965121,1.0,0.8696824368630808,0.7063052536542201,0.6224368890054501,0.5113536866041849,0.46696302304245496,0.4051707881096924,0.4051707881096924,0.4051707881096924,0.4051707881096924,0.4051707881096924
1180988712336359425,1.0,0.8837517474595613,0.7317584275837348,0.6476604613644543,0.538163515809331,0.49430131016507417,0.43723808179889256,0.43723808179889256,0.43723808179889256,0.43723808179889256,0.43723808179889256
1180988459742199809,1.0,0.8524645845310865,0.6529695008039471,0.5616261318447913,0.44364011147923865,0.40319067742290626,0.3442308285935941,0.3442308285935941,0.3442308285935941,0.3442308285935941,0.3442308285935941
1181006469960859649,1.0,0.9323264625552151,0.8524070297777546,0.8036385856130739,0.7336963645851591,0.700599956479202,0.6584113040301847,0.6584113040301847,0.6584113040301847,0.6584113040301847,0.6584113040301847
1180998727029227521,1.0,0.915044053584022,0.8139202027577956,0.7549449435091762,0.6769981127422098,0.6398686969825613,0.5933100786481523,0.5933100786481523,0.5933100786481523,0.5933100786481523,0.5933100786481523
1180981800704901121,1.0,0.8010113185177257,0.5304302525549983,0.4077226540932023,0.2620992502221592,0.2149740448632892,0.15532650063667408,0.1298829381937181,0.09434949462633335,0.0792746503056897,0.059689403816319375
1181025485899104257,1.0,0.8479549146804236,0.6635826159620715,0.5677804107396385,0.4494889535696789,0.4030906621416618,0.3434040971861443,0.3434040971861443,0.3434040971861443,0.3434040971861443,0.3434040971861443
1180990933419589633,1.0,0.8834135419211767,0.7471990133400546,0.6716539483454416,0.5704143880504446,0.52600580379604,0.47009232745672713,0.47009232745672713,0.47009232745672713,0.47009232745672713,0.47009232745672713
1181027691395547137,1.0,0.7846894242041198,0.5495807970015716,0.4443989230209837,0.32763318611399517,0.28485524641338045,0.22929626546390447,0.22929626546390447,0.22929626546390447,0.22929626546390447,0.22929626546390447
1181023409005297665,1.0,0.8921300213775211,0.7387161964094981,0.6577142837943587,0.5455016192748998,0.5027223380797292,0.441976790901088,0.441976790901088,0.441976790901088,0.441976790901088,0.441976790901088
1180988684238192641,1.0,0.9160083823863954,0.8131933282296945,0.7504257581548122,0.6642315503376249,0.623195157565311,0.5722228824326523,0.5722228824326523,0.5722228824326523,0.5722228824326523,0.5722228824326523
1181006955500863489,1.0,0.9516140362718867,0.8871144658968444,0.8454282134764111,0.7851065805730981,0.755700721152522,0.7163884889170137,0.7163884889170137,0.7163884889170137,0.7163884889170137,0.7163884889170137
1180995782170247169,1.0,0.9187787422177022,0.8186892831753083,0.7610572876508862,0.6824071240762487,0.6456921349108238,0.5998277561229063,0.5998277561229063,0.5998277561229063,0.5998277561229063,0.5998277561229063
1181032270413692929,1.0,0.8670968146955532,0.6977551700057578,0.6113864964453006,0.4971769240459598,0.45193648639550843,0.3891075029736526,0.3891075029736526,0.3891075029736526,0.3891075029736526,0.3891075029736526
1180984126285971457,1.0,0.11967701748467863,0.016547422101105713,0.0032178425731733684,0.00063779825031407,0.00022503604173107483,8.267882185952757e-05,3.4396499654976154e-05,1.2903016060716865e-05,5.494153248242206e-06,2.2241631942865325e-06
1181006346875437057,1.0,0.951590353123439,0.8841176823183082,0.8433105228130715,0.7832091099648644,0.7550723945034434,0.7161088912328736,0.7161088912328736,0.7161088912328736,0.7161088912328736,0.7161088912328736
1180991452451635201,1.0,0.9461435191173819,0.8759802071388866,0.8322812165858571,0.7688654307489073,0.738642916973749,0.6980687837104548,0.6980687837104548,0.6980687837104548,0.6980687837104548,0.6980687837104548
1181031017251405825,1.0,0.8425313812120662,0.6851117007372467,0.5868696508352045,0.4671614779000218,0.41470848854914333,0.35626332254844806,0.3205153561490526,0.276060101604503,0.2467934085053035,0.21269238296791915
1180982806079930369,1.0,0.8819548716290833,0.7185296023742099,0.6343467250727627,0.5248090876015913,0.4818611085199984,0.4238564037926681,0.4238564037926681,0.4238564037926681,0.4238564037926681,0.4238564037926681
1180993076647329793,1.0,0.9212267098627294,0.8134909267929519,0.7543151742274798,0.6712903436558629,0.6352882744107615,0.5852597163358932,0.5852597163358932,0.5852597163358932,0.5852597163358932,0.5852597163358932
1181004742071844865,1.0,0.8666393993896833,0.701308719816756,0.6150739107752637,0.49958105849121026,0.45354231106167675,0.3929092701560585,0.3929092701560585,0.3929092701560585,0.3929092701560585,0.3929092701560585
1181025379300343809,1.0,0.9180746486778388,0.8127131571770931,0.7490201316781795,0.6600684888882944,0.6194371079551771,0.5680116519276361,0.5680116519276361,0.5680116519276361,0.5680116519276361,0.5680116519276361
1181023837051060225,1.0,0.8752645026258382,0.7296255632031627,0.6474977402738029,0.5415681509978965,0.49757756795133046,0.44307182559499236,0.44307182559499236,0.44307182559499236,0.44307182559499236,0.44307182559499236
1180980230904479745,1.0,0.850515325135343,0.6741708539889008,0.5801316111434582,0.4587892414032755,0.4104813368339634,0.349839397839508,0.349839397839508,0.349839397839508,0.349839397839508,0.349839397839508
1181031460202610689,1.0,0.9253968918922733,0.8299237739191437,0.7720688382922334,0.6924895088444446,0.6555920698807722,0.6082342676718613,0.6082342676718613,0.6082342676718613,0.6082342676718613,0.6082342676718613
1181002307890249729,1.0,0.9379782699075583,0.8604710558955078,0.8115928435110614,0.7435747898013386,0.7109010479717053,0.6673604354880066,0.6673604354880066,0.6673604354880066,0.6673604354880066,0.6673604354880066
1180981241860685825,1.0,0.8912707704793648,0.7610983189277906,0.6817678163387305,0.5789064031423236,0.5326981955023709,0.47749900694300995,0.47749900694300995,0.47749900694300995,0.47749900694300995,0.47749900694300995
1180989574137282561,1.0,0.8637709042324375,0.7104980327861885,0.6223946778867607,0.5098409678921211,0.4607375570706038,0.400669136583674,0.400669136583674,0.400669136583674,0.400669136583674,0.400669136583674
1181031118236450817,1.0,0.9314047279118723,0.8442187730429658,0.7917685541459447,0.7188844307817017,0.6846503678231743,0.639825586805268,0.639825586805268,0.639825586805268,0.639825586805268,0.639825586805268
1180983002309033985,1.0,0.8929685570891588,0.7663435980188504,0.692709907244685,0.5967843532681006,0.5510515213403651,0.49538193257264185,0.49538193257264185,0.49538193257264185,0.49538193257264185,0.49538193257264185
1181026064843014145,1.0,0.7896449281970706,0.5964689344814849,0.49566991824897055,0.38512512628561424,0.3392261989150033,0.28891446615476957,0.28891446615476957,0.28891446615476957,0.28891446615476957,0.28891446615476957
1181000398878801921,1.0,0.7889480768439519,0.5805794510691815,0.4734614380786013,0.3563952776331709,0.3098192717090892,0.25731887202818526,0.25731887202818526,0.25731887202818526,0.25731887202818526,0.25731887202818526
1181014203403468801,1.0,0.9109476351928754,0.7869298751281131,0.7146666512606219,0.6123755186630597,0.5714030409677505,0.5128647868930429,0.5128647868930429,0.5128647868930429,0.5128647868930429,0.5128647868930429
1180981528622891009,1.0,0.7531205547571147,0.4842574748087254,0.36476350876267183,0.235370057195313,0.19254823278102062,0.14202194350614605,0.11881982876306596,0.08764218536740076,0.07387754953166914,0.056366217814451725
1180997406856871937,1.0,0.929925763437647,0.8359261422570412,0.7742771484961464,0.6852312340933772,0.6453438252739094,0.5924817053674261,0.5620179662194067,0.5160462904751575,0.4897301662876483,0.4524408762826502
1181006822605881345,1.0,0.9260409691231937,0.8261055324917036,0.766782224545061,0.683265808600602,0.6453995519102843,0.5953437064143132,0.5953437064143132,0.5953437064143132,0.5953437064143132,0.5953437064143132
1180990244322541569,1.0,0.7747413591237091,0.5237897490891444,0.4096692557920435,0.2832807384863546,0.23814094226327798,0.18260819017187702,0.18260819017187702,0.18260819017187702,0.18260819017187702,0.18260819017187702
1180989088565231617,1.0,0.9499839533559147,0.8797491419961674,0.8353793779779853,0.768185791949898,0.7372645459305561,0.6933645092879007,0.6933645092879007,0.6933645092879007,0.6933645092879007,0.6933645092879007
1181034747149025281,1.0,0.8666571397570577,0.7154031737953005,0.6307128775721781,0.5228391992001146,0.47568545875114365,0.4189731025167055,0.4189731025167055,0.4189731025167055,0.4189731025167055,0.4189731025167055
1181009283240329217,1.0,0.9273074662723436,0.8329888235937242,0.7772096847817058,0.7005464818675495,0.6653768245335206,0.619038626024496,0.619038626024496,0.619038626024496,0.619038626024496,0.619038626024496
1180984512000196609,1.0,0.9180005536130534,0.8104872318576224,0.7505048478228582,0.6672422241154552,0.6309212629313106,0.5818441583129872,0.5818441583129872,0.5818441583129872,0.5818441583129872,0.5818441583129872
1181008247859445761,1.0,0.8671587380652126,0.7085908196121157,0.5971337189667337,0.46319206549573877,0.40310815863694593,0.33401932346578966,0.33401932346578966,0.33401932346578966,0.33401932346578966,0.33401932346578966
1181003412283457537,1.0,0.9183594856032493,0.812112479865978,0.7476830629829676,0.6564282621258636,0.6157836367366413,0.5635374361934374,0.5635374361934374,0.5635374361934374,0.5635374361934374,0.5635374361934374
1180986929111498753,1.0,0.7640186305972878,0.5489212522700615,0.4319867850478284,0.31222777080425956,0.2639887852604742,0.21396026147912717,0.21396026147912717,0.21396026147912717,0.21396026147912717,0.21396026147912717
1181007698662457345,1.0,0.9009539721443567,0.78174646346942,0.7099021328773694,0.6134291399543133,0.5697559588446035,0.5158425303556351,0.5158425303556351,0.5158425303556351,0.5158425303556351,0.5158425303556351
1181020754640207873,1.0,0.9163340639441018,0.7857768970387002,0.7178782232415485,0.6187147174868353,0.5803710841336301,0.5238624021979319,0.5238624021979319,0.5238624021979319,0.5238624021979319,0.5238624021979319
1181011269370544129,1.0,0.8368957341002194,0.5949751319975107,0.49736737902948813,0.36440904697228416,0.324521722784594,0.2631128588875432,0.2631128588875432,0.2631128588875432,0.2631128588875432,0.2631128588875432
1181001534688362497,1.0,0.9324445469594749,0.8394755717440998,0.7819934769565493,0.7011116271022481,0.663704286674211,0.6109710834547164,0.6109710834547164,0.6109710834547164,0.6109710834547164,0.6109710834547164
1180981119451529217,1.0,0.9184782495713992,0.8086344776575091,0.7479305902253857,0.6639401915527819,0.626209155527144,0.5749192333935531,0.5749192333935531,0.5749192333935531,0.5749192333935531,0.5749192333935531
1181030426984251393,1.0,0.8584393728109788,0.6924810052957419,0.6080898271798056,0.5041382235474736,0.4624412461530574,0.4068110738001527,0.4068110738001527,0.4068110738001527,0.4068110738001527,0.4068110738001527
1181027912757510145,1.0,0.8930426509494139,0.7406337906773421,0.6595342266559192,0.5467185339591214,0.502553160573955,0.4415291523926488,0.4415291523926488,0.4415291523926488,0.4415291523926488,0.4415291523926488
1181009157153259521,1.0,0.9211524022824895,0.8269673064465803,0.7693371013816724,0.6859646234341461,0.6451190791146593,0.5954987037836337,0.5954987037836337,0.5954987037836337,0.5954987037836337,0.5954987037836337
1181008657287446529,1.0,0.947779162877378,0.8791668189874784,0.832581468654393,0.7637110335574397,0.7300950974397722,0.6868554630464188,0.6603788378030635,0.6221057842769798,0.59786841735129,0.5647475331073648
1181019310865088513,1.0,0.8766473969996256,0.7362649262373007,0.6582835693533673,0.5534092796080842,0.508786836976108,0.4555724756116353,0.4555724756116353,0.4555724756116353,0.4555724756116353,0.4555724756116353
1181033115436613633,1.0,0.8894091230272224,0.7558355090803662,0.6776013167534916,0.5726329772531964,0.5261963363370092,0.4705406520687121,0.4705406520687121,0.4705406520687121,0.4705406520687121,0.4705406520687121
1180995816204959745,1.0,0.8993542925755543,0.7925879551258891,0.7253894625644415,0.6401309329344957,0.599460579932133,0.5530171960965604,0.5530171960965604,0.5530171960965604,0.5530171960965604,0.5530171960965604
1181001250767175681,1.0,0.8521953411538401,0.6772737711228766,0.5904806862885196,0.4841880673713367,0.4416024619301656,0.38443994660005887,0.38443994660005887,0.38443994660005887,0.38443994660005887,0.38443994660005887
1180990694215680001,1.0,0.8753471168928701,0.7330499567940358,0.6524056526906881,0.5487754213535214,0.504275365262668,0.4499082966700104,0.4499082966700104,0.4499082966700104,0.4499082966700104,0.4499082966700104
1180980780779470849,1.0,0.9518209245950575,0.8903120233906525,0.8498701347747948,0.7911827403293086,0.7623109795412659,0.7259671931072921,0.7259671931072921,0.7259671931072921,0.7259671931072921,0.7259671931072921
1181000547550167041,1.0,0.8995659200667322,0.7673017816951366,0.6958045946464955,0.5997862748003032,0.558382970167767,0.5009406834250936,0.5009406834250936,0.5009406834250936,0.5009406834250936,0.5009406834250936
1181032130838953985,1.0,0.8631954480952382,0.6678172050074511,0.5704619555521848,0.4369671078433951,0.389833683581697,0.32238892674636443,0.32238892674636443,0.32238892674636443,0.32238892674636443,0.32238892674636443
1180981839099002881,1.0,0.898744831783445,0.7780084914559457,0.7080133213388222,0.6115714625503184,0.5679327898133995,0.5139152592923354,0.5139152592923354,0.5139152592923354,0.5139152592923354,0.5139152592923354
1180996100257251329,1.0,0.9633428935132573,0.9134338887561547,0.8794622879191072,0.8264858069757681,0.8007116233384843,0.7659332333340529,0.7453628617800861,0.7129475563572121,0.693380780793273,0.6648620155253228
1181003008694550529,1.0,0.866488679781292,0.6990365695458194,0.6055080716214811,0.48599125686602584,0.4386042409468719,0.3791758626564191,0.3791758626564191,0.3791758626564191,0.3791758626564191,0.3791758626564191
1181017236168540161,1.0,0.8909247096273238,0.757763954453401,0.6797193482098021,0.5744919724706806,0.5294951996794796,0.47503496809785706,0.47503496809785706,0.47503496809785706,0.47503496809785706,0.47503496809785706
1181005526729097217,1.0,0.8791061298732835,0.7473321200019236,0.6665416473051919,0.5648579368340657,0.5170798730974389,0.46158164133562996,0.46158164133562996,0.46158164133562996,0.46158164133562996,0.46158164133562996
1181001861102469121,1.0,0.9338039740175321,0.836313910560119,0.7796774375375101,0.6958759145101134,0.659600104709863,0.608821197687961,0.608821197687961,0.608821197687961,0.608821197687961,0.608821197687961
1181030291893682177,1.0,0.8908412113824566,0.7493438649389941,0.6671023710021212,0.5528218472306128,0.5055708795697496,0.4453838463062474,0.41292318613860746,0.3656018960709544,0.34015160435585434,0.3044768391297752
1180997034069590017,1.0,0.9392214679930454,0.8583527462691632,0.8071463731176493,0.7335333004726361,0.7002570695389491,0.6558227897444819,0.6558227897444819,0.6558227897444819,0.6558227897444819,0.6558227897444819
1180986258119622657,1.0,0.9456044584758243,0.866844941301384,0.8181102892589762,0.7439811026309611,0.7116790821123224,0.6658094548530724,0.6658094548530724,0.6658094548530724,0.6658094548530724,0.6658094548530724
1180983605612216321,1.0,0.5692792967051669,0.26975207088540176,0.12228248134627473,0.02906292630293439,0.013415698087207328,0.004871740794755941,0.004871740794755941,0.004871740794755941,0.004871740794755941,0.004871740794755941
1181030489285558273,1.0,0.8633379791022779,0.6965256357050158,0.6087476164712675,0.4904285066114653,0.4463192274139367,0.38965498225751494,0.38965498225751494,0.38965498225751494,0.38965498225751494,0.38965498225751494
1180983041152778241,1.0,0.8612852576273384,0.7060036967986272,0.6074829576817177,0.4796983176285302,0.429917477862349,0.37365697684187094,0.3406906464977215,0.2964484205159563,0.2704797529683063,0.23725191923060474
1181003291585871873,1.0,0.5865812085585661,0.3228933002891239,0.21439620656240677,0.12442289619669555,0.09781011328475997,0.0731482655696809,0.0731482655696809,0.0731482655696809,0.0731482655696809,0.0731482655696809
1180987166025285633,1.0,0.8824489739860284,0.7408881109704286,0.6564052086710164,0.5437513686992621,0.4965980556789418,0.4381626886101345,0.4381626886101345,0.4381626886101345,0.4381626886101345,0.4381626886101345
1180988412122234881,1.0,0.8431178644002193,0.6703373631133421,0.5795717992697595,0.46201588339918787,0.41729442029772157,0.3615558479661215,0.3615558479661215,0.3615558479661215,0.3615558479661215,0.3615558479661215
1180990985201057793,1.0,0.8971561509659798,0.7753470605531018,0.7126074300735763,0.6250222308079387,0.5877636444634543,0.5373471355431392,0.5373471355431392,0.5373471355431392,0.5373471355431392,0.5373471355431392
1181034459709931521,1.0,0.7485518073941018,0.4923412218105334,0.38455556883186026,0.25542942664704626,0.2157195094529003,0.1678478723590371,0.1678478723590371,0.1678478723590371,0.1678478723590371,0.1678478723590371
1180986403694346241,1.0,0.9172532014748368,0.8073341379523709,0.7423728799868561,0.6486688350176814,0.6096136370189673,0.557765338633928,0.557765338633928,0.557765338633928,0.557765338633928,0.557765338633928
1181027661807779841,1.0,0.8113762785688584,0.6363650198146543,0.5445019170942406,0.4339056643389556,0.38979643095003114,0.3396195008575411,0.3396195008575411,0.3396195008575411,0.3396195008575411,0.3396195008575411
1180986025109782529,1.0,0.9373722089839014,0.8577065931859313,0.8070859816097062,0.7303751500309599,0.6943651117168335,0.648058441073226,0.648058441073226,0.648058441073226,0.648058441073226,0.648058441073226
1181019284310851585,1.0,0.926360817853254,0.835450627936215,0.7791785340050843,0.6976750253981614,0.6599856212451377,0.6123400949334217,0.6123400949334217,0.6123400949334217,0.6123400949334217,0.6123400949334217
1181000078820311041,1.0,0.9263399858604512,0.833878576747495,0.7745907503292105,0.6906846183014006,0.6529720590700218,0.6060662626583908,0.5781215566159126,0.5380663205896183,0.5135390584782619,0.4798538963343729
1181004115410780161,1.0,0.7859298037533957,0.5694116927302623,0.4635919270003961,0.33859789006638963,0.29361751425883953,0.23946290936062242,0.23946290936062242,0.23946290936062242,0.23946290936062242,0.23946290936062242
1180990810592018433,1.0,0.9407433225780257,0.8556260067413214,0.8044207048026455,0.7250926443641472,0.6905967722038928,0.6434943130781212,0.6180315628146528,0.5776847485701877,0.555872508542101,0.5227306020709663
1181034278194282497,1.0,0.7932734820766216,0.6033615584514667,0.5052020726024933,0.39129410983406687,0.3488857830460579,0.30098708713980693,0.30098708713980693,0.30098708713980693,0.30098708713980693,0.30098708713980693
1181021461008515073,1.0,0.8402027840979606,0.6657726621466489,0.5744482062843079,0.46093506459435996,0.41624648953722065,0.3618343216975113,0.3618343216975113,0.3618343216975113,0.3618343216975113,0.3618343216975113
1180981451704795137,1.0,0.9536882000288045,0.8905132675831589,0.8501005905694803,0.7884997622918964,0.7607565798754693,0.7222905593617143,0.7222905593617143,0.7222905593617143,0.7222905593617143,0.7222905593617143
1180983804903587841,1.0,0.9019913269840178,0.7879844389275975,0.7223448892127446,0.6330219669592099,0.5957053221116786,0.547427407220769,0.547427407220769,0.547427407220769,0.547427407220769,0.547427407220769
1181032712267137025,1.0,0.833006799062781,0.6193260283278885,0.5059088289092719,0.3647569960750139,0.3148864850319504,0.25168461297679334,0.25168461297679334,0.25168461297679334,0.25168461297679334,0.25168461297679334
1181024184405196801,1.0,0.777948165355639,0.5486487255219896,0.4333331052144467,0.3034758677146472,0.26092094764799556,0.2094363774771213,0.2094363774771213,0.2094363774771213,0.2094363774771213,0.2094363774771213
1180991699303956481,1.0,0.9026686225846277,0.7724953870072118,0.6942207052751429,0.586740593026774,0.5410088369077233,0.48307069322948426,0.48307069322948426,0.48307069322948426,0.48307069322948426,0.48307069322948426
1181007048223490049,1.0,0.7916516457196946,0.5896018458472232,0.48508328241603516,0.36506341407278464,0.32036557989612346,0.26806098520582633,0.26806098520582633,0.26806098520582633,0.26806098520582633,0.26806098520582633
1181026045034397697,1.0,0.9148978242725752,0.8204289496711161,0.7681966540344289,0.6946226271857621,0.6627982502807175,0.6209725204742331,0.6209725204742331,0.6209725204742331,0.6209725204742331,0.6209725204742331
1180992776366260225,1.0,0.8707849058911009,0.7097591233994602,0.6235786556418013,0.5066550871640608,0.46152068143269864,0.4026446704336575,0.4026446704336575,0.4026446704336575,0.4026446704336575,0.4026446704336575
1180999307489116161,1.0,0.8678987359438222,0.7008544422223133,0.608881697313324,0.4838227310416886,0.43591640063552284,0.37318148512450644,0.37318148512450644,0.37318148512450644,0.37318148512450644,0.37318148512450644
1181031193121882113,1.0,0.8726999227121504,0.7349328627592602,0.6588946281706929,0.5605729308607698,0.5192802050662735,0.468071739804916,0.468071739804916,0.468071739804916,0.468071739804916,0.468071739804916
1180989925750177793,1.0,0.9144502639160784,0.8086667241501769,0.7442486666881565,0.6517466471440736,0.6117673223474251,0.5605113386135214,0.5605113386135214,0.5605113386135214,0.5605113386135214,0.5605113386135214
1181032102220398593,1.0,0.9231642925290336,0.8234133970208404,0.7686613631575087,0.6888963602418277,0.65543074035842,0.6088288916476425,0.6088288916476425,0.6088288916476425,0.6088288916476425,0.6088288916476425
1180986652031057921,1.0,0.9305146746487457,0.8448090421898584,0.7932436938199828,0.7190224298273457,0.6855842563378508,0.6420402047876463,0.6420402047876463,0.6420402047876463,0.6420402047876463,0.6420402047876463
1180983442614288385,1.0,0.9274201963087831,0.8418486428725361,0.7872256591481507,0.7105310078553404,0.6755035525616218,0.6304151046902442,0.6304151046902442,0.6304151046902442,0.6304151046902442,0.6304151046902442
1180999572343848961,1.0,0.9338228415037757,0.8494539608271289,0.7973000690380152,0.7194991213978826,0.6845126533344423,0.639034152544738,0.613093410890007,0.574131968947821,0.550919519449944,0.5174727745427306
1181018896660398081,1.0,0.9395885261089357,0.8624946765747473,0.817112678440246,0.7463130969897563,0.714471546323139,0.6717210872697645,0.6717210872697645,0.6717210872697645,0.6717210872697645,0.6717210872697645
1180987578196393985,1.0,0.9122926438633054,0.8000109640027535,0.7383867266794397,0.6484055995690496,0.6115639217250917,0.5615063214291022,0.5615063214291022,0.5615063214291022,0.5615063214291022,0.5615063214291022
1180990486786768897,1.0,0.8231948158205512,0.6510661121135791,0.560374385409014,0.450179960301645,0.4075299101501191,0.35797074041672006,0.35797074041672006,0.35797074041672006,0.35797074041672006,0.35797074041672006
1180996627544866817,1.0,0.8985504644612694,0.7833400554061873,0.7198212756075525,0.6333512000476786,0.5960042482603365,0.5490245596111138,0.5490245596111138,0.5490245596111138,0.5490245596111138,0.5490245596111138
1181031227612037121,1.0,0.8695285380383226,0.6978027276964986,0.6028705904077639,0.4781828470413906,0.4313552562330244,0.3706437077347946,0.3706437077347946,0.3706437077347946,0.3706437077347946,0.3706437077347946
1180994589919346689,1.0,0.9115109809216114,0.8024476044060258,0.7363805699584172,0.6422373797939197,0.6022135798411896,0.5508228762224371,0.5508228762224371,0.5508228762224371,0.5508228762224371,0.5508228762224371
1180982464920551425,1.0,0.9268961991643152,0.8300320505375458,0.7758010602110139,0.6934419934517668,0.6583298998233588,0.6109680876519827,0.6109680876519827,0.6109680876519827,0.6109680876519827,0.6109680876519827
1181032760759648257,1.0,0.8959677232200448,0.7834746652165694,0.714395441363529,0.6214146926441908,0.5804050899931723,0.5305118514868541,0.5305118514868541,0.5305118514868541,0.5305118514868541,0.5305118514868541
1181004228366761985,1.0,0.8940909064069628,0.7751538776379467,0.705005713643083,0.6112532331646574,0.5691318843484507,0.5173977144797202,0.5173977144797202,0.5173977144797202,0.5173977144797202,0.5173977144797202
1181006181652987905,1.0,0.8794168656502829,0.7447864812610743,0.6653787898137706,0.5619418758224607,0.5183123067734356,0.4646938709935058,0.4646938709935058,0.4646938709935058,0.4646938709935058,0.4646938709935058
1181010864007217153,1.0,0.7727225742835083,0.5700366188740995,0.45226557247626076,0.3281843597085381,0.2789954632504652,0.22856969097385538,0.19945006876929383,0.16425850915619022,0.14368180854001078,0.11993883435018926
1181008557107478529,1.0,0.8504671785115722,0.6964115272885698,0.6135744717942875,0.5090900074805564,0.4675706827581171,0.4171824325710669,0.4171824325710669,0.4171824325710669,0.4171824325710669,0.4171824325710669
1180989285633654785,1.0,0.9305315684159157,0.8383433571294368,0.7845043606247806,0.7038103274440881,0.6694580434425549,0.6222069194737104,0.6222069194737104,0.6222069194737104,0.6222069194737104,0.6222069194737104
1181007979873796097,1.0,0.9232038451033465,0.8300359724375628,0.7722653743490215,0.6897026570132605,0.6517401920301977,0.6041315608060767,0.6041315608060767,0.6041315608060767,0.6041315608060767,0.6041315608060767
1181003558923960321,1.0,0.9384376337151012,0.8611893765002252,0.8137740337928876,0.744440566005552,0.7121868141132073,0.6704325384993666,0.6704325384993666,0.6704325384993666,0.6704325384993666,0.6704325384993666
1181022350686224385,1.0,0.9527495691716779,0.8839313612781315,0.8410815607227421,0.7750529440549212,0.7466176920265584,0.7067780344589324,0.7067780344589324,0.7067780344589324,0.7067780344589324,0.7067780344589324
1180993411385655297,1.0,0.9553838695408283,0.8969667029587669,0.8578186400530139,0.7972530010450907,0.7690098267416432,0.7321582810122058,0.7321582810122058,0.7321582810122058,0.7321582810122058,0.7321582810122058
1180985681628561409,1.0,0.8412556416424587,0.6770499608008009,0.5905663635576253,0.4805090522407791,0.43699349510897967,0.3853922907644981,0.3853922907644981,0.3853922907644981,0.3853922907644981,0.3853922907644981
1181011173096030209,1.0,0.8403687952256018,0.646144122539259,0.5332249148872159,0.3958477028869377,0.343164121498549,0.2814710037406022,0.2814710037406022,0.2814710037406022,0.2814710037406022,0.2814710037406022
1181028254334615553,1.0,0.7616991721192529,0.5127261958377215,0.40798889178181164,0.2847790005440186,0.2445140671068733,0.1943861824255918,0.1943861824255918,0.1943861824255918,0.1943861824255918,0.1943861824255918
1181001610313564161,1.0,0.871170506502835,0.727269678050158,0.6497766889898309,0.5456058328925182,0.5030775519687976,0.4475380972997218,0.4475380972997218,0.4475380972997218,0.4475380972997218,0.4475380972997218
1180998542285832193,1.0,0.9019802924884767,0.7767926687775921,0.7019237692181344,0.5958404717426642,0.5513847875236155,0.49427453206312966,0.49427453206312966,0.49427453206312966,0.49427453206312966,0.49427453206312966
1181023864119525377,1.0,0.9225367205712328,0.8255340821349231,0.7648583997438989,0.6757667489002985,0.6355242227984711,0.5849087406127584,0.5849087406127584,0.5849087406127584,0.5849087406127584,0.5849087406127584
1181032451509878785,1.0,0.7702370064090925,0.5467045106330377,0.4358006648975584,0.3101926514783141,0.26731695298397706,0.21898942682030742,0.21898942682030742,0.21898942682030742,0.21898942682030742,0.21898942682030742
1180995717931630593,1.0,0.9040046372804549,0.791751681059496,0.7237222189486923,0.6276952818541466,0.5855404240860305,0.5337294980095113,0.5337294980095113,0.5337294980095113,0.5337294980095113,0.5337294980095113
1181035459720183809,1.0,0.905467110637834,0.7972648503868074,0.7267489035960785,0.627623624060359,0.5841252401338228,0.5312979371124638,0.4999597215167755,0.45653650545200264,0.4304228191092022,0.3952960763818685
1181032878231224321,1.0,0.7704420101602741,0.5604228298593568,0.4521584029426867,0.33203785184269474,0.28823450997902966,0.23943138344121428,0.23943138344121428,0.23943138344121428,0.23943138344121428,0.23943138344121428
1181000371874332673,1.0,0.743050004597958,0.517604839738526,0.40364871980436345,0.28013219141956824,0.23742197170177115,0.19115434880510862,0.19115434880510862,0.19115434880510862,0.19115434880510862,0.19115434880510862
1180993734540066817,1.0,0.7945104157814811,0.5938102918691524,0.49121689598036955,0.37078162134723835,0.32565091218008935,0.2741171557488997,0.2741171557488997,0.2741171557488997,0.2741171557488997,0.2741171557488997
1180988424897101825,1.0,0.8765471505518755,0.7289005564065387,0.6502593496799126,0.5422330384141154,0.49950659748449966,0.44392938659920367,0.44392938659920367,0.44392938659920367,0.44392938659920367,0.44392938659920367
1181027497649504257,1.0,0.91665401326515,0.8073694850173461,0.7399369736101215,0.6432610109764956,0.6007460199249133,0.5465401629372014,0.515844925287841,0.4707238508794883,0.4453180437948955,0.409661595105005
1181031922092081153,1.0,0.9043721389967164,0.7790291124405433,0.7089410941532284,0.6071597705824399,0.5649162565223267,0.5074078061709135,0.5074078061709135,0.5074078061709135,0.5074078061709135,0.5074078061709135
1181028157642342401,1.0,0.8750128080695906,0.7143024440597328,0.6305720211885222,0.5148055499486939,0.47155247844307513,0.41355734620218954,0.41355734620218954,0.41355734620218954,0.41355734620218954,0.41355734620218954
1180980194061451265,1.0,0.8867113559344746,0.7540061273943314,0.6798992205837073,0.5827915933965792,0.5416157959767173,0.48900961253803765,0.48900961253803765,0.48900961253803765,0.48900961253803765,0.48900961253803765
1181029873529880577,1.0,0.9259719619547663,0.8316459234308429,0.7689634048786667,0.6789979302714593,0.6368862044965715,0.5851199726923422,0.5546334035483554,0.5113102954088169,0.48539093258843224,0.4499847395614526
1181015178442997761,1.0,0.903982298906781,0.7914296436066304,0.7270130411630302,0.6366177326621179,0.598663224914145,0.5491425776817779,0.5491425776817779,0.5491425776817779,0.5491425776817779,0.5491425776817779
1181031757061357569,1.0,0.8877208072265942,0.755689972294395,0.6809111659723193,0.5771514082706681,0.5342223543765853,0.4790917194809847,0.4790917194809847,0.4790917194809847,0.4790917194809847,0.4790917194809847
1180985603904897025,1.0,0.924646520248608,0.8325681001852143,0.7782067937790884,0.7006867714295688,0.6663092521038727,0.6208299264383442,0.6208299264383442,0.6208299264383442,0.6208299264383442,0.6208299264383442
1180981912981635073,1.0,0.9378114437738201,0.8565371071018084,0.8081989563113684,0.7369052605457551,0.7051061400597252,0.661929992617412,0.661929992617412,0.661929992617412,0.661929992617412,0.661929992617412
1180982591297617921,1.0,0.9046102281589613,0.7887373247883989,0.719073510058705,0.6213960830116501,0.5782912552469793,0.5245763068206919,0.5245763068206919,0.5245763068206919,0.5245763068206919,0.5245763068206919
1180980472754438145,1.0,0.9102683557060356,0.8014209629109345,0.741071458967926,0.6546101605360759,0.6169338625017443,0.5677856502873934,0.5677856502873934,0.5677856502873934,0.5677856502873934,0.5677856502873934
1180996813965066241,1.0,0.8723999710155529,0.736439584710978,0.6556337718707435,0.5488231045150374,0.5027233604238006,0.4473123533180545,0.4473123533180545,0.4473123533180545,0.4473123533180545,0.4473123533180545
1181001979961901057,1.0,0.841920595545468,0.6636019861213465,0.5665071792704306,0.4440256419073393,0.3971536009506369,0.3393593725037295,0.3393593725037295,0.3393593725037295,0.3393593725037295,0.3393593725037295
1181005975872339969,1.0,0.6759277510086726,0.4308828025132626,0.3026070005439281,0.18827075024383477,0.1500015769828349,0.1140075149519355,0.09368169357384337,0.07162298049560223,0.05907923548207383,0.045967933444076126
1180986220145672193,1.0,0.8572072677995962,0.6794485776294548,0.5840385349891234,0.4537436417766819,0.40518592189727676,0.34314889996655584,0.34314889996655584,0.34314889996655584,0.34314889996655584,0.34314889996655584
1181000395297357825,1.0,0.7552049283508785,0.5414758193833153,0.4192587553114977,0.29197462273755925,0.24563143441546598,0.19896992491605048,0.19896992491605048,0.19896992491605048,0.19896992491605048,0.19896992491605048
1180981648741040129,1.0,0.8624103951885947,0.6711375378305312,0.5747444466180245,0.4387365258061233,0.3932030953042993,0.3284906781252538,0.3284906781252538,0.3284906781252538,0.3284906781252538,0.3284906781252538
1181027199691980801,1.0,0.8322304456481142,0.6022336141515122,0.4878560556442513,0.34528674617516697,0.2963641975535909,0.23130059025023098,0.23130059025023098,0.23130059025023098,0.23130059025023098,0.23130059025023098
1181029767897841665,1.0,0.8407201234398574,0.6648753259749094,0.5787314367587133,0.467297517449771,0.42678011853123554,0.37484013308817343,0.37484013308817343,0.37484013308817343,0.37484013308817343,0.37484013308817343
1181030679964450817,1.0,0.8126417077419479,0.6132017047807836,0.5063838182410072,0.37599302607527185,0.32813878331632274,0.27159088921778585,0.27159088921778585,0.27159088921778585,0.27159088921778585,0.27159088921778585
1181029297877352449,1.0,0.9093420173268638,0.8036738581030627,0.730541618634802,0.6279506464732494,0.58124207500723,0.5261683585619406,0.49285030816902775,0.44804156460554434,0.42006572261607134,0.383564630798675
1180998609490903041,1.0,0.8847266876529554,0.7476647004163905,0.6754094832102585,0.5779260315814664,0.5387110528970922,0.48709899772359,0.48709899772359,0.48709899772359,0.48709899772359,0.48709899772359
1180991174014173185,1.0,0.876271994644053,0.7406511441184247,0.6615968542353119,0.5571638969942203,0.512964317200295,0.45878547960492566,0.45878547960492566,0.45878547960492566,0.45878547960492566,0.45878547960492566
1180985277717544961,1.0,0.9545398852417661,0.8955006735194566,0.8571454170478167,0.8004621632563136,0.773303059099854,0.7381864025243039,0.7381864025243039,0.7381864025243039,0.7381864025243039,0.7381864025243039
1180981632223182849,1.0,0.8885318649962831,0.7391912845210034,0.6565360250410436,0.5452236116792348,0.5009109320954723,0.4428213518570465,0.4428213518570465,0.4428213518570465,0.4428213518570465,0.4428213518570465
1181027591698350081,1.0,0.9131395065063436,0.7886289040016534,0.7165872999884394,0.6157452621352084,0.5745146406456233,0.518033208823649,0.518033208823649,0.518033208823649,0.518033208823649,0.518033208823649
1181027871943884801,1.0,0.9359941834314278,0.8606857662035807,0.7856193583915501,0.6986336490019633,0.6511362764415064,0.600777488180684,0.600777488180684,0.600777488180684,0.600777488180684,0.600777488180684
1180996958540201985,1.0,0.7971597124650152,0.6034713852961346,0.5002201557910028,0.3809417741179254,0.3345887487097352,0.2825322141766249,0.2825322141766249,0.2825322141766249,0.2825322141766249,0.2825322141766249
1181034708173389825,1.0,0.9533409908255447,0.8923017233285755,0.8518719270386962,0.788845357582902,0.759391805865661,0.7210253841101616,0.7210253841101616,0.7210253841101616,0.7210253841101616,0.7210253841101616
1180999720077656065,1.0,0.9216683726307369,0.820336480431856,0.7569696780072477,0.6652019276881519,0.6241383483493028,0.5719478687051278,0.5719478687051278,0.5719478687051278,0.5719478687051278,0.5719478687051278
1181013009027203073,1.0,0.869982605647396,0.7169755500425641,0.6322933097965503,0.5173652644560873,0.4718488289654911,0.41326289727083354,0.41326289727083354,0.41326289727083354,0.41326289727083354,0.41326289727083354
1180981796251729921,1.0,0.8827508347053422,0.7419760250723513,0.6599983975389142,0.5530569227651969,0.5085137995641786,0.44947516684515376,0.44947516684515376,0.44947516684515376,0.44947516684515376,0.44947516684515376
1181031507500433409,1.0,0.8638731939939864,0.7118311306409545,0.6162126013074909,0.5020123199811147,0.4503508579125042,0.3922326922453946,0.358601386455794,0.3142854824286252,0.28807178047393545,0.2550771084907665
1181029537145421825,1.0,0.8888316164929678,0.7608126647702655,0.6808737466649526,0.572709675960764,0.5274610595030087,0.4723825520634789,0.4723825520634789,0.4723825520634789,0.4723825520634789,0.4723825520634789
1180982997854912513,1.0,0.8886815480199239,0.762282590887236,0.6915624757605703,0.5952977645190517,0.5550661093899498,0.5041606285791627,0.5041606285791627,0.5041606285791627,0.5041606285791627,0.5041606285791627
1181003541147189249,1.0,0.7935202587669838,0.5655158665402226,0.45600071484246063,0.32731017743710855,0.28166360427661274,0.22662219235220704,0.22662219235220704,0.22662219235220704,0.22662219235220704,0.22662219235220704
1180997795861102593,1.0,0.9281643436631529,0.8346760867582671,0.7809013906633988,0.7013791287511328,0.6671268536417128,0.6203764569198804,0.6203764569198804,0.6203764569198804,0.6203764569198804,0.6203764569198804
1180985324629229569,1.0,0.8517041510083865,0.660639244261391,0.555380189174301,0.42146851847405786,0.3694282284428081,0.3077619445316466,0.3077619445316466,0.3077619445316466,0.3077619445316466,0.3077619445316466
1181035522765127681,1.0,0.8574042968494472,0.7098893814128053,0.6144837742097654,0.4969272071369587,0.44789799857860046,0.3929812335382381,0.3596575277969072,0.3168334346001518,0.29021848512523607,0.2569649990102185
1180993952387563521,1.0,0.9388688641742803,0.8575202575616472,0.8101690333386894,0.7393479036649686,0.7078221303265432,0.6648221555121361,0.6648221555121361,0.6648221555121361,0.6648221555121361,0.6648221555121361
1180982538549428225,1.0,0.8940942230002296,0.7623733130023403,0.6851187606427076,0.5815785368218734,0.5397421416709787,0.4847345119020935,0.4847345119020935,0.4847345119020935,0.4847345119020935,0.4847345119020935
1180993833687973889,1.0,0.9133618187529519,0.8086650545387379,0.750476155739543,0.667212340052244,0.6313709644432631,0.5847983518689644,0.5847983518689644,0.5847983518689644,0.5847983518689644,0.5847983518689644
1180996646096535553,1.0,0.926086094479323,0.8384936062032976,0.7870409265539033,0.7154499389220921,0.6820223351564416,0.6397472672452699,0.6397472672452699,0.6397472672452699,0.6397472672452699,0.6397472672452699
1181029228639715329,1.0,0.8206766847207801,0.6350832105302628,0.5306766092324275,0.4035747645717347,0.35422933938934986,0.29699311288792063,0.29699311288792063,0.29699311288792063,0.29699311288792063,0.29699311288792063
1181027191304454145,1.0,0.8210904169000466,0.6225345958815238,0.5202915136850821,0.3925387319543232,0.3452311838417994,0.287645859868887,0.287645859868887,0.287645859868887,0.287645859868887,0.287645859868887
1181000264498413569,1.0,0.8625024260995922,0.7023691880668814,0.6139108510834987,0.4964736683357701,0.45215942988502356,0.3945702481510105,0.3945702481510105,0.3945702481510105,0.3945702481510105,0.3945702481510105
1181032010817142785,1.0,0.9327575097806879,0.8490976896798395,0.7977061884005325,0.724529776108905,0.6911037241598295,0.6472015507427333,0.6472015507427333,0.6472015507427333,0.6472015507427333,0.6472015507427333
1181032316614770689,1.0,0.9209455793851612,0.8192051450754587,0.765751273514985,0.6888383078636275,0.6568945076275403,0.6126446807538954,0.6126446807538954,0.6126446807538954,0.6126446807538954,0.6126446807538954
1181002014324031489,1.0,0.8512876130569944,0.7012915909131443,0.6172941659582143,0.5097326594067592,0.46521143145444843,0.4113232564279695,0.4113232564279695,0.4113232564279695,0.4113232564279695,0.4113232564279695
1181002061236142081,1.0,0.9249219685533522,0.83682228045528,0.7848946574155689,0.7116236314807722,0.6781571372454571,0.635247095849536,0.635247095849536,0.635247095849536,0.635247095849536,0.635247095849536
1181013607684308993,1.0,0.9038984331536539,0.7822508684806753,0.7108027387423255,0.6129556844087182,0.5703591818580145,0.5157118149286422,0.5157118149286422,0.5157118149286422,0.5157118149286422,0.5157118149286422
1180999400117731329,1.0,0.8568224912763029,0.704855855330378,0.6183545464129341,0.5112289066116174,0.46562919186027285,0.4119188992868883,0.4119188992868883,0.4119188992868883,0.4119188992868883,0.4119188992868883
1181030184397045761,1.0,0.8805938209689016,0.7437455355965972,0.6707859019547668,0.5721264757836878,0.5315847975432698,0.4803010635524495,0.4803010635524495,0.4803010635524495,0.4803010635524495,0.4803010635524495
1181006120512290817,1.0,0.9402314258995326,0.8638591577337722,0.8169251311881024,0.7475855055052927,0.7165945862139717,0.6756749144506038,0.6756749144506038,0.6756749144506038,0.6756749144506038,0.6756749144506038
1181033314765471745,1.0,0.9255973280502163,0.8323913528901352,0.7764892141738267,0.6952575941938929,0.6589107926930144,0.6107583148654716,0.6107583148654716,0.6107583148654716,0.6107583148654716,0.6107583148654716
1181035114658922497,1.0,0.8865940921441445,0.759817070035076,0.6791336956240867,0.5734615330356643,0.5284558403279103,0.47381730792591115,0.47381730792591115,0.47381730792591115,0.47381730792591115,0.47381730792591115
1181028316377284609,1.0,0.9395964410703157,0.8630636034363641,0.8146061790609629,0.7419522485306325,0.7078620095659498,0.6629448810759084,0.6366303439327127,0.5978336051026154,0.5750427900763811,0.5425753027697805
1181030472862400513,1.0,0.9069132386422343,0.7912591968343876,0.725725343704326,0.6332617156486775,0.5939183929786778,0.542530729301933,0.542530729301933,0.542530729301933,0.542530729301933,0.542530729301933
1181006342359678977,1.0,0.9478375625100915,0.8728883820035219,0.8280054160024548,0.7562345358066971,0.7254584791165988,0.6813343734373165,0.6813343734373165,0.6813343734373165,0.6813343734373165,0.6813343734373165
1180987969429471233,1.0,0.9415380292538392,0.860557616764771,0.8117193950316739,0.7409118825141596,0.7086648897884833,0.6654830844924668,0.6413123265689235,0.60447672723362,0.5837860906499233,0.5531590126062811
1181024632036982785,1.0,0.9147986917638616,0.8090762140478426,0.7457586183865133,0.6552823677917441,0.6155556300465083,0.5629526692184406,0.5629526692184406,0.5629526692184406,0.5629526692184406,0.5629526692184406
1181025821283713025,1.0,0.8703165977802194,0.7334321837301941,0.6530563878236034,0.5467893212354653,0.5021683546691492,0.44936257727069373,0.44936257727069373,0.44936257727069373,0.44936257727069373,0.44936257727069373
1180981297357193217,1.0,0.9433781928869052,0.8685018851571056,0.8219318113303089,0.7531433241878512,0.7218655310342479,0.6803732222308858,0.6803732222308858,0.6803732222308858,0.6803732222308858,0.6803732222308858
1181001824417054721,1.0,0.914819297584969,0.8127244483757038,0.7541339943019351,0.6701266497850438,0.63332714957144,0.585149282006703,0.585149282006703,0.585149282006703,0.585149282006703,0.585149282006703
1181000305022238721,1.0,0.8663163608635667,0.704671974505001,0.6168073979558528,0.5000522165768704,0.45544423420541913,0.397652626141511,0.397652626141511,0.397652626141511,0.397652626141511,0.397652626141511
1180990624907034625,1.0,0.9035066464756294,0.7906016415622432,0.7200216570052154,0.6208859155205838,0.5779536260299487,0.5255330536004024,0.5255330536004024,0.5255330536004024,0.5255330536004024,0.5255330536004024
1181023495860322305,1.0,0.8693864545720773,0.7274547090579042,0.6520210105042089,0.5547610615071784,0.5134802295467293,0.4618662481125131,0.4618662481125131,0.4618662481125131,0.4618662481125131,0.4618662481125131
1180983493202018305,1.0,0.8888705790793311,0.753706020837226,0.6751875390419767,0.5677857305332759,0.5227366723744976,0.46602933837670846,0.46602933837670846,0.46602933837670846,0.46602933837670846,0.46602933837670846
1180984109863370753,1.0,0.5995929336204853,0.336209817200954,0.2242705219015414,0.12754194962991694,0.09890680060171853,0.07112726130872038,0.07112726130872038,0.07112726130872038,0.07112726130872038,0.07112726130872038
1180991448065638401,1.0,0.9034407212956557,0.7849380837193217,0.7163772891777884,0.6226792222680662,0.5846158643572124,0.5353192745398733,0.5353192745398733,0.5353192745398733,0.5353192745398733,0.5353192745398733
1180990505240657921,1.0,0.8912605712242948,0.7641479806232788,0.6989025023144222,0.6076288566520198,0.5698196196814581,0.5195990074142394,0.5195990074142394,0.5195990074142394,0.5195990074142394,0.5195990074142394
1180983574056501249,1.0,0.9371701637167552,0.8512652023329417,0.7983773060886465,0.7226057928358386,0.6881676452869081,0.6416515755998554,0.6416515755998554,0.6416515755998554,0.6416515755998554,0.6416515755998554
1180981523557089281,1.0,0.9014218816133769,0.7680043789181235,0.6901399314920084,0.5804419502387828,0.5333197825220413,0.47369262921178734,0.44148153041644167,0.3951605419585513,0.36975217799845017,0.3338610116490893
1180984935849132033,1.0,0.9020391298701115,0.7836460564469945,0.7167439019601025,0.6224425241917013,0.5824819531565685,0.5298362132119163,0.5298362132119163,0.5298362132119163,0.5298362132119163,0.5298362132119163
1181011069207805953,1.0,0.8934708812646246,0.7597577004806525,0.6871332222383933,0.5862081871317328,0.5446189414937153,0.49010390202713916,0.49010390202713916,0.49010390202713916,0.49010390202713916,0.49010390202713916
1180981873213603841,1.0,0.9153426948537439,0.8033015580874368,0.7413269299096215,0.6516865841027019,0.614463149595023,0.5640036674525214,0.5640036674525214,0.5640036674525214,0.5640036674525214,0.5640036674525214
1181025719038345217,1.0,0.9443927879602503,0.8743734957322332,0.8315239893971551,0.768635965029718,0.7394738008180712,0.7009128787512294,0.7009128787512294,0.7009128787512294,0.7009128787512294,0.7009128787512294
1180993882792689665,1.0,0.9038822410404868,0.7904580015155884,0.7277862019447803,0.6405133848674824,0.6030128020287717,0.554090404947944,0.554090404947944,0.554090404947944,0.554090404947944,0.554090404947944
1181002870992666625,1.0,0.8847063914580394,0.7376295450128623,0.6601143973250444,0.5503119553060747,0.5068315607225995,0.44895066249161064,0.44895066249161064,0.44895066249161064,0.44895066249161064,0.44895066249161064
1180998137308971009,1.0,0.9489490695568488,0.8778906402674316,0.83327167511799,0.7628932647658657,0.7314689262168365,0.6874632367994646,0.6874632367994646,0.6874632367994646,0.6874632367994646,0.6874632367994646
1180995498083287041,1.0,0.9147055752983717,0.8067217066318085,0.7467059432970865,0.6602660587116819,0.6230477488630881,0.5736223473138755,0.5736223473138755,0.5736223473138755,0.5736223473138755,0.5736223473138755
1180992035653091329,1.0,0.857174839645419,0.705986299845886,0.6237585808040086,0.5188466022263342,0.47732167725075425,0.4266925637056952,0.4266925637056952,0.4266925637056952,0.4266925637056952,0.4266925637056952
1181005135466594305,1.0,0.9073609115624781,0.8014720240572222,0.7301348087777922,0.6285720111632609,0.5818959513839316,0.5265292125860003,0.49325369590004464,0.4481785576817834,0.4202927804675227,0.3836112488316379
1181007694339571713,1.0,0.9204175911355228,0.8239208394768556,0.7644898811849044,0.680853509387998,0.6425959321114657,0.5949659101599245,0.5949659101599245,0.5949659101599245,0.5949659101599245,0.5949659101599245
1181031880214347777,1.0,0.8436620556892147,0.6861612382706557,0.5894083370398923,0.46924197902255305,0.42004931946924606,0.3642855771137593,0.3642855771137593,0.3642855771137593,0.3642855771137593,0.3642855771137593
1180982801851088897,1.0,0.9254266333931725,0.8344965746584032,0.7768074227630637,0.6927651497222407,0.6545623580857134,0.606854537350545,0.606854537350545,0.606854537350545,0.606854537350545,0.606854537350545
1181023405715718145,1.0,0.8901009264307966,0.7552347491826369,0.678193467832304,0.571460374994497,0.5274282298861347,0.4719082680380321,0.4719082680380321,0.4719082680380321,0.4719082680380321,0.4719082680380321
1181012352748814337,1.0,0.8905688549485354,0.7701659030486762,0.6924790600924965,0.5881290799791636,0.54138626446485,0.4874050339111453,0.4543924977138907,0.4104456173587063,0.3833400374847201,0.348283777538942
1181003407766487041,1.0,0.8591422179611905,0.7051355504124095,0.613389542490847,0.49323588541941044,0.4452919417706952,0.3893898485863537,0.3893898485863537,0.3893898485863537,0.3893898485863537,0.3893898485863537
1181027156717305857,1.0,0.8355351120377141,0.6620287841573496,0.5677810100082857,0.44741859276437734,0.40251874230550055,0.3485088737492913,0.3485088737492913,0.3485088737492913,0.3485088737492913,0.3485088737492913
1181009464012603393,1.0,0.9163217086612723,0.8120391492398438,0.7539756812077765,0.6699574826374203,0.6348889769661901,0.5877869904001023,0.5877869904001023,0.5877869904001023,0.5877869904001023,0.5877869904001023
1181035792556326913,1.0,0.9256200518157489,0.8366386320297172,0.7773525656512313,0.6950051602262088,0.6573550522269185,0.6116790628057451,0.5843547127146567,0.5459273461553884,0.5224368426899689,0.4902992951253121
1181019866158235649,1.0,0.9504451690662741,0.8842503398292847,0.8410331126560193,0.7734167417372969,0.7430302032204286,0.7015035859565201,0.7015035859565201,0.7015035859565201,0.7015035859565201,0.7015035859565201
1181029564698755073,1.0,0.8710489029372026,0.7237253871127476,0.6300776513225206,0.5064305675523902,0.4540518369394243,0.39290526910921475,0.39290526910921475,0.39290526910921475,0.39290526910921475,0.39290526910921475
1180990239457148929,1.0,0.5552577975880597,0.2434186184750995,0.14187841228455145,0.06419591364098154,0.046541309140069376,0.029067361480392684,0.029067361480392684,0.029067361480392684,0.029067361480392684,0.029067361480392684
1181008553236299777,1.0,0.5060683683622744,0.22699769253139102,0.12775920925197182,0.059334627091075176,0.041766963943254964,0.02682965727515718,0.02682965727515718,0.02682965727515718,0.02682965727515718,0.02682965727515718
1180999239928283137,1.0,0.36392164398212823,0.13406329528215277,0.06350581043243675,0.025581984317979978,0.01670688031501344,0.010282507567131227,0.010282507567131227,0.010282507567131227,0.010282507567131227,0.010282507567131227
1181023832663916545,1.0,0.9305294137628956,0.8450341883848145,0.7940224316211444,0.7204754133073608,0.6878540084366171,0.6449806021442258,0.6449806021442258,0.6449806021442258,0.6449806021442258,0.6449806021442258
1181025951210700801,1.0,0.8516203777584918,0.698948842513836,0.6056811124098315,0.49205463347875067,0.44510891045209655,0.3910614467009177,0.3910614467009177,0.3910614467009177,0.3910614467009177,0.3910614467009177
1181010552276385793,1.0,0.8837206931775069,0.5440427797257017,0.45187405336589204,0.2919146353126778,0.2543772059865208,0.1893732948728868,0.1893732948728868,0.1893732948728868,0.1893732948728868,0.1893732948728868
1181024706985099265,1.0,0.8791315051368045,0.7406311046784335,0.6718189768483602,0.5776107650214007,0.5395762734227826,0.4890359507945601,0.4890359507945601,0.4890359507945601,0.4890359507945601,0.4890359507945601
1181003372115066881,1.0,0.9316645779646016,0.8436499688323713,0.7928671563444623,0.7185710212107146,0.6864173550110679,0.6428636788195204,0.6428636788195204,0.6428636788195204,0.6428636788195204,0.6428636788195204
1180987161412501505,1.0,0.891912042849461,0.7704851318178102,0.6997240011196162,0.6026385681153439,0.5612686096730435,0.5091875328026128,0.5091875328026128,0.5091875328026128,0.5091875328026128,0.5091875328026128
1181023252105658369,1.0,0.8949225187699802,0.7646198172718077,0.696820515149601,0.5999365460168347,0.5613963506980415,0.5091338005679005,0.5091338005679005,0.5091338005679005,0.5091338005679005,0.5091338005679005
1181029852879749121,1.0,0.8986843160967479,0.7837147470510868,0.7115837384247375,0.6165684499045978,0.5731451458688269,0.5201124780770896,0.5201124780770896,0.5201124780770896,0.5201124780770896,0.5201124780770896
1181028743389904897,1.0,0.9050775672640781,0.7903667625264938,0.7226588916321486,0.631344126012082,0.5909145876018509,0.540646451303832,0.5111380075723427,0.467459791783542,0.4418275607504769,0.40668175394599515
1180997030038077441,1.0,0.8420760445016453,0.6606962282208251,0.5621653556207089,0.43929619410611553,0.394753267449383,0.34009077514462394,0.34009077514462394,0.34009077514462394,0.34009077514462394,0.34009077514462394
1181022918337003521,1.0,0.7601737878928467,0.5354604893481434,0.4252915662611121,0.30014799840051376,0.25718403121866507,0.2085768285546582,0.2085768285546582,0.2085768285546582,0.2085768285546582,0.2085768285546582
1181001975123214337,1.0,0.9403640682740716,0.8635724809036128,0.8140981110693594,0.7424528666998549,0.708196492168683,0.6640821883412618,0.6384509888868677,0.6007607197965648,0.5785012691685915,0.5468232328398883
1180989362260869121,1.0,0.9005716751427841,0.7810958963827029,0.7131183469420825,0.6184699546459613,0.5778795216694059,0.5242288739726957,0.5242288739726957,0.5242288739726957,0.5242288739726957,0.5242288739726957
1180988672814841857,1.0,0.9006604218103113,0.7816984899777638,0.7151236635281004,0.6177080516180877,0.5763828026847576,0.5233484188005935,0.5233484188005935,0.5233484188005935,0.5233484188005935,0.5233484188005935
1181030978342813697,1.0,0.8737825103311534,0.7172136682298014,0.6256900998959389,0.4972682426862298,0.44693983080571875,0.38408803159449423,0.38408803159449423,0.38408803159449423,0.38408803159449423,0.38408803159449423
1180989570137260033,1.0,0.8905487853337906,0.7464655071315027,0.6637224045319783,0.5495578237199172,0.5049870034378973,0.44523541360084185,0.44523541360084185,0.44523541360084185,0.44523541360084185,0.44523541360084185
1181031197608312833,1.0,0.831684985763071,0.6426854419549439,0.538065217280282,0.4086049429768285,0.3583107014851705,0.29722096871077763,0.29722096871077763,0.29722096871077763,0.29722096871077763,0.29722096871077763
1180980873537945601,1.0,0.926227745752132,0.8330900838107629,0.7733084733475991,0.6824138059209208,0.6409497556606937,0.5885552161064511,0.5885552161064511,0.5885552161064511,0.5885552161064511,0.5885552161064511
1180985426647515137,1.0,0.9012951622974001,0.7764616829584703,0.7103216993959134,0.6184913476586336,0.5808325647490564,0.5298034194560763,0.5298034194560763,0.5298034194560763,0.5298034194560763,0.5298034194560763
1180988489618882561,1.0,0.8938307246850097,0.7726763992446188,0.6982209617054662,0.5982238231810892,0.5549136407172723,0.5000966746693714,0.5000966746693714,0.5000966746693714,0.5000966746693714,0.5000966746693714
1181027820224380929,1.0,0.8536948965334382,0.6966354185981363,0.6084559739473273,0.4922025355580324,0.4457964013349289,0.38986195546144753,0.38986195546144753,0.38986195546144753,0.38986195546144753,0.38986195546144753
1181020750349533185,1.0,0.9058781090548872,0.796296070638793,0.7308595928630945,0.6363048528746669,0.5943545381610104,0.5424413857923959,0.5424413857923959,0.5424413857923959,0.5424413857923959,0.5424413857923959
1180988707981099009,1.0,0.8324268626733875,0.651916264963785,0.5500531604795166,0.42432564542812345,0.3734656676937087,0.3133149302680889,0.3133149302680889,0.3133149302680889,0.3133149302680889,0.3133149302680889
1181021122141126657,1.0,0.9266205911271894,0.8310121527234325,0.7779906610411687,0.7013052904423485,0.6687290676187315,0.6231520235155967,0.6231520235155967,0.6231520235155967,0.6231520235155967,0.6231520235155967
1181030907263221761,1.0,0.9565860617562283,0.896348432313017,0.8592203105978742,0.8020372500322587,0.7762117055868376,0.7403978161684013,0.7403978161684013,0.7403978161684013,0.7403978161684013,0.7403978161684013
1181025875130318849,1.0,0.5731053650450517,0.3121387989978406,0.18541316244900208,0.09107899142458753,0.06315590341628796,0.04024674574759124,0.04024674574759124,0.04024674574759124,0.04024674574759124,0.04024674574759124
1180981017175851009,1.0,0.9485207868020825,0.8788374763625982,0.8380312104313401,0.7748199544717689,0.7475744180577744,0.709231466089864,0.709231466089864,0.709231466089864,0.709231466089864,0.709231466089864
1180990618358120449,1.0,0.8571026877116255,0.7067036818451093,0.6183623918989627,0.5040478852864259,0.4592386511555503,0.40544899651364175,0.40544899651364175,0.40544899651364175,0.40544899651364175,0.40544899651364175
1181026324534657025,1.0,0.8834518583006518,0.7491263088654678,0.6710108768089043,0.564973031421549,0.5217875914058245,0.4686404229744323,0.4686404229744323,0.4686404229744323,0.4686404229744323,0.4686404229744323
1181022764663046145,1.0,0.8146066984090347,0.6286568564079791,0.5225906437010805,0.3969607605881693,0.34555767914335966,0.28876965554423295,0.2561090741319261,0.2143028107095417,0.19047424096362497,0.16110631752214222
1181008721783619585,1.0,0.9246788559710605,0.8253732961536469,0.7697945737535993,0.6843025564182805,0.6481296509245367,0.5989096027556986,0.5989096027556986,0.5989096027556986,0.5989096027556986,0.5989096027556986
1180988764314599425,1.0,0.8929181555781452,0.7518939403089696,0.6711418280976276,0.5579690092655156,0.5132903471286263,0.45415712827875643,0.45415712827875643,0.45415712827875643,0.45415712827875643,0.45415712827875643
1181006407273316353,1.0,0.855632015766423,0.6992427533239756,0.6133049180428167,0.5067886445152947,0.46351563839584276,0.41165045195765604,0.41165045195765604,0.41165045195765604,0.41165045195765604,0.41165045195765604
1180991542113402881,1.0,0.9443041766344757,0.8703278520344924,0.8246760571016114,0.7557323827682573,0.7245483609609544,0.6821080929220532,0.6821080929220532,0.6821080929220532,0.6821080929220532,0.6821080929220532
1181003208665661441,1.0,0.8989205313506023,0.7708875850868256,0.6930385949871528,0.5859746862049168,0.5414351593852527,0.48398201384860695,0.48398201384860695,0.48398201384860695,0.48398201384860695,0.48398201384860695
1180995605037645825,1.0,0.9111987924169662,0.805422429564749,0.743988955674362,0.6579958738518484,0.6210849719497181,0.5730098974077746,0.5730098974077746,0.5730098974077746,0.5730098974077746,0.5730098974077746
1181012097765441537,1.0,0.942720544457914,0.8693164352973815,0.8256827059068089,0.7588465872248383,0.72900845590687,0.6888599560988651,0.6888599560988651,0.6888599560988651,0.6888599560988651,0.6888599560988651
1181035093138800641,1.0,0.7995407897741442,0.5991683085946785,0.5079223526697985,0.3962940174297439,0.3555099852315682,0.3054647545156962,0.3054647545156962,0.3054647545156962,0.3054647545156962,0.3054647545156962
1181009439880314881,1.0,0.8923931457576352,0.7620331017618773,0.6854117370391499,0.5822258772677642,0.538045963608595,0.48247795545573247,0.48247795545573247,0.48247795545573247,0.48247795545573247,0.48247795545573247
1181025155232006145,1.0,0.8111332386652461,0.6339523847458984,0.5449798270926401,0.4365741023851004,0.3949358948950654,0.34551909963891314,0.34551909963891314,0.34551909963891314,0.34551909963891314,0.34551909963891314
1180998434749775873,1.0,0.9482024783844469,0.8812801175287462,0.8395153249717289,0.7780316457679404,0.7494340918581546,0.7115410922050294,0.7115410922050294,0.7115410922050294,0.7115410922050294,0.7115410922050294
1180985451394957313,1.0,0.9329634223663555,0.8511928454753019,0.7955677442634701,0.7147832508240342,0.6761641825405,0.6291611709384995,0.6006421285429341,0.5604662984837243,0.5354335422941838,0.5014667930698011
1180984971244437505,1.0,0.8946669401808319,0.7736825461902465,0.7072534025220197,0.6169191859139542,0.5791347239979749,0.5305064613421814,0.5305064613421814,0.5305064613421814,0.5305064613421814,0.5305064613421814
1181033627043725313,1.0,0.8338384608606594,0.6629182036241229,0.5651812396129665,0.4450377274473919,0.3986514733598041,0.3451356879685229,0.3451356879685229,0.3451356879685229,0.3451356879685229,0.3451356879685229
1180980509277388801,1.0,0.9114159677961821,0.8005312883795299,0.7380921149539228,0.6481400893089369,0.610895456402095,0.5620438004072663,0.5620438004072663,0.5620438004072663,0.5620438004072663,0.5620438004072663
1180989153479983105,1.0,0.7840734941401252,0.5567540790063903,0.4467423026447074,0.3192758727409646,0.2732118715796388,0.2183599641817502,0.2183599641817502,0.2183599641817502,0.2183599641817502,0.2183599641817502
1181023594845863937,1.0,0.9014449766140549,0.7762563354295038,0.7147679841618237,0.6280407567707618,0.5935705115098752,0.5453704192588725,0.5453704192588725,0.5453704192588725,0.5453704192588725,0.5453704192588725
1180982181902024705,1.0,0.8741290871186578,0.7335770985042231,0.6528264562120003,0.5468655338436457,0.502887106333602,0.4489769745517991,0.4489769745517991,0.4489769745517991,0.4489769745517991,0.4489769745517991
1181005924736466945,1.0,0.9322401063868198,0.8402963695494282,0.7859310549377851,0.7044419634298801,0.6699735284781018,0.622691064232693,0.622691064232693,0.622691064232693,0.622691064232693,0.622691064232693
1181020357375131649,1.0,0.7864115136495538,0.5793364434336012,0.4822954286191483,0.3674293157549551,0.3272345447123539,0.2784641312632501,0.2784641312632501,0.2784641312632501,0.2784641312632501,0.2784641312632501
1181021370863288321,1.0,0.9103293150934,0.7953863219098272,0.7365140590513832,0.653236627333013,0.6198203764609085,0.5733804452077345,0.5733804452077345,0.5733804452077345,0.5733804452077345,0.5733804452077345
1180989917651009537,1.0,0.9266314663176188,0.8362450613470519,0.7818336120194864,0.7025254566575763,0.6668858692372435,0.6201270958843978,0.6201270958843978,0.6201270958843978,0.6201270958843978,0.6201270958843978
1181012995605790721,1.0,0.8414330098140319,0.6592849628578286,0.5566909335386427,0.4263454953957392,0.37678525861786694,0.31774168363818567,0.31774168363818567,0.31774168363818567,0.31774168363818567,0.31774168363818567
1180997862259359745,1.0,0.8989622700753099,0.76443309661511,0.6853374035832316,0.5729342239828337,0.5261294732189229,0.4618777975957009,0.4618777975957009,0.4618777975957009,0.4618777975957009,0.4618777975957009
1181023072041926657,1.0,0.8780810333812147,0.7289737316516911,0.65163432538843,0.5457495040415139,0.5042022318452255,0.4486894278008726,0.4486894278008726,0.4486894278008726,0.4486894278008726,0.4486894278008726
1180995712798916609,1.0,0.9192336393600197,0.8237522614903183,0.7628493992036592,0.6761174455628458,0.6368547363236771,0.5886854080450942,0.5598982437173097,0.5192980487899506,0.49457092063902197,0.46058504535607325
1181027545173229569,1.0,0.8848447705011666,0.7483586660624827,0.667691895926932,0.5602219889467116,0.5139876076667442,0.4576407698167362,0.4576407698167362,0.4576407698167362,0.4576407698167362,0.4576407698167362
1181001218469527553,1.0,0.9409447004646976,0.8613918573695157,0.8134759183354379,0.7416633929004561,0.709615327328319,0.6659942860969665,0.6659942860969665,0.6659942860969665,0.6659942860969665,0.6659942860969665
1181024511271895041,1.0,0.8208240499469245,0.6010759264485794,0.48979007938881547,0.3557286641491707,0.3048518861544973,0.2436661577871111,0.21397344648225436,0.1734651746848741,0.15359262863853151,0.1270696978236202
1181025374782914561,1.0,0.9288620040783757,0.8393720153053998,0.7857463974457004,0.7070317215053521,0.6717506707043877,0.625557663397383,0.625557663397383,0.625557663397383,0.625557663397383,0.625557663397383
1181005262423457793,1.0,0.8828130723888166,0.7403580974053052,0.6634660419308818,0.557422810748082,0.5141326103003809,0.4573863041577191,0.4573863041577191,0.4573863041577191,0.4573863041577191,0.4573863041577191
1180981789411246081,1.0,0.8688899140935917,0.7068730982591753,0.614027287389315,0.4902316266623581,0.44109416772354026,0.3760902680391164,0.3760902680391164,0.3760902680391164,0.3760902680391164,0.3760902680391164
1180981868941312001,1.0,0.8731630177290095,0.7342816400451302,0.6497471910621117,0.5409258757852031,0.4939859629995811,0.43903781566958844,0.43903781566958844,0.43903781566958844,0.43903781566958844,0.43903781566958844
1180993072162078721,1.0,0.9400064314751676,0.8636366579950163,0.8158365386563515,0.7440040205257776,0.7110039600242066,0.6679544211240547,0.6679544211240547,0.6679544211240547,0.6679544211240547,0.6679544211240547
1180992250788904961,1.0,0.938315889831721,0.8584488161269166,0.8082711297615426,0.734787891221264,0.7005532309115512,0.6573950193015489,0.6320474896218087,0.5946513182949836,0.57238463643195,0.540655959892014
1181003287615176705,1.0,0.7786306421666278,0.5675519052944246,0.46263642423091556,0.3408200987802765,0.2986121433163823,0.24969134875850785,0.24969134875850785,0.24969134875850785,0.24969134875850785,0.24969134875850785
1181017215841533953,1.0,0.874045367137266,0.7341350184212005,0.6516416318027327,0.5393674291203414,0.4928027751377332,0.43737437527840095,0.43737437527840095,0.43737437527840095,0.43737437527840095,0.43737437527840095
1181024922862354433,1.0,0.7045928595609343,0.44544211721650573,0.3278933657519506,0.20889035894502483,0.17139734421180064,0.13116094831350833,0.13116094831350833,0.13116094831350833,0.13116094831350833,0.13116094831350833
1181031795006013441,1.0,0.9023496570189267,0.7888111671850827,0.7210100861498917,0.6253690401445618,0.5851021139770027,0.5335033943326899,0.5335033943326899,0.5335033943326899,0.5335033943326899,0.5335033943326899
1180999962445086721,1.0,0.8971465717256639,0.767889757525289,0.7020593322236068,0.6096527947912427,0.5730337771126979,0.5223864081870202,0.5223864081870202,0.5223864081870202,0.5223864081870202,0.5223864081870202
1181033046003253249,1.0,0.8922021358676107,0.7522290582313909,0.676602393618285,0.5731966078342798,0.5317882798981202,0.4748180065636699,0.4748180065636699,0.4748180065636699,0.4748180065636699,0.4748180065636699
1180991404508053505,1.0,0.8969781760175735,0.7676237902514272,0.6961160965019131,0.5943451867086404,0.5534647250890562,0.49917171928754367,0.49917171928754367,0.49917171928754367,0.49917171928754367,0.49917171928754367
1181006465864663041,1.0,0.8749264328829662,0.7228388624893537,0.6361826237842332,0.5221597932476616,0.47766256689015485,0.42029905106609133,0.42029905106609133,0.42029905106609133,0.42029905106609133,0.42029905106609133
1181020695760437249,1.0,0.9086123971494313,0.7912590036942102,0.7209643755263622,0.6201129570972123,0.5774861882834028,0.5222409757972872,0.5222409757972872,0.5222409757972872,0.5222409757972872,0.5222409757972872
1181021599162368001,1.0,0.9447008448915682,0.8684040684795952,0.8208859462842183,0.7498580890406911,0.7189710014849011,0.6770050203853151,0.6770050203853151,0.6770050203853151,0.6770050203853151,0.6770050203853151
1180984792404525057,1.0,0.8585741897368,0.6988817462578834,0.6071976004015771,0.4851345765684315,0.4355468766038182,0.37654942360198107,0.37654942360198107,0.37654942360198107,0.37654942360198107,0.37654942360198107
1180997995519016961,1.0,0.951126642159178,0.8836930472453557,0.8428093340883539,0.7795372633996984,0.751221724867463,0.7119948022043174,0.7119948022043174,0.7119948022043174,0.7119948022043174,0.7119948022043174
1181003125909553153,1.0,0.9054680609718218,0.8024614998156129,0.7438043705480933,0.6644024467105212,0.6293262344111625,0.5850541472143677,0.5850541472143677,0.5850541472143677,0.5850541472143677,0.5850541472143677
1180981627511930881,1.0,0.871387591428946,0.697755040462505,0.6072323564341946,0.4826947417783416,0.4352540278364636,0.3712344725530803,0.3712344725530803,0.3712344725530803,0.3712344725530803,0.3712344725530803
1181020811779735553,1.0,0.9520021176744324,0.8884377634093915,0.8487984295529063,0.7897035308133906,0.7630785023129238,0.7263244003620672,0.7263244003620672,0.7263244003620672,0.7263244003620672,0.7263244003620672
1180995811720953857,1.0,0.8883912059749337,0.7560253961108255,0.6815812469614546,0.580285224293537,0.5383226699832125,0.48525356163467626,0.48525356163467626,0.48525356163467626,0.48525356163467626,0.48525356163467626
1181004904297857025,1.0,0.8543253244610286,0.7045157564704245,0.62170544492399,0.5181475877731658,0.4760694251146871,0.4261867544130087,0.4261867544130087,0.4261867544130087,0.4261867544130087,0.4261867544130087
1180981834388373505,1.0,0.8969909137404831,0.7786951109634817,0.7115042033694741,0.6182471963926524,0.5788699134539015,0.5290057654670515,0.5290057654670515,0.5290057654670515,0.5290057654670515,0.5290057654670515
1181004110957019137,1.0,0.7667066204237307,0.5332575060360507,0.4209104688630566,0.2902904320435009,0.2450341104788859,0.19313300987648663,0.19313300987648663,0.19313300987648663,0.19313300987648663,0.19313300987648663
1181018465582579713,1.0,0.9398265981136048,0.862401237692106,0.8145982976524955,0.7424979022893641,0.7098641497753508,0.6668007877819426,0.6668007877819426,0.6668007877819426,0.6668007877819426,0.6668007877819426
1181031086909456385,1.0,0.8769723151032742,0.7060629975049681,0.6181747977026427,0.49717313243192807,0.45056075505448534,0.38787941967944817,0.35703138508560706,0.3101232918425225,0.2870760469531266,0.2528467419805187
1180983800418467841,1.0,0.8947124113265129,0.7694375927869241,0.6962263243410447,0.5974333374045188,0.5546454905728322,0.5007019735867626,0.5007019735867626,0.5007019735867626,0.5007019735867626,0.5007019735867626
1181033856020578305,1.0,0.5943211720503128,0.3311282086091154,0.21791496732119375,0.12418725503210637,0.09571289457745269,0.06934249663521275,0.06934249663521275,0.06934249663521275,0.06934249663521275,0.06934249663521275
1181005182862360577,1.0,0.9004771128084326,0.7748732952267589,0.7032576819557146,0.6016020861203122,0.5583750483879826,0.5013734204800988,0.5013734204800988,0.5013734204800988,0.5013734204800988,0.5013734204800988
1181029369729187841,1.0,0.8349084554012141,0.6584810223601826,0.5599328657820548,0.43633568570094516,0.3891335975304744,0.3341936131390546,0.3341936131390546,0.3341936131390546,0.3341936131390546,0.3341936131390546
1181023098271956993,1.0,0.9166687555438978,0.8135453465472656,0.7577256975360401,0.6783069609094615,0.6443438869001432,0.5988309248726209,0.5988309248726209,0.5988309248726209,0.5988309248726209,0.5988309248726209
1181030586979844097,1.0,0.6289449206790451,0.37735170021783804,0.25027841535536854,0.1453128617858065,0.1088181303303154,0.07783877934328975,0.07783877934328975,0.07783877934328975,0.07783877934328975,0.07783877934328975
1180981394146754561,1.0,0.8923262171177594,0.7780409692189199,0.7046516104152409,0.6040482214457534,0.5599902770507564,0.5078992881058918,0.47624781153541695,0.43272115075283124,0.406217557116324,0.3714561547418598
1181006951245316097,1.0,0.927764136271884,0.8430572904512383,0.7888865795276636,0.7110823855925021,0.6742092984585653,0.6285540660500487,0.6285540660500487,0.6285540660500487,0.6285540660500487,0.6285540660500487
1181024295811448833,1.0,0.8704711097909105,0.7064243820456733,0.6203256289159435,0.4985698916817285,0.45102571267648395,0.38894417781592927,0.38894417781592927,0.38894417781592927,0.38894417781592927,0.38894417781592927
1181005124818173953,1.0,0.8709048084423772,0.7356269205210598,0.6569957179893869,0.5585325271016648,0.5182730027777586,0.4697108302865458,0.4697108302865458,0.4697108302865458,0.4697108302865458,0.4697108302865458
1180997095468400641,1.0,0.9147793734705443,0.8049850399789138,0.7392570049655046,0.6411516995282369,0.6003712970359607,0.544927008320135,0.544927008320135,0.544927008320135,0.544927008320135,0.544927008320135
1181005832943927297,1.0,0.9414308156811482,0.8670124055236053,0.8202430880778512,0.7510575992976569,0.7190752889671603,0.6780994758355932,0.6780994758355932,0.6780994758355932,0.6780994758355932,0.6780994758355932
1181011260530032641,1.0,0.8025390858871307,0.56996617226527,0.4611350196709125,0.32983116128969137,0.2833627418083734,0.22326441276132558,0.22326441276132558,0.22326441276132558,0.22326441276132558,0.22326441276132558
1180990805171437569,1.0,0.8965737104068349,0.7573965217468923,0.6772378148735163,0.5656218749914315,0.5208566096086997,0.4606820249614627,0.4606820249614627,0.4606820249614627,0.4606820249614627,0.4606820249614627
1181019279567716353,1.0,0.9246827703497816,0.8283060578840459,0.7720786447758958,0.6897398241317038,0.6542280695255895,0.6072359169232993,0.6072359169232993,0.6072359169232993,0.6072359169232993,0.6072359169232993
1181015660625657857,1.0,0.8813072181693118,0.7377888923928586,0.6580997833650408,0.5506813674982072,0.5078395467326117,0.4529003649425234,0.4529003649425234,0.4529003649425234,0.4529003649425234,0.4529003649425234
1181031013605048321,1.0,0.7748418815070713,0.5688405167651762,0.44555321093586286,0.30889246970516404,0.2594409829100469,0.2084618593079638,0.1798834906456993,0.14579322581276832,0.1257071759168693,0.10230695253163768
1180986021271339009,1.0,0.882484523997405,0.7451252416625609,0.6672680347085067,0.5644075995125863,0.5213465866647131,0.4675700049323649,0.4675700049323649,0.4675700049323649,0.4675700049323649,0.4675700049323649
1180983601544855553,1.0,0.657030788199692,0.3999948256400693,0.22248938704855004,0.0859795378001279,0.050076297094324373,0.025955578376366084,0.025955578376366084,0.025955578376366084,0.025955578376366084,0.025955578376366084
1181032707814457345,1.0,0.899276310496374,0.7514716149791305,0.672246993130722,0.5604940438989242,0.5169743690861746,0.4553844843039081,0.4553844843039081,0.4553844843039081,0.4553844843039081,0.4553844843039081
1181023859830456321,1.0,0.915567627972829,0.8101914649178853,0.7468201757644792,0.6535283825460513,0.61244547829147,0.559383259396506,0.559383259396506,0.559383259396506,0.559383259396506,0.559383259396506
1180999567599796225,1.0,0.8913767270996117,0.7584089197645992,0.6815388262022832,0.5726654805312794,0.5271591970407602,0.4692419350119378,0.4692419350119378,0.4692419350119378,0.4692419350119378,0.4692419350119378
1181029760896434177,1.0,0.8669715626781331,0.7159743839915416,0.6281176282577927,0.5121326793453337,0.4651630026991487,0.4073251755412941,0.4073251755412941,0.4073251755412941,0.4073251755412941,0.4073251755412941
1181006012427763713,1.0,0.833490066802811,0.6420982476171365,0.5454900354484222,0.418522499145234,0.37029688736428257,0.3093383183437508,0.3093383183437508,0.3093383183437508,0.3093383183437508,0.3093383183437508
1181003554276474881,1.0,0.9290510357455287,0.8418660969042336,0.7876646836807751,0.7089419907522134,0.6732270375886271,0.6272403490404301,0.6272403490404301,0.6272403490404301,0.6272403490404301,0.6272403490404301
1181031543829299201,1.0,0.9019859942544004,0.787883188668338,0.7168357146142095,0.6153220828266561,0.5711412656240833,0.5162951157228961,0.5162951157228961,0.5162951157228961,0.5162951157228961,0.5162951157228961
1181002010483228673,1.0,0.881218682637813,0.7560876845669793,0.6805207690598082,0.5803223160555278,0.5368730722715684,0.4833191347106768,0.4833191347106768,0.4833191347106768,0.4833191347106768,0.4833191347106768
1180995627140579329,1.0,0.9570202559924555,0.9000192877485376,0.8632969211328048,0.8078543955536702,0.7818168256185778,0.7471551655780019,0.7271686414099342,0.6967620420804987,0.6790033288962438,0.6529512354386487
1180988455483965441,1.0,0.8515500235233774,0.6727988380751204,0.5829971866336763,0.46461495245064455,0.4205339652040152,0.3634925520878848,0.3634925520878848,0.3634925520878848,0.3634925520878848,0.3634925520878848
1181017830854754305,1.0,0.9345048224993795,0.8479832907372349,0.7996336487856246,0.7290660001880058,0.6986737198007793,0.6564455574224644,0.6564455574224644,0.6564455574224644,0.6564455574224644,0.6564455574224644
1180999302842253313,1.0,0.8943847094464891,0.7703646066427524,0.6988846408921492,0.597534144623421,0.5550451370495144,0.5012086182608658,0.5012086182608658,0.5012086182608658,0.5012086182608658,0.5012086182608658
1181018892175343617,1.0,0.9414325806297492,0.8688482008946788,0.8230594124441151,0.7531390759238725,0.7199885778198697,0.6767451727017053,0.6767451727017053,0.6767451727017053,0.6767451727017053,0.6767451727017053
1181001307293220865,1.0,0.8781891403564364,0.7380233470717066,0.6598267333474317,0.5546839799030945,0.5107390536493803,0.455561827644014,0.455561827644014,0.455561827644014,0.455561827644014,0.455561827644014
1181004709098192897,1.0,0.8653727200294759,0.7051834953602847,0.620911459537555,0.5068726037042879,0.4615705964226722,0.40274267872471503,0.40274267872471503,0.40274267872471503,0.40274267872471503,0.40274267872471503
1180987934906056705,1.0,0.9407401374827823,0.8606771638695679,0.8109538889153074,0.7361736094963741,0.703019845676925,0.6578444526705131,0.6578444526705131,0.6578444526705131,0.6578444526705131,0.6578444526705131
1180980084652900353,1.0,0.8814993183996294,0.7300901582670127,0.6437776331320723,0.5306037467095135,0.4854907919303545,0.42753667811427676,0.42753667811427676,0.42753667811427676,0.42753667811427676,0.42753667811427676
1180992771849814017,1.0,0.9468150461226881,0.8743373124225778,0.8306968450570963,0.7648643939712461,0.7356865039733226,0.6960008548875836,0.6960008548875836,0.6960008548875836,0.6960008548875836,0.6960008548875836
1180982460628992001,1.0,0.9183521577502705,0.8111237790999707,0.7506799802845436,0.6594763370680089,0.622072214444539,0.5702831431195794,0.5702831431195794,0.5702831431195794,0.5702831431195794,0.5702831431195794
1181031188668678145,1.0,0.8936902474605731,0.7700265784414495,0.7000716941054891,0.6042483136894372,0.5636670512510841,0.5122805935402477,0.5122805935402477,0.5122805935402477,0.5122805935402477,0.5122805935402477
1180981292742934529,1.0,0.9111595015091711,0.8053198620756781,0.7405109788685695,0.6483483347274831,0.6082543150531711,0.5582462609971001,0.5582462609971001,0.5582462609971001,0.5582462609971001,0.5582462609971001
1181029425705680897,1.0,0.9295485529989234,0.8405886471298345,0.7867675083645327,0.7090903503393569,0.6741774121875506,0.628543665843967,0.628543665843967,0.628543665843967,0.628543665843967,0.628543665843967
1181000543322865665,1.0,0.8989547731105825,0.7781522107365954,0.7069827613967397,0.6085452834429003,0.5657080848451668,0.5103620069462964,0.5103620069462964,0.5103620069462964,0.5103620069462964,0.5103620069462964
1180985422065369089,1.0,0.9312922216067048,0.8386812271667972,0.7842196025071025,0.7047723114216028,0.6704655600369622,0.6234708305493388,0.6234708305493388,0.6234708305493388,0.6234708305493388,0.6234708305493388
1181013600295944193,1.0,0.8579398804180333,0.6909332850268246,0.6014521374903945,0.4850018717199367,0.4395444159587243,0.38238234463984844,0.38238234463984844,0.38238234463984844,0.38238234463984844,0.38238234463984844
1180994255342993409,1.0,0.8733027910889203,0.7455416431684698,0.6617362906515103,0.5601602060020681,0.5141353213021871,0.4639407317356169,0.4639407317356169,0.4639407317356169,0.4639407317356169,0.4639407317356169
1181017447785889793,1.0,0.9172975764288811,0.8073210563310997,0.7417166954922454,0.6484095762054447,0.6076819240433752,0.5548316254581893,0.5254848396145554,0.4821510809038274,0.4576722767736945,0.42269166299554883
1181006116511842305,1.0,0.8987193133588101,0.7780249513263797,0.7093409826918002,0.6144740520236276,0.5739279830680019,0.5225221509991304,0.5225221509991304,0.5225221509991304,0.5225221509991304,0.5225221509991304
1181019710840045569,1.0,0.9064476751783719,0.7800510918497415,0.7053085987410885,0.6000142460132705,0.5554450975929506,0.49478781956345064,0.49478781956345064,0.49478781956345064,0.49478781956345064,0.49478781956345064
1180990928869523457,1.0,0.8741990020268535,0.7358453281056088,0.6542898460006681,0.5440827049608231,0.4987852433999501,0.4440220768416301,0.4440220768416301,0.4440220768416301,0.4440220768416301,0.4440220768416301
1181001150973280257,1.0,0.9623324774298156,0.913458457004656,0.8811953354837195,0.8311842886704783,0.8072996638508503,0.7767472752577617,0.7583387215861985,0.7306861307853632,0.7136418673323603,0.6890444506297947
1180983556472307713,1.0,0.9139672684908843,0.806065745480681,0.7494058668092776,0.6678724176140669,0.6339247423287866,0.58755672021186,0.58755672021186,0.58755672021186,0.58755672021186,0.58755672021186
1180996385212301313,1.0,0.7107973762423627,0.42756308706109136,0.31327225263104874,0.1946043303975319,0.1582747663675852,0.11621445567589561,0.11621445567589561,0.11621445567589561,0.11621445567589561,0.11621445567589561
1180990499949936641,1.0,0.9121803915250035,0.803845755342282,0.7413541444635645,0.6506998491698988,0.6117149293095483,0.5601489907563465,0.5601489907563465,0.5601489907563465,0.5601489907563465,0.5601489907563465
1181001605669093377,1.0,0.897839150815567,0.7641207285690681,0.6887326242871071,0.5834341020504685,0.5400998292817285,0.4820730720675639,0.4820730720675639,0.4820730720675639,0.4820730720675639,0.4820730720675639
1181008718010449921,1.0,0.9205239819630515,0.8189044028647605,0.7619499285067146,0.6798436271376935,0.6441918976095657,0.5966699259639294,0.5966699259639294,0.5966699259639294,0.5966699259639294,0.5966699259639294
1181000390619103233,1.0,0.829753715999345,0.6539636157549535,0.5544205193439784,0.4334772138075016,0.3862950318179459,0.3330295189452729,0.3330295189452729,0.3330295189452729,0.3330295189452729,0.3330295189452729
1180981446285721601,1.0,0.9470086982436765,0.8774247556409327,0.830692373985526,0.7593481001724751,0.7268384112884277,0.6842660379046714,0.6842660379046714,0.6842660379046714,0.6842660379046714,0.6842660379046714
1181031426001567745,1.0,0.8889644469698219,0.7490167193854351,0.6724885934638575,0.5635167933047353,0.5193874526360887,0.4618278064106949,0.4618278064106949,0.4618278064106949,0.4618278064106949,0.4618278064106949
1181007690115219457,1.0,0.9108922477741638,0.7960796929714681,0.729049550994128,0.6294841725883402,0.5877252256400021,0.5321577696609594,0.5321577696609594,0.5321577696609594,0.5321577696609594,0.5321577696609594
1180989280697090049,1.0,0.9279333226528014,0.8365945805415083,0.779044319637674,0.7003695749489367,0.6625480490686693,0.620606088850276,0.620606088850276,0.620606088850276,0.620606088850276,0.620606088850276
1180984122606321665,1.0,0.30849942167413535,0.10484958245500553,0.04313351888679573,0.0161492279836426,0.00896761241359545,0.005268337405298085,0.003260037680916761,0.0018815512917321753,0.0011601712751539983,0.0006868204936142375
1181024291616686081,1.0,0.792427472775804,0.5900634926714292,0.47593320544941586,0.35094968922816605,0.300823130133848,0.2540862442942112,0.2540862442942112,0.2540862442942112,0.2540862442942112,0.2540862442942112
1181029219701948417,1.0,0.9369360447087397,0.853427512504271,0.8026873405092045,0.7269723659065176,0.6922427877003244,0.651528911880445,0.6264006408150402,0.5887363450155441,0.5657761256452947,0.5334932872612418
1181026321148772353,1.0,0.8263295730804865,0.6479407634769876,0.5437156445976098,0.4168256977764967,0.3646876731760619,0.3147392508794039,0.3147392508794039,0.3147392508794039,0.3147392508794039,0.3147392508794039
1180994006459875329,1.0,0.7664972608840597,0.5037057889162895,0.38624477789222156,0.25599132206581765,0.20858943639770944,0.1603449909979625,0.1603449909979625,0.1603449909979625,0.1603449909979625,0.1603449909979625
1181003403379048449,1.0,0.9410955977112896,0.8647236860334186,0.8138731677656795,0.7368916255057334,0.6996370753183512,0.656783982344888,0.656783982344888,0.656783982344888,0.656783982344888,0.656783982344888
1180998538381754369,1.0,0.9529924501287699,0.8876707374642985,0.8477326706028732,0.7870085620128051,0.7577893787980675,0.7232126940612502,0.7232126940612502,0.7232126940612502,0.7232126940612502,0.7232126940612502
1181005970194169857,1.0,0.8707565924029608,0.7289037482101663,0.6423764710959119,0.532861597135049,0.484913990401422,0.437374494244931,0.437374494244931,0.437374494244931,0.437374494244931,0.437374494244931
1181000300635783169,1.0,0.8384229574852988,0.6566446184215033,0.5536862788463945,0.4220226550014914,0.3698314596620854,0.3135354241347652,0.3135354241347652,0.3135354241347652,0.3135354241347652,0.3135354241347652
1181003143202144257,1.0,0.9139253216540737,0.8062430856197835,0.7415460547476924,0.6521784554639509,0.6101604182853649,0.5630105052477246,0.5630105052477246,0.5630105052477246,0.5630105052477246,0.5630105052477246
1180986532298358785,1.0,0.930019102024915,0.843052193242078,0.7891334352639465,0.7131365551729913,0.6754353618548261,0.633276395847367,0.633276395847367,0.633276395847367,0.633276395847367,0.633276395847367
1181000151608492033,1.0,0.9418390513509574,0.8649866296821394,0.8179714856106184,0.7490805019391563,0.716081533814858,0.6776625733005864,0.6776625733005864,0.6776625733005864,0.6776625733005864,0.6776625733005864
1181021341828022273,1.0,0.933488110883705,0.8458457944286534,0.7964763420765516,0.7264171260056638,0.6937726354257369,0.6559516600996569,0.6559516600996569,0.6559516600996569,0.6559516600996569,0.6559516600996569
1180982032100655105,1.0,0.8628459266725308,0.6939251539851227,0.6028383973728402,0.4808517198503539,0.43286046688718716,0.3795399710870918,0.3795399710870918,0.3795399710870918,0.3795399710870918,0.3795399710870918
1180981114581319681,1.0,0.9389744758375296,0.8588156992119571,0.809487098047821,0.7350867856436252,0.6995684577459227,0.6570525082520029,0.6570525082520029,0.6570525082520029,0.6570525082520029,0.6570525082520029
1180999234990014465,1.0,0.8336177593682583,0.6624720958339636,0.5594721941434734,0.4416094252431565,0.3906669584944106,0.3412481570084158,0.3412481570084158,0.3412481570084158,0.3412481570084158,0.3412481570084158
1180993829396316161,1.0,0.9327319677480773,0.846083587176679,0.7925852588548195,0.7154411233883992,0.6783982144836378,0.6356333264873046,0.6356333264873046,0.6356333264873046,0.6356333264873046,0.6356333264873046
1181020367185543169,1.0,0.9552411378388568,0.8932464096048562,0.8538271620814992,0.793956880123653,0.7654827053261308,0.7319368445057834,0.7319368445057834,0.7319368445057834,0.7319368445057834,0.7319368445057834
1181008652320374785,1.0,0.9131789177484219,0.8066258662549641,0.7456520422145361,0.6612203732807728,0.6211174689830324,0.5756223556897831,0.5756223556897831,0.5756223556897831,0.5756223556897831,0.5756223556897831
1181002057007988737,1.0,0.9312306484537827,0.8317165644181626,0.7737666321466613,0.6845839118136482,0.6465990572814563,0.5997410177654338,0.5997410177654338,0.5997410177654338,0.5997410177654338,0.5997410177654338
1181016935210516481,1.0,0.9227267730200026,0.8239306848849934,0.7643085410347724,0.6798141347998352,0.6402755946567898,0.5952012394847725,0.5952012394847725,0.5952012394847725,0.5952012394847725,0.5952012394847725
1181034838189244417,1.0,0.9220917579966526,0.8299158658781227,0.7668616032952029,0.6817555103139187,0.6396472606501069,0.5965322871317844,0.5671649531327427,0.5284534730897761,0.5019341530058978,0.4695022160264235
1181008069601361921,1.0,0.8495951742653335,0.6978462636831638,0.6081760000706771,0.5021931767059551,0.4551223474736411,0.40739813458977225,0.40739813458977225,0.40739813458977225,0.40739813458977225,0.40739813458977225
1180985677338017793,1.0,0.8652785383046255,0.7157737166961373,0.633296742602155,0.5288885662563196,0.48283361289862436,0.4344788446446396,0.4344788446446396,0.4344788446446396,0.4344788446446396,0.4344788446446396
1181012725233942529,1.0,0.9011568820789302,0.7761452710566865,0.7103359862074669,0.6200353063929592,0.58045887023048,0.5346475825723573,0.5346475825723573,0.5346475825723573,0.5346475825723573,0.5346475825723573
1180999208114257921,1.0,0.8519100293745981,0.6845960297760652,0.5981859727882357,0.49108838308972924,0.4460023465848968,0.3980470287081832,0.3980470287081832,0.3980470287081832,0.3980470287081832,0.3980470287081832
1181023421200596993,1.0,0.775716943864945,0.5558326251498654,0.4510019146625336,0.3353769259958168,0.29220490583666137,0.24906120743772142,0.24906120743772142,0.24906120743772142,0.24906120743772142,0.24906120743772142
1180979776468254721,1.0,0.7871365166138499,0.5682468144894239,0.4672188927388522,0.352819772418278,0.309769337005363,0.26514697725175973,0.26514697725175973,0.26514697725175973,0.26514697725175973,0.26514697725175973
1180998319600828417,1.0,0.8809120610180097,0.7314819329317244,0.657329866381202,0.5589722372794586,0.5188422937862943,0.4723610860526386,0.4723610860526386,0.4723610860526386,0.4723610860526386,0.4723610860526386
1181028967334477825,1.0,0.4948183652939062,0.2213181741689989,0.1221445577442597,0.05878165292593163,0.04044048631542885,0.027193601479133855,0.027193601479133855,0.027193601479133855,0.027193601479133855,0.027193601479133855
1181029347500785665,1.0,0.9059712817682497,0.7791317727997732,0.7101445935011815,0.6123734304997195,0.5720844169489209,0.5236046864380434,0.5236046864380434,0.5236046864380434,0.5236046864380434,0.5236046864380434
1180991272645558273,1.0,0.8477529601615688,0.6837080097773381,0.5788814753517528,0.45631778392742317,0.40359911982243113,0.35061702449302223,0.35061702449302223,0.35061702449302223,0.35061702449302223,0.35061702449302223
1181035126370205697,1.0,0.8905503264830118,0.7683585320230408,0.691946260524336,0.5969016129223153,0.5516658408101813,0.5058992484003938,0.5058992484003938,0.5058992484003938,0.5058992484003938,0.5058992484003938
1180979981344210945,1.0,0.9354074787693523,0.8578184228949562,0.8042280936826218,0.7286881915714574,0.690705378746068,0.6503290566019377,0.6228321419474084,0.5859341863367175,0.5611080722065479,0.5294075456536175
1181033174607298561,1.0,0.6576300838115408,0.4030792236581593,0.27007697179554435,0.1598885797833821,0.12135562746180306,0.09162810442106906,0.09162810442106906,0.09162810442106906,0.09162810442106906,0.09162810442106906
1180980190284382209,1.0,0.9057356446356502,0.7830656777413184,0.7170870022287865,0.6267042737653261,0.5885588631401312,0.5418378749475992,0.5418378749475992,0.5418378749475992,0.5418378749475992,0.5418378749475992
1181005416612790273,1.0,0.9303256565107672,0.8405840329800942,0.7822966365897024,0.6988049049743019,0.6596751493625872,0.6151061703848142,0.6151061703848142,0.6151061703848142,0.6151061703848142,0.6151061703848142
1180996641676066817,1.0,0.903699594275153,0.7840027570685029,0.7124373627212119,0.6136128807132506,0.5697207357271579,0.5225820367037255,0.5225820367037255,0.5225820367037255,0.5225820367037255,0.5225820367037255
1181001970733940737,1.0,0.9320811019929326,0.8430244403295242,0.7893734325491015,0.711137588628578,0.6744256964155017,0.6324205065736159,0.6324205065736159,0.6324205065736159,0.6324205065736159,0.6324205065736159
1181022853163909121,1.0,0.8689161360469053,0.7254725404049087,0.640966896448629,0.5317906873086143,0.4839991221386488,0.43512371245444204,0.43512371245444204,0.43512371245444204,0.43512371245444204,0.43512371245444204
1181006291219775489,1.0,0.9130269516941134,0.8109787625555648,0.7465994171202363,0.6584867558345353,0.6157133859688964,0.5702770815634741,0.5702770815634741,0.5702770815634741,0.5702770815634741,0.5702770815634741
1181008643283714049,1.0,0.8250825481129274,0.6345001532972498,0.5388034717188428,0.42490644443751346,0.3781433360782458,0.32961506045359856,0.32961506045359856,0.32961506045359856,0.32961506045359856,0.32961506045359856
1181015782550503425,1.0,0.8246927273691169,0.6336545918808048,0.5406314070733982,0.431722225351975,0.38941385892699387,0.34343623838478277,0.34343623838478277,0.34343623838478277,0.34343623838478277,0.34343623838478277
1181003772960702465,1.0,0.8193181310906632,0.6125710368875863,0.5137560982175688,0.39072619442472,0.3449532227941611,0.2936884324794612,0.2936884324794612,0.2936884324794612,0.2936884324794612,0.2936884324794612
1180996796188524545,1.0,0.8598826005616801,0.6884807701288098,0.6024572297392916,0.48635993452622306,0.4407222708317582,0.3886825481776588,0.3886825481776588,0.3886825481776588,0.3886825481776588,0.3886825481776588
1180989214814502913,1.0,0.8739432700600788,0.7260538213825769,0.6510147850586754,0.5536957154741065,0.5117216106139326,0.46500858143038437,0.46500858143038437,0.46500858143038437,0.46500858143038437,0.46500858143038437
1181025613730447361,1.0,0.916233361402212,0.8092396207479486,0.7506233494697898,0.6707611763522583,0.6352240042041822,0.5932429327440567,0.5932429327440567,0.5932429327440567,0.5932429327440567,0.5932429327440567
1181027983897624577,1.0,0.8873149968902192,0.7408461666130617,0.6678889789406985,0.5665438309393722,0.5258809662283664,0.4759358974186778,0.4759358974186778,0.4759358974186778,0.4759358974186778,0.4759358974186778
1181026101849456641,1.0,0.730513914528716,0.48109058468463106,0.34284209361897044,0.20941352410852054,0.16334021587507874,0.12359602565632144,0.12359602565632144,0.12359602565632144,0.12359602565632144,0.12359602565632144
1180988702948950017,1.0,0.9332224237784605,0.8518166057294787,0.7986086590648074,0.7216828516493223,0.6828104172817778,0.6407412073068405,0.6131052115925342,0.5742488824267575,0.5492764159437568,0.5167789760525393
1180993345598652417,1.0,0.9360964062122052,0.8556564131523318,0.8055701403340971,0.7351172408159572,0.7008404697918331,0.6620281518869979,0.6620281518869979,0.6620281518869979,0.6620281518869979,0.6620281518869979
1181024180596899841,1.0,0.9029704770745572,0.7835517275938133,0.7134317468497269,0.6176065290572774,0.5734006634034041,0.5241042840214205,0.5241042840214205,0.5241042840214205,0.5241042840214205,0.5241042840214205
1180988760055087105,1.0,0.9179561442643869,0.8186784650682226,0.7575189001953271,0.6692311317786237,0.6276088267222504,0.5817392310783426,0.5817392310783426,0.5817392310783426,0.5817392310783426,0.5817392310783426
1181022629608194049,1.0,0.8219540026318058,0.6128477035140375,0.5116111842572226,0.3880428161804672,0.3438056999708786,0.2928612796618738,0.2928612796618738,0.2928612796618738,0.2928612796618738,0.2928612796618738
1180991443680067585,1.0,0.9293522367456197,0.8376023270000116,0.781582242398621,0.7020802500857064,0.6645799306909124,0.6212597054183366,0.6212597054183366,0.6212597054183366,0.6212597054183366,0.6212597054183366
1181012084538015745,1.0,0.9663025959363161,0.9191824332199536,0.8899070000523917,0.8423229559664797,0.8190190241635646,0.7911047179274335,0.7911047179274335,0.7911047179274335,0.7911047179274335,0.7911047179274335
1180997301159854081,1.0,0.6138132667977885,0.33051309268971407,0.21788980132239288,0.12159755483927293,0.0920819814431465,0.06679756974228956,0.06679756974228956,0.06679756974228956,0.06679756974228956,0.06679756974228956
1180982763136188417,1.0,0.836505742548635,0.6510520466566199,0.5621043151765768,0.4512266338288832,0.40721127316630534,0.358748369944067,0.358748369944067,0.358748369944067,0.358748369944067,0.358748369944067
1180989173550415873,1.0,0.8744500172950262,0.7225987177242881,0.6456853194369219,0.5438778489150821,0.5007311526990803,0.4528208248973479,0.4528208248973479,0.4528208248973479,0.4528208248973479,0.4528208248973479
1181000123247886337,1.0,0.8885507662923222,0.7550599018047098,0.6831241813834739,0.5887965208026572,0.546965797837307,0.49923357510260824,0.49923357510260824,0.49923357510260824,0.49923357510260824,0.49923357510260824
1181000228654350337,1.0,0.8517539918005252,0.6713928713481154,0.5844600838821532,0.4726640700091128,0.42941576613272203,0.3798115712461001,0.3798115712461001,0.3798115712461001,0.3798115712461001,0.3798115712461001
1180984304735813633,1.0,0.8837767155718119,0.7560251941299966,0.6866087748923522,0.6014654959073766,0.5623480245361554,0.5197578526951054,0.5197578526951054,0.5197578526951054,0.5197578526951054,0.5197578526951054
1180993355086987265,1.0,0.7517020032348818,0.5155230938378419,0.4053575490169299,0.290235252243893,0.24707996488317208,0.20379968699972517,0.20379968699972517,0.20379968699972517,0.20379968699972517,0.20379968699972517
1180994690711846913,1.0,0.844235967075252,0.665714886136799,0.5784417264003918,0.4695712645219984,0.4247609832914713,0.37569154731788146,0.37569154731788146,0.37569154731788146,0.37569154731788146,0.37569154731788146
1181033609267937281,1.0,0.8767907443353905,0.7239149137277345,0.6467602044125227,0.5448365968883618,0.5028092503478137,0.45470497015615263,0.45470497015615263,0.45470497015615263,0.45470497015615263,0.45470497015615263
1180996900272013313,1.0,0.8669338191990964,0.6978658611835069,0.6171346033603532,0.5095197768962791,0.4677574646564473,0.41881072070722347,0.41881072070722347,0.41881072070722347,0.41881072070722347,0.41881072070722347
1180986283317002241,1.0,0.8844125075049445,0.7331558858847882,0.6581472820550495,0.5545841524091485,0.5131137077176261,0.4636479217628764,0.4636479217628764,0.4636479217628764,0.4636479217628764,0.4636479217628764
1181000260498063361,1.0,0.7801861271356825,0.5574441226698542,0.4483232342655106,0.3216020618952603,0.2764267035233734,0.22746313978471133,0.22746313978471133,0.22746313978471133,0.22746313978471133,0.22746313978471133
1180982534513426433,1.0,0.8836021848380943,0.7296438687448694,0.6474577244859259,0.5339073488670268,0.4899302662986059,0.4374778831136137,0.4374778831136137,0.4374778831136137,0.4374778831136137,0.4374778831136137
1180999976319483905,1.0,0.935058265310433,0.8510449218623162,0.8002076453242728,0.7285269591092726,0.6936530549767429,0.6541834947288814,0.6541834947288814,0.6541834947288814,0.6541834947288814,0.6541834947288814
1180982796948766721,1.0,0.8870850779280808,0.7524819204028407,0.6755985145326742,0.5750771321701232,0.530213966773363,0.4831282177651882,0.4831282177651882,0.4831282177651882,0.4831282177651882,0.4831282177651882
1181033822142955521,1.0,0.9069471059519714,0.7805883743772501,0.7100619392226466,0.6079509018128898,0.5661842586190518,0.5153546601122996,0.5153546601122996,0.5153546601122996,0.5153546601122996,0.5153546601122996
1180983998454202369,1.0,0.8906769137919522,0.7626412763959696,0.6860455349486866,0.5834619102998566,0.5367490729030004,0.48683835368871264,0.48683835368871264,0.48683835368871264,0.48683835368871264,0.48683835368871264
1181005685239971841,1.0,0.8365789934479648,0.6768134646277663,0.5730646191145523,0.4593733076411478,0.4077073857136946,0.3614819505113229,0.3614819505113229,0.3614819505113229,0.3614819505113229,0.3614819505113229
1181000539613134849,1.0,0.8308698630826875,0.6473675541599774,0.5424796156928878,0.4211330058479761,0.37071876853394137,0.3210972656690343,0.3210972656690343,0.3210972656690343,0.3210972656690343,0.3210972656690343
1180990736578314241,1.0,0.8952118725496073,0.7624799030598389,0.6859317930146618,0.5821620557867464,0.5368795277630364,0.4840433451896148,0.4840433451896148,0.4840433451896148,0.4840433451896148,0.4840433451896148
1180989083500347393,1.0,0.9436780508575453,0.870693941722285,0.8235397080978433,0.7539953330049052,0.7189174526083726,0.6797447515087428,0.6547039946056146,0.6186758266231592,0.5956677017197319,0.5650228688300898
1181004101698748417,1.0,0.8614590271426337,0.6956677738802534,0.6141258088085313,0.5086936013094497,0.46508425248141905,0.41578762488658794,0.41578762488658794,0.41578762488658794,0.41578762488658794,0.41578762488658794
1181030188780879873,1.0,0.9036274596281563,0.7839024862844812,0.7152699421691004,0.6202710727056227,0.5772289106434519,0.5275111218550829,0.5275111218550829,0.5275111218550829,0.5275111218550829,0.5275111218550829
1181028086593388545,1.0,0.8067990285983537,0.6066283653660889,0.5084330887370689,0.3924953769213224,0.34657169743056193,0.2998241547777638,0.2998241547777638,0.2998241547777638,0.2998241547777638,0.2998241547777638
1181021796295737345,1.0,0.8289851378515065,0.641395303782728,0.5499969442308379,0.44004592884564186,0.395512007747164,0.34790703380912336,0.34790703380912336,0.34790703380912336,0.34790703380912336,0.34790703380912336
1180986893686177793,1.0,0.8871918278127013,0.7475284308657187,0.6740380603828616,0.5759644131163694,0.5334846833624558,0.4848422803532584,0.4848422803532584,0.4848422803532584,0.4848422803532584,0.4848422803532584
1180991768058757121,1.0,0.8740758936392576,0.7228561672577052,0.646583902360826,0.5468881299083552,0.5042427994048317,0.45577311388356323,0.45577311388356323,0.45577311388356323,0.45577311388356323,0.45577311388356323
1180983303102922753,1.0,0.8504107647687916,0.6559063373374323,0.5603384726284764,0.4296741344070263,0.38275927384016917,0.32598110650447865,0.32598110650447865,0.32598110650447865,0.32598110650447865,0.32598110650447865
1180984932009574401,1.0,0.7320262129752264,0.4831042116697891,0.36159956424314543,0.23527499210711655,0.19017399894564224,0.1492974438777711,0.1492974438777711,0.1492974438777711,0.1492974438777711,0.1492974438777711
1181032455608336385,1.0,0.9158997857801292,0.8132490381444304,0.749703809244191,0.6608941287519329,0.6198212497049346,0.5755565136710918,0.5755565136710918,0.5755565136710918,0.5755565136710918,0.5755565136710918
1181023402132340737,1.0,0.8927743926621093,0.7663449963281317,0.6894916594402829,0.5857973603207437,0.5410176255399366,0.49247376486491967,0.49247376486491967,0.49247376486491967,0.49247376486491967,0.49247376486491967
1181000612845158401,1.0,0.9371042682461695,0.862702746123172,0.8059176147315248,0.7309783916862274,0.69264273870911,0.653837008976629,0.6270530941864494,0.5918090957045772,0.5675489468889923,0.5363309829342988
1180993730249162753,1.0,0.8951405356081359,0.7731115071667942,0.7005059467401282,0.6026714634177213,0.5561239776065179,0.5056738361285228,0.5056738361285228,0.5056738361285228,0.5056738361285228,0.5056738361285228
1181029963094065153,1.0,0.8192886978856959,0.6064168833860397,0.499909657726456,0.3667543361125185,0.3179813896547853,0.26515696288325785,0.26515696288325785,0.26515696288325785,0.26515696288325785,0.26515696288325785
1180980776487616513,1.0,0.9596474808417608,0.907473361488695,0.8732203154601272,0.8240879104577405,0.7985092566935325,0.7697795507961892,0.7697795507961892,0.7697795507961892,0.7697795507961892,0.7697795507961892
1181017876153630721,1.0,0.9002798902495914,0.7822506720028914,0.7102492672808902,0.6186104318841597,0.5755011978665097,0.5306326640137562,0.5306326640137562,0.5306326640137562,0.5306326640137562,0.5306326640137562
1181007584288473089,1.0,0.9598584868377307,0.9061379817234939,0.8701360186443958,0.8159422015407161,0.7878917112348918,0.7560676730296074,0.7353977210765923,0.7058168979901467,0.6866107533408354,0.6600299491305854
1181009529122226177,1.0,0.8784583253197212,0.7245373449520012,0.6394126918967415,0.5186780656526111,0.4706111715502155,0.4153260548544826,0.4153260548544826,0.4153260548544826,0.4153260548544826,0.4153260548544826
1181034638613479425,1.0,0.875512639188784,0.7276134360790523,0.6532506214697835,0.5557097954708199,0.5133965706046628,0.4662188829812808,0.4662188829812808,0.4662188829812808,0.4662188829812808,0.4662188829812808
1181023430267797505,1.0,0.5962663450071546,0.30368753064039367,0.19803185585387095,0.10947787205098491,0.08364728450008152,0.06046575931500109,0.06046575931500109,0.06046575931500109,0.06046575931500109,0.06046575931500109
1181005958193053697,1.0,0.8235643627491984,0.6325088744469713,0.5401724731115163,0.4282182060958857,0.3840223906430189,0.3366930209229475,0.3366930209229475,0.3366930209229475,0.3366930209229475,0.3366930209229475
1180987250525274113,1.0,0.870650342211068,0.7185893489235178,0.6420972240329663,0.544507203329818,0.5024516809241609,0.4548987097353917,0.4548987097353917,0.4548987097353917,0.4548987097353917,0.4548987097353917
1180995098559545345,1.0,0.9083658027384306,0.7888795909579113,0.7282013253287597,0.6443203503951953,0.6082752989748993,0.5644665270651309,0.5644665270651309,0.5644665270651309,0.5644665270651309,0.5644665270651309
1181004817569087489,1.0,0.8318679842143908,0.6437921330536022,0.551223802150723,0.43744413610496125,0.3922179651701362,0.34350995990309907,0.34350995990309907,0.34350995990309907,0.34350995990309907,0.34350995990309907
1181035293981114369,1.0,0.893857897499675,0.7664921902814128,0.6981910149893125,0.6076753374729149,0.5667522255119569,0.5214422513180282,0.5214422513180282,0.5214422513180282,0.5214422513180282,0.5214422513180282
1181033993013329921,1.0,0.7676647436575412,0.5428467622820699,0.436631738874237,0.32053631527590476,0.27647636388380126,0.2325192328190555,0.2325192328190555,0.2325192328190555,0.2325192328190555,0.2325192328190555
1180994419469352961,1.0,0.7727426056973761,0.5455267109558916,0.4407369853808427,0.3231930798165684,0.2797935385691612,0.23546031097424958,0.23546031097424958,0.23546031097424958,0.23546031097424958,0.23546031097424958
1180993341404119041,1.0,0.9296324167321155,0.8431034125031097,0.7882353778001012,0.7119997968491197,0.6749224138733134,0.6343303764457626,0.6343303764457626,0.6343303764457626,0.6343303764457626,0.6343303764457626
1181031113912844289,1.0,0.9422539557695149,0.8661004632279816,0.8194801488111194,0.7528325511587819,0.7210658869595107,0.683807631135164,0.683807631135164,0.683807631135164,0.683807631135164,0.683807631135164
1181027152749559809,1.0,0.8919705666517652,0.7611370151915119,0.6811203643375738,0.5691806456132774,0.5200937098735521,0.4663117708159864,0.4343436350076262,0.38903141971478716,0.36226470045045733,0.32675791539669663
1180989565748641793,1.0,0.8977442998156292,0.7655687466446505,0.6908432851806241,0.58593969781714,0.5420967951008235,0.4918349801303755,0.4918349801303755,0.4918349801303755,0.4918349801303755,0.4918349801303755
1181019407913877505,1.0,0.7964658813752763,0.5577624601899278,0.44867340352881624,0.3140272786224867,0.269448401962632,0.21874595962040555,0.21874595962040555,0.21874595962040555,0.21874595962040555,0.21874595962040555
1180981908690370561,1.0,0.9138504053860974,0.8050986624673346,0.7406285999831685,0.6492258962580744,0.6073301172974744,0.5602266430660328,0.5602266430660328,0.5602266430660328,0.5602266430660328,0.5602266430660328
1180993878728998913,1.0,0.7710814462442651,0.5475896072560974,0.4336257574740282,0.3069891802374146,0.2613905316912093,0.21678316207966564,0.21678316207966564,0.21678316207966564,0.21678316207966564,0.21678316207966564
1181021594613776385,1.0,0.9395492134405706,0.8617048127035062,0.813840177533061,0.7432009515802379,0.7090765197988917,0.6704138953086702,0.6704138953086702,0.6704138953086702,0.6704138953086702,0.6704138953086702
1181000368195076097,1.0,0.8883141179741608,0.7584004983120911,0.6845109430161135,0.5868720853797369,0.5431229611359998,0.49678412402908034,0.49678412402908034,0.49678412402908034,0.49678412402908034,0.49678412402908034
1181004737167556609,1.0,0.8996731649571372,0.7802067817375304,0.7072596963347128,0.612293194157632,0.5691249287810923,0.5230661274892219,0.5230661274892219,0.5230661274892219,0.5230661274892219,0.5230661274892219
1180996954185859073,1.0,0.7798466700607176,0.5680254142609314,0.4647302989124925,0.3505996632021713,0.3054826403212251,0.2611139913898336,0.2611139913898336,0.2611139913898336,0.2611139913898336,0.2611139913898336
1180986342618660865,1.0,0.9059023128050592,0.7867351781190959,0.7193815227181871,0.6257484533849274,0.5854663793385657,0.5395312052400251,0.5395312052400251,0.5395312052400251,0.5395312052400251,0.5395312052400251
1181020691305824257,1.0,0.824386100643002,0.6341613984968026,0.5322155191593739,0.41053142328906345,0.3579312074421336,0.3051465991551403,0.3051465991551403,0.3051465991551403,0.3051465991551403,0.3051465991551403
1180981519009251329,1.0,0.9299976253122417,0.8384127595006015,0.7798847684415752,0.6963128905102123,0.6579062805830921,0.613537351534397,0.613537351534397,0.613537351534397,0.613537351534397,0.613537351534397
1181029148560293889,1.0,0.8559714411522263,0.6896430941942063,0.6061947473292676,0.5003577639487995,0.45610524008982567,0.40778195761866076,0.40778195761866076,0.40778195761866076,0.40778195761866076,0.40778195761866076
1180991754829922305,1.0,0.8753606659454227,0.7201817976158306,0.6436543652436959,0.5415067284323511,0.4995926063816861,0.4508099517251789,0.4508099517251789,0.4508099517251789,0.4508099517251789,0.4508099517251789
1181004633891799041,1.0,0.8714695270961448,0.7220048955652713,0.6459194116463907,0.5476431582237,0.5049245758594086,0.45754358640896575,0.45754358640896575,0.45754358640896575,0.45754358640896575,0.45754358640896575
1181033935518498817,1.0,0.8496365892321411,0.6813376125677821,0.5956504492663997,0.48972768127782507,0.44544303345243885,0.39773484328058584,0.39773484328058584,0.39773484328058584,0.39773484328058584,0.39773484328058584
1181001957055168513,1.0,0.8671752712426419,0.7118182166612865,0.6304049728834581,0.524913777999426,0.4791664489782016,0.4280729106751069,0.4280729106751069,0.4280729106751069,0.4280729106751069,0.4280729106751069
1181030735716024321,1.0,0.9490633884481607,0.8798788616944697,0.8369800835476366,0.7719640112031938,0.739864510109721,0.7008893040030926,0.6767260908296481,0.6411211827889315,0.6190410949044007,0.5885139728146276
1181002190193557505,1.0,0.9638281310395361,0.9137822282555013,0.8809520885657319,0.8298930578331977,0.80461923565374,0.774235271492254,0.774235271492254,0.774235271492254,0.774235271492254,0.774235271492254
1181025715620675585,1.0,0.9377182068980047,0.8616330833237025,0.812550049210286,0.7448001641859292,0.710645759349812,0.6744870824039744,0.6744870824039744,0.6744870824039744,0.6744870824039744,0.6744870824039744
1181023527190724609,1.0,0.9578608522197196,0.9022147763500183,0.8643413693571602,0.8076176569717566,0.7790482756379356,0.746961762794831,0.746961762794831,0.746961762794831,0.746961762794831,0.746961762794831
1180999563533942785,1.0,0.9248931964466558,0.8309753860784019,0.7721348500495164,0.6907614692912201,0.6515875163463846,0.6094338772706379,0.6094338772706379,0.6094338772706379,0.6094338772706379,0.6094338772706379
1180980868374953985,1.0,0.9143606939400175,0.8107800983948901,0.7451852496767979,0.6546307063222243,0.6118411309709266,0.5646042030983465,0.5646042030983465,0.5646042030983465,0.5646042030983465,0.5646042030983465
1180981865069969409,1.0,0.8379922302500997,0.6664051247771183,0.5666047455213431,0.44756187765732924,0.3982047066805513,0.3489296606795691,0.3489296606795691,0.3489296606795691,0.3489296606795691,0.3489296606795691
1181031008862732289,1.0,0.8888940868497197,0.7687979489764385,0.6919070166669167,0.590183282818106,0.5426093783819772,0.4959322293410968,0.4642642771507619,0.42310314645886593,0.3956882842226165,0.3621470906045622
1180990612648493057,1.0,0.9355481063207557,0.8581194868317934,0.805163479436896,0.7303994530212206,0.6923575439602152,0.6524380494723407,0.6524380494723407,0.6524380494723407,0.6524380494723407,0.6524380494723407
1181011052076990465,1.0,0.9422485314498026,0.8690909494199098,0.8224555164011214,0.7545027475474713,0.7211328041410556,0.6842993739304579,0.6842993739304579,0.6842993739304579,0.6842993739304579,0.6842993739304579
1181033415812022273,1.0,0.8190236444265694,0.6176579386626935,0.5137835866017691,0.38879812248717627,0.3409304555020226,0.29086068998643755,0.29086068998643755,0.29086068998643755,0.29086068998643755,0.29086068998643755
1181009459240042497,1.0,0.9091695800438031,0.7879486336146562,0.7211415096397489,0.6255251387152281,0.5874894708727626,0.5413967259545729,0.5413967259545729,0.5413967259545729,0.5413967259545729,0.5413967259545729
1180991863558930433,1.0,0.8904236758029108,0.7553472495249642,0.6859498316869885,0.592746693509435,0.5522140632733941,0.5058593302254808,0.5058593302254808,0.5058593302254808,0.5058593302254808,0.5058593302254808
1180987955685261313,1.0,0.8589514232063485,0.6945579763332532,0.6123541136090823,0.5068931423294886,0.4631809561530532,0.4147610916974158,0.4147610916974158,0.4147610916974158,0.4147610916974158,0.4147610916974158
1181025229336543233,1.0,0.7829327851113088,0.5670607794214275,0.4669608318999693,0.35355811197707687,0.3094807266762847,0.26371801444809206,0.26371801444809206,0.26371801444809206,0.26371801444809206,0.26371801444809206
1181000042105733121,1.0,0.9039549532687141,0.7823386880739707,0.71869272849353,0.6319417706921998,0.5937317073173258,0.5495012078644983,0.5495012078644983,0.5495012078644983,0.5495012078644983,0.5495012078644983
1180983130427129857,1.0,0.7904266546166765,0.5720488464596978,0.46844163737556344,0.34897781832491215,0.30413800917166556,0.2582924041085377,0.2582924041085377,0.2582924041085377,0.2582924041085377,0.2582924041085377
1181034158590918657,1.0,0.6914236021114974,0.4418394098225116,0.331385404208817,0.22730762521745074,0.18819495168088662,0.1529963923304366,0.1529963923304366,0.1529963923304366,0.1529963923304366,0.1529963923304366
1181027540981022721,1.0,0.9456127225630351,0.8763138371353147,0.8325353012180419,0.7695152523996693,0.7382998426863372,0.7051741974138919,0.7051741974138919,0.7051741974138919,0.7051741974138919,0.7051741974138919
1180997857839742977,1.0,0.9231645159900064,0.8166726940735263,0.7553001952109134,0.6646835244511493,0.6253377888432086,0.57717691145491,0.57717691145491,0.57717691145491,0.57717691145491,0.57717691145491
1181035311694282753,1.0,0.9094178065288457,0.7943689539159771,0.7303903262705563,0.6451517950514496,0.6076288376695251,0.5632902281176421,0.5632902281176421,0.5632902281176421,0.5632902281176421,0.5632902281176421
1181007043931897857,1.0,0.8388087284358372,0.6662563788489406,0.5688338246053466,0.4526976135597123,0.40394017434099394,0.3535359704247877,0.3535359704247877,0.3535359704247877,0.3535359704247877,0.3535359704247877
1181030618505609217,1.0,0.8759702317022675,0.7251959301846299,0.6352480451353277,0.5181872142073538,0.4682068106672984,0.4143221849017016,0.4143221849017016,0.4143221849017016,0.4143221849017016,0.4143221849017016
1181033164927631361,1.0,0.8840376977604282,0.7376367901177163,0.6557734393525483,0.54195638731958,0.4947378072917774,0.44095564537968124,0.4099338827290112,0.36506680838596806,0.3393671292152838,0.3043541995490544
1181006817832108033,1.0,0.9079280746295704,0.8014547206017094,0.7335704699060024,0.6451405004724214,0.6028096956201727,0.5586502247886074,0.5586502247886074,0.5586502247886074,0.5586502247886074,0.5586502247886074
1181030400237961217,1.0,0.939146245878486,0.859561640840903,0.8092474129027805,0.7357521505374298,0.7014474135573725,0.6623258747555917,0.6623258747555917,0.6623258747555917,0.6623258747555917,0.6623258747555917
1181025829995511809,1.0,0.9338158465707205,0.8439978195181628,0.7922155438267259,0.7165567183233619,0.6811191473762945,0.6392140121549317,0.6392140121549317,0.6392140121549317,0.6392140121549317,0.6392140121549317
1180983569378836481,1.0,0.8877985261844753,0.7513252192700912,0.6749088746628791,0.5727426567144246,0.5274928958070837,0.4768234243864542,0.4768234243864542,0.4768234243864542,0.4768234243864542,0.4768234243864542
1180992824505401345,1.0,0.8952044992153252,0.7640590023180099,0.6901332373465584,0.5874559000653206,0.5449108523363357,0.4951576779884441,0.4951576779884441,0.4951576779884441,0.4951576779884441,0.4951576779884441
1181020725766520833,1.0,0.8604167554340927,0.6927562364047771,0.6110515279142963,0.5041745872814725,0.4614172800426821,0.41274033459977477,0.41274033459977477,0.41274033459977477,0.41274033459977477,0.41274033459977477
1181008540298379265,1.0,0.9156343825972579,0.8045264817498112,0.7441132263451256,0.6590624430347609,0.6217588604389892,0.577309841849175,0.577309841849175,0.577309841849175,0.577309841849175,0.577309841849175
1180980075392860161,1.0,0.8736078821948869,0.7180219538653235,0.6416822041659329,0.5407722924288731,0.49873748724068967,0.45008560205766046,0.45008560205766046,0.45008560205766046,0.45008560205766046,0.45008560205766046
1180998271559434241,1.0,0.9122444910779419,0.7963976299359762,0.7362439633582907,0.6518425274251736,0.6154009070699634,0.5719759433546868,0.5719759433546868,0.5719759433546868,0.5719759433546868,0.5719759433546868
1181011285729738753,1.0,0.8941967234163407,0.7626692094697993,0.6953864014031701,0.6051527977066523,0.5660415650984166,0.5203855060408281,0.5203855060408281,0.5203855060408281,0.5203855060408281,0.5203855060408281
1181008713620783105,1.0,0.8703139404345495,0.7154266032018516,0.6303140719315066,0.5170177657734103,0.46932829656064656,0.41614617031501444,0.41614617031501444,0.41614617031501444,0.41614617031501444,0.41614617031501444
1181030849542586369,1.0,0.9196759191358894,0.8127802655384242,0.7454755945186207,0.653708398511767,0.6115032888377911,0.562698264635858,0.562698264635858,0.562698264635858,0.562698264635858,0.562698264635858
1180998604780732417,1.0,0.6933934720949422,0.4508429515168373,0.33030833211646726,0.22344619911941188,0.18359913779699266,0.14923235200040907,0.14923235200040907,0.14923235200040907,0.14923235200040907,0.14923235200040907
1181018887819788289,1.0,0.9178130746056556,0.813874178358705,0.7497803350722891,0.6582727022105894,0.6157930575752973,0.5684578398827019,0.5684578398827019,0.5684578398827019,0.5684578398827019,0.5684578398827019
1181001214115184641,1.0,0.9412539320956428,0.8612584495522834,0.8117782377668897,0.7381531039495792,0.7034525182441241,0.6623954475159693,0.6623954475159693,0.6623954475159693,0.6623954475159693,0.6623954475159693
1181004278636806145,1.0,0.9322748869459938,0.8449749358392709,0.7915287501417021,0.713486262436382,0.6769221215138549,0.6358100308831701,0.6358100308831701,0.6358100308831701,0.6358100308831701,0.6358100308831701
1180981623123836929,1.0,0.9357579257947662,0.8485115469866693,0.7936619233512646,0.7122918866429367,0.6754807166262702,0.6321804239370321,0.6321804239370321,0.6321804239370321,0.6321804239370321,0.6321804239370321
1181019851993120769,1.0,0.9509630495556073,0.8836814392427491,0.8416932838578413,0.7790843459529637,0.7497087412205714,0.7151418236692478,0.7151418236692478,0.7151418236692478,0.7151418236692478,0.7151418236692478
1181001343169036289,1.0,0.903514447573597,0.7805191236026153,0.7081891979190745,0.6091112462281367,0.5637325641079651,0.5121790798777612,0.5121790798777612,0.5121790798777612,0.5121790798777612,0.5121790798777612
1181011164255158273,1.0,0.9038778074350695,0.7884141301358305,0.7159696327099583,0.6120724249976648,0.5643410067299359,0.5117450511909395,0.47996189481232043,0.4357076723102793,0.4089226659555364,0.37334077744013217
1180983552245006337,1.0,0.92960523697616,0.8381188001253455,0.7840435061951474,0.70635193636852,0.6693732255983522,0.6268910594048012,0.6268910594048012,0.6268910594048012,0.6268910594048012,0.6268910594048012
1181015656140734465,1.0,0.9435282068774045,0.8699582293727655,0.8227564951550848,0.7535060473755736,0.720285770954958,0.6829366028615114,0.6829366028615114,0.6829366028615114,0.6829366028615114,0.6829366028615114
1181003283420872705,1.0,0.6771821177003059,0.42081074163838317,0.2924890356523956,0.18076415582710081,0.139994079253577,0.10798219937367581,0.10798219937367581,0.10798219937367581,0.10798219937367581,0.10798219937367581
1181013231776628737,1.0,0.9216592288451921,0.8309625666948628,0.771272340664415,0.6889228654450347,0.648202540328306,0.6046437493446717,0.5750139749522482,0.5353830044972671,0.5084842641148892,0.4747546561693875
1180985844982874113,1.0,0.8179668094938592,0.6173351904754872,0.5081064891887552,0.37484161700427054,0.32222687316015763,0.268252910698753,0.268252910698753,0.268252910698753,0.268252910698753,0.268252910698753
1180994137837568001,1.0,0.8898795742437408,0.7647300339687343,0.686328099035872,0.582947763313547,0.5376693897433585,0.49056841020180963,0.46039458801067934,0.4193627236236528,0.3933693122535513,0.36011701196675683
1181028426494509057,1.0,0.8349307626528807,0.6525928331519175,0.5458672624457451,0.41236867011373557,0.35563051169803617,0.2977855042589127,0.2977855042589127,0.2977855042589127,0.2977855042589127,0.2977855042589127
1180986253634797569,1.0,0.9314626134209548,0.8358141741898524,0.7787596801552765,0.6944640652813402,0.6564271102099579,0.6107878945056207,0.6107878945056207,0.6107878945056207,0.6107878945056207,0.6107878945056207
1181002844148793345,1.0,0.9111605727502057,0.8003816883026719,0.7385512120973414,0.655445790712245,0.6179885305223572,0.5755341799283566,0.5755341799283566,0.5755341799283566,0.5755341799283566,0.5755341799283566
1180984105957949441,1.0,0.8121296338490853,0.6211803863168819,0.5243196656158463,0.4129063672173986,0.3676185763823585,0.3193417571842616,0.3193417571842616,0.3193417571842616,0.3193417571842616,0.3193417571842616
1181029862688620545,1.0,0.8720369583246984,0.7249910161559744,0.6415143139074644,0.5361959710027571,0.4890289554117442,0.43713641891966715,0.43713641891966715,0.43713641891966715,0.43713641891966715,0.43713641891966715
1180983036798205953,1.0,0.9163373179180754,0.8187029496046698,0.7555591399801646,0.6692553889088444,0.6257757308370858,0.5811766005022145,0.5811766005022145,0.5811766005022145,0.5811766005022145,0.5811766005022145
1180999716173938689,1.0,0.932341567009195,0.8504189735330556,0.795308021759215,0.7208322267004903,0.6842961916228247,0.6447219510905864,0.6447219510905864,0.6447219510905864,0.6447219510905864,0.6447219510905864
1181024287487066113,1.0,0.9129282621839043,0.807422993906896,0.7431994780957436,0.6562349334643549,0.614833177028707,0.5707373978524517,0.5707373978524517,0.5707373978524517,0.5707373978524517,0.5707373978524517
1180987964460040193,1.0,0.9552814321686224,0.8957778388771032,0.8587921809529552,0.8026553536859634,0.7750923581037673,0.743376614586801,0.7234484144416815,0.6941581661002585,0.6757555912411417,0.6502827183186729
1180986017207058433,1.0,0.9013827634166591,0.7803302991403709,0.7065415004010692,0.6044771357988554,0.5573349932038196,0.5071080818347847,0.5071080818347847,0.5071080818347847,0.5071080818347847,0.5071080818347847
1181028375419617281,1.0,0.8635325773014739,0.7017817274428804,0.609583703808015,0.4909194377456707,0.441469944967658,0.3875407531994528,0.3875407531994528,0.3875407531994528,0.3875407531994528,0.3875407531994528
1180980548770004993,1.0,0.9404796730507714,0.8629424331145694,0.8137813428418926,0.7396305322099964,0.7036362716856803,0.6630037784391742,0.6373297769704869,0.5998410126758982,0.5763449778520543,0.5447519956537806
1181006175102664705,1.0,0.792675394207147,0.5705482833383676,0.4534792485872572,0.3222746213666099,0.2755024351695352,0.2283169499564377,0.2283169499564377,0.2283169499564377,0.2283169499564377,0.2283169499564377
1181010542174732289,1.0,0.9362071871192543,0.85472894750489,0.8030862588727875,0.7272948677858017,0.6904066243674227,0.6501236714437518,0.6501236714437518,0.6501236714437518,0.6501236714437518,0.6501236714437518
1180997025713717249,1.0,0.9451344604167731,0.8710652056644412,0.8246756735093821,0.7562078614729819,0.7234728222208345,0.6848580743382541,0.6848580743382541,0.6848580743382541,0.6848580743382541,0.6848580743382541
1181027867425210369,1.0,0.934044410390471,0.8556008633891146,0.8040550314725943,0.7328884821162194,0.6965231174271188,0.6586071972767471,0.6586071972767471,0.6586071972767471,0.6586071972767471,0.6586071972767471
1181014657452965889,1.0,0.9292702416641425,0.8373594723760056,0.7812688185916297,0.6998388408202671,0.6620122026080384,0.6184345434759907,0.6184345434759907,0.6184345434759907,0.6184345434759907,0.6184345434759907
1181023828274348033,1.0,0.9112116592270171,0.8062558417725312,0.7418180113268509,0.6569034040718106,0.6168771723450039,0.5735945336041244,0.5735945336041244,0.5735945336041244,0.5735945336041244,0.5735945336041244
1180983796191625217,1.0,0.893006088880317,0.7697264160616974,0.6953502614573741,0.5976591577622563,0.5531572842214625,0.5057721793810328,0.5057721793810328,0.5057721793810328,0.5057721793810328,0.5057721793810328
1180982993402134529,1.0,0.9258601021184828,0.8270370345573399,0.7677527549825094,0.6810892373154241,0.6411906874911035,0.5955510254088981,0.5955510254088981,0.5955510254088981,0.5955510254088981,0.5955510254088981
1181034247348813825,1.0,0.9163644703928837,0.799001008599215,0.7315546880830012,0.6307856068771331,0.5882573963126501,0.5356520256187496,0.5356520256187496,0.5356520256187496,0.5356520256187496,0.5356520256187496
1181031456072630273,1.0,0.894416677555202,0.7430490515968597,0.6603794874712638,0.5398747468578865,0.49374648842848945,0.4392230755751889,0.4392230755751889,0.4392230755751889,0.4392230755751889,0.4392230755751889
1180988408379473921,1.0,0.7946182312400081,0.5904560864000346,0.48540929052502435,0.36397821927026763,0.3144256029469361,0.2658666621215051,0.2658666621215051,0.2658666621215051,0.2658666621215051,0.2658666621215051
1181032098350956545,1.0,0.9150551228141547,0.8159765156552201,0.7517609690643983,0.6642987608753758,0.6214532687916474,0.5769041947436354,0.5769041947436354,0.5769041947436354,0.5769041947436354,0.5769041947436354
1180979772565159937,1.0,0.651018928176245,0.3830216942374278,0.2630905375479593,0.15496457965512023,0.1206683027082821,0.09180599600565187,0.09180599600565187,0.09180599600565187,0.09180599600565187,0.09180599600565187
1180987931260092417,1.0,0.9375290998487206,0.8532122165992533,0.8000044296012478,0.7218293974057712,0.6859665448087852,0.6438177887043148,0.6438177887043148,0.6438177887043148,0.6438177887043148,0.6438177887043148
1180998205225271297,1.0,0.7996725387770339,0.6041661754500829,0.47518210519974013,0.3440007214069426,0.28951935505181803,0.24035963093990054,0.24035963093990054,0.24035963093990054,0.24035963093990054,0.24035963093990054
1181027858521817089,1.0,0.9075796281908248,0.7950968214898467,0.7331758368120767,0.6506413044079645,0.6134320538909783,0.5708207643266809,0.5708207643266809,0.5708207643266809,0.5708207643266809,0.5708207643266809
1181007022799552513,1.0,0.9019477414680263,0.7812754906372426,0.7086913974097704,0.6106774875880154,0.5652651517798781,0.5150580440017759,0.5150580440017759,0.5150580440017759,0.5150580440017759,0.5150580440017759
1181006461542236161,1.0,0.9309997196348082,0.8441056055496023,0.7907834802382581,0.7163845589110451,0.6811032581292404,0.6423497954031704,0.6423497954031704,0.6423497954031704,0.6423497954031704,0.6423497954031704
1181034020921212929,1.0,0.914501315471762,0.8093981297637882,0.7506630433773862,0.6715151452218125,0.634603158227399,0.5927481697569519,0.5927481697569519,0.5927481697569519,0.5927481697569519,0.5927481697569519
1181024176852664321,1.0,0.8430042677011738,0.6739955990861146,0.5764045037300249,0.452702510306799,0.4000150800605963,0.3436710383602728,0.3089125543858574,0.2627336660997559,0.23522025732669238,0.2014099707531204
1181009278593531905,1.0,0.9091507912522787,0.7902139437703404,0.7205471614350809,0.6205822594416263,0.5772949891044783,0.5259605385220891,0.5259605385220891,0.5259605385220891,0.5259605385220891,0.5259605385220891
1181023247881404417,1.0,0.8387979840509736,0.651174519844248,0.5553160599109632,0.4338386380676531,0.3867390714810228,0.33441470224017955,0.33441470224017955,0.33441470224017955,0.33441470224017955,0.33441470224017955
1181025100701564929,1.0,0.9079607727240349,0.7982041447122237,0.7286282368475413,0.6296163630390339,0.5837926388853064,0.5354597205515708,0.5354597205515708,0.5354597205515708,0.5354597205515708,0.5354597205515708
1181016925564305409,1.0,0.9084806342008465,0.7880858677182356,0.7178010354120724,0.6189440761866443,0.5762745359572408,0.5261586613206516,0.5261586613206516,0.5261586613206516,0.5261586613206516,0.5261586613206516
1180989149643407361,1.0,0.8747661961120161,0.7178654064199436,0.6317639307426439,0.5169222893129964,0.46991875645461656,0.415943552889376,0.415943552889376,0.415943552889376,0.415943552889376,0.415943552889376
1180993779353747457,1.0,0.8047003418401153,0.5855994128636578,0.4777916822512661,0.34443688336578304,0.2927194345454325,0.23986026379854375,0.21136890257889895,0.1737262896210443,0.15288304246020956,0.1263955478008124
1181018954153033729,1.0,0.7073085376056969,0.41731885608138986,0.3134009806404233,0.20159644395294274,0.15998593963895702,0.12105597356822506,0.10146460446116023,0.07724105097246892,0.06479138647371108,0.04971958752815886
1180999230763532289,1.0,0.8538276866645387,0.701681310317648,0.6105108639192467,0.49924842079383125,0.45099745952340853,0.4034004144030112,0.4034004144030112,0.4034004144030112,0.4034004144030112,0.4034004144030112
1181029848557322241,1.0,0.8584922642626475,0.6852762932784074,0.600170049205708,0.4889649076529856,0.4451479045629747,0.39478599461955755,0.39478599461955755,0.39478599461955755,0.39478599461955755,0.39478599461955755
1180996246928130049,1.0,0.6163667247929272,0.30962707613085183,0.18840499284723022,0.08786541370274148,0.060991956541333936,0.03780778805526708,0.03780778805526708,0.03780778805526708,0.03780778805526708,0.03780778805526708
1181001601087176705,1.0,0.9500744053767127,0.8841133132801594,0.8423006581574605,0.7809127673187686,0.7508009603569603,0.7157501539635922,0.7157501539635922,0.7157501539635922,0.7157501539635922,0.7157501539635922
1180983438224719873,1.0,0.9111842916988209,0.7968744407519229,0.7285381287812418,0.6332073515056876,0.5937897162704822,0.5487729328521138,0.5487729328521138,0.5487729328521138,0.5487729328521138,0.5487729328521138
1180999095418847233,1.0,0.5107130362065039,0.2368810939486078,0.13519061824581402,0.06714043703301509,0.04662179199916583,0.031607794210745555,0.031607794210745555,0.031607794210745555,0.031607794210745555,0.031607794210745555
1181019915521753089,1.0,0.8484923310890359,0.6812431205602716,0.594111380559296,0.48741114835938504,0.44097087188076023,0.39236846363108846,0.39236846363108846,0.39236846363108846,0.39236846363108846,0.39236846363108846
1181033588650147841,1.0,0.8997351869046151,0.7852354423668886,0.7134735711918059,0.6194532026747588,0.5742760142125503,0.5292698463838367,0.5292698463838367,0.5292698463838367,0.5292698463838367,0.5292698463838367
1181024338496684033,1.0,0.8931076495004593,0.7750177593833101,0.7001702185704307,0.6040472210712305,0.5595309280519971,0.5141629095109757,0.5141629095109757,0.5141629095109757,0.5141629095109757,0.5141629095109757
1181003398185582593,1.0,0.9397287166710874,0.8661712609625841,0.8160091952361466,0.7434458281939484,0.7058761810460141,0.6659681755074831,0.6392135092616558,0.602765749648033,0.5786807685063997,0.5458719836769417
1181022114966339585,1.0,0.9341749599365083,0.8483497694417603,0.7954261057763226,0.7181775062075775,0.6814024214704797,0.6389928259325901,0.6389928259325901,0.6389928259325901,0.6389928259325901,0.6389928259325901
1181032464640245761,1.0,0.9533435978684961,0.8931923290591147,0.8534524062610584,0.7955693076466827,0.7665072626204095,0.7335084162841838,0.7335084162841838,0.7335084162841838,0.7335084162841838,0.7335084162841838
1181011252240809985,1.0,0.8922964278427593,0.7490513600657136,0.6738444063334782,0.5703429502322901,0.528515190816301,0.4786685104715468,0.4786685104715468,0.4786685104715468,0.4786685104715468,0.4786685104715468
1181029365274935297,1.0,0.8801937382534297,0.7499615997637599,0.6714917432786561,0.5739973085283605,0.5295220231880444,0.48617717942604466,0.48617717942604466,0.48617717942604466,0.48617717942604466,0.48617717942604466
1181003121747099649,1.0,0.8918746256244664,0.7493826249687912,0.6728065435750972,0.565142358110312,0.5238826845323121,0.47279376740661183,0.47279376740661183,0.47279376740661183,0.47279376740661183,0.47279376740661183
1180994001588060161,1.0,0.9188442419398104,0.8133391167938251,0.7492666263950991,0.6599452739270197,0.6197672372123503,0.5738922225280584,0.5738922225280584,0.5738922225280584,0.5738922225280584,0.5738922225280584
1181007399935016961,1.0,0.8876784662701267,0.7383449635472445,0.6591931249622704,0.5452668896405394,0.4981616393836802,0.440467003028863,0.440467003028863,0.440467003028863,0.440467003028863,0.440467003028863
1181023854765408257,1.0,0.9025734645897514,0.7721352107519801,0.6981726916011184,0.5924863609950486,0.5479821172166717,0.49764877949273467,0.4682298903132114,0.4260134766314413,0.4010611076687246,0.36690823201987655
1181008243793428481,1.0,0.825173214395692,0.6035256827264426,0.5022943496094445,0.3751381031163319,0.3298559659959073,0.2729225142149272,0.2729225142149272,0.2729225142149272,0.2729225142149272,0.2729225142149272
1180994218433380353,1.0,0.8790408188642161,0.746878487316929,0.6680676835213235,0.5680229221118798,0.5230725257536245,0.4780797081502479,0.4780797081502479,0.4780797081502479,0.4780797081502479,0.4780797081502479
1181032368494280705,1.0,0.8092102554738453,0.6256039442799903,0.5169395505093035,0.39850899094562087,0.34797663999992645,0.3033853765787279,0.3033853765787279,0.3033853765787279,0.3033853765787279,0.3033853765787279
1180983984360259585,1.0,0.9190002819818603,0.8147048752227584,0.7543702140593982,0.6698066472078835,0.6308446285213894,0.5867620079960663,0.5587033721046488,0.5184506690460944,0.49290347681052393,0.4588761314186258
1181002582232530945,1.0,0.9593057538242186,0.9043822047594037,0.8677924393704672,0.8127962981791879,0.7850766941118369,0.7522808790680393,0.7522808790680393,0.7522808790680393,0.7522808790680393,0.7522808790680393
1181005461588541441,1.0,0.9330514445382798,0.8491545306697508,0.7954768666716013,0.7203368881124459,0.683734838637412,0.6432168224575928,0.6432168224575928,0.6432168224575928,0.6432168224575928,0.6432168224575928
1181000535774658561,1.0,0.9072591590064255,0.7963199043145995,0.7273058202422558,0.6318745619560976,0.5855893511324758,0.5359184263694765,0.5359184263694765,0.5359184263694765,0.5359184263694765,0.5359184263694765
1181007040513343489,1.0,0.9122738756158654,0.8022904123176624,0.7364857618745988,0.6455858240932422,0.6040939820461153,0.557708240540123,0.557708240540123,0.557708240540123,0.557708240540123,0.557708240540123
1180990495529795585,1.0,0.8564716478879397,0.70129950728738,0.610053199096027,0.4982837776359761,0.44740300846098935,0.39736810506355924,0.39736810506355924,0.39736810506355924,0.39736810506355924,0.39736810506355924
1180986338553331713,1.0,0.9040428329989678,0.7851225119084565,0.715906359990618,0.6221370567458513,0.5800031173713018,0.5335908326148945,0.5335908326148945,0.5335908326148945,0.5335908326148945,0.5335908326148945
1180982577363124225,1.0,0.9084011603554394,0.800648322512248,0.7331335190415813,0.6425449335143419,0.5988174012413394,0.5520551964355198,0.5520551964355198,0.5520551964355198,0.5520551964355198,0.5520551964355198
1181014648419254273,1.0,0.9348545898307737,0.8405475985184602,0.784785372874351,0.698836113980828,0.6612089397569476,0.614927861293406,0.614927861293406,0.614927861293406,0.614927861293406,0.614927861293406
1181020807233110017,1.0,0.9537143908004941,0.8921565543929193,0.8532013643387238,0.7956078354138872,0.7672535786292551,0.7339898357850583,0.7339898357850583,0.7339898357850583,0.7339898357850583,0.7339898357850583
1181024753315151873,1.0,0.910584438839276,0.8071996023815621,0.7387262835216053,0.6452170970426749,0.602366352943755,0.5586230803582402,0.5586230803582402,0.5586230803582402,0.5586230803582402,0.5586230803582402
1181017196514836481,1.0,0.8958290608481753,0.7762019250790749,0.7023092888597229,0.6076176121870132,0.5636176802002073,0.5180917937153554,0.5180917937153554,0.5180917937153554,0.5180917937153554,0.5180917937153554
1181019705774276609,1.0,0.920190070501177,0.8200850603390024,0.7584803075737108,0.6677030231258383,0.62605606722737,0.5805232491998147,0.5805232491998147,0.5805232491998147,0.5805232491998147,0.5805232491998147
1180990606194311169,1.0,0.9452724489361419,0.878058031139323,0.8314100162520306,0.7622208474763033,0.7267597095883198,0.6888089946402777,0.6631636446589351,0.6277119941150731,0.60414405903488,0.5739551658744195
1181030180359700481,1.0,0.9184959716612582,0.8183974845462931,0.7584003288988925,0.6763896568858034,0.639159340457294,0.5994421656141506,0.5994421656141506,0.5994421656141506,0.5994421656141506,0.5994421656141506
1180984574009835521,1.0,0.8547479633198802,0.7064747019949628,0.6116126491821061,0.5009939414058672,0.45132994307980867,0.40413692123260714,0.40413692123260714,0.40413692123260714,0.40413692123260714,0.40413692123260714
1181018456678400001,1.0,0.9398363176843316,0.8598332972125516,0.8107534177728271,0.7392472383464317,0.7055513718028922,0.6671726262544851,0.6671726262544851,0.6671726262544851,0.6671726262544851,0.6671726262544851
1181032006365184001,1.0,0.9207462808152644,0.8223458550200742,0.7594648454128224,0.669039512340968,0.6258092064408429,0.5796990610543089,0.5796990610543089,0.5796990610543089,0.5796990610543089,0.5796990610543089
1180982028133990401,1.0,0.8354378237114104,0.6324486870527841,0.5306762326271964,0.40498875903221443,0.36091170890027313,0.3132994901467576,0.3132994901467576,0.3132994901467576,0.3132994901467576,0.3132994901467576
1181007492658626561,1.0,0.8770812798329135,0.7399240558702529,0.657195031870138,0.5514598386743624,0.5039845484997959,0.4552970938478984,0.4552970938478984,0.4552970938478984,0.4552970938478984,0.4552970938478984
1181034953372827649,1.0,0.7552074326254132,0.5353599165161671,0.41847348556127106,0.29764668008588335,0.24980145087459382,0.20437430889726838,0.20437430889726838,0.20437430889726838,0.20437430889726838,0.20437430889726838
1181027186852724737,1.0,0.9455183030268953,0.8707552920167141,0.8243851231576883,0.7548888510391728,0.7218545958678598,0.6829106903884464,0.6829106903884464,0.6829106903884464,0.6829106903884464,0.6829106903884464
1180981368819843073,1.0,0.8930905350791571,0.7547690085191998,0.6757659393295293,0.5644020992900691,0.5168085054410263,0.46022964248407305,0.46022964248407305,0.46022964248407305,0.46022964248407305,0.46022964248407305
1181030485444591617,1.0,0.8372339033159732,0.6619771150618368,0.5672735331956732,0.45038933308269025,0.4019861850330161,0.3506572500967847,0.3506572500967847,0.3506572500967847,0.3506572500967847,0.3506572500967847
1181009435783692289,1.0,0.9062332136532883,0.7962976434699807,0.7260080410175107,0.6341535821236316,0.5902873871595257,0.5455637299924363,0.5455637299924363,0.5455637299924363,0.5455637299924363,0.5455637299924363
1181026060746620929,1.0,0.7987148114582396,0.5998918710224976,0.4910030396269167,0.36306025419566523,0.3111795210215629,0.26331550989544494,0.26331550989544494,0.26331550989544494,0.26331550989544494,0.26331550989544494
1180991763960987649,1.0,0.9014218204359307,0.7706517727725157,0.7005496824609531,0.6004241840761181,0.5596633891900328,0.5101971335318886,0.5101971335318886,0.5101971335318886,0.5101971335318886,0.5101971335318886
1180998533768118273,1.0,0.9458103927159981,0.8761625779259424,0.8328489345855793,0.7686329416946598,0.7356833061441628,0.6985334503927965,0.6745506042920739,0.6403691208134008,0.6184539308487007,0.5892320143456571
1181031700793655297,1.0,0.8759144558735387,0.733142388278043,0.6482009587599564,0.5368398619260857,0.48908506347492164,0.4374202971015778,0.4374202971015778,0.4374202971015778,0.4374202971015778,0.4374202971015778
1181000147349667841,1.0,0.9180415229049719,0.8039524437821897,0.7410649837159045,0.648697653189032,0.6087770148217149,0.5604992537418325,0.5604992537418325,0.5604992537418325,0.5604992537418325,0.5604992537418325
1180990981362352129,1.0,0.8919232956033731,0.7654478547492646,0.6910648183488995,0.5937373558959529,0.5493080107145508,0.5002469239711895,0.5002469239711895,0.5002469239711895,0.5002469239711895,0.5002469239711895
1180996914305925121,1.0,0.9329396190984249,0.8544083154971869,0.7998226165551854,0.7251509911762959,0.686659969675559,0.647358017944417,0.647358017944417,0.647358017944417,0.647358017944417,0.647358017944417
1181005120333283329,1.0,0.8942339879324303,0.7725503137979173,0.7007786093415022,0.6069145513532526,0.5641058494784532,0.5187528085450981,0.5187528085450981,0.5187528085450981,0.5187528085450981,0.5187528085450981
1180981861036687361,1.0,0.8415707709143244,0.6752469227105383,0.5735599001747141,0.45613045230577676,0.4063054769485134,0.35762687166427143,0.35762687166427143,0.35762687166427143,0.35762687166427143,0.35762687166427143
1180986279058735105,1.0,0.9170658892895379,0.798208431992234,0.7322693431048926,0.632849102914783,0.5906972198635543,0.5371483031044264,0.5371483031044264,0.5371483031044264,0.5371483031044264,0.5371483031044264
1180998201384992769,1.0,0.8802697078121837,0.7327337386104632,0.6460914041999853,0.5321805810403134,0.4821856798362588,0.4283116831834164,0.4283116831834164,0.4283116831834164,0.4283116831834164,0.4283116831834164
1180985599710953473,1.0,0.8716023830985984,0.726556546295974,0.6459030733057849,0.5390584625508414,0.4916543989681491,0.4412495277469626,0.4412495277469626,0.4412495277469626,0.4412495277469626,0.4412495277469626
1181001329651089409,1.0,0.8088107317772562,0.6125237083324979,0.5124366511333263,0.3978827106018221,0.35241666103753877,0.30648708094618793,0.30648708094618793,0.30648708094618793,0.30648708094618793,0.30648708094618793
1180997853419831297,1.0,0.9056829661756672,0.7901444881819628,0.7173919300044402,0.6190506234103439,0.5728450951818012,0.5221675989543102,0.5221675989543102,0.5221675989543102,0.5221675989543102,0.5221675989543102
1180981785507987457,1.0,0.7847305523420525,0.5870612175134429,0.46412238332807987,0.3465528985589089,0.293244048275642,0.24681867519023826,0.24681867519023826,0.24681867519023826,0.24681867519023826,0.24681867519023826
1181012340295008257,1.0,0.7578214983249683,0.5394552376736924,0.4133282250410224,0.2848550847959678,0.23651492139606978,0.19520840046037335,0.19520840046037335,0.19520840046037335,0.19520840046037335,0.19520840046037335
1181031109557387265,1.0,0.9502294777554701,0.8834431134837686,0.8412758617999849,0.7794328356249879,0.749363155942918,0.7146938200058135,0.7146938200058135,0.7146938200058135,0.7146938200058135,0.7146938200058135
1181024507627929601,1.0,0.8959243075359083,0.7655528793836105,0.6886406819936612,0.5774712116994594,0.5289903738308844,0.4719458181883025,0.4390046403034831,0.3908940410349262,0.3634177421744563,0.3255197282425737
1181005178344669185,1.0,0.8426937564279563,0.6569707454133442,0.5571950151534086,0.43139825326998826,0.38212133028233775,0.3266834744489231,0.3266834744489231,0.3266834744489231,0.3266834744489231,0.3266834744489231
1180992820019429377,1.0,0.9220761901563572,0.814754618288912,0.7520543348353764,0.6614744573358013,0.6227505516655358,0.5756242994733691,0.5756242994733691,0.5756242994733691,0.5756242994733691,0.5756242994733691
1181000607457542145,1.0,0.9623284520874782,0.9142538776399319,0.8815066429624249,0.8335003219430424,0.8083399803111994,0.7796581491922278,0.7609646041606326,0.7338919590262492,0.7162429288306051,0.6914578569087411
1180986604699222017,1.0,0.8238419342651825,0.6314886160003212,0.5346019231534975,0.4188541025100472,0.37380821475787307,0.32620186477244395,0.32620186477244395,0.32620186477244395,0.32620186477244395,0.32620186477244395
1181034734148517889,1.0,0.941485617911453,0.8656042923235611,0.8172591312917215,0.7476214804825307,0.7137081420761224,0.6755074624267893,0.6755074624267893,0.6755074624267893,0.6755074624267893,0.6755074624267893
1181005966355333121,1.0,0.87060543226702,0.7278214925717084,0.6412983381340789,0.5343549263478786,0.48595359411310357,0.4368432204695598,0.4368432204695598,0.4368432204695598,0.4368432204695598,0.4368432204695598
1180997791278465025,1.0,0.935976876803336,0.8528342688952142,0.8014559359021188,0.7282147823553743,0.6922369835387205,0.6515460896478759,0.6515460896478759,0.6515460896478759,0.6515460896478759,0.6515460896478759
1180981237507489793,1.0,0.9014478370963089,0.7844319504030206,0.7147357965890813,0.6221038092931002,0.58061153524774,0.5347103074843409,0.5347103074843409,0.5347103074843409,0.5347103074843409,0.5347103074843409
1181030582464741377,1.0,0.6754534014895248,0.440039438422017,0.3077872978188356,0.19553292901628727,0.15425384456899804,0.1244376760906204,0.1244376760906204,0.1244376760906204,0.1244376760906204,0.1244376760906204
1180979742236770305,1.0,0.8831453299116656,0.7503454879683454,0.673265350753146,0.5743560298001864,0.5297064340964992,0.4823878077407645,0.4823878077407645,0.4823878077407645,0.4823878077407645,0.4823878077407645
1181024279744741377,1.0,0.9084555287513325,0.8006767843087041,0.7336783033832831,0.6434482865974314,0.5998378866459125,0.5528205557317298,0.5528205557317298,0.5528205557317298,0.5528205557317298,0.5528205557317298
1181028153670860801,1.0,0.905992695578288,0.7939135176799903,0.7258193072631991,0.6360722668206004,0.5949915884350925,0.5507092354464321,0.5507092354464321,0.5507092354464321,0.5507092354464321,0.5507092354464321
1180990800556982273,1.0,0.9360743569356516,0.8490346100509291,0.7945498374544484,0.7166593018308979,0.6793728049021839,0.6350875312589371,0.6350875312589371,0.6350875312589371,0.6350875312589371,0.6350875312589371
1181008742592512001,1.0,0.5599605086780923,0.3000089296453885,0.19020022608970688,0.10761554892256875,0.07986156760146779,0.05805975339256342,0.05805975339256342,0.05805975339256342,0.05805975339256342,0.05805975339256342
1181029180435988481,1.0,0.8818131541313631,0.7388938548300543,0.6572034920132119,0.5475460935032497,0.5011094995046608,0.44992562275499604,0.44992562275499604,0.44992562275499604,0.44992562275499604,0.44992562275499604
1180979977215115265,1.0,0.9535763335028695,0.8966485624671098,0.8565615486644123,0.7969244494251762,0.7652465379670852,0.7306939263139499,0.7071439423188163,0.6749590819315563,0.6531053137637777,0.6249018573704244
1181032986930053121,1.0,0.9279595633485255,0.8389650661392671,0.7830213314930583,0.7056229612649731,0.6675961345876609,0.625696302847518,0.625696302847518,0.625696302847518,0.625696302847518,0.625696302847518
1181035345926651905,1.0,0.839234039604967,0.6571100000828429,0.5674882964192874,0.457722824397223,0.41470924871557857,0.3675361080016746,0.3675361080016746,0.3675361080016746,0.3675361080016746,0.3675361080016746
1181035036515762177,1.0,0.9218995980118007,0.8222711961684359,0.7610745205262015,0.6730473992418905,0.6323995876884674,0.5862337112877178,0.5578933333435027,0.5171740784955241,0.4919555795588858,0.45673803210425046
1180989276083060737,1.0,0.9045412212161383,0.7880437843884768,0.7185193686920262,0.6273986659057227,0.5871049109760005,0.5423957413402418,0.5423957413402418,0.5423957413402418,0.5423957413402418,0.5423957413402418
1181000072690204673,1.0,0.9354010166027219,0.8567914683613282,0.8047887981239772,0.7324474781565009,0.6968223454315654,0.6595877910795291,0.6348318345799624,0.6005389628781665,0.5779370279860927,0.5486237779099583
1180988755731611649,1.0,0.8833615234495742,0.7589224882195569,0.6793098118990515,0.5789248875770301,0.5331658785907647,0.4878600576565354,0.4878600576565354,0.4878600576565354,0.4878600576565354,0.4878600576565354
1181025370588086273,1.0,0.9090933932350787,0.7951369958284557,0.727870156810321,0.6349208132775647,0.5924161391235765,0.5451190987040901,0.5451190987040901,0.5451190987040901,0.5451190987040901,0.5451190987040901
1181019306314661889,1.0,0.89850212550729,0.7729164816999311,0.6987683567949134,0.6009357372354742,0.5574316172708814,0.5081650377153812,0.5081650377153812,0.5081650377153812,0.5081650377153812,0.5081650377153812
1181018078319181825,1.0,0.9308500647394345,0.8421277995308727,0.7872192323353735,0.7106808209466469,0.6745349365384735,0.6346953332857497,0.6346953332857497,0.6346953332857497,0.6346953332857497,0.6346953332857497
1181019323608137729,1.0,0.9048697523324468,0.7824524402662175,0.7093904547076582,0.6093310156680036,0.5651504872714912,0.5144837539328618,0.5144837539328618,0.5144837539328618,0.5144837539328618,0.5144837539328618
1181035110625935361,1.0,0.6056218050983255,0.32932870745491627,0.21257711728979145,0.11842476691908321,0.08848914564415722,0.06494823840775721,0.06494823840775721,0.06494823840775721,0.06494823840775721,0.06494823840775721
1181012060212002817,1.0,0.9349998275438798,0.85156887005688,0.799957840759896,0.7229292431284209,0.6871144682358306,0.6469559226630248,0.6469559226630248,0.6469559226630248,0.6469559226630248,0.6469559226630248
1180988451290120193,1.0,0.8655805298023833,0.6940049500149509,0.6022800650432447,0.48109226774545566,0.4341335273654784,0.3813937805524773,0.3813937805524773,0.3813937805524773,0.3813937805524773,0.3813937805524773
1180998315180359681,1.0,0.8470988562478743,0.6822090931797908,0.5919860400036362,0.47984951552663413,0.43244032401101395,0.382480030134573,0.382480030134573,0.382480030134573,0.382480030134573,0.382480030134573
1181031219288178689,1.0,0.8753312805513306,0.7046282903786809,0.6179537333737333,0.4987442617553377,0.450317488937947,0.39389644919016453,0.39389644919016453,0.39389644919016453,0.39389644919016453,0.39389644919016453
1180990732414779393,1.0,0.8707404494360576,0.7147457311557786,0.6313264178372193,0.5165525209923345,0.4706768813196762,0.4188744044459214,0.4188744044459214,0.4188744044459214,0.4188744044459214,0.4188744044459214
1181019861576417281,1.0,0.9222136636481053,0.804574379559527,0.7408645414956652,0.6475186206433277,0.6057547427946555,0.5552285903790475,0.5552285903790475,0.5552285903790475,0.5552285903790475,0.5552285903790475
1180988485553717249,1.0,0.9104274672677348,0.795270961361872,0.7287689360837766,0.6329869443572738,0.5902084582006226,0.5425304323327107,0.5425304323327107,0.5425304323327107,0.5425304323327107,0.5425304323327107
1181027420150693889,1.0,0.9348840614970146,0.8510657060709119,0.8017303037578605,0.7299450934696449,0.6961656092509313,0.6573877514185809,0.6573877514185809,0.6573877514185809,0.6573877514185809,0.6573877514185809
1180992246014083073,1.0,0.8980027075024636,0.7754807717366338,0.7027621728589526,0.5990717936068667,0.5531172608905565,0.5005743182898277,0.46872467034295484,0.42284498683842064,0.3963499742008554,0.3593230745951985
1180984507225505793,1.0,0.9083572492006458,0.7937797073518512,0.7288491689005074,0.6370573352081188,0.5935831072188227,0.5456046913662425,0.5456046913662425,0.5456046913662425,0.5456046913662425,0.5456046913662425
1180980185962053633,1.0,0.8912166911681736,0.734304054385273,0.6546835365765457,0.5420282044129264,0.4982099541359851,0.444912393513446,0.444912393513446,0.444912393513446,0.444912393513446,0.444912393513446
1181025481997254657,1.0,0.9187014241508937,0.8056018975784718,0.744255763506354,0.6558736484327323,0.6171136784451634,0.5707167916405445,0.5707167916405445,0.5707167916405445,0.5707167916405445,0.5707167916405445
1180986216952659969,1.0,0.9537460194513051,0.8899290055564828,0.851374954343065,0.7912955295870931,0.7623244248273082,0.7275941535456546,0.7275941535456546,0.7275941535456546,0.7275941535456546,0.7275941535456546
1180981514813898753,1.0,0.9008987975305905,0.7589996141374631,0.6792100914832812,0.5632427675885823,0.5156588230338782,0.45984950009586556,0.45984950009586556,0.45984950009586556,0.45984950009586556,0.45984950009586556
1180984101829246977,1.0,0.6944755553821303,0.4493710542702055,0.32398664267969235,0.20817092255621428,0.17023159556620848,0.1383295472781395,0.1383295472781395,0.1383295472781395,0.1383295472781395,0.1383295472781395
1181025600631046145,1.0,0.85317660320019,0.6862316500617553,0.6007435350643903,0.4896171285001295,0.4476397815585522,0.40210812233639226,0.40210812233639226,0.40210812233639226,0.40210812233639226,0.40210812233639226
1181035595584143361,1.0,0.8933764250605912,0.7574579619503954,0.6848673668815196,0.5811520603946224,0.5303817444250567,0.4723116065800388,0.4723116065800388,0.4723116065800388,0.4723116065800388,0.4723116065800388
1180990925127221249,1.0,0.8900206793060793,0.7587355383691343,0.6865368581077361,0.5862080189181553,0.5422380347566162,0.493685274675125,0.493685274675125,0.493685274675125,0.493685274675125,0.493685274675125
1181004274021629953,1.0,0.9397775885556648,0.8560464359470201,0.8091792391599473,0.7371698798936028,0.7034851950803642,0.6631552252568906,0.6631552252568906,0.6631552252568906,0.6631552252568906,0.6631552252568906
1181026316920815617,1.0,0.7633703717615234,0.5375075956023808,0.43037827533443185,0.3093565189373926,0.26782315734037276,0.2265742479956414,0.2265742479956414,0.2265742479956414,0.2265742479956414,0.2265742479956414
1180995807655067649,1.0,0.9260524588592314,0.8290709004941392,0.7725702123909108,0.6899956310246613,0.651268790361517,0.6077621302734859,0.6077621302734859,0.6077621302734859,0.6077621302734859,0.6077621302734859
1180984862224384001,1.0,0.8989801250852509,0.7705608251695998,0.6992183028539172,0.5960408049301178,0.5519259962396265,0.5036548884238365,0.5036548884238365,0.5036548884238365,0.5036548884238365,0.5036548884238365
1180979768311054337,1.0,0.7376107514528455,0.49681769938068177,0.3817933172893685,0.25611733896865074,0.21315452583063943,0.17046962968336,0.17046962968336,0.17046962968336,0.17046962968336,0.17046962968336
1180982456564056065,1.0,0.9175126846961165,0.814064098950677,0.7546944857920851,0.6686646429255021,0.6296191492559684,0.5849404040697859,0.5849404040697859,0.5849404040697859,0.5849404040697859,0.5849404040697859
1180981618768609281,1.0,0.9371947394441256,0.8461553882874855,0.7930746626868194,0.712769888189004,0.6763118824813645,0.6301681388562906,0.6042253866282739,0.5625515348107601,0.5397507086302473,0.504169351565284
1181009153085734913,1.0,0.9208344326284023,0.818361556634821,0.7585490329123868,0.668494130932903,0.6279506910133499,0.5817821262695767,0.5817821262695767,0.5817821262695767,0.5817821262695767,0.5817821262695767
1181021554994642945,1.0,0.6031886455560205,0.3478388942773316,0.23801743607589665,0.14542465354648682,0.11314056740352552,0.08780824059600789,0.08780824059600789,0.08780824059600789,0.08780824059600789,0.08780824059600789
1181018883432022017,1.0,0.9280930597851387,0.8370823448962801,0.78289606824795,0.7041342203068365,0.6672196634425946,0.6264156232803628,0.6264156232803628,0.6264156232803628,0.6264156232803628,0.6264156232803628
1180981009399971841,1.0,0.966388852189116,0.9168892553405883,0.8873243034669078,0.8412448329228909,0.8180825198248904,0.790257851124894,0.790257851124894,0.790257851124894,0.790257851124894,0.790257851124894
1180990228642496513,1.0,0.8289441012613867,0.6355656848392107,0.5426107926785086,0.4198982596073717,0.3713402236542084,0.31850210680599433,0.31850210680599433,0.31850210680599433,0.31850210680599433,0.31850210680599433
1181024787063373825,1.0,0.9017685619510798,0.7755752801442286,0.7056139784236366,0.6041905081288477,0.559713474837551,0.5097953817218721,0.5097953817218721,0.5097953817218721,0.5097953817218721,0.5097953817218721
1180981830031278081,1.0,0.9170305661298965,0.8112589505885617,0.7527913360760321,0.6667915426657043,0.6288911295977073,0.5850864965696014,0.5850864965696014,0.5850864965696014,0.5850864965696014,0.5850864965696014
1180985673306865665,1.0,0.8625922778157533,0.695820239856262,0.6111708904633415,0.4976098048991403,0.4511622035068217,0.40039496541068753,0.40039496541068753,0.40039496541068753,0.40039496541068753,0.40039496541068753
1181007686337757185,1.0,0.8556926004735679,0.6891544838208774,0.6015095668357768,0.4847786262236474,0.4354291028351457,0.38368181180491334,0.38368181180491334,0.38368181180491334,0.38368181180491334,0.38368181180491334
1180983031699275777,1.0,0.9277391775620643,0.8373314236771436,0.7790535754565764,0.6943958186881279,0.6548419868342077,0.6073530929605764,0.5773151124368698,0.5337961892505113,0.5076506808911379,0.47058530577349156
1181004034653192193,1.0,0.8746101765081155,0.7250007954841816,0.6429991953324529,0.5305873313098679,0.4855037554317331,0.4364522466067583,0.4364522466067583,0.4364522466067583,0.4364522466067583,0.4364522466067583
1180984927977537537,1.0,0.8712381718788929,0.7162950962897767,0.6319690263316674,0.5137285378486797,0.4646647303916429,0.41121604305472215,0.41121604305472215,0.41121604305472215,0.41121604305472215,0.41121604305472215
1181022127356641281,1.0,0.9352013932516168,0.8501448836584132,0.7986977225662357,0.7233344443272098,0.6860633148579279,0.6445627130158674,0.6445627130158674,0.6445627130158674,0.6445627130158674,0.6445627130158674
1181022508682444801,1.0,0.9289586049910608,0.8349623716673035,0.7789212124108409,0.6976105365111729,0.659226547843566,0.6152951951599264,0.6152951951599264,0.6152951951599264,0.6152951951599264,0.6152951951599264
1180999089319182337,1.0,0.812087542487576,0.623173217389078,0.5242859938235762,0.4045967677650397,0.3539072452550748,0.3036328741510569,0.3036328741510569,0.3036328741510569,0.3036328741510569,0.3036328741510569
1181024990423908353,1.0,0.9126430465329067,0.8067517672349522,0.7452736540533798,0.6579293674341471,0.6188941516087376,0.5748321892443808,0.5748321892443808,0.5748321892443808,0.5748321892443808,0.5748321892443808
1181035513117540353,1.0,0.9215090506537978,0.8078722666028488,0.7458208175135774,0.6510329246726377,0.608733017359584,0.5590269580029983,0.5590269580029983,0.5590269580029983,0.5590269580029983,0.5590269580029983
1181003278941683713,1.0,0.770975059512824,0.5491035025040815,0.4358926234728491,0.3059231550815128,0.2586500725865932,0.21383616117697946,0.21383616117697946,0.21383616117697946,0.21383616117697946,0.21383616117697946
1180994251504812033,1.0,0.8558010182719036,0.7060453370720703,0.6258571380039114,0.521831420805402,0.4770691165927673,0.42975550148971964,0.42975550148971964,0.42975550148971964,0.42975550148971964,0.42975550148971964
1180995600650502145,1.0,0.8669058762082167,0.7100155767384987,0.6226245103999277,0.5073969336197046,0.4593615537751893,0.4089246483599569,0.4089246483599569,0.4089246483599569,0.4089246483599569,0.4089246483599569
1180996809321119745,1.0,0.8878581282370818,0.7497576758407747,0.675425295400073,0.5757399326738047,0.5313430169478617,0.4816183083314153,0.4816183083314153,0.4816183083314153,0.4816183083314153,0.4816183083314153
1180985655883530241,1.0,0.9127156544001696,0.7890948404252531,0.7229553286735865,0.624622602427412,0.5813235170997545,0.5300770644081261,0.5300770644081261,0.5300770644081261,0.5300770644081261,0.5300770644081261
1181011036554395649,1.0,0.9335024899637832,0.8448948838394439,0.7939776716818451,0.7188272283723462,0.6833881829890234,0.6428724126420362,0.6428724126420362,0.6428724126420362,0.6428724126420362,0.6428724126420362
1180991695432122369,1.0,0.9211292808514916,0.8210306702007735,0.763863755390485,0.679977062132284,0.6405705902809045,0.5943621130317944,0.5943621130317944,0.5943621130317944,0.5943621130317944,0.5943621130317944
1181029144398168065,1.0,0.8575361548264532,0.7033468362097103,0.6174724516087081,0.5108071797205398,0.4650383530417489,0.4186692499302692,0.4186692499302692,0.4186692499302692,0.4186692499302692,0.4186692499302692
1181028082721882113,1.0,0.8760437555707774,0.7259346531422791,0.6448116073338782,0.5345617978673886,0.4876073531604881,0.4370091901272346,0.4370091901272346,0.4370091901272346,0.4370091901272346,0.4370091901272346
1180987927065952257,1.0,0.8998459881194708,0.7544589803827897,0.6822586551683123,0.5742636387415583,0.5320854680824889,0.4802400204598708,0.4802400204598708,0.4802400204598708,0.4802400204598708,0.4802400204598708
1181015169248788481,1.0,0.9544086834641519,0.8901017923383746,0.8530473520888814,0.7952053039084179,0.767530245782581,0.7343638540504267,0.7343638540504267,0.7343638540504267,0.7343638540504267,0.7343638540504267
1181000118569730049,1.0,0.8764167371870191,0.7404986577085022,0.6653835510176562,0.5640009355093005,0.5215702130591041,0.4763749903315124,0.4763749903315124,0.4763749903315124,0.4763749903315124,0.4763749903315124
1181028849569529857,1.0,0.9240311924697936,0.8294843224255821,0.773344229861199,0.6913465417576964,0.6514168332577593,0.6059109345899718,0.6059109345899718,0.6059109345899718,0.6059109345899718,0.6059109345899718
1180999558533152769,1.0,0.9566865226302543,0.8951992142297689,0.8575226328862191,0.7975320017971763,0.769100128334643,0.7341357165787781,0.7137714959310281,0.6810674702037922,0.662538414995306,0.6332749467642979
1180987784362754049,1.0,0.9323220168468815,0.8472636911319111,0.7954092355641604,0.7200393437089082,0.683935328956021,0.6430212279468047,0.6430212279468047,0.6430212279468047,0.6430212279468047,0.6430212279468047
1180999971510091777,1.0,0.9266312351534456,0.8303883935954228,0.7756911392772292,0.6961100103753526,0.659498185012021,0.6174705191984663,0.6174705191984663,0.6174705191984663,0.6174705191984663,0.6174705191984663
1181012982764273665,1.0,0.8977982170803609,0.7427312449322492,0.6647366718868277,0.546157569018143,0.49933612213111345,0.43787475892280525,0.43787475892280525,0.43787475892280525,0.43787475892280525,0.43787475892280525
1181030468216881153,1.0,0.922420899427113,0.8239670659544063,0.7659626791316454,0.6818854282110096,0.6425979438467202,0.5988243350579731,0.5988243350579731,0.5988243350579731,0.5988243350579731,0.5988243350579731
1180993874403885057,1.0,0.9360196589398482,0.8517620825438594,0.8012472413531178,0.7278767814654608,0.6930823012193494,0.6532790373388206,0.6532790373388206,0.6532790373388206,0.6532790373388206,0.6532790373388206
1180985106107203585,1.0,0.9312881341752974,0.8440134857771568,0.7933654452705987,0.7197416865292402,0.6846207971040927,0.6450236082775183,0.6450236082775183,0.6450236082775183,0.6450236082775183,0.6450236082775183
1181003138879455233,1.0,0.9224699958407976,0.8252372455803925,0.7674561992596505,0.6845297554277476,0.6452249127806742,0.6025866977607177,0.6025866977607177,0.6025866977607177,0.6025866977607177,0.6025866977607177
1180989078789390337,1.0,0.9608343539946209,0.9034929459097171,0.8681229323851751,0.812994963252301,0.786597463603294,0.7542531056642037,0.7355375034598705,0.7055502006981753,0.6884860198865759,0.6616825114709045
1181025567205359617,1.0,0.9345363739586261,0.8425953989227006,0.7914661423959423,0.7135621513058519,0.6777391376343858,0.6340327466690352,0.6340327466690352,0.6340327466690352,0.6340327466690352,0.6340327466690352
1181000385973125121,1.0,0.8866287496895735,0.7509479318433466,0.6740504018603362,0.5657109931803218,0.5196213970500105,0.47068060859630423,0.47068060859630423,0.47068060859630423,0.47068060859630423,0.47068060859630423
1181004097344208897,1.0,0.9168009321646481,0.8009280940615725,0.738420215697825,0.6475365786144053,0.6098603633896588,0.5653414224835048,0.5653414224835048,0.5653414224835048,0.5653414224835048,0.5653414224835048
1181000364162351105,1.0,0.8949882728924146,0.7550703972844741,0.6814062117280472,0.5743261666125079,0.5303668541516571,0.47944168995241976,0.47944168995241976,0.47944168995241976,0.47944168995241976,0.47944168995241976
1181010568825438209,1.0,0.8886545028444222,0.7524289557639519,0.6771398291401718,0.5721989790330138,0.5276031638394242,0.47844682056921517,0.47844682056921517,0.47844682056921517,0.47844682056921517,0.47844682056921517
1181001820384067585,1.0,0.80034609261576,0.6007621614245674,0.4958446876706897,0.3714346486525605,0.32376070978394633,0.2763929517171182,0.2763929517171182,0.2763929517171182,0.2763929517171182,0.2763929517171182
1181014877525442561,1.0,0.93718503773418,0.860327925013136,0.8146188424451417,0.7477614796434822,0.7157893034615974,0.6794239477962167,0.6794239477962167,0.6794239477962167,0.6794239477962167,0.6794239477962167
1180997297222025217,1.0,0.8623626935142009,0.7242130374737763,0.6442069978691151,0.5426608037888292,0.4962731291129283,0.44848871378026023,0.44848871378026023,0.44848871378026023,0.44848871378026023,0.44848871378026023
1180993726216044545,1.0,0.9002410750167497,0.769326227510085,0.7013992107901925,0.6015714606748188,0.5594797084938874,0.508868797857516,0.508868797857516,0.508868797857516,0.508868797857516,0.508868797857516
1180988668296855553,1.0,0.9157432371612015,0.8049876599253744,0.7423752244804719,0.6522854935407429,0.611245804384064,0.5636299739816502,0.5636299739816502,0.5636299739816502,0.5636299739816502,0.5636299739816502
1181006337647542273,1.0,0.9587082947663411,0.8948577241252508,0.8589628254112698,0.8009543813948607,0.774778035717992,0.7418917318166968,0.7418917318166968,0.7418917318166968,0.7418917318166968,0.7418917318166968
1180995803202682881,1.0,0.9193097421920952,0.8044385622342721,0.743561792374655,0.6507628078556499,0.6108259525261586,0.5617621768914642,0.5617621768914642,0.5617621768914642,0.5617621768914642,0.5617621768914642
1181001965991624705,1.0,0.9498330166135383,0.8781880695603805,0.8368535576079571,0.7726965056878751,0.7422691503434273,0.7046512520204661,0.6830796921046975,0.6478627748677822,0.6283770510424331,0.5976094544365909
1180999299034251265,1.0,0.6962516962897778,0.4455867929867071,0.3276795163160814,0.20941737159408802,0.1686482900428138,0.13295474303069987,0.13295474303069987,0.13295474303069987,0.13295474303069987,0.13295474303069987
1181005724505538561,1.0,0.944163999400375,0.8575684529845246,0.8094033797262549,0.7305422042282985,0.6959269412117619,0.6518207374894167,0.6518207374894167,0.6518207374894167,0.6518207374894167,0.6518207374894167
1181025187330064385,1.0,0.8604400613275869,0.7110170084849085,0.6251686056930525,0.5171760723205655,0.4675866644664538,0.4174891975377426,0.4174891975377426,0.4174891975377426,0.4174891975377426,0.4174891975377426
1181027415699193857,1.0,0.8795380170116412,0.7050939589771569,0.6211909382020286,0.5018806781050082,0.45661712746528615,0.39859511976679907,0.39859511976679907,0.39859511976679907,0.39859511976679907,0.39859511976679907
1181022393887948801,1.0,0.9027853146817141,0.7820085619961682,0.7147723578828011,0.61873284252509,0.5756766483701997,0.5258160507202602,0.5258160507202602,0.5258160507202602,0.5258160507202602,0.5258160507202602
1181001856229998593,1.0,0.940664212747889,0.8583634362798588,0.8103384147055982,0.7352919395844005,0.6993796331481421,0.6552972780594252,0.6291119519244027,0.5882499012088016,0.5650524879245975,0.5300198765058686
1180990688440156161,1.0,0.8840925069998892,0.7486806880314185,0.6774473950122437,0.5814885005266139,0.5410722818891489,0.4959064262712193,0.4959064262712193,0.4959064262712193,0.4959064262712193,0.4959064262712193
1180985418774642689,1.0,0.8801616889330766,0.694291850537845,0.6130982687192112,0.49328248490149873,0.4475616314129883,0.38855711735182563,0.38855711735182563,0.38855711735182563,0.38855711735182563,0.38855711735182563
1181004813699481601,1.0,0.9006889382659516,0.7803845630547981,0.7116855688202538,0.6157178620667008,0.5738511594820184,0.5268561640268489,0.5268561640268489,0.5268561640268489,0.5268561640268489,0.5268561640268489
1181002866637471745,1.0,0.943862635341835,0.8667823700539572,0.8204054620123221,0.748685254519367,0.7145775764015194,0.674513565165102,0.674513565165102,0.674513565165102,0.674513565165102,0.674513565165102
1181008529749475329,1.0,0.8573127194523205,0.6907082439541382,0.6074439878089543,0.49430386360272216,0.4475198769432598,0.3961242880059864,0.3961242880059864,0.3961242880059864,0.3961242880059864,0.3961242880059864
1180989561327845377,1.0,0.8740725539059779,0.7084298415549246,0.6197419764031731,0.498864039955182,0.45020680418058,0.39466199167563143,0.39466199167563143,0.39466199167563143,0.39466199167563143,0.39466199167563143
1181023362255814657,1.0,0.9100540404753302,0.7889486273747467,0.7241885220423843,0.6294176933106254,0.5864843741268542,0.5346947190621563,0.5346947190621563,0.5346947190621563,0.5346947190621563,0.5346947190621563
1181003768380162049,1.0,0.8769671816251314,0.730545884574523,0.6551499485626704,0.5512155859558739,0.5077703376160256,0.4577822148277394,0.4577822148277394,0.4577822148277394,0.4577822148277394,0.4577822148277394
1181026097493999617,1.0,0.9126513953983891,0.7960685998223946,0.7269605714788778,0.627911539782306,0.5754897993397304,0.5148400762340626,0.5148400762340626,0.5148400762340626,0.5148400762340626,0.5148400762340626
1180981110450651137,1.0,0.9481891465853854,0.8756597621441959,0.8336027273680903,0.7694048316193975,0.7385638691313017,0.7012635734251473,0.7012635734251473,0.7012635734251473,0.7012635734251473,0.7012635734251473
1181032225857142785,1.0,0.9141001894292552,0.8049274200391501,0.7443377654631129,0.658994658428089,0.6204178550449069,0.5766169357473857,0.5766169357473857,0.5766169357473857,0.5766169357473857,0.5766169357473857
1181000297247309825,1.0,0.854206384625946,0.6814621695234268,0.5878960502886947,0.46585943668404584,0.4155753002352992,0.3625075360804286,0.3625075360804286,0.3625075360804286,0.3625075360804286,0.3625075360804286
1181031476978843649,1.0,0.9141782658491264,0.7997173828327313,0.73625170600876,0.6431045227344562,0.6043620449911655,0.5592659986797356,0.5592659986797356,0.5592659986797356,0.5592659986797356,0.5592659986797356
1181021215803080705,1.0,0.7799793325542211,0.5443554098327411,0.431051713560881,0.29751979203142176,0.2506334729941031,0.20355233247726257,0.20355233247726257,0.20355233247726257,0.20355233247726257,0.20355233247726257
1180995493921030145,1.0,0.9312270081594521,0.8439809624900865,0.7925283968653108,0.7164451784986595,0.6796815619356225,0.6379328867739613,0.6379328867739613,0.6379328867739613,0.6379328867739613,0.6379328867739613
1181007018896228353,1.0,0.8791673857167428,0.7352230610114214,0.6550617629981681,0.5479774514261262,0.502235612252295,0.4524435692339537,0.4524435692339537,0.4524435692339537,0.4524435692339537,0.4524435692339537
1181017429815492609,1.0,0.9433485386244721,0.8540530745902088,0.8019909888377817,0.7223325461754532,0.6849640838485611,0.6391472158371947,0.6391472158371947,0.6391472158371947,0.6391472158371947,0.6391472158371947
1181015651720462337,1.0,0.9448422866381145,0.8695012009643899,0.8248548489363696,0.7576698064829228,0.7252620942946606,0.6880185130289743,0.6880185130289743,0.6880185130289743,0.6880185130289743,0.6880185130289743
1181023397133516801,1.0,0.9199305333727036,0.8175813516514367,0.7556969956447281,0.6667494714719229,0.6257736413102419,0.5774624951426256,0.5481422765249754,0.5044003395745437,0.47913016824643173,0.4427210538440537
1181014187335581697,1.0,0.8563712012621789,0.649137016158601,0.5523836723295881,0.4161759262781354,0.36800149554785744,0.3108833906265993,0.3108833906265993,0.3108833906265993,0.3108833906265993,0.3108833906265993
1181001339007860737,1.0,0.9070955079576232,0.7794629816775751,0.7115643992016089,0.609995087127016,0.5675068604795761,0.5173877480352307,0.5173877480352307,0.5173877480352307,0.5173877480352307,0.5173877480352307
1180993775453470721,1.0,0.8749572971561905,0.7131120862314436,0.6276939423984278,0.5086719255096755,0.460635111021542,0.4062324480112781,0.377197232711035,0.3324654542425848,0.3089162359843045,0.2742028617418113
1181026967553015809,1.0,0.9209846548036437,0.819787477694756,0.7607559458896475,0.6762581648498044,0.6358117739790201,0.589283549690393,0.589283549690393,0.589283549690393,0.589283549690393,0.589283549690393
1180996623608676353,1.0,0.9386927899915971,0.8574458067662679,0.810735731236672,0.7414689964113277,0.708103840673505,0.6696390686718168,0.6696390686718168,0.6696390686718168,0.6696390686718168,0.6696390686718168
1180993067579736065,1.0,0.956367467163874,0.8973447566910955,0.8601144092282746,0.8039643355480444,0.7748072265954224,0.7415364210702889,0.7415364210702889,0.7415364210702889,0.7415364210702889,0.7415364210702889
1181023850473422849,1.0,0.9139211953390892,0.8013299914631021,0.7339287112938235,0.6349744527275114,0.5923486898818178,0.5414640733057774,0.5116194574681348,0.46759118812130307,0.4414349771911954,0.40353241219375124
1181034604381765633,1.0,0.49250260905323906,0.22898776790978148,0.1314972868618529,0.06431425749777597,0.04501982608267918,0.031178719126101817,0.031178719126101817,0.031178719126101817,0.031178719126101817,0.031178719126101817
1181001302967910401,1.0,0.905446845572611,0.7864377462184009,0.7196451962866443,0.6250455986785386,0.5827907158337012,0.5354526332741243,0.5354526332741243,0.5354526332741243,0.5354526332741243,0.5354526332741243
1180994087474757633,1.0,0.9314524912436827,0.8408619581182433,0.7885071461465774,0.7104679214494272,0.6741042473614397,0.6328117080338125,0.6328117080338125,0.6328117080338125,0.6328117080338125,0.6328117080338125
1180993825459011585,1.0,0.9458866317558662,0.868504000714472,0.8249212428867033,0.7566170237066798,0.7239121782804674,0.6844694285682352,0.6844694285682352,0.6844694285682352,0.6844694285682352,0.6844694285682352
1180981390403502081,1.0,0.8139309739183374,0.5971123727965902,0.4900997722596263,0.35528711273574287,0.3081096996475299,0.25660396773915095,0.25660396773915095,0.25660396773915095,0.25660396773915095,0.25660396773915095
1181024267966185473,1.0,0.9185329895245056,0.8110447707058754,0.7498773532217479,0.6585180562812707,0.6182448470912463,0.5718828482854973,0.5718828482854973,0.5718828482854973,0.5718828482854973,0.5718828482854973
1180989912135041025,1.0,0.9526059383493382,0.88301717221516,0.8425555357228462,0.7783715612380968,0.7482524170419245,0.7111836012753283,0.7111836012753283,0.7111836012753283,0.7111836012753283,0.7111836012753283
1181033311084314625,1.0,0.8910320714975881,0.7583930631425672,0.6843494979344061,0.582456237426494,0.5399566252205485,0.49327577523406685,0.49327577523406685,0.49327577523406685,0.49327577523406685,0.49327577523406685
1180982530481324033,1.0,0.6952635004027284,0.36978083464036826,0.255323313662564,0.13602541704723348,0.10362674360372615,0.07051534273208149,0.07051534273208149,0.07051534273208149,0.07051534273208149,0.07051534273208149
1181004106440736769,1.0,0.832041146198601,0.6343645982322954,0.5341616807384566,0.4087578426250055,0.3587832858001354,0.3037042867987969,0.3037042867987969,0.3037042867987969,0.3037042867987969,0.3037042867987969
1180980504889524225,1.0,0.9223488719466998,0.8188612169822523,0.7613327837904058,0.6790716886920782,0.641225680845572,0.5986056389146741,0.5986056389146741,0.5986056389146741,0.5986056389146741,0.5986056389146741
1181003393604747265,1.0,0.9262172770702036,0.8240194046755444,0.7627578409809325,0.6748047409624716,0.6328761642782366,0.5842939935395297,0.5548784996385668,0.5122356360719125,0.4871637638266767,0.4517224995969149
1181017058586591233,1.0,0.9403697909742891,0.8602546211741611,0.8123469922841263,0.7406985003327335,0.7057263122578644,0.6650699455286162,0.6650699455286162,0.6650699455286162,0.6650699455286162,0.6650699455286162
1181025477641240577,1.0,0.8973706176743174,0.7672047851588895,0.6966834841222114,0.595823151100543,0.5531085130563613,0.5028500367846638,0.5028500367846638,0.5028500367846638,0.5028500367846638,0.5028500367846638
1180998197126299649,1.0,0.8281925991516893,0.6319831176582971,0.5302009118552046,0.40577133676689003,0.35912442065405914,0.3088782028149214,0.3088782028149214,0.3088782028149214,0.3088782028149214,0.3088782028149214
1180988404381810689,1.0,0.9150006112264022,0.8069785399738441,0.745639374328349,0.6560671496234344,0.6143030280145285,0.5666769565879647,0.5666769565879647,0.5666769565879647,0.5666769565879647,0.5666769565879647
1181019068336504833,1.0,0.9151948400909002,0.797964365505349,0.7313913880314733,0.6328173529932167,0.5876676778588116,0.5346572119168786,0.5346572119168786,0.5346572119168786,0.5346572119168786,0.5346572119168786
1181033794364899329,1.0,0.9392541308422214,0.8533431927709823,0.8023130329466609,0.7259598780547756,0.6892466081270654,0.6454481317415178,0.6454481317415178,0.6454481317415178,0.6454481317415178,0.6454481317415178
1180986600988180481,1.0,0.8905553249838913,0.7511372938064864,0.6738277906490941,0.5642155751207478,0.5206248816180707,0.4716291167395614,0.4716291167395614,0.4716291167395614,0.4716291167395614,0.4716291167395614
1181031534022426625,1.0,0.9399764447633594,0.860226111979778,0.8115242094469106,0.7371447373950893,0.6994305872598567,0.6550831164314188,0.6550831164314188,0.6550831164314188,0.6550831164314188,0.6550831164314188
1181026714057736193,1.0,0.9212587624079823,0.8113459870429934,0.7497659028571584,0.6583830095472515,0.6164269394750654,0.5668637622590295,0.5668637622590295,0.5668637622590295,0.5668637622590295,0.5668637622590295
1181032703717441537,1.0,0.9447879240201656,0.8539912333432202,0.8044751850521941,0.7269655054471543,0.69116270172954,0.6451677204435396,0.6451677204435396,0.6451677204435396,0.6451677204435396,0.6451677204435396
1181034273805500417,1.0,0.9117864934793236,0.8012149077055905,0.7373747756372058,0.6445881954673878,0.6023502298516683,0.5549305814297525,0.5549305814297525,0.5549305814297525,0.5549305814297525,0.5549305814297525
1180980863373279233,1.0,0.9316704909850231,0.8434948362612784,0.7867254510694979,0.7050993054697908,0.6641285306929394,0.6191716129373469,0.6191716129373469,0.6191716129373469,0.6191716129373469,0.6191716129373469
1180990920998060033,1.0,0.8323730635366816,0.6546327651369492,0.5595201575192885,0.4422443747395166,0.3948047141596043,0.3469944874528217,0.3469944874528217,0.3469944874528217,0.3469944874528217,0.3469944874528217
1181022376142209025,1.0,0.9204903851595723,0.8164677716446563,0.7569738374795743,0.6706512917164742,0.6314482612702705,0.5869197882332365,0.5869197882332365,0.5869197882332365,0.5869197882332365,0.5869197882332365
1181024645038735361,1.0,0.8340995749609402,0.6513454317878689,0.55412465088794,0.43003716855628815,0.3808160457156806,0.3287020188657005,0.3287020188657005,0.3287020188657005,0.3287020188657005,0.3287020188657005
1180986013303570433,1.0,0.889319291545663,0.7560523340406519,0.6828912522833837,0.5766520120619746,0.5301285795556174,0.47902709355365947,0.47902709355365947,0.47902709355365947,0.47902709355365947,0.47902709355365947
1180981645323272193,1.0,0.9501978079308026,0.8835541226311532,0.8436045003688721,0.7836789470414047,0.755010385983683,0.7206528723341117,0.7206528723341117,0.7206528723341117,0.7206528723341117,0.7206528723341117
1181002075107033089,1.0,0.888435956201897,0.7617382855443593,0.6883183765597389,0.5896108161027258,0.5452156739084191,0.4974164608542988,0.4974164608542988,0.4974164608542988,0.4974164608542988,0.4974164608542988
1180982792948449281,1.0,0.9283905252578422,0.8222201779992304,0.7635788305299571,0.6755481959695677,0.6362408970440314,0.5883320997360271,0.5883320997360271,0.5883320997360271,0.5883320997360271,0.5883320997360271
1181007579544780801,1.0,0.9480698680506503,0.8755428666531686,0.8334121448311435,0.768587509552425,0.7382557012572162,0.701904093003458,0.701904093003458,0.701904093003458,0.701904093003458,0.701904093003458
1181031822590279681,1.0,0.8719303440373012,0.7132719833142472,0.6302751382464986,0.5140068909668445,0.4600814155678521,0.39715556233177407,0.39715556233177407,0.39715556233177407,0.39715556233177407,0.39715556233177407
1181003833907642369,1.0,0.9620093896843653,0.9081936746143693,0.8758252246922575,0.8250707401937668,0.8003419031452321,0.7678992432951828,0.7485251807110364,0.7174245134494277,0.6997955837752878,0.6718156621607272
1180998342218186753,1.0,0.9320528866422473,0.841801177387715,0.7872588059599046,0.7049608402161107,0.6673354076363006,0.6213068534425096,0.5941542188998854,0.5512111174997065,0.5269462880531512,0.4906901198783924
1180995799298703361,1.0,0.8795264250040511,0.7290921782872961,0.6487620644345222,0.5395230804053344,0.49304274539159865,0.44103484344946753,0.44103484344946753,0.44103484344946753,0.44103484344946753,0.44103484344946753
1180998267623440385,1.0,0.8897564657035784,0.7558316759323718,0.6811794104483124,0.5768782702081103,0.5316515139246443,0.48093636415547936,0.48093636415547936,0.48093636415547936,0.48093636415547936,0.48093636415547936
1181006457252642817,1.0,0.8993903800569025,0.7632329155840396,0.6936718215454718,0.589103100962739,0.5440820028998273,0.4901525846559489,0.4901525846559489,0.4901525846559489,0.4901525846559489,0.4901525846559489
1181030902684549121,1.0,0.9528003680087321,0.8873487963651192,0.8496920209634033,0.7905720020396421,0.7617019304116712,0.7266706805611818,0.7266706805611818,0.7266706805611818,0.7266706805611818,0.7266706805611818
1181011245495451649,1.0,0.9197840804023194,0.8121609677761321,0.754583971591315,0.6686723940389008,0.6305511679499408,0.5844411307600368,0.5844411307600368,0.5844411307600368,0.5844411307600368,0.5844411307600368
1181006947822174209,1.0,0.9408030991577482,0.8540021421207259,0.8052273222764887,0.7310562810954507,0.6969711661008086,0.6557994156498365,0.6557994156498365,0.6557994156498365,0.6557994156498365,0.6557994156498365
1180991868269101057,1.0,0.8898045034876626,0.7610646131257981,0.6933307977466027,0.6005184235156213,0.561733189583302,0.5179982606508066,0.5179982606508066,0.5179982606508066,0.5179982606508066,0.5179982606508066
1181033293695090689,1.0,0.8699404270369586,0.7153179106482317,0.6288460365278509,0.5130077201203053,0.46495088503473403,0.4145835636062577,0.4145835636062577,0.4145835636062577,0.4145835636062577,0.4145835636062577
1181023204806983681,1.0,0.9068044021386367,0.7781952705404924,0.7111921824486174,0.6138697176715613,0.5731886731877112,0.5246867700121689,0.5246867700121689,0.5246867700121689,0.5246867700121689,0.5246867700121689
1181033831854276609,1.0,0.9073183466197051,0.7950574231310672,0.7299818796011419,0.636832487447329,0.5944202861446595,0.5472806206724457,0.5472806206724457,0.5472806206724457,0.5472806206724457,0.5472806206724457
1180991170239463425,1.0,0.8796465781074541,0.7406391381844233,0.6591265430699744,0.550938636791261,0.5013969032683773,0.44868918795895674,0.41645149568135054,0.37143991879659166,0.3443711531957575,0.30833268939723146
1181002973947985921,1.0,0.9095150111611194,0.7976632959730944,0.7374061560033234,0.65205156316124,0.6158295304671411,0.5743349633852466,0.5743349633852466,0.5743349633852466,0.5743349633852466,0.5743349633852466
1181020340210663425,1.0,0.8787828499199088,0.7251035981588448,0.6477981311101075,0.5415656636636312,0.5007605176305598,0.45345846812251955,0.45345846812251955,0.45345846812251955,0.45345846812251955,0.45345846812251955
1180992052753661953,1.0,0.8565731472551518,0.6945307468677762,0.6130635658927307,0.5060827309192266,0.46451400704061463,0.4185524383611515,0.4185524383611515,0.4185524383611515,0.4185524383611515,0.4185524383611515
1181017167512076289,1.0,0.9047517581420269,0.7856185216093539,0.7185286761284306,0.6227342174034829,0.5796233428687074,0.5318880454032782,0.5318880454032782,0.5318880454032782,0.5318880454032782,0.5318880454032782
1180983548115976193,1.0,0.9509272011017462,0.8836837064682761,0.8441380300240249,0.7845702672124352,0.7553108407772755,0.7209362377549564,0.7209362377549564,0.7209362377549564,0.7209362377549564,0.7209362377549564
1181005411741073409,1.0,0.9468824206697644,0.8760267510519025,0.8317054649901543,0.7662970027576351,0.7333831349954139,0.6961540982982755,0.6961540982982755,0.6961540982982755,0.6961540982982755,0.6961540982982755
1181032279704403969,1.0,0.6341349969284193,0.35126505111769335,0.23874414123746057,0.1341198634933667,0.10448370402786256,0.07840525145304134,0.07840525145304134,0.07840525145304134,0.07840525145304134,0.07840525145304134
1181013592681545729,1.0,0.9003945120227677,0.7636078559975258,0.6909095108596188,0.5866452843824016,0.5436858469749316,0.4913944536758186,0.4913944536758186,0.4913944536758186,0.4913944536758186,0.4913944536758186
1181003536628482049,1.0,0.9075007717518789,0.7791160341138904,0.7086009541043736,0.605925154265793,0.5623905247550712,0.5107987759357813,0.5107987759357813,0.5107987759357813,0.5107987759357813,0.5107987759357813
1180989145608192001,1.0,0.8099138851046642,0.6017523663228515,0.5026016502762841,0.377757021451821,0.33065118438364105,0.28089848025045905,0.28089848025045905,0.28089848025045905,0.28089848025045905,0.28089848025045905
1180984300412403713,1.0,0.9219908848783589,0.8230325588892076,0.7663847313387673,0.6849547600657993,0.647283337586707,0.6040074843688521,0.6040074843688521,0.6040074843688521,0.6040074843688521,0.6040074843688521
1180993948063465473,1.0,0.9387505913682274,0.8498596524255324,0.8002409822302122,0.7240953803104966,0.6893767966199661,0.6470102748713176,0.6470102748713176,0.6470102748713176,0.6470102748713176,0.6470102748713176
1181005828879253505,1.0,0.8926586822460336,0.7633891757426228,0.6906421607915224,0.5906728216915725,0.5477524049202795,0.5018014842152823,0.5018014842152823,0.5018014842152823,0.5018014842152823,0.5018014842152823
1180994327452712961,1.0,0.8771388422041828,0.7325329602475656,0.6559273938674108,0.5537705548915312,0.5123232549207012,0.4669703454761778,0.4669703454761778,0.4669703454761778,0.4669703454761778,0.4669703454761778
1181008638831984641,1.0,0.9133363999964025,0.8085618044393634,0.745776331676709,0.6569243581166728,0.6166494750628262,0.5710585126218208,0.5710585126218208,0.5710585126218208,0.5710585126218208,0.5710585126218208
1180983994164248577,1.0,0.9124623702525668,0.8029485035859298,0.7415275314449339,0.6534622188884103,0.614679571029104,0.5698307792568358,0.5698307792568358,0.5698307792568358,0.5698307792568358,0.5698307792568358
1181033851795505153,1.0,0.8493516973462983,0.6677021112758726,0.5810170209118722,0.46444870266281524,0.4220332296740352,0.3733926761972127,0.3733926761972127,0.3733926761972127,0.3733926761972127,0.3733926761972127
1181000602745241601,1.0,0.9555161673902963,0.8923905757264767,0.8513953882998182,0.7871688476553376,0.7563228368395033,0.7173344983639112,0.6944793832168821,0.6583276801011733,0.6378335408913445,0.6063663635430648
1180997021583343617,1.0,0.9232480572073778,0.822641410623803,0.765833396333289,0.6823196946345224,0.6444778266320839,0.6002796992991127,0.6002796992991127,0.6002796992991127,0.6002796992991127,0.6002796992991127
1180986399919964161,1.0,0.9052429060291249,0.7796111653975967,0.7113888883012305,0.6149203913393773,0.5755377749843176,0.5294749578949621,0.5294749578949621,0.5294749578949621,0.5294749578949621,0.5294749578949621
1181034421412593665,1.0,0.9102766868094574,0.7896432052958555,0.7227718060770223,0.6203115985750793,0.5740023680801847,0.5204188003608972,0.5204188003608972,0.5204188003608972,0.5204188003608972,0.5204188003608972
1180995595907399681,1.0,0.8929507529192828,0.7573111528588894,0.680723708502196,0.5748743898251046,0.5285917462083094,0.47799237629268376,0.47799237629268376,0.47799237629268376,0.47799237629268376,0.47799237629268376
1181028066042839041,1.0,0.8639705408094813,0.7070704608064791,0.6191453284572395,0.5032809949052048,0.45427561898332336,0.4044950020423229,0.4044950020423229,0.4044950020423229,0.4044950020423229,0.4044950020423229
1181009455270821889,1.0,0.9052552273263383,0.7696870342669998,0.7027924234722513,0.603548082835994,0.5636871278002125,0.5124814767592701,0.48624079985097923,0.4412316142093533,0.4187598012899989,0.3816444945968456
1181012969406922753,1.0,0.9041715790472702,0.7737503926415005,0.7037534827444837,0.60190125116339,0.5585657141094161,0.5063869951762001,0.5063869951762001,0.5063869951762001,0.5063869951762001,0.5063869951762001
1181026312501854209,1.0,0.8254150705603327,0.6164592676191141,0.5119119128067795,0.37932233086464373,0.3297024893468491,0.2761421470476424,0.2761421470476424,0.2761421470476424,0.2761421470476424,0.2761421470476424
1180985595419787265,1.0,0.9141687875704241,0.7934101203078856,0.7254276140038524,0.6226193761622297,0.578121365669417,0.5264336690725229,0.5264336690725229,0.5264336690725229,0.5264336690725229,0.5264336690725229
1181025446894075905,1.0,0.9596643968389792,0.900240239534087,0.8649906884433154,0.8094122174258008,0.7824127852884853,0.7499402283229206,0.7499402283229206,0.7499402283229206,0.7499402283229206,0.7499402283229206
1181034512494264321,1.0,0.932086799127113,0.8307564054190282,0.7738711980546086,0.6892067633115142,0.6501353582387337,0.6030287765820279,0.6030287765820279,0.6030287765820279,0.6030287765820279,0.6030287765820279
1181000531676725249,1.0,0.8907004717569282,0.7557073307852883,0.6801105634819661,0.5760663666292931,0.5310803997234415,0.48057343186687973,0.48057343186687973,0.48057343186687973,0.48057343186687973,0.48057343186687973
1180998430329470977,1.0,0.9327208583238613,0.8391692963913973,0.7861719336250833,0.7057614509295455,0.6675510747352944,0.622640153880059,0.622640153880059,0.622640153880059,0.622640153880059,0.622640153880059
1181031214869184513,1.0,0.8095183116957106,0.5962527675170637,0.4875878712910856,0.3545050123915303,0.3045659334765982,0.2512580464999745,0.2512580464999745,0.2512580464999745,0.2512580464999745,0.2512580464999745
1180993997006340097,1.0,0.9247851570965014,0.8064122191925338,0.7450291102538344,0.6501792700585985,0.6114087638153249,0.5626717834384929,0.5626717834384929,0.5626717834384929,0.5626717834384929,0.5626717834384929
1180990600160378881,1.0,0.9339590010650064,0.8472471172578518,0.7925869696523845,0.7107683701926637,0.6708780421590717,0.618229745511096,0.5854921171230736,0.5364083944124776,0.5083053486566607,0.46724562169874795
1181027755471110145,1.0,0.7898055777523122,0.5954566505608998,0.5003849352855763,0.38468931927861516,0.3387315991143358,0.2904420652044184,0.2904420652044184,0.2904420652044184,0.2904420652044184,0.2904420652044184
1181023371030757377,1.0,0.9446436106175434,0.8708573585236187,0.8279860922409427,0.7625011919323063,0.7313613463998377,0.6951293771630856,0.6951293771630856,0.6951293771630856,0.6951293771630856,0.6951293771630856
1181028091369095169,1.0,0.8452354034056713,0.6681465861272444,0.581985186920152,0.46929662303465947,0.4269017896444298,0.37994977511632166,0.37994977511632166,0.37994977511632166,0.37994977511632166,0.37994977511632166
1181027657065267201,1.0,0.8345915305076812,0.638919071731125,0.5399101861818076,0.4079752212650273,0.3602409512939234,0.31026452290339035,0.31026452290339035,0.31026452290339035,0.31026452290339035,0.31026452290339035
1181001596473212929,1.0,0.9230744361750673,0.8236411699494403,0.766522516786917,0.683868304542026,0.64459937338609,0.5993205870103309,0.5993205870103309,0.5993205870103309,0.5993205870103309,0.5993205870103309
1181027853971030017,1.0,0.9145257854565878,0.8070281666943258,0.7458134665170402,0.6569217717030797,0.6164286550001585,0.5694261728570685,0.5694261728570685,0.5694261728570685,0.5694261728570685,0.5694261728570685
1180984923330314241,1.0,0.8934767678886277,0.7654144526366252,0.6934999941739168,0.5931672129422622,0.5492500320757041,0.500501557822004,0.500501557822004,0.500501557822004,0.500501557822004,0.500501557822004
1181007421161111553,1.0,0.9205091182779563,0.8196185531837127,0.7631325534679032,0.6803697155665687,0.6415587041428122,0.5975898942723099,0.5975898942723099,0.5975898942723099,0.5975898942723099,0.5975898942723099
1181012326293995521,1.0,0.8885669307513553,0.7502514902016219,0.6711428250578488,0.5561753623368215,0.5072878811634588,0.4482163900229973,0.41364956481297044,0.3631388136394561,0.3352786370041825,0.2962946696468054
1180988029954916353,1.0,0.8778925257374173,0.741775610935425,0.6606877776183753,0.5560734853021994,0.5095490142354537,0.461793125509282,0.461793125509282,0.461793125509282,0.461793125509282,0.461793125509282
1180981088672612353,1.0,0.8918963181340873,0.7567452947590756,0.6873566373084878,0.5897009323170246,0.5489240030322202,0.5010742302276577,0.5010742302276577,0.5010742302276577,0.5010742302276577,0.5010742302276577
1181028421911904257,1.0,0.9397062214788018,0.8562638599820993,0.8072473449390034,0.7315630449292536,0.6975587433714885,0.6574127010833417,0.6574127010833417,0.6574127010833417,0.6574127010833417,0.6574127010833417
1181024571187822593,1.0,0.8936352839206976,0.7406007831145615,0.6664051710623181,0.55861435140969,0.515214037904322,0.4638201397431029,0.4638201397431029,0.4638201397431029,0.4638201397431029,0.4638201397431029
1180979738009174017,1.0,0.9255892780838152,0.8364012545407176,0.7828145959241314,0.7074671764004158,0.6716858164981694,0.6325562684383306,0.6325562684383306,0.6325562684383306,0.6325562684383306,0.6325562684383306
1180983433805070337,1.0,0.966167598638698,0.915615340194527,0.8857827603786779,0.8378499551267521,0.8146930432551487,0.7863607914528192,0.7863607914528192,0.7863607914528192,0.7863607914528192,0.7863607914528192
1180982452305297409,1.0,0.8861684745795099,0.7530747476231385,0.6783750445278475,0.5769779246032967,0.5351523456090289,0.48958177693782823,0.48958177693782823,0.48958177693782823,0.48958177693782823,0.48958177693782823
1180999225991495681,1.0,0.8226861759027555,0.6357772041303256,0.5403184873188362,0.42226439791335313,0.37996717282702097,0.3357415992757906,0.3357415992757906,0.3357415992757906,0.3357415992757906,0.3357415992757906
1181033160572928001,1.0,0.9191268678470932,0.8109728166245485,0.7490457776405975,0.6570637576135895,0.6139923048287973,0.5640580454228128,0.5640580454228128,0.5640580454228128,0.5640580454228128,0.5640580454228128
1180997402338951169,1.0,0.9090748553096265,0.7836179818688277,0.7146904729529021,0.6128619780656268,0.5693085936016844,0.5170290107730177,0.5170290107730177,0.5170290107730177,0.5170290107730177,0.5170290107730177
1181023094174842881,1.0,0.922421844353848,0.817330306248121,0.7557222493593011,0.6649919344277774,0.6239080726396784,0.5750672965955378,0.5750672965955378,0.5750672965955378,0.5750672965955378,0.5750672965955378
1181029560568807425,1.0,0.8406384887735261,0.6428449261240426,0.5407174470423383,0.409031193640221,0.36277034635525685,0.3123010934589592,0.28645185413447316,0.2464411597501437,0.2258357853489169,0.19515230073787115
1181031835367178241,1.0,0.6996469647228238,0.47091482352083913,0.3643196052509513,0.25333698524281845,0.21355233769237458,0.17663378014604647,0.17663378014604647,0.17663378014604647,0.17663378014604647,0.17663378014604647
1180988751633645569,1.0,0.5507486820515934,0.30472145828428654,0.1945092075532614,0.1103322285653201,0.08142559546628936,0.06016574982080236,0.06016574982080236,0.06016574982080236,0.06016574982080236,0.06016574982080236
1181019736812453889,1.0,0.9344629996017401,0.8361585422404479,0.7794425731442887,0.6950637962343835,0.6569904206102447,0.6121260753868456,0.5866189815940162,0.5457138501226801,0.5233311779677395,0.48882544166248854
1181010852523376641,1.0,0.8998759003919946,0.7719607479120211,0.700763049520331,0.5968055339093871,0.5530884894049057,0.5030039443405903,0.5030039443405903,0.5030039443405903,0.5030039443405903,0.5030039443405903
1181021551703031809,1.0,0.7215327097836897,0.46527582636651954,0.3434095074564173,0.217138214090011,0.17444245570458994,0.137043916093751,0.137043916093751,0.137043916093751,0.137043916093751,0.137043916093751
1180996909595328513,1.0,0.9499864930282034,0.88148587535219,0.8393461159759565,0.7734216817430464,0.7410157406530021,0.702254819768722,0.702254819768722,0.702254819768722,0.702254819768722,0.702254819768722
1181005681109991425,1.0,0.8877933792083055,0.7685208317451835,0.6934177944650916,0.5993239153437219,0.553988529137581,0.50842783204076,0.50842783204076,0.50842783204076,0.50842783204076,0.50842783204076
1181020745155608577,1.0,0.9184463852765705,0.8142717787165592,0.7585545138332335,0.6765720456488624,0.6387034579623228,0.5929672516991538,0.5929672516991538,0.5929672516991538,0.5929672516991538,0.5929672516991538
1181022761180954625,1.0,0.5095751624828988,0.2417858945316277,0.14394138317746485,0.07295465314891292,0.052955193730638506,0.03637925885683291,0.027389931912892074,0.01812879109876675,0.013488082225417308,0.008979025749781266
1180988446901501953,1.0,0.8699115566895368,0.6676439706133221,0.5716985711380357,0.4348693729870893,0.38383957178160966,0.31998932776253475,0.31998932776253475,0.31998932776253475,0.31998932776253475,0.31998932776253475
1180997787215331329,1.0,0.8079357833173897,0.611934694836074,0.5130192718337478,0.39128212069651813,0.3433032270210836,0.293441577646109,0.293441577646109,0.293441577646109,0.293441577646109,0.293441577646109
1181035123112148993,1.0,0.8257482642539886,0.6403273441488635,0.5445255435972327,0.4213520595182013,0.3724356896741631,0.32150623738493034,0.32150623738493034,0.32150623738493034,0.32150623738493034,0.32150623738493034
1181027687168966657,1.0,0.9215868791582653,0.8092295885023655,0.7469817715327625,0.6545288206990234,0.6143634501541472,0.5657715060008534,0.5657715060008534,0.5657715060008534,0.5657715060008534,0.5657715060008534
1180993869855031297,1.0,0.9105388066076151,0.8034338141047115,0.7406892846294564,0.6525066264941505,0.611535256942922,0.5665070901309062,0.5665070901309062,0.5665070901309062,0.5665070901309062,0.5665070901309062
1181025366490054657,1.0,0.9259121022225723,0.8299455714007941,0.7736186402703524,0.691298006675085,0.6525963023448469,0.6087214156619898,0.6087214156619898,0.6087214156619898,0.6087214156619898,0.6087214156619898
1180995707960131585,1.0,0.9125435990234909,0.7980433147433403,0.7317767576241625,0.634683504833592,0.5910322597538553,0.5411475894873439,0.5411475894873439,0.5411475894873439,0.5411475894873439,0.5411475894873439
1181012956795011073,1.0,0.907565926826857,0.7800315217668157,0.7114316231015076,0.6104063141105419,0.5671082327364615,0.5161218694807015,0.5161218694807015,0.5161218694807015,0.5161218694807015,0.5161218694807015
1180996501523759105,1.0,0.8355146445415541,0.6459619706677366,0.5463304567508633,0.42306168172292646,0.3743517517666395,0.32411592542073875,0.32411592542073875,0.32411592542073875,0.32411592542073875,0.32411592542073875
1181029755347304449,1.0,0.9236909106356916,0.8284254955462692,0.7692120981935823,0.6848568667744888,0.6455216657398032,0.6021403080779124,0.6021403080779124,0.6021403080779124,0.6021403080779124,0.6021403080779124
1181018730147315713,1.0,0.9253256279511557,0.8259370043711791,0.7700547715269848,0.6853795712118502,0.6472486099301863,0.6032516030787995,0.6032516030787995,0.6032516030787995,0.6032516030787995,0.6032516030787995
1181031752512667649,1.0,0.9050733613843284,0.7901606884314998,0.7221022648476467,0.6295106838092686,0.5876205613981028,0.5415860441278876,0.5415860441278876,0.5415860441278876,0.5415860441278876,0.5415860441278876
1180991759797616641,1.0,0.8753023521144091,0.7277484020586322,0.6478457319592723,0.539826187079059,0.4951065794168419,0.44611332462836584,0.44611332462836584,0.44611332462836584,0.44611332462836584,0.44611332462836584
1181000255948455937,1.0,0.6972353652268185,0.46503292527986706,0.3563801474141819,0.2478180633207301,0.20994090672425103,0.17629880757715843,0.17629880757715843,0.17629880757715843,0.17629880757715843,0.17629880757715843
1180981510426198017,1.0,0.9476808817254554,0.8710619165172059,0.825821888010081,0.756039997033233,0.7236190989551554,0.684908002581164,0.684908002581164,0.684908002581164,0.684908002581164,0.684908002581164
1181015647269289985,1.0,0.9353051649937754,0.8504332129408104,0.7991424103843976,0.7233808494977829,0.6872292195105603,0.6463165100221968,0.6463165100221968,0.6463165100221968,0.6463165100221968,0.6463165100221968
1181005954449997825,1.0,0.8134303520183059,0.6268441951046309,0.5277528265647944,0.40971247942629296,0.3626920520050796,0.3154952132113049,0.3154952132113049,0.3154952132113049,0.3154952132113049,0.3154952132113049
1181013218839429121,1.0,0.910220855803325,0.7974042602245657,0.7287750785479779,0.6325686601090456,0.5870316814226,0.5338551303142471,0.5006188222921899,0.45311890416007206,0.4247954660407278,0.3846126814091102
1180990491400306689,1.0,0.8414960607705555,0.6561545862873415,0.5613647392427293,0.4392747570644817,0.39213109787794687,0.34135995117516726,0.34135995117516726,0.34135995117516726,0.34135995117516726,0.34135995117516726
1181003275066703873,1.0,0.592985674788284,0.30512426110742463,0.1984476387151778,0.10721849382208293,0.08300934833230755,0.06223729403357292,0.06223729403357292,0.06223729403357292,0.06223729403357292,0.06223729403357292
1180986008818188289,1.0,0.8730953721059599,0.7219197847816805,0.641305276543456,0.5306528100543619,0.48162218968358095,0.42775522975630165,0.42775522975630165,0.42775522975630165,0.42775522975630165,0.42775522975630165
1180987922838814721,1.0,0.9039108872229409,0.7610011736158584,0.6857759530608865,0.5771735394154022,0.5318684839169445,0.47944183670679386,0.47944183670679386,0.47944183670679386,0.47944183670679386,0.47944183670679386
1181032417277935617,1.0,0.958274061739406,0.8976868765234779,0.8622318407682522,0.8063552404380642,0.7796168963536733,0.7466705856465204,0.7466705856465204,0.7466705856465204,0.7466705856465204,0.7466705856465204
1180984097536933889,1.0,0.7643555718021324,0.5474122271265034,0.4285856379638957,0.3039566265446232,0.2573016199690108,0.21556798004061728,0.21556798004061728,0.21556798004061728,0.21556798004061728,0.21556798004061728
1181026963359399937,1.0,0.914244217067606,0.7956395236479497,0.7297222164599506,0.6332780462904893,0.5913259246090341,0.5403633657179888,0.5403633657179888,0.5403633657179888,0.5403633657179888,0.5403633657179888
1181022124226969601,1.0,0.8917805402291521,0.7608977726934165,0.6889443925791398,0.5846725183280272,0.5422664413361576,0.4948081899239266,0.4948081899239266,0.4948081899239266,0.4948081899239266,0.4948081899239266
1180998192385654785,1.0,0.8975383039528682,0.7634878718905873,0.6876124810356443,0.5823553088292412,0.537986038903818,0.4882641609227206,0.46014506850017767,0.4171961774322357,0.393545475571234,0.3586012340292888
1181008549976768513,1.0,0.7592683924455405,0.5082471358860374,0.3894976748002956,0.2559351559843651,0.21254837943240035,0.1686480669337581,0.1686480669337581,0.1686480669337581,0.1686480669337581,0.1686480669337581
1180981614315175937,1.0,0.9064758036775193,0.7834004925863222,0.7129414573204942,0.6129953290734057,0.5698557948783942,0.5195675886701852,0.5195675886701852,0.5195675886701852,0.5195675886701852,0.5195675886701852
1181028721868800001,1.0,0.9085511739970326,0.7945617040508716,0.732103305865133,0.6402515231479612,0.5996318442357278,0.5526094383421283,0.5526094383421283,0.5526094383421283,0.5526094383421283,0.5526094383421283
1181025770532274177,1.0,0.9367673799954409,0.853575460983252,0.8022290647364698,0.7258837969827835,0.688719251542098,0.647791651030329,0.647791651030329,0.647791651030329,0.647791651030329,0.647791651030329
1180990543667232769,1.0,0.8778852851571682,0.7315983375981168,0.6553867831610432,0.5525456074141629,0.512368306631892,0.46682916344766456,0.46682916344766456,0.46682916344766456,0.46682916344766456,0.46682916344766456
1181007014445514753,1.0,0.8869203378240393,0.7334875554290957,0.6515560854756235,0.5372843726057477,0.49023831478089674,0.4364262549382555,0.4364262549382555,0.4364262549382555,0.4364262549382555,0.4364262549382555
1180986275252862977,1.0,0.8857985357154544,0.7201703127399888,0.6389323294528445,0.5235505052081254,0.4821466781485567,0.431939838038781,0.431939838038781,0.431939838038781,0.431939838038781,0.431939838038781
1181024173304479745,1.0,0.943720771253096,0.8652140913307416,0.819920648895738,0.7485605675774556,0.7146602340260989,0.6738935223452399,0.6738935223452399,0.6738935223452399,0.6738935223452399,0.6738935223452399
1180989357841285121,1.0,0.9124768789476202,0.7998382894335542,0.7357640253023345,0.6408922900083613,0.5975720411636322,0.5490400956533454,0.5490400956533454,0.5490400956533454,0.5490400956533454,0.5490400956533454
1181030423014932481,1.0,0.9094790536315944,0.7862067160483109,0.7183562992783596,0.6206634652437681,0.5795489757597108,0.5312390427816767,0.5052823094726641,0.4635053017162354,0.44102104181422774,0.40609860497477634
1181020718537736193,1.0,0.8911477530000307,0.759475547048407,0.6835182038521859,0.5810771774509583,0.5351821730696935,0.48615082225072737,0.48615082225072737,0.48615082225072737,0.48615082225072737,0.48615082225072737
1181004093566615553,1.0,0.878145199958628,0.7221062778253696,0.6394241678585028,0.526005949376344,0.4798576168882336,0.4261976714722161,0.4261976714722161,0.4261976714722161,0.4261976714722161,0.4261976714722161
1181034467809427457,1.0,0.897981472147809,0.7760721472371166,0.7073104998022082,0.6134366834005429,0.5722715784988373,0.5270458147836212,0.5270458147836212,0.5270458147836212,0.5270458147836212,0.5270458147836212
1180995489535131649,1.0,0.9540113655305749,0.8906974525766115,0.8536079610723221,0.7966704259087019,0.7700549122822288,0.7384324256819876,0.7384324256819876,0.7384324256819876,0.7384324256819876,0.7384324256819876
1180990977008402433,1.0,0.8837553237001591,0.7405587242436976,0.6613730076017542,0.555358053495417,0.5085963931111305,0.45670581563015,0.45670581563015,0.45670581563015,0.45670581563015,0.45670581563015
1181032860195782657,1.0,0.9390341621366821,0.8562557423637887,0.8083255612298297,0.735900020527921,0.70207412654989,0.6628762821643623,0.6628762821643623,0.6628762821643623,0.6628762821643623,0.6628762821643623
1181000359387201537,1.0,0.8911431961307785,0.750035435175366,0.6728263756403594,0.5632092095110356,0.5184850561431896,0.46770420837516014,0.46770420837516014,0.46770420837516014,0.46770420837516014,0.46770420837516014
1180982573424902145,1.0,0.9020414172269582,0.7866606592862228,0.718821968877523,0.6233532669236246,0.5754610246956338,0.5248256239967986,0.5248256239967986,0.5248256239967986,0.5248256239967986,0.5248256239967986
1181018447191736321,1.0,0.9516134402430265,0.8797926140919172,0.8383952760273098,0.7731009307998017,0.7429853528466406,0.7062501783329611,0.7062501783329611,0.7062501783329611,0.7062501783329611,0.7062501783329611
1181003117360513025,1.0,0.8839901262322887,0.7296177278160763,0.6500061309383616,0.5330369642452898,0.48350347211066624,0.42810843813712496,0.42810843813712496,0.42810843813712496,0.42810843813712496,0.42810843813712496
1180991691431673857,1.0,0.9113315180878683,0.7803024078658443,0.7122770931089226,0.6091979690574726,0.5639562452519691,0.507779543091736,0.507779543091736,0.507779543091736,0.507779543091736,0.507779543091736
1181019999021596673,1.0,0.8433052881987646,0.670493764380643,0.575819387952224,0.45665393952754996,0.40407684390160004,0.3515381501425232,0.3515381501425232,0.3515381501425232,0.3515381501425232,0.3515381501425232
1180990223189278721,1.0,0.8284105719818671,0.6482441330677299,0.5531362394730319,0.4335284009790463,0.3835478135161843,0.33202000846404145,0.33202000846404145,0.33202000846404145,0.33202000846404145,0.33202000846404145
1181026057003597825,1.0,0.7785983613358175,0.5527662569455833,0.4422784882861759,0.3135384882187031,0.26806005917063747,0.22242695495685272,0.22242695495685272,0.22242695495685272,0.22242695495685272,0.22242695495685272
1181012044045582337,1.0,0.9660110776149453,0.91745190996775,0.8884075342719997,0.8420091878522517,0.8190495468965862,0.7912028800319897,0.7912028800319897,0.7912028800319897,0.7912028800319897,0.7912028800319897
1181003549792894977,1.0,0.9251327028618582,0.8201192346446702,0.7623137329433489,0.6762530504465413,0.6362646036322326,0.5900098623834711,0.5900098623834711,0.5900098623834711,0.5900098623834711,0.5900098623834711
1180993519825190913,1.0,0.8248557797931417,0.6425715343512319,0.5507662060000682,0.4353149158974524,0.38814284360480156,0.33904487416645024,0.33904487416645024,0.33904487416645024,0.33904487416645024,0.33904487416645024
1181001961280110593,1.0,0.8516064797700365,0.6675013491158106,0.5755704404336817,0.4507622154073021,0.40129894121996346,0.34586311646845547,0.34586311646845547,0.34586311646845547,0.34586311646845547,0.34586311646845547
1180999553468366849,1.0,0.9143368386787225,0.7932798710124017,0.7225040023406174,0.6178762837653096,0.5738928840399423,0.5221339101447209,0.49441315489323856,0.45028441062119695,0.42706026458550084,0.391024575720325
1181035053777846273,1.0,0.7781264703664457,0.557903768137209,0.4556087355363695,0.33504904502743815,0.29552168427830894,0.25470649535808854,0.25470649535808854,0.25470649535808854,0.25470649535808854,0.25470649535808854
1181000037232345089,1.0,0.8751323852321723,0.7246291609470985,0.6490828269859459,0.5473770515079404,0.5070849945676608,0.46123858724706934,0.46123858724706934,0.46123858724706934,0.46123858724706934,0.46123858724706934
1181002633724231681,1.0,0.8374379987439311,0.6573392817527696,0.5671850237483308,0.4522199874184434,0.4099644112121653,0.36458548708599725,0.36458548708599725,0.36458548708599725,0.36458548708599725,0.36458548708599725
1180997082078609409,1.0,0.8668200889629188,0.7038042150544384,0.6234742867387082,0.5166600425588672,0.4767085722109552,0.4313676347880162,0.4313676347880162,0.4313676347880162,0.4313676347880162,0.4313676347880162
1180988900693180417,1.0,0.8224700762516033,0.6302987480634159,0.5373196982365387,0.4200049384061819,0.3778010268234988,0.3327764017966768,0.3327764017966768,0.3327764017966768,0.3327764017966768,0.3327764017966768
1180985447425474561,1.0,0.938186842164617,0.8577108864170393,0.8093258363490228,0.73486932135134,0.6977078899372182,0.6543468170403439,0.6543468170403439,0.6543468170403439,0.6543468170403439,0.6543468170403439
1180983980064014337,1.0,0.9102605349400409,0.7812199512674651,0.7109936225024959,0.6076369470002285,0.5650128611700047,0.5126157946430924,0.5126157946430924,0.5126157946430924,0.5126157946430924,0.5126157946430924
1180985414452412417,1.0,0.8859552628797198,0.7364532311935897,0.6563426614244656,0.5460770522706746,0.5012230132345841,0.44979395994319726,0.44979395994319726,0.44979395994319726,0.44979395994319726,0.44979395994319726
1181028031165988865,1.0,0.9105483264813367,0.7955515864414853,0.7324305865570099,0.6416481911924199,0.6033939119627831,0.5588380344399524,0.5588380344399524,0.5588380344399524,0.5588380344399524,0.5588380344399524
1181026093234421761,1.0,0.8070797517907646,0.5977456677547033,0.48139716863816406,0.34474491574975297,0.27859506931836786,0.2143535983930065,0.2143535983930065,0.2143535983930065,0.2143535983930065,0.2143535983930065
1181028972399591425,1.0,0.7953892416892295,0.5824846568583124,0.48139056621301257,0.3606396649569772,0.3181600777932073,0.27478016718988485,0.27478016718988485,0.27478016718988485,0.27478016718988485,0.27478016718988485
1181011020423659521,1.0,0.9069632332568069,0.7688706759250461,0.6952122416031541,0.5903012751090962,0.546032992403501,0.4946294757339872,0.4946294757339872,0.4946294757339872,0.4946294757339872,0.4946294757339872
1180992241400741889,1.0,0.9287440409769898,0.8399301418258229,0.7842430155581775,0.7059236232595214,0.6669567523981117,0.6249936922542154,0.6249936922542154,0.6249936922542154,0.6249936922542154,0.6249936922542154
1181028464726867969,1.0,0.8971680578068016,0.7656949854632312,0.692740028544552,0.5875479016968022,0.5439083152691832,0.493370625385834,0.493370625385834,0.493370625385834,0.493370625385834,0.493370625385834
1180994133063794689,1.0,0.884266906009602,0.7310475449165472,0.64884526543198,0.5329666553537505,0.48865895308563023,0.4365436897963566,0.40828525889396283,0.3646602993454211,0.34128787587034726,0.3063828296855641
1180982788623335425,1.0,0.9267223287982871,0.8184899526267668,0.7591755392486048,0.6694802784836655,0.6308246054707684,0.5848087912429509,0.5848087912429509,0.5848087912429509,0.5848087912429509,0.5848087912429509
1181033402068893697,1.0,0.8588253086222934,0.695117388027823,0.6119097882198521,0.502880164341519,0.4618318489587294,0.41599413003496344,0.41599413003496344,0.41599413003496344,0.41599413003496344,0.41599413003496344
1181012885230157825,1.0,0.6359691315956413,0.3491156331871117,0.23709436561327002,0.13498572067161485,0.10594232189449082,0.07957656282426884,0.07957656282426884,0.07957656282426884,0.07957656282426884,0.07957656282426884
1180998281013690369,1.0,0.8745275846560541,0.7090012270649595,0.6280612548013307,0.5153665519763229,0.4745942054840936,0.4264192133453226,0.4264192133453226,0.4264192133453226,0.4264192133453226,0.4264192133453226
1181013585615847425,1.0,0.8974727325153277,0.7664725928742091,0.6988586130856317,0.6032856457571297,0.5646840706446038,0.5196346650942836,0.5196346650942836,0.5196346650942836,0.5196346650942836,0.5196346650942836
1180996822418587649,1.0,0.7351613451933573,0.49699731329818486,0.3868014079260935,0.26733473496065063,0.22941238974776557,0.19183097479865974,0.19183097479865974,0.19183097479865974,0.19183097479865974,0.19183097479865974
1180989268792115201,1.0,0.9467884598712429,0.8752678289834329,0.8316861746897385,0.767524992049442,0.7357084286948514,0.6995040564356627,0.6995040564356627,0.6995040564356627,0.6995040564356627,0.6995040564356627
1181033344091193345,1.0,0.889891004612541,0.7468037908280338,0.6744542286060746,0.5726210120257682,0.5331366116648821,0.48643034479217984,0.48643034479217984,0.48643034479217984,0.48643034479217984,0.48643034479217984
1180992048463577089,1.0,0.8821230638279373,0.7458854448176392,0.6748768251696703,0.5803994928975139,0.5417794894477453,0.4982845130374416,0.4982845130374416,0.4982845130374416,0.4982845130374416,0.4982845130374416
1181014867460685825,1.0,0.9503985512168128,0.8825356860485177,0.84272627605031,0.7815538168589068,0.7522643559576243,0.7173961041808978,0.7173961041808978,0.7173961041808978,0.7173961041808978,0.7173961041808978
1181024334010646529,1.0,0.9346923052764602,0.8531607674369172,0.805730416316685,0.7346747975448389,0.700215073672115,0.6602928454391573,0.6602928454391573,0.6602928454391573,0.6602928454391573,0.6602928454391573
1181018879237226497,1.0,0.945507003357009,0.8737312889767084,0.8302028304859456,0.765370015107545,0.7333574611687694,0.6968820062479577,0.6968820062479577,0.6968820062479577,0.6968820062479577,0.6968820062479577
1180995591519469569,1.0,0.8796403654856978,0.7395596864798926,0.6591660393947321,0.5487485852862198,0.5043449978252617,0.4553757747996582,0.4553757747996582,0.4553757747996582,0.4553757747996582,0.4553757747996582
1181029140657373185,1.0,0.878452327829019,0.7419982503199841,0.6629367292230395,0.5598426978074384,0.514952254985287,0.4685981072187979,0.4685981072187979,0.4685981072187979,0.4685981072187979,0.4685981072187979
1180988664103075841,1.0,0.9216787553291564,0.825254947598198,0.7674510733740788,0.6849243392490914,0.6454152752623399,0.6019525149636817,0.6019525149636817,0.6019525149636817,0.6019525149636817,0.6019525149636817
1181035748514725889,1.0,0.7683621161589614,0.5299882934191632,0.42212211691442736,0.29894581694173916,0.25424051755002786,0.20797814162670925,0.20797814162670925,0.20797814162670925,0.20797814162670925,0.20797814162670925
1180997490773098497,1.0,0.9135585669247837,0.7984500413086764,0.7327533713162099,0.6377666973951939,0.5938552617603023,0.543624059908982,0.543624059908982,0.543624059908982,0.543624059908982,0.543624059908982
1181035778521235457,1.0,0.9451678693164728,0.8668746999257848,0.8215274758887909,0.7538254631221689,0.7206952104386866,0.680352432920083,0.680352432920083,0.680352432920083,0.680352432920083,0.680352432920083
1181035722768547841,1.0,0.48128421596160564,0.2185019183209529,0.12166274095522644,0.0586526302572663,0.04173701344234926,0.028965637796113386,0.02185213988630963,0.014948544116293538,0.011158618991118252,0.007619424259149632
1180996381340631041,1.0,0.6757798205305481,0.3801887517051852,0.27888793133904466,0.16873971345915217,0.13840080422453882,0.10930852500681998,0.10930852500681998,0.10930852500681998,0.10930852500681998,0.10930852500681998
1181029868431572993,1.0,0.9423857430400677,0.8587604682427243,0.8118644942162727,0.73931871997588,0.7057866971548119,0.663725318159363,0.6389967108177219,0.6006444267823094,0.5802576755878751,0.5500507540027056
1181023482309279745,1.0,0.762762918893465,0.47637744604145726,0.3751046582794051,0.244288171292267,0.21030138916477303,0.17242771959714898,0.17242771959714898,0.17242771959714898,0.17242771959714898,0.17242771959714898
1180985439069306881,1.0,0.741354245393975,0.4831593881632088,0.37668986631122403,0.2582952118259173,0.21848095491354003,0.1807408760641498,0.1807408760641498,0.1807408760641498,0.1807408760641498,0.1807408760641498
1181005447747010561,1.0,0.790972856955399,0.5565288822254715,0.4563421524265129,0.33643454649997406,0.29657956685109443,0.2562964687632858,0.2562964687632858,0.2562964687632858,0.2562964687632858,0.2562964687632858
1180979646482153473,1.0,0.6887243528741195,0.41756851165839204,0.30998915036147734,0.20094265154319402,0.16685805911206786,0.13732982160919716,0.13732982160919716,0.13732982160919716,0.13732982160919716,0.13732982160919716
1181031123301498881,1.0,0.9016710493738576,0.7709727099982202,0.7028140446167408,0.6090252414534763,0.5703737980576353,0.5294229846371624,0.5294229846371624,0.5294229846371624,0.5294229846371624,0.5294229846371624
1181028276823031809,1.0,0.8396747293223178,0.6478723492923106,0.5557805694277083,0.43987197899988784,0.3974403722202975,0.3546948440374571,0.3546948440374571,0.3546948440374571,0.3546948440374571,0.3546948440374571
1180993847979638785,1.0,0.88257233954343,0.7375676517099707,0.6641525143274088,0.5657557421587437,0.5253730621267565,0.48327464071833426,0.48327464071833426,0.48327464071833426,0.48327464071833426,0.48327464071833426
1180995210708549633,1.0,0.7568941008398329,0.47783333968766684,0.3715310100602348,0.24439652509874787,0.20910735016915716,0.17236040599368363,0.17236040599368363,0.17236040599368363,0.17236040599368363,0.17236040599368363
1181008786051268609,1.0,0.8591921509385045,0.6828033140562746,0.5953413766091898,0.4816231565299972,0.43891928722173645,0.3950457283597689,0.3950457283597689,0.3950457283597689,0.3950457283597689,0.3950457283597689
1181025933339328513,1.0,0.7440010256032872,0.48896346070598684,0.378200993106625,0.2566481604587021,0.21710457493815627,0.1806931091224372,0.1806931091224372,0.1806931091224372,0.1806931091224372,0.1806931091224372
1181030550037626881,1.0,0.8886036985545123,0.7369541037365299,0.6601341713557951,0.5508584189815495,0.5088524332504456,0.46283571531607504,0.46283571531607504,0.46283571531607504,0.46283571531607504,0.46283571531607504
1181032447766593537,1.0,0.89504343183571,0.7432900331844643,0.6692448219246403,0.5564256443235095,0.512521826152903,0.46305083033536865,0.46305083033536865,0.46305083033536865,0.46305083033536865,0.46305083033536865
1181033262076559361,1.0,0.835993623935982,0.6381916054639771,0.54198306431728,0.4071525529547617,0.3582567637297075,0.3074346125651437,0.3074346125651437,0.3074346125651437,0.3074346125651437,0.3074346125651437
1181002840245010433,1.0,0.9343153164675719,0.843137640971076,0.7900758032108888,0.7107288888703456,0.6731527742919252,0.6333237471642801,0.6333237471642801,0.6333237471642801,0.6333237471642801,0.6333237471642801
1180990481074159617,1.0,0.9426543172665744,0.8638517938199364,0.8179271112590609,0.7470225092273333,0.7124067611692189,0.6759401732300911,0.6759401732300911,0.6759401732300911,0.6759401732300911,0.6759401732300911
1180998328536924161,1.0,0.9085830253501413,0.7927103716489549,0.7302722163298897,0.6432379078134501,0.605645890050809,0.566270793391641,0.566270793391641,0.566270793391641,0.566270793391641,0.566270793391641
1180990916803559425,1.0,0.8364973255914931,0.6343656280800021,0.535454193484882,0.39988053894102726,0.3520978529491693,0.3019634981895011,0.3019634981895011,0.3019634981895011,0.3019634981895011,0.3019634981895011
1181003134976098305,1.0,0.9212027414439383,0.8182124535303398,0.76167322559048,0.6833413346458876,0.6483506310912858,0.6112077405679417,0.6112077405679417,0.6112077405679417,0.6112077405679417,0.6112077405679417
1180985102171013121,1.0,0.9550850588388318,0.8877158729394895,0.8490495792787781,0.78761012851551,0.7588880251231676,0.7265116999577605,0.7265116999577605,0.7265116999577605,0.7265116999577605,0.7265116999577605
1180988697946718209,1.0,0.964220254936227,0.9141386894997462,0.8816850944662467,0.8308972107334325,0.8041865292624869,0.771559297084808,0.7505800780003823,0.7197953035526125,0.7019336339588581,0.677024369474307
1181006614796828673,1.0,0.9344701064895907,0.8411678602389101,0.7897170744186692,0.7155171848707265,0.6827264215979338,0.6464856127405355,0.6464856127405355,0.6464856127405355,0.6464856127405355,0.6464856127405355
1181025817026330625,1.0,0.902442775523131,0.7781773286827779,0.7143438197792006,0.6265731811754718,0.5896049938356349,0.5508298193331287,0.5508298193331287,0.5508298193331287,0.5508298193331287,0.5508298193331287
1181019063950966785,1.0,0.9461340299838638,0.8688659188816309,0.8239844464488568,0.7569804593386871,0.7251513275581856,0.6910693490881825,0.6910693490881825,0.6910693490881825,0.6910693490881825,0.6910693490881825
1180984169292824577,1.0,0.8229186798385808,0.6224136727872092,0.5308124170431905,0.4162800623676526,0.37424932597202454,0.3318428556663352,0.3318428556663352,0.3318428556663352,0.3318428556663352,0.3318428556663352
1181004525904003073,1.0,0.7386663133250846,0.4839110258528381,0.3765713200852516,0.2583849704685679,0.2191048347558483,0.18266601503529023,0.18266601503529023,0.18266601503529023,0.18266601503529023,0.18266601503529023
1180987952037920769,1.0,0.8355548710174903,0.6509701728015421,0.5623670991572955,0.4501469862791926,0.4085679626068679,0.36681497731353385,0.36681497731353385,0.36681497731353385,0.36681497731353385,0.36681497731353385
1181000721379950593,1.0,0.8625453899255466,0.6974318899726747,0.6173257808324495,0.5127840458195371,0.4720875922416581,0.4303496492575548,0.4303496492575548,0.4303496492575548,0.4303496492575548,0.4303496492575548
1181000002032861185,1.0,0.8121425735272684,0.5887552499571272,0.49604000760119094,0.37665713007512447,0.3365621177931679,0.29495506389485227,0.29495506389485227,0.29495506389485227,0.29495506389485227,0.29495506389485227
1181031917607026689,1.0,0.91799197476867,0.7991808296941681,0.7337639977131887,0.6371075306623962,0.5934641165600862,0.5425131302438813,0.5425131302438813,0.5425131302438813,0.5425131302438813,0.5425131302438813
1181005824491913217,1.0,0.928860559017533,0.8273309772253548,0.7702085744474179,0.6852714581419368,0.6462254397822799,0.6029006572908057,0.6029006572908057,0.6029006572908057,0.6029006572908057,0.6029006572908057
1181003204312072193,1.0,0.9352977748470144,0.8444228118006498,0.7917765211448295,0.7120737357969821,0.675138897116767,0.6356665513758764,0.6356665513758764,0.6356665513758764,0.6356665513758764,0.6356665513758764
1180980181637955585,1.0,0.9180112263717073,0.8098460730044728,0.7492547183320646,0.6630783351478526,0.6239858224343336,0.5828853564679104,0.5828853564679104,0.5828853564679104,0.5828853564679104,0.5828853564679104
1181023393163673601,1.0,0.9220625194800932,0.8159568838235144,0.7544178277675094,0.6590471891274492,0.6164204114436463,0.5666585582945753,0.5370536519492424,0.49360434287697397,0.4699196674844177,0.43663784324187915
1181005720762253313,1.0,0.9580948893847353,0.8975661728308292,0.8598261648818122,0.8030675827871804,0.7740590769697115,0.7434627969048087,0.7434627969048087,0.7434627969048087,0.7434627969048087,0.7434627969048087
1180997293383778305,1.0,0.8395454472717961,0.6334183155340444,0.5386607429363901,0.40610983175800086,0.3597038596706912,0.30839120787291363,0.30839120787291363,0.30839120787291363,0.30839120787291363,0.30839120787291363
1181022110835605505,1.0,0.8998374254212801,0.7685814003736284,0.7017843145867928,0.6089849377617015,0.5714860961592866,0.5308364798421759,0.5308364798421759,0.5308364798421759,0.5308364798421759,0.5308364798421759
1180995391224610817,1.0,0.887709182198039,0.7340122758877534,0.6614547820597447,0.5566103182205465,0.5177372811001297,0.4739739746344348,0.4739739746344348,0.4739739746344348,0.4739739746344348,0.4739739746344348
1181004269245399041,1.0,0.9302992996485878,0.8357197581891667,0.7829666723992894,0.7038681312500286,0.6676394424702484,0.6278103322857714,0.6278103322857714,0.6278103322857714,0.6278103322857714,0.6278103322857714
1181022504261582849,1.0,0.8879606904839769,0.6911354120682918,0.6021374207065033,0.4629334160465842,0.41672515587087655,0.3562345231318339,0.3562345231318339,0.3562345231318339,0.3562345231318339,0.3562345231318339
1181031030446358529,1.0,0.9055803543804435,0.78419035512565,0.7231877789031775,0.6362855804129712,0.6012836571851077,0.5628990220726614,0.5628990220726614,0.5628990220726614,0.5628990220726614,0.5628990220726614
1181005514115317761,1.0,0.8782292701578704,0.726683438723049,0.655277157894866,0.5576174167944977,0.5187949629699571,0.4771902674678461,0.4771902674678461,0.4771902674678461,0.4771902674678461,0.4771902674678461
1181022411406049281,1.0,0.8820913820186358,0.731004162776618,0.6544999274045009,0.5520979197879963,0.5116338984225508,0.46934379417047045,0.46934379417047045,0.46934379417047045,0.46934379417047045,0.46934379417047045
1180994394271416321,1.0,0.9021088305337092,0.7707039037872435,0.7049686425797757,0.6133367380236416,0.5762800264608938,0.5364103541448955,0.5364103541448955,0.5364103541448955,0.5364103541448955,0.5364103541448955
1180982357191950337,1.0,0.7833944581378076,0.5557004762212194,0.4547388296340267,0.33567412332030466,0.2939237943335741,0.25376309442044054,0.25376309442044054,0.25376309442044054,0.25376309442044054,0.25376309442044054
1181015575126310913,1.0,0.8383279786757014,0.6480980938769993,0.558901111645378,0.44468702737936483,0.40253989565414283,0.3603497492194365,0.3603497492194365,0.3603497492194365,0.3603497492194365,0.3603497492194365
1180993891729211393,1.0,0.867299956681054,0.7041904728657215,0.6256117385325699,0.5207234035349346,0.4791941114995246,0.43600964562773203,0.43600964562773203,0.43600964562773203,0.43600964562773203,0.43600964562773203
1181032389724635137,1.0,0.9023821550407698,0.7733436362929412,0.7098641442687934,0.6209637237093688,0.5848265761633883,0.5453762452517088,0.5453762452517088,0.5453762452517088,0.5453762452517088,0.5453762452517088
1181024305198727169,1.0,0.8794111561297796,0.7261747909923968,0.6507631132987288,0.5495855260220212,0.5098479826937645,0.46778356493746864,0.46778356493746864,0.46778356493746864,0.46778356493746864,0.46778356493746864
1180985406546542593,1.0,0.8237656587998738,0.620438449632259,0.5269490829486497,0.409172861572071,0.3678951229603411,0.3254054351916069,0.3254054351916069,0.3254054351916069,0.3254054351916069,0.3254054351916069
1180998108175826945,1.0,0.809752661554868,0.5826531691327722,0.4839198943525507,0.360484539833708,0.3192432529705971,0.2766338913598865,0.2766338913598865,0.2766338913598865,0.2766338913598865,0.2766338913598865
1180992031814615041,1.0,0.8674450387299801,0.7136000119351471,0.6319658502839144,0.5275050847855091,0.48123505799559974,0.43596844198973506,0.43596844198973506,0.43596844198973506,0.43596844198973506,0.43596844198973506
1181001628190507009,1.0,0.6959756079544608,0.4257385469779633,0.314183929579991,0.20012996599389687,0.16508825447967046,0.1338231117778763,0.1338231117778763,0.1338231117778763,0.1338231117778763,0.1338231117778763
1181031210865655809,1.0,0.8980652179022932,0.7566380877863008,0.6809573722029594,0.5712464409919183,0.5259836931139554,0.47705158698195893,0.47705158698195893,0.47705158698195893,0.47705158698195893,0.47705158698195893
1180992768142737409,1.0,0.9101928116045865,0.7841938295188485,0.7197193720437198,0.6285192908897737,0.5901394489538067,0.5453903114240242,0.5453903114240242,0.5453903114240242,0.5453903114240242,0.5453903114240242
1181032364719669249,1.0,0.8773732889353243,0.7248148091827362,0.643496148672643,0.5308838231989131,0.4850788631864469,0.4339297536622385,0.40326844129219785,0.3595880192721891,0.33528326476753834,0.30180087275024226
1181024168884305921,1.0,0.9144482968921165,0.778914507556183,0.7163343089575807,0.611935556596293,0.5725667848710918,0.5241434343010835,0.5241434343010835,0.5241434343010835,0.5241434343010835,0.5241434343010835
1180996497747836929,1.0,0.8154312195168069,0.6102799090122338,0.5097997346146651,0.3875130383602762,0.34148371071301176,0.29661849529433404,0.29661849529433404,0.29661849529433404,0.29661849529433404,0.29661849529433404
1181028078658125825,1.0,0.867662843246922,0.7007496140033268,0.617127301588618,0.5023575791371736,0.45578274222294324,0.40860359127142665,0.40860359127142665,0.40860359127142665,0.40860359127142665,0.40860359127142665
1180986915369287681,1.0,0.881382558616426,0.7397141957940552,0.658935479520995,0.5512876287201203,0.5037641765935689,0.45730046865097596,0.45730046865097596,0.45730046865097596,0.45730046865097596,0.45730046865097596
1181018069254144001,1.0,0.9046820318531578,0.784511922997227,0.7199176237731605,0.6197595904111441,0.5767310176218149,0.5304988588024515,0.5304988588024515,0.5304988588024515,0.5304988588024515,0.5304988588024515
1180986528075186177,1.0,0.9300687527520476,0.8307648040068548,0.7769236631485926,0.6930604362420139,0.6548406672173113,0.6122704529838563,0.6122704529838563,0.6122704529838563,0.6122704529838563,0.6122704529838563
1181023358254186497,1.0,0.9394979128594356,0.8484241724214263,0.7998761944014336,0.7260397185294185,0.6930092310170841,0.6546363492262581,0.6546363492262581,0.6546363492262581,0.6546363492262581,0.6546363492262581
1180995829012987905,1.0,0.8176450056128616,0.6111529563503155,0.5177733716171273,0.39972862000172094,0.35862295073881023,0.31701301727659525,0.31701301727659525,0.31701301727659525,0.31701301727659525,0.31701301727659525
1180998840018436097,1.0,0.869269753813702,0.7027218578436192,0.6242651244291351,0.5186163192835876,0.4784399555530684,0.4357597878071777,0.4357597878071777,0.4357597878071777,0.4357597878071777,0.4357597878071777
1181010511397191681,1.0,0.9034221409641369,0.772174738215383,0.7063627894370196,0.6132700975001378,0.5757185396695332,0.5342266823182935,0.5342266823182935,0.5342266823182935,0.5342266823182935,0.5342266823182935
1180992061205774337,1.0,0.8453488838826781,0.6482244907067003,0.5620046841130647,0.4456542581876183,0.40534054051031654,0.36259943199575384,0.36259943199575384,0.36259943199575384,0.36259943199575384,0.36259943199575384
1180982352997220353,1.0,0.8094282783568171,0.6008840076895456,0.5066771965378175,0.3905521282072326,0.34946311188291324,0.3095536161717295,0.3095536161717295,0.3095536161717295,0.3095536161717295,0.3095536161717295
1180989141542928385,1.0,0.8283007114955385,0.6163685918031925,0.5116744333818416,0.3752429864719622,0.32461151930652665,0.2739575418568728,0.2739575418568728,0.2739575418568728,0.2739575418568728,0.2739575418568728
1181009274173227009,1.0,0.9410817466467254,0.8577007793490282,0.8109685712586794,0.7393342666271902,0.7055209457854464,0.6666416380292932,0.6666416380292932,0.6666416380292932,0.6666416380292932,0.6666416380292932
1181031874019065857,1.0,0.8505160267995866,0.6891291500744405,0.5941221685248759,0.47189748657592934,0.41942487729077804,0.3679286857508014,0.3679286857508014,0.3679286857508014,0.3679286857508014,0.3679286857508014
1180983028249001985,1.0,0.9461997320515384,0.8695412143875221,0.8224502783285776,0.7476334504135579,0.7124020275996159,0.6686714236848386,0.6408925370242833,0.6005413939531044,0.5771768650662268,0.5449828879819847
1180986249441771521,1.0,0.9522283489373081,0.8590164858359104,0.8119213676641214,0.7253817969126896,0.6918015033417273,0.6458173571409512,0.6458173571409512,0.6458173571409512,0.6458173571409512,0.6458173571409512
1181024261160796161,1.0,0.8973636685470646,0.7698592630967847,0.6950532888651584,0.5952751793973212,0.5496799853764414,0.5062888571940782,0.5062888571940782,0.5062888571940782,0.5062888571940782,0.5062888571940782
1181000598326968321,1.0,0.9649984117592635,0.9043003658438304,0.8684718979697856,0.8071390888852413,0.7788516768762672,0.7345253208186919,0.709721853295868,0.6673400397900342,0.6477742216366369,0.6154061468701348
1180993943740317697,1.0,0.9388562995858409,0.8483108604465982,0.7977534592299943,0.7204216126805645,0.6852985015854309,0.6464399078093863,0.6464399078093863,0.6464399078093863,0.6464399078093863,0.6464399078093863
1181034742826172417,1.0,0.9009641883185129,0.7750062523784016,0.70926497399433,0.615193175904241,0.5757902918518363,0.5336939849493534,0.5336939849493534,0.5336939849493534,0.5336939849493534,0.5336939849493534
1181027043375054849,1.0,0.9226053180838006,0.81263765872692,0.7541134012595647,0.6683699231083206,0.6318130126869504,0.5904717931958292,0.5904717931958292,0.5904717931958292,0.5904717931958292,0.5904717931958292
1181033817464766465,1.0,0.9140352314437898,0.8021936267430664,0.7444332751456502,0.658103022367986,0.619352883172797,0.5771767871708156,0.5771767871708156,0.5771767871708156,0.5771767871708156,0.5771767871708156
1181005950642159617,1.0,0.7352968478193919,0.44957951563686516,0.34880095238205944,0.22418990197984423,0.18913841206099113,0.15196022391499264,0.15196022391499264,0.15196022391499264,0.15196022391499264,0.15196022391499264
1181027908852580353,1.0,0.7594894375797328,0.5074698864665492,0.38949998054434,0.26229790485868865,0.21870090467740844,0.17924372967638624,0.17924372967638624,0.17924372967638624,0.17924372967638624,0.17924372967638624
1181003147235885057,1.0,0.8116506025480986,0.6013030124668783,0.5061902388863173,0.38829922074813383,0.3464807023045767,0.30491854938912044,0.30491854938912044,0.30491854938912044,0.30491854938912044,0.30491854938912044
1180998835564216321,1.0,0.7918193950968565,0.5683838220075166,0.46665965548892263,0.3465348279576861,0.3048241310230898,0.2640505501340289,0.2640505501340289,0.2640505501340289,0.2640505501340289,0.2640505501340289
1180995103206440961,1.0,0.8583794117701112,0.6893422150600503,0.6074520643206254,0.49899767530045835,0.45824198550623574,0.41646970496035096,0.41646970496035096,0.41646970496035096,0.41646970496035096,0.41646970496035096
1180991750214975489,1.0,0.803248442634676,0.5877944164545033,0.4934091349392864,0.3758905778261007,0.3352549685435886,0.29478048262032785,0.29478048262032785,0.29478048262032785,0.29478048262032785,0.29478048262032785
1181025081922387969,1.0,0.9070720443055565,0.7807315612918466,0.7149862662613374,0.6237814528062127,0.5861641580598502,0.5454864584363112,0.5454864584363112,0.5454864584363112,0.5454864584363112,0.5454864584363112
1181031184153116673,1.0,0.8995554180445371,0.7641456813403902,0.6918057241732782,0.5869550861279078,0.5429453621520216,0.496237107397277,0.496237107397277,0.496237107397277,0.496237107397277,0.496237107397277
1181028763168079873,1.0,0.8752182951606167,0.7199267411333758,0.6425340649918481,0.5372968772218976,0.4945069061096189,0.44749716758026237,0.44749716758026237,0.44749716758026237,0.44749716758026237,0.44749716758026237
1181021391706030081,1.0,0.9189269453959055,0.8032129024746053,0.7406466768421562,0.6462395730927849,0.6058952207910396,0.5612390519197022,0.5612390519197022,0.5612390519197022,0.5612390519197022,0.5612390519197022
1181029404766339073,1.0,0.9172055040570478,0.8052608380322267,0.743683257563257,0.6548332934999551,0.6154646416058704,0.5741727344822067,0.5741727344822067,0.5741727344822067,0.5741727344822067,0.5741727344822067
1181021112010964993,1.0,0.9550555906845382,0.8809425582993715,0.8421135960769095,0.7793623062329926,0.7519290399910249,0.7174978680871451,0.7174978680871451,0.7174978680871451,0.7174978680871451,0.7174978680871451
1181005407804555265,1.0,0.9137599236247205,0.7871832208752153,0.7147115207635005,0.6055057767159077,0.5591043044349069,0.5030247034874663,0.4710061494568276,0.4215614738118728,0.39601272825546596,0.3592693734805731
1180992815825879041,1.0,0.9116322778226996,0.7893381197836693,0.7221239964246433,0.6247349418796764,0.5828590775239266,0.5368266358533929,0.5368266358533929,0.5368266358533929,0.5368266358533929,0.5368266358533929
1181003389085777921,1.0,0.9143583024585035,0.8004859250275249,0.7323125860940615,0.633674242825486,0.5865690476684537,0.5381626109203421,0.5381626109203421,0.5381626109203421,0.5381626109203421,0.5381626109203421
1180981084606398465,1.0,0.8663676962832809,0.6823304933737793,0.6020653813081724,0.49162202758617224,0.45323627447152937,0.4102084865513832,0.4102084865513832,0.4102084865513832,0.4102084865513832,0.4102084865513832
1180982024067743745,1.0,0.8192858947049882,0.5910493547948771,0.4897877864599518,0.3526796277999774,0.3076697215584939,0.2586967096430778,0.2586967096430778,0.2586967096430778,0.2586967096430778,0.2586967096430778
1180999221893103617,1.0,0.860331363885317,0.6914671272219077,0.6034796359125175,0.4823022910946273,0.43491722696181045,0.3873664306365586,0.3873664306365586,0.3873664306365586,0.3873664306365586,0.3873664306365586
1180981826225111041,1.0,0.9289125868387532,0.8311916832482327,0.7801800611054088,0.6984837873220175,0.6621419191397041,0.6192638612854846,0.6192638612854846,0.6192638612854846,0.6192638612854846,0.6192638612854846
1181026744643878913,1.0,0.8893750814649681,0.7476587379008859,0.676396288961139,0.5803731977767436,0.5416398994263351,0.5011274672116716,0.5011274672116716,0.5011274672116716,0.5011274672116716,0.5011274672116716
1181027862949724161,1.0,0.8223133593476628,0.6178340478978515,0.524774524744707,0.407750478432072,0.36712694568445825,0.32552574393169587,0.32552574393169587,0.32552574393169587,0.32552574393169587,0.32552574393169587
1181032786700009473,1.0,0.8470079278125472,0.6683943444662148,0.5824997364255642,0.47172955857822796,0.4298992728691785,0.38733972389804505,0.38733972389804505,0.38733972389804505,0.38733972389804505,0.38733972389804505
1181022474128162817,1.0,0.8538088830844084,0.6805095177187243,0.59474288612656,0.48576288682831004,0.4442325412457545,0.4023275928581522,0.4023275928581522,0.4023275928581522,0.4023275928581522,0.4023275928581522
1180999110839631873,1.0,0.908510195291808,0.785226513004642,0.7227485744156135,0.6348115117071405,0.5989632873654032,0.5592936508525128,0.5592936508525128,0.5592936508525128,0.5592936508525128,0.5592936508525128
1181029778060378113,1.0,0.8352470786835292,0.6424214633849684,0.5542306545262572,0.43969789837344264,0.3984874298856216,0.3566621080214418,0.3566621080214418,0.3566621080214418,0.3566621080214418,0.3566621080214418
1180986596858396673,1.0,0.8907182986113743,0.7493267993927681,0.6744524795292378,0.5708132310425389,0.5268478648282986,0.4798850462478319,0.4798850462478319,0.4798850462478319,0.4798850462478319,0.4798850462478319
1180999288485412865,1.0,0.8916192705434656,0.7335278666636342,0.6602088134859544,0.5459971477970967,0.5020975902306446,0.45383444069240286,0.45383444069240286,0.45383444069240286,0.45383444069240286,0.45383444069240286
1181007488334331905,1.0,0.9315221240118664,0.8346412696436762,0.7799039430194614,0.6977030873449606,0.6585003536690868,0.6142272097774504,0.6142272097774504,0.6142272097774504,0.6142272097774504,0.6142272097774504
1181012943725101057,1.0,0.8757176212803186,0.7168019181443163,0.6276316750381539,0.5149331528358787,0.4684559249209984,0.42152714057732454,0.42152714057732454,0.42152714057732454,0.42152714057732454,0.42152714057732454
1181003830455861249,1.0,0.9651879080258363,0.9123767923399224,0.8802745168540196,0.8299172354152562,0.8048675994945446,0.7769176585943858,0.7769176585943858,0.7769176585943858,0.7769176585943858,0.7769176585943858
1180985669046501377,1.0,0.9193830140542643,0.8142668802601245,0.7542200797750048,0.6671060936952793,0.6266622525647414,0.5843489565035376,0.5843489565035376,0.5843489565035376,0.5843489565035376,0.5843489565035376
1181030418271666177,1.0,0.8612910602263659,0.6912032447828708,0.6028932210465872,0.4831654534988621,0.43390164950299437,0.38372488855692033,0.38372488855692033,0.38372488855692033,0.38372488855692033,0.38372488855692033
1180981505167556609,1.0,0.9158419787733262,0.8004422399756994,0.7311187764646278,0.6307095957598938,0.5867816210235647,0.5356257506992657,0.5052626644363268,0.46080963472636594,0.4368377835676581,0.4033870438488525
1181035646916001793,1.0,0.9581917324652811,0.8963108512252487,0.8612379117161741,0.8019467820131949,0.7722633501390807,0.7368304722816712,0.7368304722816712,0.7368304722816712,0.7368304722816712,0.7368304722816712
1180996367690956801,1.0,0.8948063786764786,0.7570515409874761,0.6879854012226924,0.5920257125231023,0.55287286425279,0.5108612075681486,0.5108612075681486,0.5108612075681486,0.5108612075681486,0.5108612075681486
1181023521675182081,1.0,0.9234474205214074,0.815920130045363,0.7595954974923566,0.6743936345041137,0.6375966289794057,0.5956411695830965,0.5956411695830965,0.5956411695830965,0.5956411695830965,0.5956411695830965
1181004733296705537,1.0,0.8829139951250601,0.7252303012335054,0.6465642661392594,0.5326776717919254,0.48606756967904197,0.43503323714692477,0.43503323714692477,0.43503323714692477,0.43503323714692477,0.43503323714692477
1180983299490414593,1.0,0.9410228468420475,0.8548716788070057,0.8062269908849664,0.7328992005982746,0.698283753556522,0.6592070707899603,0.6592070707899603,0.6592070707899603,0.6592070707899603,0.6592070707899603
1181024566863527937,1.0,0.923895211420618,0.8077127907239869,0.7510973954895297,0.6582569595526924,0.6201674669354247,0.5749919296898729,0.5749919296898729,0.5749919296898729,0.5749919296898729,0.5749919296898729
1180981386243571713,1.0,0.8871636548123838,0.744382878014791,0.6661894206212894,0.5608815850868019,0.5144672620908504,0.4674220530995372,0.4674220530995372,0.4674220530995372,0.4674220530995372,0.4674220530995372
1181020686887419905,1.0,0.9360105139991178,0.8468123176239646,0.7939564945475619,0.7154757024491867,0.6785136050142041,0.6401629952310078,0.6401629952310078,0.6401629952310078,0.6401629952310078,0.6401629952310078
1180979733364047873,1.0,0.8420660241718423,0.6488586231733615,0.5591225829453841,0.4341816362114612,0.3864149614141368,0.3371968482679798,0.3371968482679798,0.3371968482679798,0.3371968482679798,0.3371968482679798
1180982526449287169,1.0,0.8698548518793483,0.6873954359272835,0.6005020687826707,0.4833577993108181,0.43925852930883147,0.39194959210441005,0.39194959210441005,0.39194959210441005,0.39194959210441005,0.39194959210441005
1180998308017930241,1.0,0.8986487886392536,0.7769507098432148,0.7106826009158533,0.6201059147703653,0.5813307651370714,0.5413712592303124,0.5413712592303124,0.5413712592303124,0.5413712592303124,0.5413712592303124
1181028062235328513,1.0,0.9019210947076767,0.7752658768056725,0.7040560377732701,0.6018655898201258,0.5572091217733153,0.5109620360145284,0.5109620360145284,0.5109620360145284,0.5109620360145284,0.5109620360145284
1181035062713417729,1.0,0.8625392953368262,0.6714245135064834,0.5833358514130916,0.46607810886778134,0.4235998353080521,0.3758035899684703,0.3758035899684703,0.3758035899684703,0.3758035899684703,0.3758035899684703
1180998528960266241,1.0,0.9527708761769444,0.8796797490553295,0.8375058345990302,0.7705295918075418,0.7385950979051374,0.6987716949205748,0.6754589523022387,0.639049625994065,0.620168523443856,0.5916780818597656
1180986395758821377,1.0,0.9310358483962272,0.8234873440314762,0.7666115940010243,0.6751285753555782,0.6366376697801835,0.5917741532342145,0.5917741532342145,0.5917741532342145,0.5917741532342145,0.5917741532342145
1180981780990885889,1.0,0.8111712305323926,0.6131122253149295,0.4978557809762243,0.37766786543189523,0.3212731601869353,0.2739696459615767,0.2739696459615767,0.2739696459615767,0.2739696459615767,0.2739696459615767
1181009149860642817,1.0,0.9489464512560417,0.8769440191004979,0.8326235917460056,0.7625425553407423,0.7273693089562017,0.6873382344703636,0.6873382344703636,0.6873382344703636,0.6873382344703636,0.6873382344703636
1181000289019592705,1.0,0.7400799632369999,0.5091893983939928,0.40464005107949574,0.2897277433452069,0.24680718562111748,0.21047272398530914,0.21047272398530914,0.21047272398530914,0.21047272398530914,0.21047272398530914
1180994415694512129,1.0,0.8830678999184731,0.7304837915745432,0.652946339355943,0.5501129043342828,0.5085922541012287,0.46373614738881297,0.46373614738881297,0.46373614738881297,0.46373614738881297,0.46373614738881297
1180983543889461249,1.0,0.9156820901660047,0.7994709270191103,0.7405928038985905,0.6498619783817765,0.6097544019310328,0.5626998930489797,0.5626998930489797,0.5626998930489797,0.5626998930489797,0.5626998930489797
1180995587777331201,1.0,0.9232277487211258,0.824485518409665,0.7664072742809006,0.6824782369247058,0.6441169256034838,0.6046998029512654,0.6046998029512654,0.6046998029512654,0.6046998029512654,0.6046998029512654
1180998263557193729,1.0,0.8959462110033989,0.7575567544354744,0.6827901101777103,0.5785728978231546,0.5350578897272822,0.487580783780613,0.487580783780613,0.487580783780613,0.487580783780613,0.487580783780613
1181000322186969089,1.0,0.9682781001861009,0.9224183343692567,0.8935966035444768,0.8484737749330706,0.8254391939378847,0.8001653775796704,0.8001653775796704,0.8001653775796704,0.8001653775796704,0.8001653775796704
1181007036155985921,1.0,0.9150355820300062,0.7983159519736873,0.7342737583857594,0.642068917389018,0.6010722122316301,0.5564620475989923,0.5564620475989923,0.5564620475989923,0.5564620475989923,0.5564620475989923
1181004809310109697,1.0,0.8391291481076327,0.6603562777288268,0.5690477174531718,0.44903345759571445,0.400244169919717,0.3533927768722497,0.3533927768722497,0.3533927768722497,0.3533927768722497,0.3533927768722497
1180996619354505217,1.0,0.9428672613470757,0.8638036353159602,0.8178159134029588,0.7481614789551945,0.7142607109831154,0.677555170148483,0.677555170148483,0.677555170148483,0.677555170148483,0.677555170148483
1181000527707439105,1.0,0.8982438234428846,0.7515359921907506,0.679396399234201,0.5751880786264632,0.5318228618624545,0.48343022308824346,0.48343022308824346,0.48343022308824346,0.48343022308824346,0.48343022308824346
1181020830105436161,1.0,0.9345182050199201,0.8415234895915884,0.7901088866660158,0.7086139039956074,0.6700570057074252,0.6262262005106541,0.6262262005106541,0.6262262005106541,0.6262262005106541,0.6262262005106541
1180981106126389249,1.0,0.9354999881557539,0.8403637431093436,0.7868877595723913,0.7042025052691505,0.6668735363007929,0.6230252983104643,0.6230252983104643,0.6230252983104643,0.6230252983104643,0.6230252983104643
1181005677109084161,1.0,0.8999903987312345,0.7680917178268685,0.6967270389625031,0.5928553637626754,0.5493791490824655,0.4988519582895058,0.46947140208347415,0.4259970532454025,0.40261103765688944,0.3697195301969166
1180982448241049601,1.0,0.8858908583132377,0.7445366048260402,0.6718392666503921,0.571262752671632,0.5278369175557212,0.4829397634462186,0.4829397634462186,0.4829397634462186,0.4829397634462186,0.4829397634462186
1181018437092540417,1.0,0.9651622644925217,0.9154482899550911,0.8844381974553358,0.8360422302557877,0.8113019349534769,0.7842121993160311,0.7842121993160311,0.7842121993160311,0.7842121993160311,0.7842121993160311
1180988475551481857,1.0,0.905073466196287,0.7732571216540849,0.7023791023993429,0.601241905764756,0.5585333553757073,0.5129212355458617,0.5129212355458617,0.5129212355458617,0.5129212355458617,0.5129212355458617
1181025942499033089,1.0,0.6430798849538112,0.36302484680106695,0.2518662898853118,0.14527898509450865,0.11207389626983122,0.08436465611026622,0.08436465611026622,0.08436465611026622,0.08436465611026622,0.08436465611026622
1181000381326852097,1.0,0.9160785884639518,0.8107788818438062,0.7493386268591157,0.6631203510993134,0.6227596248329086,0.5809239180628638,0.5809239180628638,0.5809239180628638,0.5809239180628638,0.5809239180628638
1180988442609713153,1.0,0.90329257289872,0.7627349514874954,0.6856700180951751,0.5763408431299271,0.531769117554103,0.47893151825446345,0.44903327985381847,0.4039794615963993,0.38133300224773226,0.34871183820693863
1181006279250149377,1.0,0.7425913049960076,0.4809106921159738,0.37203028300896257,0.24933854249460796,0.21112312619024287,0.1736658268949166,0.1736658268949166,0.1736658268949166,0.1736658268949166,0.1736658268949166
1181026053260738561,1.0,0.7707797652389954,0.5529924349595802,0.4452580386731052,0.32362996239666797,0.2802714099146708,0.2407160176949179,0.2407160176949179,0.2407160176949179,0.2407160176949179,0.2407160176949179
1181006453378351105,1.0,0.9598256429681079,0.9056487588736128,0.8716568293175642,0.8209266364849745,0.7941767225724482,0.765395028971374,0.765395028971374,0.765395028971374,0.765395028971374,0.765395028971374
1180990793683795969,1.0,0.9399623820021453,0.8561883542351332,0.8067372190567829,0.7344973479083274,0.6998358170082701,0.6617789467180224,0.6617789467180224,0.6617789467180224,0.6617789467180224,0.6617789467180224
1181027390630592513,1.0,0.8455694625971086,0.6390595279581256,0.5435478459503167,0.4152188116416303,0.37036798275106264,0.3213641397254625,0.3213641397254625,0.3213641397254625,0.3213641397254625,0.3213641397254625
1180985590935814145,1.0,0.9636955463969914,0.9094049346134438,0.8757708115647996,0.8228601474346228,0.7954463314140812,0.7654546053954686,0.7654546053954686,0.7654546053954686,0.7654546053954686,0.7654546053954686
1180988746956406785,1.0,0.8893835308115402,0.7379352529372945,0.661549815651591,0.5563890730265746,0.512246277038556,0.4639113494074303,0.4639113494074303,0.4639113494074303,0.4639113494074303,0.4639113494074303
1181012023849189377,1.0,0.9423029410878284,0.8615760356785231,0.816660286954122,0.7477929373208365,0.7156665873874554,0.6795202967685987,0.6795202967685987,0.6795202967685987,0.6795202967685987,0.6795202967685987
1180998337409351681,1.0,0.9033234886012824,0.7579187867645975,0.6783175992557136,0.5626158877263111,0.5135309858953522,0.45344241998276313,0.4207040348340365,0.37156585624328076,0.34702936804614226,0.3111434396279483
1180987960265179137,1.0,0.9650051957845212,0.9116645323944359,0.8792435595671761,0.8289458067577133,0.8048281127213613,0.7766717483571468,0.7766717483571468,0.7766717483571468,0.7766717483571468,0.7766717483571468
1180997486806859777,1.0,0.8674826133402982,0.6720718714782635,0.5836510115842486,0.44902471660190046,0.4016643101636548,0.3475391973888028,0.3475391973888028,0.3475391973888028,0.3475391973888028,0.3475391973888028
1181028730840383489,1.0,0.8896261582097341,0.7489379143446986,0.6692786495281529,0.5593396946171252,0.5125141643832023,0.46332972605653233,0.46332972605653233,0.46332972605653233,0.46332972605653233,0.46332972605653233
1181034189726121985,1.0,0.9539026454644459,0.886476438205127,0.8449362656486246,0.7827894472585029,0.7528791463058264,0.71633034016645,0.6933512131403874,0.6592825948470191,0.6404496876915124,0.6132473484898137
1181025596081733633,1.0,0.7934035583132044,0.5405616871686587,0.4433539977279142,0.3075834280354891,0.2684704815870841,0.22604347570112482,0.22604347570112482,0.22604347570112482,0.22604347570112482,0.22604347570112482
1181024782354743297,1.0,0.9308009841147157,0.8291048104534211,0.7696953439014562,0.682614149466045,0.6429028422327596,0.5996815435307199,0.5996815435307199,0.5996815435307199,0.5996815435307199,0.5996815435307199
1180989064851554305,1.0,0.926054783436852,0.8216893944321152,0.7617133157042334,0.6724325393876223,0.6316173811836329,0.5868853228918087,0.5868853228918087,0.5868853228918087,0.5868853228918087,0.5868853228918087
1181002643532873729,1.0,0.8043907440897644,0.5852824914380312,0.4953179900162823,0.38095707742930385,0.3423860603546527,0.3018129136069837,0.3018129136069837,0.3018129136069837,0.3018129136069837,0.3018129136069837
1181020999508262913,1.0,0.8916553571061698,0.7521951312090402,0.6744467551979975,0.56371153647817,0.5166144279467659,0.46944824866820567,0.46944824866820567,0.46944824866820567,0.46944824866820567,0.46944824866820567
1180997398370025473,1.0,0.8930998576917432,0.7530735058781727,0.6761575089817295,0.5655419864035488,0.5176735220877917,0.46717904249436315,0.46717904249436315,0.46717904249436315,0.46717904249436315,0.46717904249436315
1181001146326908929,1.0,0.9278894650346778,0.8284376781652631,0.7713231602350292,0.6838372701236093,0.6434656807931063,0.5993694863744312,0.5993694863744312,0.5993694863744312,0.5993694863744312,0.5993694863744312
1181026308694867969,1.0,0.8811248707524882,0.7363878389960212,0.6586160810585415,0.5512987649502398,0.5047568482634267,0.45931433749896544,0.45931433749896544,0.45931433749896544,0.45931433749896544,0.45931433749896544
1181023270624952321,1.0,0.8930223483879689,0.7642174163074233,0.6888593084235883,0.5905164384386776,0.5450127967122778,0.5011055668467478,0.5011055668467478,0.5011055668467478,0.5011055668467478,0.5011055668467478
1180995584134152193,1.0,0.9149435058633418,0.8021754237409218,0.736563067319775,0.6424931546837656,0.6013665148848133,0.5592812257426041,0.5592812257426041,0.5592812257426041,0.5592812257426041,0.5592812257426041
1180993515757666305,1.0,0.790914137996588,0.5761495972720347,0.4935031292015277,0.3813223832186401,0.3444867014441918,0.3049418463779009,0.3049418463779009,0.3049418463779009,0.3049418463779009,0.3049418463779009
1181023846117376001,1.0,0.9636749120112902,0.9104332968024862,0.8793081381205011,0.8290670144646534,0.8037962137651452,0.7750932837680293,0.7750932837680293,0.7750932837680293,0.7750932837680293,0.7750932837680293
1181014088865808385,1.0,0.9329556015875434,0.8265335636082062,0.7691957933521856,0.6771321542131128,0.6393533732309151,0.5883506187315546,0.560130360566815,0.5154247585765324,0.49279871141843157,0.45847967269461876
1180981640771796993,1.0,0.8742415247334471,0.7227137010419977,0.6376340219926598,0.5266514908748158,0.4789176829145618,0.43155865870188925,0.43155865870188925,0.43155865870188925,0.43155865870188925,0.43155865870188925
1180997091114254337,1.0,0.9276487078869514,0.8245889703499609,0.771867684893436,0.6933842602706597,0.6602760233481344,0.6215303533449051,0.6215303533449051,0.6215303533449051,0.6215303533449051,0.6215303533449051
1181007417129205761,1.0,0.8978888988896833,0.7708160052954685,0.7054242801710817,0.6139847258680415,0.5754793618516515,0.5338354709805468,0.5338354709805468,0.5338354709805468,0.5338354709805468,0.5338354709805468
1180981609960144897,1.0,0.9224377314136358,0.8075763627944198,0.7393094921860004,0.6445912853114361,0.6006359815883586,0.5534656719223364,0.5534656719223364,0.5534656719223364,0.5534656719223364,0.5534656719223364
1181010841489866753,1.0,0.9121367982762166,0.7802295777500927,0.7128952434736191,0.6144444065966541,0.5734614649441435,0.5261064015114867,0.5261064015114867,0.5261064015114867,0.5261064015114867,0.5261064015114867
1180990902800089089,1.0,0.7756054141145112,0.546537291399137,0.44510405930021657,0.3281833431916711,0.28628874063394294,0.24650510497986566,0.24650510497986566,0.24650510497986566,0.24650510497986566,0.24650510497986566
1181014348816384001,1.0,0.9262751525313089,0.8030890549189338,0.7363646107172381,0.6237656660679021,0.5756941349621882,0.5205189766920273,0.5205189766920273,0.5205189766920273,0.5205189766920273,0.5205189766920273
1180981365433663489,1.0,0.8831998177026651,0.7366257805213554,0.6576019509248019,0.5530949072253127,0.5115973399929532,0.4676582998291947,0.4676582998291947,0.4676582998291947,0.4676582998291947,0.4676582998291947
1181027493360041985,1.0,0.9462322030702127,0.8687040772646817,0.8217303421171607,0.7520781604600079,0.7182745872103068,0.6812544743402658,0.6812544743402658,0.6812544743402658,0.6812544743402658,0.6812544743402658
1181003270387040257,1.0,0.9134558962930275,0.8049325968341892,0.7408622155514206,0.6506919536263407,0.6108903647844284,0.5705168917470493,0.5705168917470493,0.5705168917470493,0.5705168917470493,0.5705168917470493
1181030287669690369,1.0,0.9561609269450219,0.8874424536817165,0.8442354388292007,0.778133075151528,0.744277533229338,0.7025013495789035,0.6770126435866926,0.6387462972399416,0.6176718162379194,0.5875309897807136
1180979760207527937,1.0,0.7440628632609922,0.455063974670024,0.3597426939938677,0.23027995956551772,0.19433209017804076,0.15220748294654074,0.15220748294654074,0.15220748294654074,0.15220748294654074,0.15220748294654074
1181028149316157441,1.0,0.9420686979540905,0.8610055583086998,0.8132830464563364,0.7412534779490851,0.7067568265804589,0.6695428004373489,0.6695428004373489,0.6695428004373489,0.6695428004373489,0.6695428004373489
1180985443553476609,1.0,0.8784446977830733,0.7135345481844982,0.6324784675535365,0.5098550147481051,0.4652789396152761,0.4161836825175951,0.4161836825175951,0.4161836825175951,0.4161836825175951,0.4161836825175951
1181000355419717633,1.0,0.41408234212604145,0.18763996874588185,0.09970715708709421,0.0483309806527068,0.031664351341772146,0.022036231962760056,0.022036231962760056,0.022036231962760056,0.022036231962760056,0.022036231962760056
1181000593035100161,1.0,0.975103431888745,0.9334191199773284,0.9067202062272843,0.8612383063050559,0.8384123912537679,0.8042211513861874,0.7834047905254493,0.7495512334533329,0.7322119752519003,0.705261194076204
1180993402710982657,1.0,0.9434465346301464,0.8659686273842212,0.8207808597216885,0.7507640123073474,0.7166514681141296,0.6776458463028434,0.6776458463028434,0.6776458463028434,0.6776458463028434,0.6776458463028434
1180985273363759105,1.0,0.9242024060620746,0.8178245341213084,0.7575102709307558,0.6687195277512739,0.630558341787535,0.5887600207165402,0.5887600207165402,0.5887600207165402,0.5887600207165402,0.5887600207165402
1180984093601759233,1.0,0.682356362875794,0.41758969575308913,0.28945403716440454,0.17523057111767704,0.13823580710790273,0.1105778138529323,0.1105778138529323,0.1105778138529323,0.1105778138529323,0.1105778138529323
1181033326634991617,1.0,0.9216578884450859,0.820902816756234,0.7606628521987363,0.6756547493900521,0.6351553109725369,0.5926441043305444,0.5926441043305444,0.5926441043305444,0.5926441043305444,0.5926441043305444
1180997849515360257,1.0,0.6532829426584457,0.400786498426834,0.28043782621330293,0.17406315117931637,0.13321785546786746,0.10038114173565049,0.10038114173565049,0.10038114173565049,0.10038114173565049,0.10038114173565049
1180993865436135425,1.0,0.9252860226314753,0.8227012218181109,0.7630299327296538,0.6767690501400974,0.6370314880363257,0.5940372053204379,0.5940372053204379,0.5940372053204379,0.5940372053204379,0.5940372053204379
1180982551840489473,1.0,0.8599452841266879,0.6688318178411858,0.5864768198539073,0.4699888225002402,0.4279670325893523,0.37807847889627455,0.37807847889627455,0.37807847889627455,0.37807847889627455,0.37807847889627455
1181006147968303105,1.0,0.850516747589237,0.6742197932895392,0.5922682524631679,0.48498431236149164,0.4435514823183254,0.39926447374934815,0.39926447374934815,0.39926447374934815,0.39926447374934815,0.39926447374934815
1181019701613854721,1.0,0.9151041153635143,0.7988523046642815,0.733854067420135,0.6351403085752592,0.59110382683217,0.5373694909409937,0.505427027762319,0.45806793510989696,0.4325977604259451,0.3970530853069739
1180988104226963457,1.0,0.9544670850135605,0.8888062484117003,0.8499340751127651,0.7908601740034488,0.7613153517162524,0.7282140618655875,0.7282140618655875,0.7282140618655875,0.7282140618655875,0.7282140618655875
1180981856553435137,1.0,0.8767666447389986,0.7369575152032536,0.6605365613922637,0.5613321368460591,0.5167849301201426,0.47174993361921014,0.47174993361921014,0.47174993361921014,0.47174993361921014,0.47174993361921014
1180989556941586433,1.0,0.8977081802350046,0.7576510318931939,0.6873082824410792,0.5890330797516681,0.5496850703089305,0.5062414106050368,0.5062414106050368,0.5062414106050368,0.5062414106050368,0.5062414106050368
1180994083247456257,1.0,0.9376240805372983,0.8527677054060645,0.8034450610520595,0.7313045943138747,0.6968598625369521,0.6601644601681762,0.6601644601681762,0.6601644601681762,0.6601644601681762,0.6601644601681762
1180984165067718657,1.0,0.7509704682730807,0.5249392731137467,0.41995189830656865,0.307228973929387,0.26615515789177,0.2304893287073151,0.2304893287073151,0.2304893287073151,0.2304893287073151,0.2304893287073151
1180996363013685249,1.0,0.9067161507384638,0.7727096020300632,0.7029040675347148,0.5991392953602863,0.5562017484340955,0.5094664703920311,0.5094664703920311,0.5094664703920311,0.5094664703920311,0.5094664703920311
1181004870353387521,1.0,0.8759441581470694,0.7236367975987349,0.6513296666256719,0.5536888865939313,0.5145960583360583,0.47328499490278686,0.47328499490278686,0.47328499490278686,0.47328499490278686,0.47328499490278686
1181003384375640065,1.0,0.9399178159372965,0.8306596076018476,0.7763509914626039,0.6729824144041441,0.6343710768953481,0.5808176428489047,0.5808176428489047,0.5808176428489047,0.5808176428489047,0.5808176428489047
1181004681384919041,1.0,0.8785902462585933,0.7370975775667702,0.6597662128131869,0.5564309467132476,0.5124358713879588,0.4679206214649676,0.4679206214649676,0.4679206214649676,0.4679206214649676,0.4679206214649676
1181029289682108417,1.0,0.9495845168247901,0.8783647525517955,0.8353867838271506,0.7699420131791589,0.7375787820571633,0.7015017215603376,0.7015017215603376,0.7015017215603376,0.7015017215603376,0.7015017215603376
1181005130081533953,1.0,0.8985107461425192,0.7577451404772666,0.6793353470461669,0.5710168821603502,0.5249539056650129,0.4707609698583428,0.43870956724774524,0.39298986764381183,0.3689509092196521,0.3351336238018561
1180990912609681409,1.0,0.8063670847134371,0.5820795082089131,0.4774272367986553,0.3470695194229566,0.30241574077329614,0.2580893982493244,0.2580893982493244,0.2580893982493244,0.2580893982493244,0.2580893982493244
1180995579872575489,1.0,0.8701473322164357,0.7198173456110455,0.6298100194927319,0.5096417752161532,0.45528458611642264,0.40345101346071854,0.40345101346071854,0.40345101346071854,0.40345101346071854,0.40345101346071854
1181004900391813121,1.0,0.8569681167822232,0.6672384719072499,0.5864032534831644,0.46584904694626106,0.42288290714187493,0.37403722943503914,0.37403722943503914,0.37403722943503914,0.37403722943503914,0.37403722943503914
1181028311570317313,1.0,0.9555961897539473,0.8903252422019954,0.8513246041698934,0.7900803472043921,0.7603948232258162,0.7273642984214262,0.7273642984214262,0.7273642984214262,0.7273642984214262,0.7273642984214262
1180981441932722177,1.0,0.9483380643281505,0.8746473576002776,0.8316900161183227,0.7648566763115815,0.7324186321520989,0.6964826036482219,0.6964826036482219,0.6964826036482219,0.6964826036482219,0.6964826036482219
1181005945997852673,1.0,0.8088673917499134,0.5773166204546798,0.4869539846905333,0.3557566988298506,0.31639419537580704,0.27317415811572743,0.27317415811572743,0.27317415811572743,0.27317415811572743,0.27317415811572743
1181018875464318977,1.0,0.9369606714410833,0.8415839800713028,0.7882856566946659,0.7060667750209533,0.6688531940173216,0.6266969761286615,0.6266969761286615,0.6266969761286615,0.6266969761286615,0.6266969761286615
1181029400668372993,1.0,0.8986350241904638,0.7593140392970288,0.6864438178518776,0.5828516668501256,0.5388255564430018,0.491215876739616,0.491215876739616,0.491215876739616,0.491215876739616,0.491215876739616
1181001592278876161,1.0,0.9350233039165248,0.8435319428754824,0.7915097626647194,0.7143796083328444,0.6785465147231478,0.638434504609011,0.638434504609011,0.638434504609011,0.638434504609011,0.638434504609011
1181035303111294977,1.0,0.45969215567735855,0.1914654916298678,0.10541200936230877,0.04791555782165546,0.033295491528861354,0.02315129165803964,0.02315129165803964,0.02315129165803964,0.02315129165803964,0.02315129165803964
1181001325488603137,1.0,0.8763740311414476,0.711303768720157,0.625425545153432,0.5071574448871222,0.4592469688829044,0.4075016347524971,0.4075016347524971,0.4075016347524971,0.4075016347524971,0.4075016347524971
1180990217155969025,1.0,0.8091782181306943,0.5903304258113604,0.48553402599543793,0.35808690264323795,0.3111744019539924,0.26639064247951616,0.26639064247951616,0.26639064247951616,0.26639064247951616,0.26639064247951616
1181027816125431809,1.0,0.8674463948524673,0.6690167526199565,0.5895314353743621,0.45993215836475865,0.41793097057730777,0.3680302001083081,0.3680302001083081,0.3680302001083081,0.3680302001083081,0.3680302001083081
1181014077189259265,1.0,0.8947963244177168,0.7408475037941833,0.6637539145209739,0.5442098250527974,0.4978870560969588,0.44212200104626465,0.44212200104626465,0.44212200104626465,0.44212200104626465,0.44212200104626465
1181003763605667841,1.0,0.9385572754065348,0.8547778472838543,0.8054094538692167,0.7332346390819232,0.6985600497535014,0.6610450875901654,0.6610450875901654,0.6610450875901654,0.6610450875901654,0.6610450875901654
1181023388422635521,1.0,0.9429102063561424,0.8632969581063512,0.8146188391752015,0.740534500095004,0.7040333828541137,0.6587974799571619,0.6297403247909161,0.5882345833478442,0.5642626089198923,0.531636665646194
1181004030071537665,1.0,0.8868357747525234,0.7465930067747197,0.6702135254700963,0.5624373497297154,0.5174361633300014,0.47118295234735785,0.47118295234735785,0.47118295234735785,0.47118295234735785,0.47118295234735785
1180986245280563201,1.0,0.9623320851188132,0.9018398495983518,0.8660176401851858,0.8078667478798216,0.7791508821135631,0.7440784118213213,0.7440784118213213,0.7440784118213213,0.7440784118213213,0.7440784118213213
1181027682843230209,1.0,0.9116151167002986,0.7870849164276119,0.7246371449118343,0.6328354726560382,0.5944215252420182,0.5512040188635865,0.5512040188635865,0.5512040188635865,0.5512040188635865,0.5512040188635865
1180980544380502017,1.0,0.9333699033746143,0.8349341439953726,0.7806438291703944,0.6965375552760236,0.6582600488403647,0.6133014073960072,0.6133014073960072,0.6133014073960072,0.6133014073960072,0.6133014073960072
1180981776602300417,1.0,0.8124538639243534,0.608453884763028,0.49314474115131657,0.3660771695186653,0.30919082853511226,0.26055975737568116,0.26055975737568116,0.26055975737568116,0.26055975737568116,0.26055975737568116
1180991686882951169,1.0,0.8916536519336025,0.7428276552861277,0.6679414560919761,0.5534129779909565,0.5064937350961569,0.45493408249559075,0.45493408249559075,0.45493408249559075,0.45493408249559075,0.45493408249559075
1180986212788436993,1.0,0.9051020664454603,0.7837384091750179,0.7211864752765523,0.6351391567455094,0.5985251698617899,0.5587743243709596,0.5587743243709596,0.5587743243709596,0.5587743243709596,0.5587743243709596
1180986004270317569,1.0,0.7341616159234419,0.47299926359984423,0.3675524489226766,0.24566343685298542,0.20569562692376198,0.1702291359391902,0.1702291359391902,0.1702291359391902,0.1702291359391902,0.1702291359391902
1181031831688970241,1.0,0.8913536106087403,0.7445783384988243,0.6698349392729974,0.5591853861869325,0.5137103286049282,0.4625592810126785,0.4625592810126785,0.4625592810126785,0.4625592810126785,0.4625592810126785
1181017147926249473,1.0,0.9189138455036687,0.8108615334530516,0.7509640618944176,0.6630795238511094,0.623885651481517,0.5817420575557821,0.5817420575557821,0.5817420575557821,0.5817420575557821,0.5817420575557821
1180999671006101505,1.0,0.895193005063301,0.7465821037127903,0.680775006878747,0.578635335124417,0.5420104957668574,0.4994570674774661,0.4994570674774661,0.4994570674774661,0.4994570674774661,0.4994570674774661
1180989261435469825,1.0,0.9467261553957572,0.8692157038213605,0.8238453004311811,0.7528795689956435,0.7200780145844013,0.6838515996242057,0.6838515996242057,0.6838515996242057,0.6838515996242057,0.6838515996242057
1181005173794799617,1.0,0.9066634912311666,0.7728759284822815,0.6999239423098641,0.595584507346228,0.5502893317521877,0.4992009140647333,0.4992009140647333,0.4992009140647333,0.4992009140647333,0.4992009140647333
1180986391408476161,1.0,0.9214226985395205,0.8162843619842406,0.7539970748950595,0.6609208847359445,0.6193887343045461,0.5710912455347659,0.5412364778522321,0.49881745984407744,0.47491301154785037,0.442672226573
1180998324159152129,1.0,0.838846346035367,0.6462368355693401,0.5491288186925931,0.4234922421881906,0.3756322273904591,0.32727038907555184,0.32727038907555184,0.32727038907555184,0.32727038907555184,0.32727038907555184
1181011156414922753,1.0,0.9474123561557112,0.8654502923690837,0.8169338690181684,0.7417177380803188,0.7063968513955257,0.6606170993709406,0.634110002723102,0.5914841770042385,0.5696633606679219,0.536731338790744
1180998259427344385,1.0,0.8736686256051035,0.6968082411985664,0.6032954695881394,0.4781822186843522,0.42913649175841406,0.37590352888401035,0.37590352888401035,0.37590352888401035,0.37590352888401035,0.37590352888401035
1180989137220796417,1.0,0.7913044966710654,0.542737733070778,0.43432695624692264,0.3026908298173282,0.25863772703075827,0.21359069722561885,0.21359069722561885,0.21359069722561885,0.21359069722561885,0.21359069722561885
1181009352187346945,1.0,0.8775687952702298,0.7210090374714909,0.6426590897909578,0.5376854278667139,0.4977351908792055,0.45492561265931775,0.45492561265931775,0.45492561265931775,0.45492561265931775,0.45492561265931775
1180995795234652161,1.0,0.9363126355149499,0.8435734399908087,0.7894239615174778,0.7100910633509141,0.6736839668426807,0.6322970487197392,0.6322970487197392,0.6322970487197392,0.6322970487197392,0.6322970487197392
1181019336674803713,1.0,0.8467368101097987,0.6191635220337124,0.5369572589612771,0.40239263039560014,0.3630114703306013,0.3143471601652905,0.3143471601652905,0.3143471601652905,0.3143471601652905,0.3143471601652905
1181022119715504129,1.0,0.8740758213745425,0.7227702250547228,0.6418434170285542,0.5329768298809867,0.48522959402254073,0.43704458828270787,0.43704458828270787,0.43704458828270787,0.43704458828270787,0.43704458828270787
1180995386902446081,1.0,0.9146262177515776,0.7965265868084286,0.7358552283270169,0.6456725617970152,0.6071137553121662,0.564751076181581,0.564751076181581,0.564751076181581,0.564751076181581,0.564751076181581
1180995484822863873,1.0,0.9342400531662959,0.8365677818970624,0.7824455699920538,0.6994334831813616,0.6620637986249136,0.6197564001299718,0.6197564001299718,0.6197564001299718,0.6197564001299718,0.6197564001299718
1181026049452507137,1.0,0.7914067955817388,0.5785829585722139,0.47587904729624375,0.35203978025478777,0.30774887478090074,0.2650681052300814,0.2650681052300814,0.2650681052300814,0.2650681052300814,0.2650681052300814
1181022222856126465,1.0,0.8327164471840651,0.6603076776180941,0.5715667990684975,0.4564504901191513,0.40900864304967666,0.36164193702898584,0.36164193702898584,0.36164193702898584,0.36164193702898584,0.36164193702898584
1181030973985423361,1.0,0.879944837458549,0.7308760461497529,0.6445873811398405,0.5310067719958379,0.4830196118863489,0.43408363638047964,0.43408363638047964,0.43408363638047964,0.43408363638047964,0.43408363638047964
1181019910586499073,1.0,0.9517121060304546,0.8832078410775308,0.8420621974452887,0.7786904560332126,0.7473219057571433,0.7098481719107038,0.6863276331148545,0.6516212340897507,0.6320550923329327,0.604483969821803
1181031421645586433,1.0,0.7719271449006699,0.5421617248500237,0.43274104762539445,0.3107997818370051,0.2683020778119922,0.23033570032219863,0.23033570032219863,0.23033570032219863,0.23033570032219863,0.23033570032219863
1180997289414000641,1.0,0.787891810839295,0.5440939132188731,0.4468076139970012,0.31981578992489756,0.2796631539729555,0.23915129901915355,0.23915129901915355,0.23915129901915355,0.23915129901915355,0.23915129901915355
1180993939933462529,1.0,0.9382288351531571,0.8477093805011291,0.7960883804549251,0.7192640040789554,0.6835953445800437,0.6438024483141991,0.6438024483141991,0.6438024483141991,0.6438024483141991,0.6438024483141991
1181019814700515329,1.0,0.9074251819469026,0.7832960458681205,0.7236587899859648,0.6354215235374054,0.5990877718578238,0.5576936487451114,0.5576936487451114,0.5576936487451114,0.5576936487451114,0.5576936487451114
1181007682272559105,1.0,0.9308346620141736,0.8266667798288923,0.7761551269404963,0.6947676344806459,0.6601006431764176,0.6163917693052927,0.6163917693052927,0.6163917693052927,0.6163917693052927,0.6163917693052927
1181032385111359489,1.0,0.9136597154474753,0.8048157116370203,0.7440805009440036,0.6567542868625914,0.6174303021382888,0.5768134725452541,0.5768134725452541,0.5768134725452541,0.5768134725452541,0.5768134725452541
1181023598716256257,1.0,0.8081963378654885,0.5885012086473407,0.5019580226930285,0.3835924140825948,0.34333758612485654,0.29993886749650034,0.29993886749650034,0.29993886749650034,0.29993886749650034,0.29993886749650034
1181024986294616065,1.0,0.872032144355939,0.6733617993708902,0.5868589966251458,0.4487985870464677,0.40384721281408065,0.3494526509254605,0.3494526509254605,0.3494526509254605,0.3494526509254605,0.3494526509254605
1180990972523380737,1.0,0.891943292540559,0.749872878133439,0.6778536052207957,0.5763492909283148,0.5338631767307727,0.48909237141952233,0.48909237141952233,0.48909237141952233,0.48909237141952233,0.48909237141952233
1181027751051591681,1.0,0.8417576441521433,0.6434598529554898,0.5597430821580005,0.43441989367681333,0.3914052639889002,0.34382144476850696,0.34382144476850696,0.34382144476850696,0.34382144476850696,0.34382144476850696
1180988659681591297,1.0,0.806771394852579,0.6033078315299064,0.5080856265532818,0.39100496534833873,0.34911173416384556,0.3097071685763032,0.3097071685763032,0.3097071685763032,0.3097071685763032,0.3097071685763032
1181025183006621697,1.0,0.9385648808544903,0.8567794471989525,0.8090183066930193,0.734541504892021,0.6981532795574213,0.6583851222960674,0.6583851222960674,0.6583851222960674,0.6583851222960674,0.6583851222960674
1180988693270167553,1.0,0.9333837575614655,0.8397344973129366,0.7810647584505415,0.6969157118104641,0.6565693437029179,0.6158821416692573,0.6158821416692573,0.6158821416692573,0.6158821416692573,0.6158821416692573
1181005522470240257,1.0,0.9184458245252513,0.8123304134644252,0.7513176539627654,0.6595724469770742,0.6167349774235473,0.5695091170463079,0.5695091170463079,0.5695091170463079,0.5695091170463079,0.5695091170463079
1181013204193181697,1.0,0.9107857687687239,0.7772216035016597,0.7056232033972938,0.5924139422620188,0.544103774431209,0.4797593142616553,0.4438306907231484,0.38811954565436235,0.35989994590826524,0.3190582939491511
1181027263994134529,1.0,0.9165709023696021,0.7968924421034533,0.7354103751210022,0.6436325512629572,0.6046742076835178,0.5582867760854802,0.5582867760854802,0.5582867760854802,0.5582867760854802,0.5582867760854802
1180990212799463425,1.0,0.6911832534711044,0.39058657082826076,0.285311374446262,0.16703343476953836,0.1349144054674043,0.10383668249712763,0.10383668249712763,0.10383668249712763,0.10383668249712763,0.10383668249712763
1180986902722117633,1.0,0.8291984936505419,0.6585712348874065,0.5694178050577494,0.45917367594382597,0.4147618084276493,0.3742051304971964,0.3742051304971964,0.3742051304971964,0.3742051304971964,0.3742051304971964
1181003266579070977,1.0,0.8150293905996756,0.6071192817373013,0.5026307228432741,0.37111501953229764,0.3246771583806416,0.2799009992316813,0.2799009992316813,0.2799009992316813,0.2799009992316813,0.2799009992316813
1181004264825290753,1.0,0.9401750527771962,0.8452182838636675,0.7917628392141975,0.712888989846644,0.6775510011171364,0.6354160801845419,0.6354160801845419,0.6354160801845419,0.6354160801845419,0.6354160801845419
1181000523868143617,1.0,0.8431603386052826,0.6490904656865156,0.5579398737337071,0.4391575078776081,0.3926801986868347,0.3452762976074888,0.3452762976074888,0.3452762976074888,0.3452762976074888,0.3452762976074888
1180980177315528705,1.0,0.9313824778843486,0.8311153170930392,0.7757178229739827,0.6935362871723543,0.6553946192271731,0.6121996007532406,0.6121996007532406,0.6121996007532406,0.6121996007532406,0.6121996007532406
1180999284289372161,1.0,0.9334392809884122,0.8414512870361045,0.7872168174301319,0.7035906072784588,0.6634234509493506,0.6212770013648214,0.6212770013648214,0.6212770013648214,0.6212770013648214,0.6212770013648214
1181029136493346817,1.0,0.7978095289270009,0.5666728610534162,0.46201964102612314,0.33712770493658095,0.29472722918050986,0.2515832526701903,0.2515832526701903,0.2515832526701903,0.2515832526701903,0.2515832526701903
1180996950345318401,1.0,0.8595948018290835,0.6826903829428825,0.5934211139671439,0.4786164147753047,0.43408983069544227,0.3883043627670234,0.3883043627670234,0.3883043627670234,0.3883043627670234,0.3883043627670234
1181001841355390977,1.0,0.9011421613316941,0.7574292917777417,0.6907108924161429,0.5802829218135985,0.5385969137993531,0.4849415014399998,0.45569687687769334,0.40913490217946613,0.38573610011694803,0.3509463735220779
1180984160613040129,1.0,0.8743287617130782,0.7273757461453272,0.6478777296141609,0.5427150616152077,0.4980478105786763,0.4522446115389229,0.4522446115389229,0.4522446115389229,0.4522446115389229,0.4522446115389229
1181009239167762433,1.0,0.840985082266826,0.6600940681893127,0.573569890790994,0.45853130309134205,0.41591605228816475,0.37410326267522387,0.37410326267522387,0.37410326267522387,0.37410326267522387,0.37410326267522387
1180998302306500609,1.0,0.8301162736108265,0.6299317266668469,0.5432720015791678,0.42564683592521546,0.38404308034556434,0.3420781021920879,0.3420781021920879,0.3420781021920879,0.3420781021920879,0.3420781021920879
1180982569229746177,1.0,0.9485525311639834,0.8799374924511385,0.8369761296222875,0.7720305848568876,0.7376741881790336,0.7020168697093556,0.7020168697093556,0.7020168697093556,0.7020168697093556,0.7020168697093556
1181018871074717697,1.0,0.9294496066902189,0.8299357820637319,0.7739518295439023,0.686110615825547,0.6454055932428466,0.5997011469381497,0.5997011469381497,0.5997011469381497,0.5997011469381497,0.5997011469381497
1181021387383439361,1.0,0.9257684056960185,0.8247934824568213,0.7669959958988815,0.6833524434208937,0.6453165497210704,0.6043254634758991,0.6043254634758991,0.6043254634758991,0.6043254634758991,0.6043254634758991
1181029498170867713,1.0,0.8844800586949475,0.737221465849377,0.6649279893489356,0.5652179607069229,0.523293032429665,0.47895544929840383,0.47895544929840383,0.47895544929840383,0.47895544929840383,0.47895544929840383
1181022499744710657,1.0,0.9110433315750649,0.7757734859040257,0.7004629208058768,0.587828312656855,0.5421646209430392,0.48912876366274527,0.48912876366274527,0.48912876366274527,0.48912876366274527,0.48912876366274527
1181026382224064513,1.0,0.901683523166781,0.7439835335779605,0.6760703797754349,0.5632786952626558,0.5264436475288726,0.480882336391814,0.480882336391814,0.480882336391814,0.480882336391814,0.480882336391814
1180996905080782849,1.0,0.936852996728494,0.8401188080361262,0.7868032049087532,0.7038661116472636,0.66756537693074,0.6254519161094747,0.6254519161094747,0.6254519161094747,0.6254519161094747,0.6254519161094747
1181034634418454529,1.0,0.9376248767359194,0.85363041700969,0.8044506910399377,0.7327406121077212,0.697627957414209,0.6589897236243668,0.6589897236243668,0.6589897236243668,0.6589897236243668,0.6589897236243668
1181015160151769089,1.0,0.9658014340060269,0.9133805540229704,0.882297554833903,0.8327373143607214,0.8089155225801352,0.7815143599856123,0.7815143599856123,0.7815143599856123,0.7815143599856123,0.7815143599856123
1180985179829305345,1.0,0.45963881776105775,0.1611090417828882,0.0841451800461388,0.029766113498566837,0.01865976122220292,0.011348437771984132,0.011348437771984132,0.011348437771984132,0.011348437771984132,0.011348437771984132
1180999548854501377,1.0,0.8901748050950329,0.7424104363008275,0.6679987612239491,0.5569513109811568,0.5141482572832969,0.468231334881967,0.468231334881967,0.468231334881967,0.468231334881967,0.468231334881967
1181002577424351233,1.0,0.9614984019089385,0.9012403564359667,0.8636300347605761,0.8046364021778669,0.7748672620711783,0.7360476049242071,0.7122816258971163,0.6761425543161601,0.656491178240949,0.6281223236359899
1181030197717073921,1.0,0.9010616456083054,0.7701090115082123,0.6979067019342529,0.5971684908337742,0.5547749933437414,0.5106872868074304,0.5106872868074304,0.5106872868074304,0.5106872868074304,0.5106872868074304
1180984296025587713,1.0,0.912406758405668,0.808580403516116,0.7522077691375844,0.6745645356021186,0.6383105303676637,0.5999397919464611,0.5999397919464611,0.5999397919464611,0.5999397919464611,0.5999397919464611
1181031128011800577,1.0,0.7856373115090423,0.5805682689301987,0.47761203582663947,0.3610468258102286,0.3167411703972207,0.2778814503578374,0.2778814503578374,0.2778814503578374,0.2778814503578374,0.2778814503578374
1181020016217194497,1.0,0.9317398016864291,0.840916842477231,0.7897265859590304,0.7187240153302838,0.686152839257736,0.6516382373162798,0.6516382373162798,0.6516382373162798,0.6516382373162798,0.6516382373162798
1181019059464732673,1.0,0.9437695475947355,0.8667006232242974,0.8215477389771564,0.7550447840392485,0.7230485249567935,0.6892545430038179,0.6892545430038179,0.6892545430038179,0.6892545430038179,0.6892545430038179
1181004521547792385,1.0,0.7212913999188577,0.4216294788754694,0.30631112210747347,0.1771807666295505,0.14196679466304352,0.10673183749543991,0.10673183749543991,0.10673183749543991,0.10673183749543991,0.10673183749543991
1180980463817293825,1.0,0.899323803411685,0.7651507149731518,0.6937877006508227,0.5896899344300515,0.5468117346262971,0.5012788627765793,0.5012788627765793,0.5012788627765793,0.5012788627765793,0.5012788627765793
1180992057109282817,1.0,0.936828075017842,0.8538287352607421,0.8035640831065629,0.7302619753761836,0.6959749194686745,0.6602410230900352,0.6602410230900352,0.6602410230900352,0.6602410230900352,0.6602410230900352
1181000717155532801,1.0,0.8828451382783712,0.7197926974794573,0.6469550866981706,0.5330305536660459,0.49181888852122435,0.4447574002735821,0.4447574002735821,0.4447574002735821,0.4447574002735821,0.4447574002735821
1181020956401467393,1.0,0.7988762023945575,0.5464789909220771,0.45043700779796114,0.31897724602723343,0.2792148315449098,0.2359810066144309,0.2359810066144309,0.2359810066144309,0.2359810066144309,0.2359810066144309
1181023417104236545,1.0,0.859923881077588,0.6878619790247883,0.6052743503807588,0.4928175556736859,0.4470951319657508,0.3986209330139495,0.3986209330139495,0.3986209330139495,0.3986209330139495,0.3986209330139495
1180979755981537281,1.0,0.8798604404833149,0.733833344095846,0.6572749840017519,0.5506064189828723,0.5083051404873642,0.46229819210403467,0.46229819210403467,0.46229819210403467,0.46229819210403467,0.46229819210403467
1180993992555069441,1.0,0.836963806697923,0.6032393695170597,0.5010901459800298,0.36269079223530765,0.3161608771538288,0.2606615011670319,0.2606615011670319,0.2606615011670319,0.2606615011670319,0.2606615011670319
1181006143613173761,1.0,0.8549740463863776,0.6584862535761696,0.5655623040241708,0.43833083169139564,0.3911288855977534,0.33732208567445265,0.33732208567445265,0.33732208567445265,0.33732208567445265,0.33732208567445265
1181003114003660801,1.0,0.9517138290223812,0.8792552721417806,0.8384208257230947,0.7763726258045696,0.7471319907041553,0.7129042286143955,0.7129042286143955,0.7129042286143955,0.7129042286143955,0.7129042286143955
1180985269587214337,1.0,0.9613002903978041,0.9032504756095642,0.8696697564228842,0.8170567153129482,0.7912880352786961,0.7608497151400235,0.7608497151400235,0.7608497151400235,0.7608497151400235,0.7608497151400235
1180999998096343041,1.0,0.8090790635559827,0.6062198093842115,0.5142268390602529,0.3978124074682984,0.35402714577879724,0.30926232403849985,0.30926232403849985,0.30926232403849985,0.30926232403849985,0.30926232403849985
1180979972890853377,1.0,0.9040769490509912,0.7841724027709056,0.7169115830698882,0.6200546484732614,0.5770817404835726,0.5298838145024548,0.4996080438260071,0.45956878822078184,0.43417963452039465,0.4002398944416159
1181004439825711105,1.0,0.8918795393325143,0.7647493738167117,0.6993400245073307,0.6114726451113985,0.5719115764544493,0.5303868712660422,0.5303868712660422,0.5303868712660422,0.5303868712660422,0.5303868712660422
1180989257080504321,1.0,0.9245566277398636,0.8100615247873623,0.7499870131668108,0.6594242918701125,0.621342546336169,0.5760110892565073,0.5760110892565073,0.5760110892565073,0.5760110892565073,0.5760110892565073
1181025871130361857,1.0,0.4433478612060856,0.19629661974757473,0.11676527365877587,0.05818685604972029,0.041391761961799056,0.029106304545937434,0.029106304545937434,0.029106304545937434,0.029106304545937434,0.029106304545937434
1180984918684925953,1.0,0.8436824715312092,0.6601540635651462,0.571503988104862,0.45449472224165377,0.40973282810003386,0.36229076941833116,0.36229076941833116,0.36229076941833116,0.36229076941833116,0.36229076941833116
1180986592438091777,1.0,0.8416508309311429,0.650632145926668,0.5593434975574645,0.4412007687500077,0.3961544002757168,0.34945400020626316,0.34945400020626316,0.34945400020626316,0.34945400020626316,0.34945400020626316
1181025929529884673,1.0,0.6735196050392358,0.3927769854236519,0.289053780405204,0.17960735065921862,0.14654112516276063,0.11541856194067424,0.11541856194067424,0.11541856194067424,0.11541856194067424,0.11541856194067424
1181004223751880705,1.0,0.9096958609350801,0.7861107267859352,0.7187993062044649,0.6228192615214467,0.5809642881656432,0.5338654704411226,0.5338654704411226,0.5338654704411226,0.5338654704411226,0.5338654704411226
1181030511998173185,1.0,0.9046456770487967,0.781430861617036,0.7144347266341089,0.6205591243746112,0.5786004022164597,0.5333561398073746,0.5333561398073746,0.5333561398073746,0.5333561398073746,0.5333561398073746
1181002304117571585,1.0,0.9403689793086745,0.8572628982724069,0.8102593723300664,0.7401196546811499,0.7072789342671786,0.669706444601158,0.669706444601158,0.669706444601158,0.669706444601158,0.669706444601158
1180985410805923841,1.0,0.9291836568537939,0.82721412178939,0.7717416524540182,0.6885264599382386,0.6498562172356098,0.6047113930416222,0.6047113930416222,0.6047113930416222,0.6047113930416222,0.6047113930416222
1180995778069037057,1.0,0.8915553189279224,0.7485621829515745,0.6761801923902336,0.5727743021647429,0.5302815309274378,0.48366692726367844,0.48366692726367844,0.48366692726367844,0.48366692726367844,0.48366692726367844
1181032443798880257,1.0,0.759818144347889,0.5222376033208347,0.42585501530126324,0.3123826654232107,0.27433177443857004,0.23614088128845112,0.23614088128845112,0.23614088128845112,0.23614088128845112,0.23614088128845112
1181000350774067201,1.0,0.9126570318956976,0.7925515717562512,0.7268415394069281,0.6306732171648217,0.5896104390190883,0.5436586622561307,0.516177553139424,0.47791794864659276,0.4547869459936551,0.4217548885801793
1181014278222970881,1.0,0.9220576845126192,0.8176921670902603,0.7613322152409051,0.6801532134666584,0.6411352562046468,0.5969895747752653,0.5969895747752653,0.5969895747752653,0.5969895747752653,0.5969895747752653
1180996173302693889,1.0,0.9091836961901592,0.791077177954993,0.7267196814443537,0.6366971093011882,0.5962094969804996,0.5516189148897027,0.5516189148897027,0.5516189148897027,0.5516189148897027,0.5516189148897027
1180998276431183873,1.0,0.9422114632006954,0.8582220306105514,0.8118574533981351,0.7411408843448872,0.7078967749133225,0.6699859179790068,0.6699859179790068,0.6699859179790068,0.6699859179790068,0.6699859179790068
1181017412102225921,1.0,0.9556180225200684,0.8899637836410805,0.8513461359744394,0.7938319015681907,0.7654233632354447,0.73269388380555,0.73269388380555,0.73269388380555,0.73269388380555,0.73269388380555
1181031870664081409,1.0,0.8276067218911625,0.6478345109844481,0.5528948143439023,0.4313916184495531,0.3826945842453372,0.3311113526020675,0.29921770834150596,0.2602294589213491,0.2359773789071442,0.20585908590148638
1181021539345629185,1.0,0.9225384734439207,0.815107199297695,0.7553999500210856,0.6668252480313438,0.6256591584543008,0.578685119196676,0.578685119196676,0.578685119196676,0.578685119196676,0.578685119196676
1181031748093673473,1.0,0.9036418934711007,0.7821257694423115,0.7150506677423067,0.6227064627011423,0.5803754966026407,0.5354099711231444,0.5354099711231444,0.5354099711231444,0.5354099711231444,0.5354099711231444
1180989903229386753,1.0,0.9177997043165145,0.8052523022893084,0.744188060367408,0.6549801217551562,0.6145993064817075,0.5692928984886434,0.5692928984886434,0.5692928984886434,0.5692928984886434,0.5692928984886434
1181006333582442497,1.0,0.9498237324264879,0.875135428990386,0.8328522118076943,0.7683378125704521,0.7375772157134314,0.7013275292608302,0.7013275292608302,0.7013275292608302,0.7013275292608302,0.7013275292608302
1181005820006662145,1.0,0.9309004232080106,0.8358932672281397,0.7822831171552329,0.703287624943429,0.6658033900408759,0.6238351067876282,0.6238351067876282,0.6238351067876282,0.6238351067876282,0.6238351067876282
1181031370572136449,1.0,0.8852389952852602,0.7449402543006467,0.6702683109633796,0.5697960579182272,0.5275586930032087,0.4818033124340404,0.4818033124340404,0.4818033124340404,0.4818033124340404,0.4818033124340404
1181005403417182209,1.0,0.9449053138096508,0.8681971369600359,0.8228048018440172,0.7554803940681181,0.7221597303471683,0.6839816575963108,0.6839816575963108,0.6839816575963108,0.6839816575963108,0.6839816575963108
1180995703668244481,1.0,0.855883144729942,0.6835083979534786,0.5976587837014837,0.4843132024463904,0.43807934330021103,0.3894825500455076,0.3894825500455076,0.3894825500455076,0.3894825500455076,0.3894825500455076
1180988025534873601,1.0,0.7484358247042757,0.5129916386191483,0.40822204139360474,0.28790652402815975,0.24992445938072516,0.21252795308138106,0.21252795308138106,0.21252795308138106,0.21252795308138106,0.21252795308138106
1181032360558690305,1.0,0.7349876211404445,0.495162153846474,0.3886501147587236,0.27043435855554643,0.23268990023140945,0.19557599004837622,0.19557599004837622,0.19557599004837622,0.19557599004837622,0.19557599004837622
1180988794642006017,1.0,0.926006144324085,0.8326648505013052,0.7815075370905962,0.7106812563393959,0.6766472804983057,0.6401612200939535,0.6401612200939535,0.6401612200939535,0.6401612200939535,0.6401612200939535
1180991165948559361,1.0,0.891646118390395,0.7531636652450915,0.6793002002956489,0.5757900603148318,0.5328193613830382,0.48589682016904134,0.4576254415196592,0.4189928395526066,0.3955850812130193,0.3631448453725368
1181019275147739137,1.0,0.9469984268834661,0.8711429295649522,0.8272913114623288,0.7608222320423113,0.7289623563226302,0.6926857323737272,0.6926857323737272,0.6926857323737272,0.6926857323737272,0.6926857323737272
1181010559629754369,1.0,0.8203117602902537,0.6315968946726103,0.5383422819546335,0.4231259954749128,0.37844085173282294,0.33389345245047397,0.33389345245047397,0.33389345245047397,0.33389345245047397,0.33389345245047397
1180996358335922177,1.0,0.9295029270772932,0.8366971383521578,0.7830033136026691,0.7054779769578612,0.6681925221960181,0.6277905498575269,0.6277905498575269,0.6277905498575269,0.6277905498575269,0.6277905498575269
1181034544307404801,1.0,0.8978983489232923,0.7661657308796483,0.6990267407556873,0.6074185379675842,0.568154108507148,0.5247590768838466,0.5247590768838466,0.5247590768838466,0.5247590768838466,0.5247590768838466
1180985435328413697,1.0,0.7535901185804361,0.5222707667844863,0.4193311143110827,0.3016424122735414,0.2604190253390011,0.22064517849449428,0.22064517849449428,0.22064517849449428,0.22064517849449428,0.22064517849449428
1181027182980530177,1.0,0.9286326063030741,0.827016291710119,0.7717722290890621,0.6900633555940534,0.6523591485474949,0.6092545341759739,0.6092545341759739,0.6092545341759739,0.6092545341759739,0.6092545341759739
1181022218985209857,1.0,0.8853225746322565,0.7432925519756779,0.6720784715147124,0.5760292306239898,0.5354587169849707,0.4914655710428153,0.4914655710428153,0.4914655710428153,0.4914655710428153,0.4914655710428153
1181017817949601793,1.0,0.923874965349016,0.8160824292255424,0.757742043823963,0.672139284338444,0.6339502824916465,0.589848530831866,0.589848530831866,0.589848530831866,0.589848530831866,0.589848530831866
1180981004947652609,1.0,0.9619916293648071,0.90864921414305,0.8766599800658499,0.8278407349117815,0.8021393973807031,0.7728975556153345,0.7728975556153345,0.7728975556153345,0.7728975556153345,0.7728975556153345
1180985586643566593,1.0,0.9431432138486173,0.8662644386387669,0.8213716540966177,0.7543961065523238,0.7207170263567513,0.6829158386083223,0.6829158386083223,0.6829158386083223,0.6829158386083223,0.6829158386083223
1181000285018685441,1.0,0.782933837392888,0.5520915651102203,0.444658465677112,0.31796742093416697,0.27315938036135845,0.22753434772625725,0.22753434772625725,0.22753434772625725,0.22753434772625725,0.22753434772625725
1180981101773750273,1.0,0.9535253341991524,0.8845748084494323,0.8453821170721152,0.7857119483885016,0.757300282166141,0.7235196821199579,0.7235196821199579,0.7235196821199579,0.7235196821199579,0.7235196821199579
1180989408171622401,1.0,0.8705800474891778,0.7069842689457254,0.6281233647456749,0.5223812772761705,0.47931311543792143,0.4331548158328328,0.4331548158328328,0.4331548158328328,0.4331548158328328,0.4331548158328328
1181034913720500225,1.0,0.9521064949042908,0.8808937585182847,0.8402441127169358,0.7768197836428801,0.7460085335288406,0.7093115379351753,0.6864489634389014,0.6541124919451506,0.6340796577738134,0.6051483395614629
1180990533246484481,1.0,0.8182606022778967,0.6132166806232024,0.5166192947757433,0.3963134254887344,0.35206766184851923,0.3062190610789457,0.3062190610789457,0.3062190610789457,0.3062190610789457,0.3062190610789457
1181005716470661121,1.0,0.9512455065317584,0.8803885152710185,0.8395740113685861,0.7767757847199614,0.7457412753629553,0.7098274945109337,0.7098274945109337,0.7098274945109337,0.7098274945109337,0.7098274945109337
1181007975357972481,1.0,0.9283441247462217,0.8361151781868459,0.7818092104103187,0.7059492839980827,0.6685226225980573,0.6283832524786656,0.6283832524786656,0.6283832524786656,0.6283832524786656,0.6283832524786656
1181000519447740417,1.0,0.8173068184998236,0.5652711133818574,0.46018769909876867,0.3258103287267702,0.28169406222572047,0.23052206341975778,0.23052206341975778,0.23052206341975778,0.23052206341975778,0.23052206341975778
1180990788231561217,1.0,0.9196855095223536,0.8012186130249837,0.7387134522034806,0.6479530623619411,0.6093913552022467,0.5640298217426856,0.5640298217426856,0.5640298217426856,0.5640298217426856,0.5640298217426856
1181025591887626241,1.0,0.8973451732806857,0.7516860461599115,0.6747789438852214,0.5637311102863414,0.5184000111433957,0.46607092002342576,0.46607092002342576,0.46607092002342576,0.46607092002342576,0.46607092002342576
1181000317443768321,1.0,0.9553549537834606,0.8908402825184762,0.8535082129974396,0.7968780290450717,0.7687868890549228,0.7367744811956625,0.7367744811956625,0.7367744811956625,0.7367744811956625,0.7367744811956625
1181007484526919681,1.0,0.9343263052363953,0.8405760532267894,0.7874369675078126,0.7079617750677925,0.6703210311483125,0.6275893968754751,0.6275893968754751,0.6275893968754751,0.6275893968754751,0.6275893968754751
1181007032220647425,1.0,0.8988521234872273,0.7526008911157397,0.6799706247157511,0.5745806116507037,0.5319963424883554,0.4835678612028773,0.4835678612028773,0.4835678612028773,0.4835678612028773,0.4835678612028773
1181005962418978817,1.0,0.6646583751115778,0.404802110281241,0.29698159439282135,0.19099435450979263,0.1588071861140129,0.13015790541507788,0.13015790541507788,0.13015790541507788,0.13015790541507788,0.13015790541507788
1181024626970460161,1.0,0.8350071433581893,0.6297995940761647,0.5322409031229778,0.40881392475881884,0.3592782133531245,0.306901381182497,0.306901381182497,0.306901381182497,0.306901381182497,0.306901381182497
1181001530397589505,1.0,0.9435928180049789,0.859416745710689,0.8123897583792278,0.7417303563318121,0.7086941574619315,0.6701369764287664,0.6701369764287664,0.6701369764287664,0.6701369764287664,0.6701369764287664
1181024731472953345,1.0,0.9426108163194764,0.8633521409964297,0.8160051789444289,0.7472372496022651,0.713002030637428,0.6753790967659937,0.6753790967659937,0.6753790967659937,0.6753790967659937,0.6753790967659937
1181032116062814209,1.0,0.7435349587877084,0.5045679690947427,0.40495370065478276,0.29060401904778865,0.2528211260133689,0.21570358445750115,0.21570358445750115,0.21570358445750115,0.21570358445750115,0.21570358445750115
1180998332827828225,1.0,0.874621814298136,0.7145275173994672,0.632953229209944,0.5165236661270354,0.47060464573665584,0.4176099301394165,0.3865829416521237,0.34422872621181155,0.31940861865831605,0.28516441636508383
1181027403568087041,1.0,0.9445687580632781,0.8629740392053807,0.817274958596816,0.7479650634533687,0.7155125534977296,0.6770043773681386,0.6770043773681386,0.6770043773681386,0.6770043773681386,0.6770043773681386
1180997394562744321,1.0,0.8400214005219808,0.6504888463983134,0.560576407242015,0.4414077947786308,0.3962900131168683,0.34828724127141497,0.34828724127141497,0.34828724127141497,0.34828724127141497,0.34828724127141497
1181035058358484993,1.0,0.787471551487555,0.5735291459129057,0.47281176831298655,0.3478721961575113,0.3059337729529533,0.2637304261780633,0.2637304261780633,0.2637304261780633,0.2637304261780633,0.2637304261780633
1180990476332335105,1.0,0.8860280146559176,0.7471431543657907,0.6732401315209267,0.5716357833441343,0.5264849519607009,0.4787194414539292,0.4787194414539292,0.4787194414539292,0.4787194414539292,0.4787194414539292
1181018922793369601,1.0,0.7671073828359694,0.5454770459926859,0.4463251819912133,0.3324194559998527,0.29285593607665583,0.25341302334457005,0.25341302334457005,0.25341302334457005,0.25341302334457005,0.25341302334457005
1180994411919835137,1.0,0.7676324039741266,0.5247584216845831,0.4158371383240048,0.28694232553204624,0.24457134290246785,0.2020467907814435,0.2020467907814435,0.2020467907814435,0.2020467907814435,0.2020467907814435
1181020994989096961,1.0,0.9205114788971575,0.8177695363904725,0.7583964634284335,0.6739238599833324,0.6344632305260149,0.5902798546699541,0.5902798546699541,0.5902798546699541,0.5902798546699541,0.5902798546699541
1180997845192441857,1.0,0.9209618210393491,0.811146995299354,0.7506388096758956,0.6628713809672073,0.6228751568768135,0.5775285280858428,0.5775285280858428,0.5775285280858428,0.5775285280858428,0.5775285280858428
1180989060433149953,1.0,0.9342856277468057,0.8408540020549933,0.7882907736210008,0.7083461489380268,0.6709369777525261,0.625882851010969,0.625882851010969,0.625882851010969,0.625882851010969,0.625882851010969
1181033827081519105,1.0,0.8700684408308135,0.713744447540662,0.6349753253766798,0.5261019559953584,0.48405655010873605,0.43864125706660595,0.43864125706660595,0.43864125706660595,0.43864125706660595,0.43864125706660595
1180999084932792321,1.0,0.6159315284251703,0.33880761981625573,0.23981899550512242,0.14291126097686457,0.11577991498753515,0.09138790582301393,0.09138790582301393,0.09138790582301393,0.09138790582301393,0.09138790582301393
1180982019226009601,1.0,0.8814587272588874,0.7266836166836935,0.6472680653267533,0.5377881180994826,0.49363109394598115,0.44354568227025815,0.44354568227025815,0.44354568227025815,0.44354568227025815,0.44354568227025815
1180992811340988417,1.0,0.9022920264611538,0.7723017721591992,0.7027233826582755,0.6040361188321925,0.5610794235995868,0.5133138601469346,0.5133138601469346,0.5133138601469346,0.5133138601469346,0.5133138601469346
1181006944047497217,1.0,0.9253406243498027,0.8181579940822237,0.7605220021564705,0.6736216026309853,0.6342517870726148,0.5882797575566203,0.5882797575566203,0.5882797575566203,0.5882797575566203,0.5882797575566203
1180994128002613249,1.0,0.9114546171922031,0.7781903696109307,0.7127210154425114,0.6149011315371963,0.5788082105809784,0.5356715567883197,0.5107086025512318,0.4743854499899819,0.4533637770441794,0.42212832136610823
1181006610439012353,1.0,0.9154207223003084,0.7940170127782087,0.7312949555613519,0.6370947043222295,0.5959286827864272,0.5470297062314252,0.5470297062314252,0.5470297062314252,0.5470297062314252,0.5470297062314252
1181035134791122945,1.0,0.9260306917402858,0.8241614272823933,0.7665506460126699,0.6808831701601695,0.6414423726205197,0.5961160881509854,0.5676820233178343,0.529222765429737,0.5051411911845793,0.47186573477353044
1180995575066165249,1.0,0.9421702616781432,0.8641845542672951,0.8186878918128118,0.7514183752151947,0.7171599295404174,0.6793797158623464,0.6793797158623464,0.6793797158623464,0.6793797158623464,0.6793797158623464
1181007678402297857,1.0,0.9343008661436732,0.8432479207186389,0.7916415121463226,0.7139314174989249,0.6762567941677307,0.6339299303142818,0.6339299303142818,0.6339299303142818,0.6339299303142818,0.6339299303142818
1180996614993838081,1.0,0.9459601263379755,0.8705171480906437,0.8261351557679621,0.7609113765031379,0.7290417394197064,0.6936126145210355,0.6936126145210355,0.6936126145210355,0.6936126145210355,0.6936126145210355
1181035660079923201,1.0,0.9239920214968245,0.8244892703213933,0.7678701242344146,0.6876024129256673,0.6490359535062846,0.6079189258327535,0.6079189258327535,0.6079189258327535,0.6079189258327535,0.6079189258327535
1180983539952615425,1.0,0.9058856491032339,0.7791785422846829,0.7113847941192504,0.6128256661473223,0.5716854606043823,0.5256463365658575,0.5256463365658575,0.5256463365658575,0.5256463365658575,0.5256463365658575
1180985097652305921,1.0,0.9123209713206721,0.7829863813330715,0.7155530089040247,0.6152247131651625,0.5736821127758922,0.5244962099339867,0.5244962099339867,0.5244962099339867,0.5244962099339867,0.5244962099339867
1180993336985092097,1.0,0.9614519258782739,0.9047816373765581,0.8716997678301139,0.8210757699113045,0.7958125237445843,0.7665199348411292,0.7665199348411292,0.7665199348411292,0.7665199348411292,0.7665199348411292
1180985651106971649,1.0,0.9291541745067837,0.8316931970617549,0.7772212998765387,0.696954171815398,0.6594759711456676,0.6176440508600975,0.6176440508600975,0.6176440508600975,0.6176440508600975,0.6176440508600975
1181005510306267137,1.0,0.8603371372467188,0.6918563563249663,0.610340569110408,0.5051202574080571,0.46336540888195277,0.41877856228729526,0.41877856228729526,0.41877856228729526,0.41877856228729526,0.41877856228729526
1180990907962261505,1.0,0.8722195937579652,0.7225007255283165,0.6469085468893492,0.5461877121019814,0.5043443880705287,0.4599289219628421,0.4599289219628421,0.4599289219628421,0.4599289219628421,0.4599289219628421
1180999106581725185,1.0,0.8987180650552873,0.7719860452641005,0.7014837728128746,0.6043322343529766,0.5606945642505472,0.5142297108372769,0.5142297108372769,0.5142297108372769,0.5142297108372769,0.5142297108372769
1180990208476807169,1.0,0.9041425386802827,0.7684529473670636,0.6983523951128205,0.5977150282832672,0.5544299298625676,0.5050834301696827,0.5050834301696827,0.5050834301696827,0.5050834301696827,0.5050834301696827
1181002070945202177,1.0,0.861637990031359,0.6916470299026286,0.6061017808595148,0.4917655470329131,0.4459521725519343,0.39620598421511977,0.39620598421511977,0.39620598421511977,0.39620598421511977,0.39620598421511977
1180981436961030145,1.0,0.9402812327621625,0.8544420714455905,0.8071087054021893,0.7325769698372616,0.698196480263051,0.6582869364429631,0.6342365016816414,0.5998539137228738,0.5788467464391965,0.5483333980196008
1180994214175637505,1.0,0.9151544771457466,0.8071407073142485,0.7448473096801689,0.6562614040590664,0.6149293395823849,0.5700760745807248,0.5700760745807248,0.5700760745807248,0.5700760745807248,0.5700760745807248
1181025151517917185,1.0,0.9062017283278591,0.7836121268622389,0.7168054324823308,0.6208172534281982,0.5791907223442572,0.5337300464862242,0.5337300464862242,0.5337300464862242,0.5337300464862242,0.5337300464862242
1180991742148608001,1.0,0.8752828479128041,0.7291749001324279,0.6563856333166045,0.5602845900859412,0.5200405235601007,0.477282585882134,0.477282585882134,0.477282585882134,0.477282585882134,0.477282585882134
1181034194597019649,1.0,0.925917846032651,0.8210086163222821,0.7626501741189579,0.6779399871415386,0.6400131624158852,0.5969759242502591,0.5969759242502591,0.5969759242502591,0.5969759242502591,0.5969759242502591
1181026305402765313,1.0,0.6698216279906192,0.4242626016344352,0.31313707630334053,0.20476163639818823,0.16857026453397816,0.13700044178766668,0.13700044178766668,0.13700044178766668,0.13700044178766668,0.13700044178766668
1180999203469066241,1.0,0.8949373812501229,0.7651586621575995,0.6945734129093628,0.5960462733993022,0.5530849966303425,0.5062695503285346,0.5062695503285346,0.5062695503285346,0.5062695503285346,0.5062695503285346
1180983976225406977,1.0,0.9172418066969543,0.806246118776851,0.745233966486919,0.6571342508110595,0.617104146244528,0.5725172552166153,0.5725172552166153,0.5725172552166153,0.5725172552166153,0.5725172552166153
1181012006555385857,1.0,0.9253859926431528,0.8271293741574359,0.774911919000556,0.7000140825405052,0.6647621339921139,0.6260196805135807,0.6260196805135807,0.6260196805135807,0.6260196805135807,0.6260196805135807
1181009431169269761,1.0,0.88434085067475,0.7185379518092603,0.6378117024744814,0.5197932421095355,0.4748958975223535,0.42138132909148684,0.42138132909148684,0.42138132909148684,0.42138132909148684,0.42138132909148684
1181035656207564801,1.0,0.925903794218158,0.833275155988847,0.7831071068827735,0.7135288165786713,0.6802018930754645,0.6440543304761546,0.6440543304761546,0.6440543304761546,0.6440543304761546,0.6440543304761546
1180983295457230849,1.0,0.9117125536753028,0.7926177166391588,0.7282577551954902,0.6354498336844838,0.5947504626523792,0.5494518147449468,0.5494518147449468,0.5494518147449468,0.5494518147449468,0.5494518147449468
1180982522091962369,1.0,0.9060002599153816,0.769006714673816,0.7008471280576506,0.6009302370510117,0.5613886701838052,0.5155549102012004,0.5155549102012004,0.5155549102012004,0.5155549102012004,0.5155549102012004
1181008526231371777,1.0,0.9300625625607727,0.8266585717975392,0.7722918465170737,0.6909415553325639,0.6557139627723844,0.6137810407959103,0.6137810407959103,0.6137810407959103,0.6137810407959103,0.6137810407959103
1181030578497028097,1.0,0.6546739982169714,0.3754308608321085,0.2671041124244963,0.16156893698039032,0.13085422721591522,0.10339405949023872,0.10339405949023872,0.10339405949023872,0.10339405949023872,0.10339405949023872
1180998831627567105,1.0,0.8838892606807129,0.739899001568847,0.6679561936116809,0.5721238522022285,0.5320981634717108,0.4889718601368961,0.4889718601368961,0.4889718601368961,0.4889718601368961,0.4889718601368961
1181003380728954881,1.0,0.9347843341053501,0.8429177328348763,0.7918574270691332,0.7146042277429998,0.6774789773948257,0.634775173593205,0.608168155855388,0.5709074379344772,0.5479905209891534,0.5153340977778686
1181221460922204161,1.0,0.7927123868453549,0.5630745069955381,0.4599033771323058,0.3319802742742821,0.2889766333767366,0.24424597797287984,0.24424597797287984,0.24424597797287984,0.24424597797287984,0.24424597797287984
1181221439950356481,1.0,0.9114172570855876,0.7935638069694316,0.7294950696333962,0.638334001739677,0.5973751438870483,0.552013890946838,0.552013890946838,0.552013890946838,0.552013890946838,0.552013890946838
1181221480375943169,1.0,0.9162440540839883,0.8023434162503863,0.7390005613960501,0.6479067616904776,0.6060159111014765,0.559407333716812,0.559407333716812,0.559407333716812,0.559407333716812,0.559407333716812
1181221489795203073,1.0,0.9239501368619615,0.8196249671209858,0.7617740395600388,0.6774103791113023,0.6390267149882884,0.5956147369434805,0.5956147369434805,0.5956147369434805,0.5956147369434805,0.5956147369434805
1181221430141517825,1.0,0.9137449979618195,0.7966111378970865,0.7340888705216175,0.6449961796129658,0.6057232364443924,0.5616576401142855,0.5616576401142855,0.5616576401142855,0.5616576401142855,0.5616576401142855
1181221499087978497,1.0,0.8903341971607983,0.737066034027698,0.658358498215438,0.5466178654884228,0.5008656427271709,0.44942134691778834,0.44942134691778834,0.44942134691778834,0.44942134691778834,0.44942134691778834
1181221518124220417,1.0,0.9139729132795081,0.7947255196782869,0.730045161487467,0.6360592509446146,0.5953364939075438,0.5489185726362127,0.5489185726362127,0.5489185726362127,0.5489185726362127,0.5489185726362127
1181221449951543297,1.0,0.5809398316596768,0.3080932655404933,0.20814203311636303,0.12005406775545946,0.09495359258638503,0.07356406533074611,0.07356406533074611,0.07356406533074611,0.07356406533074611,0.07356406533074611
1181221470791991297,1.0,0.8884950851379203,0.7448248479537345,0.671504453604118,0.5682097178944234,0.5267810002531822,0.4807676028900757,0.4807676028900757,0.4807676028900757,0.4807676028900757,0.4807676028900757
1181221420077121537,1.0,0.8589289854015956,0.6765283282932548,0.5899508842224312,0.4700596003637433,0.42607391160898467,0.3760448416553732,0.3760448416553732,0.3760448416553732,0.3760448416553732,0.3760448416553732
1181221507928227841,1.0,0.8224473733022435,0.6262143793179795,0.537223220899888,0.4233491411745407,0.381444705850734,0.33688933578994185,0.33688933578994185,0.33688933578994185,0.33688933578994185,0.33688933578994185
1181221410113552385,1.0,0.9452540881347918,0.8669969824168855,0.8228580054623718,0.7554432435579117,0.723351288756352,0.6861209531571804,0.6629966645173359,0.630481442068455,0.6101932798986193,0.5811017462192927
1181221539385278465,1.0,0.9299827153372928,0.836893669947437,0.7822938590829649,0.7012378234288116,0.6626623970532683,0.6184984743215507,0.5900472779193454,0.5513014043367062,0.5269072300580768,0.4932003530129123
1181221549386989569,1.0,0.9202001485553045,0.8128234293813947,0.7547577919598651,0.6679657674429207,0.6272450989456226,0.5806610497838142,0.5806610497838142,0.5806610497838142,0.5806610497838142,0.5806610497838142
1181221529448382465,1.0,0.8391468037776979,0.641086137701441,0.5527596150672038,0.4280234866300804,0.3846478322770538,0.3354142246210208,0.308412885524331,0.270148873534383,0.2489560762493006,0.21846112897952452
1181221580428148737,1.0,0.864901976158552,0.6962566920968016,0.6113206955025916,0.49865965774554644,0.4524611351860234,0.40195419985983927,0.40195419985983927,0.40195419985983927,0.40195419985983927,0.40195419985983927
1181221590201827329,1.0,0.8789322825520041,0.730096309503575,0.6542908271392031,0.5459087988204256,0.5012508005414746,0.453255057361479,0.453255057361479,0.453255057361479,0.453255057361479,0.453255057361479
1181221560650301441,1.0,0.7115100633040816,0.4482861699618018,0.33975614972845114,0.2178574139973053,0.18044756742135637,0.1452160155998543,0.1452160155998543,0.1452160155998543,0.1452160155998543,0.1452160155998543
1181221570747334657,1.0,0.7639172529802759,0.5148635546988666,0.41490617864243584,0.2877083374599564,0.2468817833956578,0.2051703291271454,0.2051703291271454,0.2051703291271454,0.2051703291271454,0.2051703291271454
1184242907733032961,1.0,0.9082298180530547,0.7925493992584295,0.7301660904511822,0.6409570868254483,0.6006575197268884,0.5571637737869373,0.5571637737869373,0.5571637737869373,0.5571637737869373,0.5571637737869373
1181221600849264641,1.0,0.9378813138339309,0.8578523908370362,0.8094534339920001,0.736818687445522,0.7000532965928625,0.6603153010432521,0.6338388980263145,0.5988722455241273,0.5757467513127841,0.5448033635216532
1181221650633392129,1.0,0.8437699541793753,0.6398525285242537,0.5486974320822176,0.4280849594007736,0.38618835258868134,0.3386016771335906,0.3386016771335906,0.3386016771335906,0.3386016771335906,0.3386016771335906
1184242995619430401,1.0,0.6889445858461248,0.4371314562002938,0.32612058893868634,0.21801264831683453,0.18159001109731754,0.1488546968971961,0.1488546968971961,0.1488546968971961,0.1488546968971961,0.1488546968971961
1181221671573716993,1.0,0.9113953046470583,0.7993308659896889,0.7384997436421996,0.6524258091465145,0.6122290954073959,0.5682514488169353,0.5682514488169353,0.5682514488169353,0.5682514488169353,0.5682514488169353
1181221640664023041,1.0,0.8190449556246795,0.6252517634133572,0.532357841556945,0.41731954854423736,0.3734973668437671,0.32840531932269734,0.32840531932269734,0.32840531932269734,0.32840531932269734,0.32840531932269734
1184411916109512735,1.0,0.897874564830798,0.7729503582924033,0.7083251130177209,0.6207580235460602,0.5813092664818293,0.5388642359672629,0.5388642359672629,0.5388642359672629,0.5388642359672629,0.5388642359672629
1181221630692917249,1.0,0.9276457336799475,0.8218680884304094,0.7643984640913646,0.6781047191326373,0.639507870481554,0.5950174163625113,0.5950174163625113,0.5950174163625113,0.5950174163625113,0.5950174163625113
1181221620820246529,1.0,0.9270629405062168,0.8218844161302181,0.7660800365138998,0.6828731888237652,0.6455385893933301,0.6024150367655801,0.6024150367655801,0.6024150367655801,0.6024150367655801,0.6024150367655801
1181221681573691393,1.0,0.955016435802912,0.88573010551087,0.8476098033771281,0.7890242052187384,0.7615205039851973,0.728735227696611,0.728735227696611,0.728735227696611,0.728735227696611,0.728735227696611
1181221610786586625,1.0,0.8866162096493535,0.742642431439286,0.6686599446701118,0.5655075701593304,0.5227593235318931,0.4767257000722511,0.4767257000722511,0.4767257000722511,0.4767257000722511,0.4767257000722511
1181221661989797889,1.0,0.9377208508564158,0.8451348583147357,0.7940826945063497,0.7182381216758305,0.6834807774810183,0.6433411441726413,0.6433411441726413,0.6433411441726413,0.6433411441726413,0.6433411441726413
1181221790863523841,1.0,0.9056744667567831,0.7842118898718055,0.7166650038251519,0.6220481629365776,0.5799328888680744,0.5350059553996409,0.5350059553996409,0.5350059553996409,0.5350059553996409,0.5350059553996409
1181221811188269057,1.0,0.9316452379390976,0.8336746873328189,0.7801314319422425,0.6992058405824606,0.6632841138352281,0.6213925970507344,0.6213925970507344,0.6213925970507344,0.6213925970507344,0.6213925970507344
1181221742133673985,1.0,0.9385717804925361,0.8436085871927408,0.7922616943837147,0.7130393271710607,0.6772227434973116,0.6337373937254376,0.6337373937254376,0.6337373937254376,0.6337373937254376,0.6337373937254376
1181221712289726465,1.0,0.5615597001084838,0.31367522798788705,0.21801447116991268,0.13228156042834205,0.10306713867493289,0.07929915832637635,0.06543228238346499,0.05072505221667967,0.04212207413538549,0.03286758629344666
1181221761750368257,1.0,0.8491385324292438,0.678931335842267,0.5914128345397873,0.4787691393213629,0.43328553898670785,0.38634877885061203,0.38634877885061203,0.38634877885061203,0.38634877885061203,0.38634877885061203
1184411916109512733,1.0,0.8804705501640278,0.7431125103522876,0.6730061462091522,0.5808293243616613,0.5395116785323607,0.4965139844272777,0.4965139844272777,0.4965139844272777,0.4965139844272777,0.4965139844272777
1181221732195041281,1.0,0.8903733586853206,0.7525069578438714,0.6785935890646714,0.5769140843706744,0.5332747672061905,0.4854656848176424,0.4854656848176424,0.4854656848176424,0.4854656848176424,0.4854656848176424
1181221751812423681,1.0,0.7916742722272628,0.5720570979701202,0.46971125109519196,0.34596727446401887,0.30333708282146465,0.26103921695888366,0.26103921695888366,0.26103921695888366,0.26103921695888366,0.26103921695888366
1181221771438358529,1.0,0.8750926549399698,0.7270045863291716,0.6531164311784833,0.5556571374877419,0.5148343673099461,0.4710995865717649,0.4710995865717649,0.4710995865717649,0.4710995865717649,0.4710995865717649
1184411916109512734,1.0,0.898035077120101,0.7708790123209969,0.7057166798988047,0.6172928061544251,0.5783108824839698,0.535969136784873,0.535969136784873,0.535969136784873,0.535969136784873,0.535969136784873
1181221722452000769,1.0,0.9407346017822713,0.8587454615098746,0.8113432439005456,0.7397538245167237,0.705202352622338,0.6665566814175773,0.6665566814175773,0.6665566814175773,0.6665566814175773,0.6665566814175773
1181221781088108545,1.0,0.8116543985226152,0.6131369663402548,0.5171561863930394,0.40185714502522163,0.35636750068166567,0.31211205711477075,0.31211205711477075,0.31211205711477075,0.31211205711477075,0.31211205711477075
1181221821223469057,1.0,0.8988061427451338,0.7669091411950701,0.6980654789166265,0.6033772188973185,0.5628218041241067,0.519555660248912,0.519555660248912,0.519555660248912,0.519555660248912,0.519555660248912
1184411916109512709,1.0,0.8968670084672309,0.7632727290169214,0.6932617258648694,0.5948303135176318,0.5535731034466089,0.5080567478527465,0.5080567478527465,0.5080567478527465,0.5080567478527465,0.5080567478527465
1181663198672519169,1.0,0.8824241337467054,0.7345974388030126,0.6562234298166005,0.5489531893870834,0.505469438880922,0.45815019195523465,0.45815019195523465,0.45815019195523465,0.45815019195523465,0.45815019195523465
1181663243132305409,1.0,0.9420393291890096,0.8560540842490519,0.8098275891334358,0.7388851257162973,0.7069328661243175,0.669000455294343,0.669000455294343,0.669000455294343,0.669000455294343,0.669000455294343
1184411916109512736,1.0,0.9128930260810533,0.7957270299616562,0.7363078679074002,0.6513634580256134,0.6145026489945913,0.5726151537134183,0.5726151537134183,0.5726151537134183,0.5726151537134183,0.5726151537134183
1181663189155414017,1.0,0.49750972105411884,0.22953787209839716,0.141346321589646,0.07447596480526786,0.05660257983947481,0.04190404420620608,0.04190404420620608,0.04190404420620608,0.04190404420620608,0.04190404420620608
1181663218194251777,1.0,0.8085996675514721,0.6146216700417575,0.5165741767323198,0.40119307252350733,0.3549447916224361,0.309859958399602,0.309859958399602,0.309859958399602,0.309859958399602,0.309859958399602
1181663149507706881,1.0,0.48981805513573373,0.2315943886939873,0.1313375744019757,0.06280955290726331,0.03878701065437473,0.023903415635608938,0.01596011866116609,0.00995704844974421,0.006743424953170041,0.004242698347026508
1181663228000665601,1.0,0.8247787506834806,0.6187973450087928,0.5264269023887697,0.40160498518191257,0.35636754998401476,0.3097218666369286,0.3097218666369286,0.3097218666369286,0.3097218666369286,0.3097218666369286
1181663262619795457,1.0,0.7634373939713686,0.53829687938643,0.4402748057579995,0.32474672193001974,0.2857239070519203,0.24752364933990012,0.24752364933990012,0.24752364933990012,0.24752364933990012,0.24752364933990012
1184411916109512707,1.0,0.5689508952159443,0.3161402345811962,0.2174918059215345,0.13059243018924316,0.10037607601339282,0.07625767468379041,0.07625767468379041,0.07625767468379041,0.07625767468379041,0.07625767468379041
1181663159794991105,1.0,0.8979036157313223,0.7653658480295279,0.6956156619902587,0.5970778225126205,0.5548953255984197,0.5087001297014979,0.5087001297014979,0.5087001297014979,0.5087001297014979,0.5087001297014979
1181663179347099649,1.0,0.9204896694934326,0.8097998652372125,0.7498656518879747,0.6608470524656579,0.6217565876017708,0.5774892809775344,0.5774892809775344,0.5774892809775344,0.5774892809775344,0.5774892809775344
1181663169506672641,1.0,0.9420466852532271,0.8566883937725502,0.8091937612296445,0.7357905934686466,0.7014881665825752,0.6618698842126935,0.6618698842126935,0.6618698842126935,0.6618698842126935,0.6618698842126935
1181663208577302529,1.0,0.9336023869795111,0.8438567122185988,0.7921079501517191,0.716434660672344,0.6803864661101559,0.641193910111573,0.641193910111573,0.641193910111573,0.641193910111573,0.641193910111573
1184411916109512711,1.0,0.9502008705890486,0.8788823889553837,0.8382509326600992,0.7767993744992214,0.7458065742037912,0.7106163908629246,0.7106163908629246,0.7106163908629246,0.7106163908629246,0.7106163908629246
1183106017006059521,1.0,0.8013147450752389,0.553030579576127,0.4494680934952584,0.3162139341072546,0.2725207196514351,0.22214556413197184,0.22214556413197184,0.22214556413197184,0.22214556413197184,0.22214556413197184
1183106027040931841,1.0,0.9022889969441292,0.7815071283528789,0.7157024979569522,0.6234081341247989,0.5785174083636079,0.5313428808319935,0.5313428808319935,0.5313428808319935,0.5313428808319935,0.5313428808319935
1184411916109512710,1.0,0.9474044846054954,0.8742003487385315,0.8313516446801966,0.7657164407055532,0.7334454162982934,0.6962429580578994,0.6722443736617243,0.6392594292681011,0.6181846840697927,0.5887151513858666
1,1.0,0.7780893053052179,0.5663984708838661,0.4662229451443074,0.3530413022263519,0.31119691195753796,0.26999654502849013,0.26999654502849013,0.26999654502849013,0.26999654502849013,0.26999654502849013
1184411916109512712,1.0,0.8374352459483245,0.6472389125875803,0.5574043257555981,0.4392384862457869,0.3938275834285584,0.34611182038719623,0.34611182038719623,0.34611182038719623,0.34611182038719623,0.34611182038719623
1184411916109512715,1.0,0.7920524645659127,0.5808429533033987,0.4799691340629175,0.3602738530036068,0.3158933234445882,0.2721645127787983,0.2721645127787983,0.2721645127787983,0.2721645127787983,0.2721645127787983
1184411916109512716,1.0,0.8977125820825026,0.7601899423434417,0.6891846301861679,0.5888569240722676,0.5460608078969067,0.49958420029517037,0.49958420029517037,0.49958420029517037,0.49958420029517037,0.49958420029517037
1184411916109512713,1.0,0.886157277382464,0.7397124880783563,0.6630213008605501,0.5556776781052267,0.5106423002909873,0.4612709965345232,0.4612709965345232,0.4612709965345232,0.4612709965345232,0.4612709965345232
3,1.0,0.9085356471337043,0.780804938035796,0.717158837375477,0.6256128305856413,0.587789386908721,0.54421345691656,0.54421345691656,0.54421345691656,0.54421345691656,0.54421345691656
1184411916109512717,1.0,0.9083563245684299,0.786766095063757,0.7227379908549922,0.632173397014308,0.5927570926062966,0.5492289194956536,0.5492289194956536,0.5492289194956536,0.5492289194956536,0.5492289194956536
2,1.0,0.9126446062404431,0.8031482370585596,0.7448121529796561,0.6650396354472705,0.6287532273962588,0.5895907532020083,0.5895907532020083,0.5895907532020083,0.5895907532020083,0.5895907532020083
1184411909315002369,1.0,0.9224306001374776,0.8153662808464259,0.7568176986286796,0.6702862684410632,0.6298818680654641,0.5851233134222117,0.5851233134222117,0.5851233134222117,0.5851233134222117,0.5851233134222117
1184411882264199169,1.0,0.8900124234196961,0.7397189063605056,0.6615176532864846,0.5517388698402628,0.5071483798485155,0.45806470370550856,0.45806470370550856,0.45806470370550856,0.45806470370550856,0.45806470370550856
1184411916109512718,1.0,0.9390299724259301,0.8550422443143701,0.8067498962776246,0.737036829991502,0.7041071395956182,0.6672331000089896,0.6672331000089896,0.6672331000089896,0.6672331000089896,0.6672331000089896
1184411916109512767,1.0,0.8776201761283802,0.7302193198398912,0.6569674480420237,0.5595855607865501,0.5190332983051866,0.4748210760191709,0.4748210760191709,0.4748210760191709,0.4748210760191709,0.4748210760191709
4,1.0,0.8349708673433048,0.6580365549422695,0.5737097408981418,0.46649697928742373,0.42027826252509226,0.3750327336961774,0.3750327336961774,0.3750327336961774,0.3750327336961774,0.3750327336961774
1184411875656073217,1.0,0.9316950604070716,0.8405080956466787,0.7879047180691772,0.7123982900295164,0.6747108495144784,0.6339884337444981,0.6339884337444981,0.6339884337444981,0.6339884337444981,0.6339884337444981
1184411916109512737,1.0,0.9000963641017656,0.7721584425927525,0.7090191694335992,0.620494750397871,0.5821062623690191,0.5392972549079166,0.5392972549079166,0.5392972549079166,0.5392972549079166,0.5392972549079166
1184411889456021505,1.0,0.7552019392552679,0.5175113782981927,0.4179495035543006,0.30357214755115014,0.2657013000645495,0.22802115914280807,0.22802115914280807,0.22802115914280807,0.22802115914280807,0.22802115914280807
1184411896079351809,1.0,0.9387195847304547,0.8534427827412171,0.8041716166477056,0.7306830180464073,0.6959158191793129,0.657089822990123,0.657089822990123,0.657089822990123,0.657089822990123,0.657089822990123
1184411916109512750,1.0,0.8340229548659799,0.6459513830330328,0.5501053963540525,0.4227626784553181,0.37363732383580417,0.3227933052019314,0.29137067170247255,0.2520828397137205,0.22827828867411337,0.19815729235731838
1184411916109512761,1.0,0.9232383720236722,0.8211904658414555,0.767970019952113,0.6930066353387292,0.6586526867340236,0.6203127636567101,0.6203127636567101,0.6203127636567101,0.6203127636567101,0.6203127636567101
1184411916109512748,1.0,0.863788615287481,0.6937489731770261,0.6113910510675045,0.4974661263374035,0.4532927752917264,0.4040420954338233,0.4040420954338233,0.4040420954338233,0.4040420954338233,0.4040420954338233
1184411916109512719,1.0,0.7223802215363011,0.4964104108940116,0.39206999877342363,0.27727033441814974,0.23541529169684405,0.19538973197100917,0.17144737113514186,0.14281188847354753,0.12589943602062614,0.10533068063158735
1184411916109512779,1.0,0.9132915871293201,0.8025798141758198,0.7448495124255038,0.6634252259220019,0.6276131555790285,0.5878868901669436,0.5878868901669436,0.5878868901669436,0.5878868901669436,0.5878868901669436
1184411916109512778,1.0,0.8971804359999151,0.7629574539098577,0.6911063835873766,0.5917960298786935,0.545459891698584,0.49432423941977266,0.49432423941977266,0.49432423941977266,0.49432423941977266,0.49432423941977266
1184411916109512728,1.0,0.9256649455823303,0.8240660402270967,0.7680645497683378,0.6848883620340416,0.6476850120607954,0.6063245823517929,0.6063245823517929,0.6063245823517929,0.6063245823517929,0.6063245823517929
1184411916109512752,1.0,0.9505283757128219,0.8818170394106066,0.8412280361782085,0.7807029084820329,0.7492654287096534,0.7137591696184652,0.7137591696184652,0.7137591696184652,0.7137591696184652,0.7137591696184652
1184411916109512723,1.0,0.7765501522540807,0.5629065711081722,0.4646744530100769,0.3503593268599422,0.31030061476562576,0.2702864021144591,0.2702864021144591,0.2702864021144591,0.2702864021144591,0.2702864021144591
1184411916109512730,1.0,0.8850528549180293,0.7361986088713796,0.6614232628240397,0.5550116821749672,0.5122448363371384,0.4635366405478195,0.4635366405478195,0.4635366405478195,0.4635366405478195,0.4635366405478195
1184411916109512749,1.0,0.9191898270982359,0.7981835963411956,0.7365992149237517,0.6431580063779073,0.6043258616989478,0.5572161171317985,0.5572161171317985,0.5572161171317985,0.5572161171317985,0.5572161171317985
1184411916109512722,1.0,0.831435492058961,0.6334971874297328,0.5384509052583797,0.41507551558468614,0.36903454761544896,0.3206076303286013,0.3206076303286013,0.3206076303286013,0.3206076303286013,0.3206076303286013
1184411916109512731,1.0,0.9038176176330783,0.781998827949028,0.7193210478200714,0.6331348641944221,0.595558702946005,0.554175435059251,0.554175435059251,0.554175435059251,0.554175435059251,0.554175435059251
1184411916109512721,1.0,0.9296471232196732,0.8354649458282521,0.7834723929034573,0.7066187472366889,0.6693357707170261,0.6276096006523905,0.6276096006523905,0.6276096006523905,0.6276096006523905,0.6276096006523905
1184411916109512777,1.0,0.8276574538793584,0.6490869527664311,0.5622175931562199,0.4555819979872454,0.41252108110857777,0.36920852557514705,0.36920852557514705,0.36920852557514705,0.36920852557514705,0.36920852557514705
1184411916109512726,1.0,0.8909590503153377,0.754765144929183,0.6823290156805102,0.5823192741703468,0.5399224692580851,0.49460706564260537,0.49460706564260537,0.49460706564260537,0.49460706564260537,0.49460706564260537
5,1.0,0.9072255443840607,0.7921052914232931,0.7307302377914487,0.6473156294674562,0.6089783256969963,0.567827434414433,0.567827434414433,0.567827434414433,0.567827434414433,0.567827434414433
1184411916109512732,1.0,0.9075428714241962,0.7928158260960172,0.7297103052207572,0.6404659991018495,0.6007772263861344,0.5563474735561418,0.5285778131599097,0.4907883647290092,0.46738642177983003,0.4349541055971414
7,1.0,0.8480143393676967,0.6867319072963443,0.6086598798336328,0.5104959710974445,0.4704572614100899,0.4288590708606429,0.4288590708606429,0.4288590708606429,0.4288590708606429,0.4288590708606429
1184411916109512792,1.0,0.9359113575486289,0.8452647635450689,0.7948754922924638,0.7203462071495507,0.6857795560870423,0.646807042530807,0.646807042530807,0.646807042530807,0.646807042530807,0.646807042530807
1184411916109512770,1.0,0.9018014434319045,0.7571666656686667,0.6849090485638556,0.5792076079649965,0.5367761434258178,0.48661913155635983,0.48661913155635983,0.48661913155635983,0.48661913155635983,0.48661913155635983
1184411916109512762,1.0,0.829142041927019,0.6409515603041098,0.5496725806946697,0.43302848225009416,0.38948220242295273,0.34411738236648237,0.34411738236648237,0.34411738236648237,0.34411738236648237,0.34411738236648237
1184411916109512768,1.0,0.8867777975620185,0.7426083812427386,0.6687545631054685,0.565380292691936,0.5232471264636711,0.47713899442362684,0.47713899442362684,0.47713899442362684,0.47713899442362684,0.47713899442362684
1184411916109512769,1.0,0.9183275270736868,0.80309464705818,0.7419336180085861,0.6543898058630664,0.6150592336098882,0.570637845983539,0.570637845983539,0.570637845983539,0.570637845983539,0.570637845983539
6,1.0,0.8999831029652061,0.7798199202664142,0.7167208008458055,0.6305396235141799,0.591692439636294,0.5501088136833174,0.5501088136833174,0.5501088136833174,0.5501088136833174,0.5501088136833174
1184411916109512764,1.0,0.8711789484061959,0.7207763946074615,0.6468089614684691,0.5495014095470239,0.5096355665195058,0.46751263470314175,0.46751263470314175,0.46751263470314175,0.46751263470314175,0.46751263470314175
1184411916109512766,1.0,0.9283226359443745,0.8165261222157476,0.757470198983227,0.6653456316740458,0.6268034001829154,0.5793426730783598,0.5793426730783598,0.5793426730783598,0.5793426730783598,0.5793426730783598
1184411916109512765,1.0,0.9018004387541668,0.7839615876076005,0.7197929857668335,0.6331829032773246,0.5937513051123283,0.5530290768498245,0.5530290768498245,0.5530290768498245,0.5530290768498245,0.5530290768498245
1184411916109512763,1.0,0.9221897276165103,0.8147828975079424,0.7544407615425277,0.6654525488911562,0.6231988565276794,0.5763019124683052,0.5763019124683052,0.5763019124683052,0.5763019124683052,0.5763019124683052
1184411916109512741,1.0,0.8338648531037189,0.6494982766967756,0.5589685757763809,0.44124458283075507,0.39532053260102196,0.3472565391222415,0.3472565391222415,0.3472565391222415,0.3472565391222415,0.3472565391222415
1184411916109512788,1.0,0.9035323216615572,0.7690964501033408,0.6981238202585383,0.597218620245625,0.5540037030828776,0.5055990344141891,0.5055990344141891,0.5055990344141891,0.5055990344141891,0.5055990344141891
1184411916109512744,1.0,0.8748777628501618,0.7023494762092894,0.620086713552456,0.5041310253656909,0.4602371384300641,0.4097272319731623,0.4097272319731623,0.4097272319731623,0.4097272319731623,0.4097272319731623
1184411916109512787,1.0,0.8418526584266747,0.6447433940014404,0.5504359226927393,0.4281721618956216,0.38204870772196386,0.3315093956227618,0.3315093956227618,0.3315093956227618,0.3315093956227618,0.3315093956227618
1184411916109512742,1.0,0.8071135342552302,0.5929252866932184,0.4970540369543226,0.37501446737055355,0.3333986738788023,0.28978523897223774,0.28978523897223774,0.28978523897223774,0.28978523897223774,0.28978523897223774
1184411916109512804,1.0,0.9345144730659709,0.8424684378816591,0.7912924689520509,0.7146971577488476,0.6795021425836604,0.6390877719508798,0.6390877719508798,0.6390877719508798,0.6390877719508798,0.6390877719508798
1184411916109512780,1.0,0.8344755792186773,0.6529047693794531,0.5633636304123691,0.44814127704492934,0.40328210697462563,0.35704848403321965,0.35704848403321965,0.35704848403321965,0.35704848403321965,0.35704848403321965
1184411916109512747,1.0,0.862716754743047,0.6696790312503376,0.5800341969620985,0.4576131121636726,0.4118141299996001,0.36008201246724714,0.36008201246724714,0.36008201246724714,0.36008201246724714,0.36008201246724714
1184411916109512743,1.0,0.8940662423544885,0.755140364576291,0.6812401003666515,0.5766237566095659,0.530286265473181,0.47963590118464217,0.47963590118464217,0.47963590118464217,0.47963590118464217,0.47963590118464217
1184411916109512746,1.0,0.9033328071966136,0.7744534271194554,0.7046397492217125,0.6050131136808616,0.5611955060082154,0.5127817347186294,0.5127817347186294,0.5127817347186294,0.5127817347186294,0.5127817347186294
1184411916109512738,1.0,0.9403288691061581,0.8521062408889458,0.8040856632406412,0.7288170168123822,0.6939940157370597,0.6508434644252881,0.6247064214027744,0.5871930780816302,0.5647007934910011,0.5318879521974794
1184411916109512739,1.0,0.9466383406347003,0.8647682999289965,0.8186793122081176,0.7481757203927384,0.7159913203417476,0.6771026452422244,0.6537510194330313,0.6201540356245249,0.6000153217591296,0.5702895349527146
1184411916109512810,1.0,0.9379667800229553,0.8531923374421918,0.8047019038957575,0.7319488969687669,0.6965837954034972,0.6565995939582632,0.6565995939582632,0.6565995939582632,0.6565995939582632,0.6565995939582632
1184411916109512753,1.0,0.8815433383817329,0.7266974101005377,0.6469845475029812,0.5328759475693575,0.48700728878968935,0.4340966784422218,0.4030247465454211,0.3601182332907997,0.3354490065579927,0.3008324861513919
1184411916109512809,1.0,0.9466331566294871,0.8706253405242722,0.8263156176113635,0.7606646436140925,0.7287433830765366,0.6929555011286409,0.6929555011286409,0.6929555011286409,0.6929555011286409,0.6929555011286409
8,1.0,0.8898239106745619,0.75825272970535,0.6914493079485907,0.6016871219436187,0.5631686144528827,0.5219955756375076,0.5219955756375076,0.5219955756375076,0.5219955756375076,0.5219955756375076
1184411916109512756,1.0,0.8370552461549186,0.6533045522404437,0.5597032580021379,0.43832173034912736,0.39328832725913887,0.34721575667132143,0.34721575667132143,0.34721575667132143,0.34721575667132143,0.34721575667132143
1184411916109512759,1.0,0.8628396855218705,0.682430455973624,0.5987134041056056,0.4805309851512021,0.43550047741704967,0.3848005998920483,0.3848005998920483,0.3848005998920483,0.3848005998920483,0.3848005998920483
1184411916109512757,1.0,0.9159350860483255,0.8015390301902832,0.7428483572511408,0.6560461796987365,0.6163176837262023,0.5722655853607639,0.5722655853607639,0.5722655853607639,0.5722655853607639,0.5722655853607639
1184411916109512754,1.0,0.9150349242985153,0.7974719120652465,0.7351629811719382,0.6446268810357647,0.6023914845942231,0.5557152490150354,0.5557152490150354,0.5557152490150354,0.5557152490150354,0.5557152490150354
1184411916109512755,1.0,0.8900671149617599,0.7477085443107374,0.6726353457708152,0.5676041380437281,0.523535318640993,0.475632640812899,0.475632640812899,0.475632640812899,0.475632640812899,0.475632640812899
10,1.0,0.9029659265516572,0.7845960012175671,0.7227580275681469,0.6378777389142715,0.6002269626547507,0.5599422972520336,0.5599422972520336,0.5599422972520336,0.5599422972520336,0.5599422972520336
9,1.0,0.7585470322919077,0.5539665407917755,0.45389444658381217,0.34632310976623826,0.3047295259264192,0.26658286396957365,0.26658286396957365,0.26658286396957365,0.26658286396957365,0.26658286396957365
1184411916109512758,1.0,0.7219282114023939,0.4552652211847178,0.3432256329528136,0.21939508651902795,0.18070800137784349,0.14259941636201223,0.14259941636201223,0.14259941636201223,0.14259941636201223,0.14259941636201223
1184411916109512811,1.0,0.8435656351578429,0.665397593292621,0.5825444779912063,0.47250299543333774,0.4303720347253748,0.38645034943333567,0.38645034943333567,0.38645034943333567,0.38645034943333567,0.38645034943333567
1184411916109512789,1.0,0.8981269982788891,0.7713329075183564,0.7013615099269406,0.6068098265598525,0.5654719705957665,0.5213917155879297,0.5213917155879297,0.5213917155879297,0.5213917155879297,0.5213917155879297
1184411916109512776,1.0,0.8922936879598758,0.759174818681762,0.686417375284024,0.5852594069493866,0.5412024954614574,0.49460869430242727,0.49460869430242727,0.49460869430242727,0.49460869430242727,0.49460869430242727
1184411916109512784,1.0,0.9433320119356109,0.8630319688832911,0.8171488025867653,0.7485898409179512,0.7154668184150186,0.6767918737243858,0.6767918737243858,0.6767918737243858,0.6767918737243858,0.6767918737243858
11,1.0,0.8451528871110473,0.6791023352541303,0.5982926260689923,0.49579781506768295,0.45506620691207433,0.4127787003257538,0.4127787003257538,0.4127787003257538,0.4127787003257538,0.4127787003257538
14,1.0,0.9022050535631978,0.783137068975106,0.7206524725111202,0.6348929610693683,0.5965929441716822,0.5557297547698695,0.5557297547698695,0.5557297547698695,0.5557297547698695,0.5557297547698695
1184411916109512772,1.0,0.9482270641188496,0.8742486723462907,0.8322421363272468,0.7684202609138504,0.7370381174815024,0.7003210690832876,0.7003210690832876,0.7003210690832876,0.7003210690832876,0.7003210690832876
13,1.0,0.8923832178578449,0.7623274729919073,0.6958666700250262,0.604395212764669,0.5645397708355152,0.5218262415876803,0.5218262415876803,0.5218262415876803,0.5218262415876803,0.5218262415876803
12,1.0,0.8919320897925619,0.7631127308979717,0.695191844545241,0.6040535240424949,0.5649169104463821,0.5237324386368539,0.5237324386368539,0.5237324386368539,0.5237324386368539,0.5237324386368539
1184411916109512773,1.0,0.9228810372236974,0.8164334718508949,0.757202442768862,0.6705730934286235,0.6318837054476207,0.5885568732075214,0.5885568732075214,0.5885568732075214,0.5885568732075214,0.5885568732075214
1184411916109512771,1.0,0.9540766406239795,0.8822172483848448,0.8418132168098839,0.7760914970603163,0.7459543603322969,0.708456829178067,0.6857814743572983,0.652664404187598,0.6328369009343022,0.603266634588464
1184411916109512829,1.0,0.7316819201188888,0.49983534860338275,0.39566426963319934,0.284579022934489,0.24651768378445849,0.21140212842802286,0.21140212842802286,0.21140212842802286,0.21140212842802286,0.21140212842802286
1184411916109512790,1.0,0.9487210070675669,0.8744725768853543,0.8326474562735742,0.7676678929599103,0.7365210552086152,0.7000889648076012,0.7000889648076012,0.7000889648076012,0.7000889648076012,0.7000889648076012
1184411916109512786,1.0,0.9289369338312854,0.8292857917745047,0.7734922608564647,0.6914754504655656,0.6530558701753172,0.6102912015096216,0.6102912015096216,0.6102912015096216,0.6102912015096216,0.6102912015096216
1184411916109512806,1.0,0.9221908339817724,0.8148463150417348,0.7567521320425126,0.6715075858906174,0.6316306522222057,0.5875141365173411,0.5875141365173411,0.5875141365173411,0.5875141365173411,0.5875141365173411
16,1.0,0.9038082134388277,0.7846934618059302,0.7220769101564674,0.6368712735822122,0.5997626909585414,0.5602816200225019,0.5602816200225019,0.5602816200225019,0.5602816200225019,0.5602816200225019
1184411916109512825,1.0,0.9066326357923284,0.7912686642541872,0.7313385474564177,0.6490419813095709,0.6115999015871321,0.5707559851522304,0.5707559851522304,0.5707559851522304,0.5707559851522304,0.5707559851522304
1184411916109512805,1.0,0.939212029237159,0.8547049762593154,0.8062068272026879,0.7347593756608454,0.6997107910034873,0.6606311767547018,0.6606311767547018,0.6606311767547018,0.6606311767547018,0.6606311767547018
1184411916109512782,1.0,0.8727151041133197,0.7116140641086541,0.6277228686499592,0.5149235852090903,0.4692379225514436,0.4196664427303841,0.4196664427303841,0.4196664427303841,0.4196664427303841,0.4196664427303841
1184411916109512807,1.0,0.8918092149672125,0.7498646162717003,0.6748616555290512,0.569571139454289,0.5262254877219528,0.47847999822898224,0.47847999822898224,0.47847999822898224,0.47847999822898224,0.47847999822898224
1184411916109512783,1.0,0.8079210380705869,0.6024969722214968,0.5020013593404027,0.3785470839301641,0.33281042375431624,0.28804839823593265,0.28804839823593265,0.28804839823593265,0.28804839823593265,0.28804839823593265
1184411916109512781,1.0,0.916092086624656,0.8088459074593164,0.7486876940386389,0.6639779424398151,0.6258988291244186,0.58476253182418,0.58476253182418,0.58476253182418,0.58476253182418,0.58476253182418
17,1.0,0.9020691009820632,0.7800780658959621,0.7172528398853008,0.6317956064107374,0.594519673129618,0.553924094168476,0.553924094168476,0.553924094168476,0.553924094168476,0.553924094168476
1184411916109512831,1.0,0.8906287335630493,0.7506528629107185,0.6801692574775415,0.57935662517325,0.5355838940601555,0.4877359698216249,0.4877359698216249,0.4877359698216249,0.4877359698216249,0.4877359698216249
15,1.0,0.9095873114709926,0.7964150219147725,0.7353564462737744,0.6499204753503367,0.6105870976614063,0.5668300213993032,0.5384243195344498,0.5003391136715643,0.47586167821549163,0.44250877513028
1184411916109512791,1.0,0.8617171446294289,0.6954440187115314,0.6096189688613727,0.4958525547683157,0.45076486350757683,0.4024178886700792,0.4024178886700792,0.4024178886700792,0.4024178886700792,0.4024178886700792
1184411916109512808,1.0,0.9313418020172063,0.8348741104699513,0.7817973524057606,0.7023999151223081,0.6660490197495674,0.6240944829502464,0.6240944829502464,0.6240944829502464,0.6240944829502464,0.6240944829502464
1184411916109512796,1.0,0.9603479879722767,0.9026135656679461,0.8687477680474257,0.816404716302045,0.7901635214923944,0.7595391297527615,0.7595391297527615,0.7595391297527615,0.7595391297527615,0.7595391297527615
1184411916109512800,1.0,0.8377723134343669,0.6415061697398263,0.5499594747529949,0.428320019577066,0.37956796518271485,0.32794543967272594,0.32794543967272594,0.32794543967272594,0.32794543967272594,0.32794543967272594
1184411916109512795,1.0,0.9412379512442871,0.8552700333149343,0.8070368327889197,0.7340382098051333,0.7000377665718734,0.660457384027649,0.660457384027649,0.660457384027649,0.660457384027649,0.660457384027649
1184411916109512830,1.0,0.9316259971445013,0.8388376669784806,0.7873284892197049,0.7090224893141233,0.6708509288981618,0.6288386142780635,0.6288386142780635,0.6288386142780635,0.6288386142780635,0.6288386142780635
1184411916109512802,1.0,0.9439856907765818,0.8680420826614142,0.8245103809036824,0.7601033436712783,0.7278888119349876,0.691828533373254,0.691828533373254,0.691828533373254,0.691828533373254,0.691828533373254
1184411916109512803,1.0,0.7967898487957863,0.5931345453570835,0.49518198895580834,0.37644086297764356,0.33379650114126147,0.29135659274318837,0.29135659274318837,0.29135659274318837,0.29135659274318837,0.29135659274318837
1184411916109512797,1.0,0.9061472966551184,0.7856337710893995,0.7197304087494647,0.6239643578472444,0.5816559237110467,0.535845732689535,0.535845732689535,0.535845732689535,0.535845732689535,0.535845732689535
1184411916109512798,1.0,0.9188289633149466,0.8121025332276373,0.7535467903551758,0.6694464333649137,0.6289749147772499,0.5849768136583566,0.5849768136583566,0.5849768136583566,0.5849768136583566,0.5849768136583566
1184411916109512832,1.0,0.9045532778804207,0.7748378420419835,0.7067475956204259,0.6066698916949929,0.5627618602314743,0.5138939864785133,0.48462300151876825,0.44441288693896464,0.4201673230694858,0.38625553185410233
1184411916109512799,1.0,0.913991374439105,0.7925479773772272,0.7281739702713861,0.6360762844985192,0.5967160797343805,0.5511869284187617,0.5511869284187617,0.5511869284187617,0.5511869284187617,0.5511869284187617
1184411916109512848,1.0,0.8949212074140624,0.7413111441967137,0.6661753976992898,0.5544215658726237,0.5118167587197127,0.4622458976790875,0.4622458976790875,0.4622458976790875,0.4622458976790875,0.4622458976790875
1184411916109512827,1.0,0.9506238015792181,0.8781541680404393,0.8364337573453129,0.7724271525712807,0.741422361431112,0.7055516161563602,0.7055516161563602,0.7055516161563602,0.7055516161563602,0.7055516161563602
1184411916109512814,1.0,0.9164467977706506,0.8113382667992971,0.7511453116126723,0.6671747339130967,0.627310460478465,0.5857684711065038,0.5857684711065038,0.5857684711065038,0.5857684711065038,0.5857684711065038
1184411916109512817,1.0,0.5414823294214075,0.26255249518702717,0.17420306725179846,0.09496739699214485,0.07574031201182618,0.05801115292156278,0.05801115292156278,0.05801115292156278,0.05801115292156278,0.05801115292156278
1184411916109512816,1.0,0.6280461117674704,0.3756594535356129,0.26591713754060065,0.1679617743622117,0.13497964742092772,0.10873234672081133,0.10873234672081133,0.10873234672081133,0.10873234672081133,0.10873234672081133
1184411916109512824,1.0,0.9280117190066595,0.8332128681160869,0.7794510102814631,0.7014145582874877,0.6651603424136132,0.6262980486932826,0.6262980486932826,0.6262980486932826,0.6262980486932826,0.6262980486932826
1184411916109512813,1.0,0.8895331086578854,0.7536645774602395,0.6770322649070879,0.5676514962380594,0.5210485838423071,0.47064728610257367,0.43942565382130994,0.39831302604875685,0.37275187669615106,0.33847997818314
1184411916109512819,1.0,0.7576537632164606,0.43973980545411306,0.3319919872876258,0.2015100453480314,0.16282287136117501,0.12213588114695706,0.12213588114695706,0.12213588114695706,0.12213588114695706,0.12213588114695706
1184411916109512818,1.0,0.9459802557272192,0.8666499730935936,0.8225340983176856,0.7530077085917974,0.720269694526271,0.6822998606396626,0.6822998606396626,0.6822998606396626,0.6822998606396626,0.6822998606396626
1184411916109512823,1.0,0.5582857174386704,0.27872892398152793,0.18925067043684163,0.107554204299381,0.08607727750464433,0.06812154229468204,0.06812154229468204,0.06812154229468204,0.06812154229468204,0.06812154229468204
1184411916109512820,1.0,0.7433200939182698,0.502248441329088,0.3964241536600921,0.27742040732963635,0.23872916897441188,0.2020096748419371,0.2020096748419371,0.2020096748419371,0.2020096748419371,0.2020096748419371
1184411916109512821,1.0,0.9051531488165612,0.7560445694976718,0.6823852070749177,0.5712794933199195,0.530084824098787,0.4777023909401795,0.4777023909401795,0.4777023909401795,0.4777023909401795,0.4777023909401795
1184411916109512812,1.0,0.9373833924646412,0.8523767903078537,0.8024867762262349,0.7283004649606222,0.6916735644174687,0.6494290929659733,0.6227900424451662,0.5864708688592752,0.5634843086951119,0.5315734984238641
1184411916109512822,1.0,0.931713719029176,0.8339126885964824,0.7820178639130897,0.7047135909145674,0.6687844030007045,0.6268135456047164,0.6268135456047164,0.6268135456047164,0.6268135456047164,0.6268135456047164
1184411916109512837,1.0,0.956772273950812,0.8961921161789652,0.8604058308770267,0.8066868873607653,0.7792887178870269,0.7486456156032005,0.7486456156032005,0.7486456156032005,0.7486456156032005,0.7486456156032005
1184411916109512839,1.0,0.9572730312978025,0.8948349028870307,0.858016954625327,0.8024898342717995,0.7749002605836112,0.7431324323893489,0.7431324323893489,0.7431324323893489,0.7431324323893489,0.7431324323893489
1184411916109512838,1.0,0.9168823166689697,0.8054652606034233,0.7442475581906006,0.6574081488189569,0.6178460497725097,0.5733979529016948,0.5733979529016948,0.5733979529016948,0.5733979529016948,0.5733979529016948
1184411916109512836,1.0,0.8889878622732733,0.7485948498492839,0.6769275439739704,0.5780154584571061,0.5345915496947208,0.4871833108108006,0.4871833108108006,0.4871833108108006,0.4871833108108006,0.4871833108108006
1184411916109512828,1.0,0.9414239099924975,0.856445880526763,0.8090683123447215,0.7351363837323659,0.7006205560623102,0.6603266133237679,0.63599282979617,0.6014562146456379,0.5801566866132164,0.5492755813405426
1184411916109512834,1.0,0.8984587772070882,0.7733888182355391,0.7053199359104516,0.6114038261635202,0.5700283081832052,0.5253686218411608,0.5253686218411608,0.5253686218411608,0.5253686218411608,0.5253686218411608
1184411916109512835,1.0,0.9097302931419106,0.785819523777077,0.718870686034615,0.6226669755980804,0.5799722394801254,0.532551271518342,0.532551271518342,0.532551271518342,0.532551271518342,0.532551271518342
1184411916109512898,1.0,0.8048258408629754,0.598814672862749,0.504214236790403,0.3902781604225485,0.348507138158334,0.3052728871906185,0.3052728871906185,0.3052728871906185,0.3052728871906185,0.3052728871906185
1184411916109512833,1.0,0.9429694263064912,0.8648971481636971,0.8187258509935983,0.7507512280618072,0.7163861133476975,0.6777216317478529,0.6777216317478529,0.6777216317478529,0.6777216317478529,0.6777216317478529
1184411916109512840,1.0,0.8984003243379478,0.7620532117111034,0.6957516529953286,0.6011582823973693,0.5611488362039792,0.5159565037150409,0.5159565037150409,0.5159565037150409,0.5159565037150409,0.5159565037150409
